onset	BVP
2.22114706039429	1.723022
2.23677706718445	1.820129
2.25239706039429	1.980164
2.26802706718445	2.062775
2.28364706039429	1.961548
2.29927706718445	1.665253
2.31490707397461	1.247559
2.33052706718445	0.8370972
2.34615707397461	0.5578308
2.36177706718445	0.4720154
2.37740707397461	0.5579224
2.39302706718445	0.7410889
2.40865707397461	0.9160156
2.42428708076477	1.002441
2.43990707397461	0.9633789
2.45553708076477	0.7835388
2.47115707397461	0.46875
2.48678708076477	0.03118896
2.50240707397461	-0.4985962
2.51803708076477	-1.072998
2.53366708755493	-1.602112
2.54928708076477	-1.997742
2.56491708755493	-2.198181
2.58053708076477	-2.214355
2.59616708755493	-2.12088
2.61178708076477	-2.018585
2.62741708755493	-1.984619
2.64304709434509	-2.047302
2.65866708755493	-2.197388
2.67429709434509	-2.400146
2.68991708755493	-2.648285
2.70554709434509	-2.950806
2.72117710113525	-3.298065
2.73679709434509	-3.658783
2.75242710113525	-3.951141
2.76804709434509	-4.04834
2.78367710113525	-3.833649
2.79929709434509	-3.228333
2.81492710113525	-2.241608
2.83055710792542	-0.9836426
2.84617710113525	0.3712158
2.86180710792542	1.635498
2.87742710113525	2.661621
2.89305710792542	3.384583
2.90867710113525	3.810242
2.92430710792542	3.989319
2.93993711471558	3.989349
2.95555710792542	3.852753
2.97118711471558	3.602051
2.98680710792542	3.253143
3.00243711471558	2.842499
3.01805710792542	2.411682
3.03368711471558	2.021057
3.04931712150574	1.723175
3.06493711471558	1.547791
3.08056712150574	1.502869
3.09618711471558	1.569
3.11181712150574	1.710846
3.12743711471558	1.873413
3.14306712150574	2.014618
3.1586971282959	2.084808
3.17431712150574	2.080017
3.1899471282959	1.988312
3.20556712150574	1.795624
3.2211971282959	1.49054
3.23681712150574	1.078125
3.2524471282959	0.5924683
3.26807689666748	0.1082153
3.2836971282959	-0.2829285
3.29932689666748	-0.5114746
3.3149471282959	-0.5546265
3.33057689666748	-0.4584351
3.3461971282959	-0.3153687
3.36182689666748	-0.2152405
3.37745690345764	-0.2129822
3.40870690345764	-0.4927673
3.42432689666748	-0.7346649
3.43995690345764	-1.029648
3.45557689666748	-1.37793
3.47120690345764	-1.757675
3.4868369102478	-2.118805
3.50245690345764	-2.390488
3.5180869102478	-2.531555
3.53370690345764	-2.540115
3.5493369102478	-2.472321
3.56495690345764	-2.400864
3.5805869102478	-2.383026
3.59621691703796	-2.444397
3.6118369102478	-2.567291
3.62746691703796	-2.729523
3.6430869102478	-2.879028
3.65871691703796	-2.983047
3.6743369102478	-2.978165
3.68996691703796	-2.80867
3.70559692382812	-2.411606
3.72121691703796	-1.753754
3.73684692382812	-0.8603821
3.75246691703796	0.1850433
3.76809692382812	1.213287
3.78371691703796	2.057877
3.79934692382812	2.574905
3.81497693061829	2.732178
3.83059692382812	2.593262
3.84622693061829	2.287247
3.86184692382812	1.937897
3.87747693061829	1.614197
3.89309692382812	1.314255
3.90872693061829	1.014603
3.92435693740845	0.7255707
3.93997693061829	0.4981842
3.95560693740845	0.3949585
3.97122693061829	0.4328918
3.98685693740845	0.5419159
4.00247693061829	0.6097717
4.01810693740845	0.5384369
4.03373694419861	0.346283
4.04935693740845	0.1314392
4.06498694419861	0.03263855
4.08060693740845	0.125946
4.09623694419861	0.3752136
4.11185693740845	0.6720123
4.12748694419861	0.8886566
4.14311695098877	0.9561005
4.15873694419861	0.8652802
4.17436695098877	0.661377
4.18998694419861	0.3767395
4.20561695098877	0.04621887
4.22123694419861	-0.2925262
4.23686695098877	-0.5992279
4.25249695777893	-0.8262634
4.26811695098877	-0.960083
4.28374695777893	-1.028107
4.29936695098877	-1.108536
4.31499695777893	-1.268814
4.33061695098877	-1.535919
4.34624695777893	-1.871521
4.36187696456909	-2.16951
4.37749695777893	-2.329117
4.39312696456909	-2.298203
4.40874695777893	-2.118088
4.42437696456909	-1.89505
4.43999695777893	-1.758942
4.45562696456909	-1.803085
4.47125697135925	-2.031601
4.48687696456909	-2.355179
4.50250697135925	-2.605804
4.51812696456909	-2.624954
4.53375697135925	-2.284958
4.54937696456909	-1.574463
4.56500697135925	-0.5856628
4.58063697814941	0.502533
4.59625697135925	1.482971
4.61188697814941	2.174652
4.62750697135925	2.459839
4.64313697814941	2.330078
4.65875697135925	1.874695
4.67438697814941	1.303528
4.69001698493958	0.8376312
4.70563697814941	0.6509399
4.72126698493958	0.7902374
4.73688697814941	1.14917
4.75251698493958	1.525742
4.76813697814941	1.714462
4.78376698493958	1.605942
4.79939699172974	1.235977
4.81501698493958	0.7533722
4.83064699172974	0.3279877
4.84626698493958	0.05769348
4.86189699172974	-0.03840637
4.87751698493958	-0.01249695
4.89314699172974	0.07872009
4.9087769985199	0.1831818
4.92439699172974	0.2714844
4.9400269985199	0.3090057
4.95564699172974	0.2588959
4.9712769985199	0.08381653
4.98689699172974	-0.2236633
5.0025269985199	-0.6381378
5.01815700531006	-1.120178
5.0337769985199	-1.629166
5.04940700531006	-2.126053
5.0650269985199	-2.549683
5.08065700531006	-2.835083
5.0962769985199	-2.909286
5.11190700531006	-2.752625
5.12753701210022	-2.425858
5.14315700531006	-2.054871
5.15878701210022	-1.777374
5.17440700531006	-1.66188
5.19003701210022	-1.674133
5.20566701889038	-1.712341
5.22128701210022	-1.678772
5.23691701889038	-1.567993
5.25253701210022	-1.478745
5.26816701889038	-1.536835
5.28378701210022	-1.797333
5.29941701889038	-2.178436
5.31504702568054	-2.466354
5.33066701889038	-2.417862
5.34629702568054	-1.90271
5.36191701889038	-0.9645233
5.37754702568054	0.1856537
5.39316701889038	1.262131
5.40879702568054	2.028534
5.4244270324707	2.391159
5.44004702568054	2.403366
5.4556770324707	2.197937
5.47129702568054	1.929184
5.4869270324707	1.685318
5.5181770324707	1.26236
5.53380703926086	1.000183
5.5494270324707	0.6652374
5.56505703926086	0.2950287
5.5806770324707	-0.04846191
5.59630703926086	-0.3106689
5.6119270324707	-0.4526825
5.62755703926086	-0.4757996
5.64318704605103	-0.4128418
5.65880703926086	-0.3005829
5.67443704605103	-0.1759796
5.69005703926086	-0.06347656
5.70568704605103	0.03511047
5.72130703926086	0.1486511
5.73693704605103	0.3334351
5.75256705284119	0.6505432
5.76818704605103	1.131485
5.78381705284119	1.742874
5.79943704605103	2.383987
5.81506705284119	2.918289
5.83068704605103	3.222198
5.84631705284119	3.245407
5.86194705963135	3.024628
5.87756705284119	2.672684
5.89319705963135	2.313187
5.90881705284119	2.055908
5.92444705963135	1.95639
5.94006705284119	2.026123
5.95569705963135	2.231995
5.97132706642151	2.511414
5.98694705963135	2.807648
6.00257706642151	3.080399
6.01819705963135	3.341492
6.03382706642151	3.662537
6.04944705963135	4.13826
6.06507706642151	4.843079
6.08070707321167	5.7845
6.09632706642151	6.879013
6.11195707321167	7.983688
6.12757706642151	8.965561
6.14320707321167	9.741302
6.15882706642151	10.30899
6.17445707321167	10.72482
6.19008708000183	11.05475
6.20570707321167	11.33226
6.22133708000183	11.54696
6.23695707321167	11.65617
6.25258708000183	11.63179
6.26820707321167	11.45785
6.28383708000183	11.16523
6.29946708679199	10.80846
6.31508708000183	10.44683
6.33071708679199	10.13087
6.34633708000183	9.868187
6.36196708679199	9.616821
6.37758708000183	9.329605
6.39321708679199	8.985825
6.40884709358215	8.613937
6.42446708679199	8.307785
6.44009709358215	8.183426
6.45571708679199	8.306412
6.47134709358215	8.660233
6.48696708679199	9.123703
6.50259709358215	9.518257
6.51822710037231	9.670944
6.53384709358215	9.474434
6.54947710037231	8.917397
6.56509709358215	8.069351
6.58072710037231	7.013489
6.59634709358215	5.787811
6.61197710037231	4.38353
6.62760710716248	2.76741
6.64322710037231	0.9248352
6.65885710716248	-1.087959
6.67447710037231	-3.115005
6.70572710037231	-6.455971
6.72135710716248	-7.513939
6.73698711395264	-8.198681
6.75260710716248	-8.668175
6.76823711395264	-9.105667
6.78385710716248	-9.610661
6.79948711395264	-10.17836
6.81510710716248	-10.72235
6.83073711395264	-11.14932
6.8463671207428	-11.38314
6.86198711395264	-11.43419
6.8776171207428	-11.34596
6.89323711395264	-11.16824
6.9088671207428	-10.95164
6.92448711395264	-10.74219
6.9401171207428	-10.59897
6.95574712753296	-10.59467
6.9713671207428	-10.76619
6.98699712753296	-11.0705
7.0026171207428	-11.39687
7.01824712753296	-11.59902
7.0338671207428	-11.59371
7.04949712753296	-11.39923
7.06512689590454	-11.12499
7.08074712753296	-10.91329
7.09637689590454	-10.84606
7.11199712753296	-10.92264
7.12762689590454	-11.06189
7.14324712753296	-11.17512
7.15887689590454	-11.21301
7.1745069026947	-11.1801
7.19012689590454	-11.11378
7.2057569026947	-11.02119
7.22137689590454	-10.84951
7.2370069026947	-10.49976
7.25262689590454	-9.881893
7.2682569026947	-8.995101
7.28388690948486	-7.962951
7.2995069026947	-6.995706
7.31513690948486	-6.328218
7.3307569026947	-6.114129
7.34638690948486	-6.36544
7.3620069026947	-6.960793
7.37763690948486	-7.710947
7.39326691627502	-8.439682
7.40888690948486	-9.0337
7.42451691627502	-9.436664
7.44013690948486	-9.612202
7.45576691627502	-9.523705
7.47138690948486	-9.153395
7.48701691627502	-8.535399
7.50264692306519	-7.812948
7.51826691627502	-7.182013
7.53389692306519	-6.817382
7.54951691627502	-6.775507
7.56514692306519	-6.95958
7.58077692985535	-7.175251
7.59639692306519	-7.23255
7.61202692985535	-7.04479
7.62764692306519	-6.651555
7.64327692985535	-6.165551
7.65889692306519	-5.680143
7.67452692985535	-5.216463
7.69015693664551	-4.729242
7.70577692985535	-4.166692
7.72140693664551	-3.5082
7.73702692985535	-2.796389
7.76827692985535	-1.390195
7.78390693664551	-0.7355642
7.79953694343567	-0.1171141
7.81515693664551	0.442378
7.83078694343567	0.8921585
7.84640693664551	1.184332
7.86203694343567	1.321045
7.87765693664551	1.362896
7.89328694343567	1.372133
7.90891695022583	1.401945
7.92453694343567	1.47874
7.94016695022583	1.597042
7.95578694343567	1.75517
7.97141695022583	1.95624
7.98703694343567	2.204304
8.00266695022583	2.494347
8.01829695701599	2.761814
8.03391695022583	2.888976
8.04954695701599	2.799747
8.06516695022583	2.551251
8.08079695701599	2.32535
8.09641695022583	2.352764
8.11204695701599	2.77276
8.12767696380615	3.532366
8.14329695701599	4.423061
8.15892696380615	5.169321
8.17454695701599	5.52001
8.19017696380615	5.428949
8.20579695701599	5.106068
8.22142696380615	4.919363
8.23705697059631	5.200645
8.25267696380615	6.106743
8.26830697059631	7.581259
8.28392696380615	9.465509
8.29955697059631	11.54709
8.31517696380615	13.45342
8.33080697059631	14.90616
8.34643697738647	15.86955
8.36205697059631	16.56319
8.37768697738647	17.30124
8.39330697059631	18.31914
8.40893697738647	19.71566
8.42455697059631	21.53704
8.44018697738647	23.65094
8.45581698417664	25.44545
8.47143697738647	26.374
8.48706698417664	26.27998
8.50268697738647	25.50252
8.51831698417664	24.59618
8.53393697738647	23.95078
8.54956698417664	23.66003
8.5651969909668	23.70634
8.58081698417664	23.80537
8.5964469909668	22.9988
8.61206698417664	20.53682
8.6276969909668	16.28969
8.64331698417664	10.82795
8.6589469909668	4.9282
8.67457699775696	-0.9686241
8.6901969909668	-6.833183
8.70582699775696	-12.69815
8.7214469909668	-18.9387
8.73707699775696	-26.79802
8.7526969909668	-37.304
8.76832699775696	-50.70567
8.78395700454712	-66.24803
8.79957699775696	-82.65406
8.81520700454712	-98.79815
8.83082699775696	-113.9052
8.84645700454712	-127.2823
8.86207699775696	-132.7449
8.87770700454712	-125.7653
8.89333701133728	-106.1662
8.90895700454712	-78.94319
8.92458701133728	-50.5971
8.94020700454712	-25.43721
8.95583701133728	-4.954327
8.97145700454712	9.703182
8.98708701133728	20.87354
9.00271701812744	30.0848
9.01833701133728	37.19339
9.03396701812744	41.61893
9.04958701133728	43.15331
9.06521701812744	42.33324
9.08083701133728	40.24292
9.09646701812744	37.65862
9.1120970249176	35.11652
9.12771701812744	33.24744
9.1433470249176	32.20806
9.15896701812744	31.32782
9.1745970249176	29.85914
9.19021701812744	27.43933
9.2058470249176	24.35493
9.22147703170776	21.25113
9.2370970249176	18.66343
9.25272703170776	16.90937
9.2683470249176	16.23781
9.28397703170776	16.40762
9.2995970249176	16.63756
9.31522703170776	16.20208
9.33085703849792	14.79011
9.34647703170776	12.65313
9.36210703849792	10.32779
9.37772703170776	8.267815
9.39335703849792	6.727375
9.40897703170776	5.846237
9.42460703849792	5.464947
9.44023704528809	5.159695
9.45585703849792	4.569519
9.47148704528809	3.560223
9.48710703849792	2.289169
9.50273704528809	1.034813
9.51835703849792	0.000705719
9.53398704528809	-0.7615738
9.54961705207825	-1.311352
9.56523704528809	-1.870155
9.58086705207825	-2.716251
9.59648704528809	-4.000969
9.61211705207825	-5.673054
9.62773704528809	-7.505672
9.64336705207825	-9.190266
9.65899705886841	-10.49052
9.67461705207825	-11.27793
9.69024705886841	-11.5351
9.70586705207825	-11.365
9.72149705886841	-10.93917
9.73711705207825	-10.44803
9.75274705886841	-10.06974
9.76837706565857	-9.93121
9.78399705886841	-10.0637
9.79962706565857	-10.3922
9.81524705886841	-10.74085
9.83087706565857	-10.89423
9.84650707244873	-10.66766
9.86212706565857	-9.97438
9.87775707244873	-8.838577
9.89337706565857	-7.376747
9.90900707244873	-5.761406
9.92462706565857	-4.150867
9.94025707244873	-2.643513
9.95588707923889	-1.27562
9.97150707244873	-0.04177094
9.98713707923889	1.073738
10.0027570724487	2.03863
10.0183870792389	2.784414
10.0340070724487	3.244297
10.0496370792389	3.375065
10.0652670860291	3.20727
10.0808870792389	2.829666
10.0965170860291	2.35844
10.1121370792389	1.900148
10.1277670860291	1.52276
10.1433870792389	1.261877
10.1590170860291	1.132515
10.1746470928192	1.15937
10.1902670860291	1.348837
10.2058970928192	1.708754
10.2215170860291	2.239494
10.2371470928192	2.910427
10.2527670860291	3.66519
10.2683970928192	4.41506
10.2840270996094	5.026827
10.2996470928192	5.351168
10.3152770996094	5.292152
10.3308970928192	4.824545
10.3465270996094	4.032776
10.3621470928192	3.062248
10.3777770996094	2.038652
10.3934071063995	0.9906502
10.4090270996094	-0.1755219
10.4246571063995	-1.623796
10.4402770996094	-3.480534
10.4559071063995	-5.738903
10.4715270996094	-8.237785
10.4871571063995	-10.69516
10.5027871131897	-12.82042
10.5184071063995	-14.39969
10.5340371131897	-15.33319
10.5496571063995	-15.61982
10.5652871131897	-15.34002
10.5809071063995	-14.63158
10.5965371131897	-13.67463
10.6121671199799	-12.65882
10.6277871131897	-11.74032
10.6434171199799	-10.98942
10.6590371131897	-10.39545
10.6746671199799	-9.856516
10.6902871131897	-9.246674
10.7059171199799	-8.480846
10.72154712677	-7.555612
10.7371671199799	-6.569339
10.75279712677	-5.673099
10.7684171199799	-5.003684
10.78404712677	-4.644826
10.7996671199799	-4.613756
10.81529712677	-4.869321
10.8309268951416	-5.334179
10.84654712677	-5.935958
10.8621768951416	-6.584902
10.87779712677	-7.21454
10.8934268951416	-7.770664
10.90904712677	-8.235442
10.9246768951416	-8.608551
10.9403069019318	-8.888828
10.9559268951416	-9.07527
10.9715569019318	-9.145674
10.9871768951416	-9.08918
11.0028069019318	-8.919628
11.0184268951416	-8.692371
11.0340569019318	-8.493164
11.0496869087219	-8.397812
11.0653069019318	-8.419441
11.0809369087219	-8.479248
11.0965569019318	-8.459229
11.1121869087219	-8.233776
11.1278069019318	-7.766502
11.1434369087219	-7.092266
11.1590669155121	-6.310791
11.1746869087219	-5.478603
11.1903169155121	-4.566792
11.2059369087219	-3.457397
11.2215669155121	-2.004292
11.2371869087219	-0.1307106
11.2528169155121	2.120399
11.2684469223022	4.587597
11.2840669155121	7.06546
11.2996969223022	9.377769
11.3153169155121	11.44691
11.3309469223022	13.29342
11.3465669155121	14.99537
11.3621969223022	16.62621
11.3778269290924	18.17812
11.3934469223022	19.55635
11.4090769290924	20.58445
11.4246969223022	21.09974
11.4403269290924	21.03219
11.4559469223022	20.43424
11.4715769290924	19.46387
11.4872069358826	18.32326
11.5028269290924	17.2074
11.5184569358826	16.21688
11.5340769290924	15.36751
11.5497069358826	14.62104
11.5653269290924	13.96987
11.5809569358826	13.4724
11.5965869426727	13.25562
11.6122069358826	13.44248
11.6278369426727	14.09448
11.6434569358826	15.18726
11.6590869426727	16.64365
11.6747069358826	18.34937
11.6903369426727	20.18917
11.7059669494629	22.00282
11.7215869426727	23.52142
11.7372169494629	24.36028
11.7528369426727	24.10522
11.7684669494629	22.46034
11.7840869426727	19.41151
11.7997169494629	15.29643
11.8153469562531	10.73716
11.8309669494629	6.429626
11.8465969562531	2.923561
11.8622169494629	0.4584885
11.8778469562531	-1.049011
11.8934669494629	-1.899445
11.9090969562531	-2.457123
11.9247269630432	-3.02343
11.9403469562531	-3.761162
11.9559769630432	-4.671661
11.9715969562531	-5.642136
11.9872269630432	-6.519012
12.0028469562531	-7.152878
12.0184769630432	-7.478928
12.0341069698334	-7.482384
12.0497269630432	-7.186729
12.0653569698334	-6.611534
12.0809769630432	-5.757942
12.0966069698334	-4.636826
12.1122269630432	-3.3274
12.1278569698334	-1.999001
12.1434869766235	-0.9154205
12.1591069698334	-0.3330841
12.1747369766235	-0.4341278
12.1903569698334	-1.237358
12.2059869766235	-2.604362
12.2216069698334	-4.303497
12.2372369766235	-6.08947
12.2528669834137	-7.792755
12.2684869766235	-9.314537
12.2841169834137	-10.64139
12.2997369766235	-11.78427
12.3153669834137	-12.76084
12.3309869766235	-13.57228
12.3466169834137	-14.17764
12.3622469902039	-14.49937
12.3778669834137	-14.44299
12.3934969902039	-13.95143
12.4091169834137	-13.02707
12.4247469902039	-11.77532
12.440376996994	-10.37913
12.4559969902039	-9.088684
12.471626996994	-8.145493
12.4872469902039	-7.730568
12.502876996994	-7.936485
12.5184969902039	-8.747467
12.534126996994	-10.02779
12.5497570037842	-11.52715
12.565376996994	-12.93477
12.5810070037842	-13.91872
12.596626996994	-14.2296
12.6122570037842	-13.77046
12.627876996994	-12.59761
12.6435070037842	-10.86755
12.6591370105743	-8.702057
12.6747570037842	-6.143692
12.6903870105743	-3.148529
12.7060070037842	0.3085938
12.7216370105743	4.102409
12.7372570037842	7.926125
12.7528870105743	11.32585
12.7685170173645	13.86153
12.7841370105743	15.23336
12.7997670173645	15.39877
12.8153870105743	14.54681
12.8310170173645	12.99275
12.8466370105743	11.06798
12.8622670173645	9.025864
12.8778970241547	7.021317
12.8935170173645	5.122147
12.9091470241547	3.370987
12.9247670173645	1.824829
12.9403970241547	0.6063232
12.9560170173645	-0.1390076
12.9716470241547	-0.3072662
12.9872770309448	0.06469727
13.0028970241547	0.7476196
13.0185270309448	1.360275
13.0341470241547	1.533661
13.0497770309448	1.074051
13.0653970241547	0.04878235
13.0810270309448	-1.248993
13.096657037735	-2.456543
13.1122770309448	-3.312012
13.127907037735	-3.752701
13.1435270309448	-3.888718
13.159157037735	-3.87059
13.1747770309448	-3.795212
13.190407037735	-3.661591
13.2060370445251	-3.455505
13.221657037735	-3.213272
13.2372870445251	-3.030624
13.252907037735	-2.982803
13.2685370445251	-2.999924
13.284157037735	-2.84996
13.2997870445251	-2.209381
13.3154170513153	-0.8592834
13.3310370445251	1.180908
13.3466670513153	3.605164
13.3622870445251	5.948959
13.3779170513153	7.815308
13.3935370445251	9.032898
13.4091670513153	9.71225
13.4247970581055	10.11469
13.4404170513153	10.46997
13.4560470581055	10.84187
13.4716670513153	11.14687
13.4872970581055	11.25777
13.5029170513153	11.13463
13.5185470581055	10.87737
13.5341770648956	10.65468
13.5497970581055	10.60567
13.5654270648956	10.7318
13.5810470581055	10.8972
13.5966770648956	10.90607
13.6122970581055	10.61809
13.6279270648956	10.01691
13.6435570716858	9.201309
13.6591770648956	8.33432
13.6748070716858	7.541214
13.6904270648956	6.888367
13.7060570716858	6.374435
13.7216770648956	5.964142
13.7373070716858	5.618469
13.752937078476	5.318863
13.7685570716858	5.042709
13.784187078476	4.783585
13.7998070716858	4.531418
13.815437078476	4.269241
13.8310570716858	3.992676
13.846687078476	3.721649
13.8623170852661	3.48526
13.877937078476	3.325577
13.8935670852661	3.264099
13.909187078476	3.261566
13.9248170852661	3.250244
13.940437078476	3.127899
13.9560670852661	2.799667
13.9716970920563	2.212173
13.9873170852661	1.35907
14.0029470920563	0.2537384
14.0185670852661	-1.052185
14.0341970920563	-2.519821
14.0498170852661	-4.117599
14.0654470920563	-5.820877
14.0810770988464	-7.603851
14.0966970920563	-9.41893
14.1123270988464	-11.17468
14.1279470920563	-12.69525
14.1435770988464	-13.74591
14.1591970920563	-14.06436
14.1748270988464	-13.42741
14.1904571056366	-11.75018
14.2060770988464	-9.131287
14.2217071056366	-5.833054
14.2373270988464	-2.204636
14.2529571056366	1.422684
14.2685770988464	4.79924
14.2842071056366	7.767212
14.2998371124268	10.2337
14.3154571056366	12.10551
14.3310871124268	13.29025
14.3467071056366	13.7184
14.3623371124268	13.38306
14.3779571056366	12.37878
14.3935871124268	10.91702
14.4092171192169	9.263184
14.4248371124268	7.698608
14.4404671192169	6.433792
14.4560871124268	5.579788
14.4717171192169	5.141068
14.4873371124268	5.021927
14.5029671192169	5.045944
14.5185971260071	5.032059
14.5342171192169	4.854675
14.5498471260071	4.493271
14.5654671192169	4.024536
14.5810971260071	3.587906
14.5967171192169	3.298492
14.6123471260071	3.181259
14.6279768943787	3.169891
14.6435971260071	3.142944
14.6592268943787	2.988022
14.6748471260071	2.684036
14.6904768943787	2.289505
14.7061069011688	1.89151
14.7217268943787	1.535126
14.7373569011688	1.184174
14.7529768943787	0.7561798
14.7686069011688	0.1845856
14.7842268943787	-0.5233307
14.7998569011688	-1.26622
14.815486907959	-1.917816
14.8311069011688	-2.3992
14.846736907959	-2.721298
14.8623569011688	-2.978806
14.877986907959	-3.287674
14.8936069011688	-3.717133
14.909236907959	-4.261093
14.9248669147491	-4.835144
14.940486907959	-5.348587
14.9561169147491	-5.73378
14.971736907959	-5.969376
14.9873669147491	-6.081802
15.002986907959	-6.121994
15.0186169147491	-6.15303
15.0342469215393	-6.235474
15.0498669147491	-6.408951
15.0654969215393	-6.680191
15.0811169147491	-7.011444
15.0967469215393	-7.320267
15.1123669147491	-7.485168
15.1279969215393	-7.363953
15.1436269283295	-6.832382
15.1592469215393	-5.819946
15.1748769283295	-4.346375
15.1904969215393	-2.535049
15.2061269283295	-0.5941162
15.2217469215393	1.241806
15.2373769283295	2.765198
15.2530069351196	3.859192
15.2686269283295	4.502411
15.2842569351196	4.75148
15.2998769283295	4.700867
15.3155069351196	4.457993
15.3311269283295	4.135956
15.3467569351196	3.84465
15.3623869419098	3.682495
15.3780069351196	3.709854
15.3936369419098	3.930725
15.4092569351196	4.272507
15.4248869419098	4.634109
15.4405069351196	4.922379
15.4561369419098	5.083405
15.4717669487	5.111618
15.4873869419098	5.024078
15.5030169487	4.83902
15.5186369419098	4.562332
15.5342669487	4.22113
15.5498869419098	3.857208
15.5655169487	3.537125
15.5811469554901	3.307602
15.5967669487	3.173874
15.6123969554901	3.098969
15.6280169487	3.021362
15.6436469554901	2.885773
15.6592669487	2.663666
15.6748969554901	2.343445
15.6905269622803	1.915344
15.7061469554901	1.360413
15.7217769622803	0.6712341
15.7373969554901	-0.1189728
15.7530269622803	-0.9256897
15.7686469554901	-1.632156
15.7842769622803	-2.142471
15.7999069690704	-2.446503
15.8155269622803	-2.616608
15.8311569690704	-2.755264
15.8467769622803	-2.931229
15.8624069690704	-3.136902
15.8780269622803	-3.32016
15.8936569690704	-3.434784
15.9092869758606	-3.481537
15.9249069690704	-3.512344
15.9405369758606	-3.582306
15.9561569690704	-3.708633
15.9717869758606	-3.855148
15.9874069690704	-3.952026
16.0030369758606	-3.961624
16.0186669826508	-3.901199
16.0342869758606	-3.86058
16.0499169826508	-3.927094
16.0655369758606	-4.129654
16.0811669826508	-4.388077
16.0967869758606	-4.525299
16.1124169826508	-4.336884
16.1280469894409	-3.688843
16.1436669826508	-2.599091
16.1592969894409	-1.23465
16.1749169826508	0.1416779
16.1905469894409	1.31105
16.2061669826508	2.190857
16.2217969894409	2.848557
16.2374269962311	3.431595
16.2530469894409	4.033127
16.2686769962311	4.611023
16.2842969894409	5.032303
16.2999269962311	5.163605
16.3155469894409	4.987549
16.3311769962311	4.669907
16.3468070030212	4.466949
16.3624269962311	4.605652
16.3780570030212	5.152069
16.3936769962311	5.988327
16.4093070030212	6.888062
16.4249269962311	7.65213
16.4405570030212	8.210663
16.4561870098114	8.634644
16.4718070030212	9.065079
16.4874370098114	9.600586
16.5030570030212	10.23462
16.5186870098114	10.84198
16.5343070030212	11.23717
16.5499370098114	11.2778
16.5655670166016	10.93323
16.5811870098114	10.30078
16.5968170166016	9.553024
16.6124370098114	8.860428
16.6280670166016	8.317383
16.6436870098114	7.930725
16.6593170166016	7.636002
16.6749470233917	7.342529
16.6905670166016	6.967789
16.7061970233917	6.455887
16.7218170166016	5.74791
16.7374470233917	4.79715
16.7530670166016	3.597321
16.7686970233917	2.209442
16.7843270301819	0.8103943
16.7999470233917	-0.3593597
16.8155770301819	-1.119217
16.8311970233917	-1.419205
16.8468270301819	-1.390366
16.862457036972	-1.294373
16.8780770301819	-1.420792
16.893707036972	-1.959793
16.9093270301819	-2.934036
16.924957036972	-4.165527
16.9405770301819	-5.343086
16.956207036972	-6.104248
16.9718370437622	-6.112572
16.987457036972	-5.134018
17.0030870437622	-3.042198
17.018707036972	0.1358566
17.0343370437622	4.259163
17.049957036972	9.080109
17.0655870437622	14.29365
17.0812170505524	19.6147
17.0968370437622	24.8051
17.1124670505524	29.70065
17.1280870437622	34.20071
17.1437170505524	38.28276
17.1593370437622	41.98377
17.1749670505524	45.41273
17.1905970573425	48.7029
17.2062170505524	51.96245
17.2218470573425	55.19667
17.2374670505524	58.28054
17.2530970573425	60.97753
17.2687170505524	62.98815
17.2843470573425	64.08972
17.2999770641327	64.25031
17.3155970573425	63.73958
17.3312270641327	63.07335
17.3468470573425	62.87009
17.3624770641327	63.59861
17.3780970573425	65.32664
17.3937270641327	67.494
17.4093570709229	68.88109
17.4249770641327	67.82394
17.4406070709229	62.59535
17.4562270641327	52.00425
17.4718570709229	35.87747
17.4874770641327	15.35648
17.5031070709229	-7.190817
17.518737077713	-28.66561
17.5343570709229	-45.98489
17.549987077713	-56.89372
17.5656070709229	-60.50963
17.581237077713	-57.52208
17.5968570709229	-49.85708
17.612487077713	-40.06438
17.6281170845032	-30.57475
17.643737077713	-23.07723
17.6593670845032	-18.251
17.674987077713	-15.89606
17.6906170845032	-15.3377
17.706237077713	-15.89812
17.7218670845032	-17.22567
17.7374970912933	-19.31362
17.7531170845032	-22.28229
17.7687470912933	-26.10257
17.7843670845032	-30.42426
17.7999970912933	-34.66469
17.8156170845032	-38.19284
17.8312470912933	-40.53542
17.8468770980835	-41.45491
17.8624970912933	-40.89381
17.8781270980835	-38.84766
17.8937470912933	-35.37436
17.9093770980835	-30.63031
17.9249970912933	-24.98862
17.9406270980835	-19.09242
17.9562571048737	-13.70152
17.9718770980835	-9.446228
17.9875071048737	-6.619385
18.0031270980835	-5.14859
18.0187571048737	-4.741608
18.0343770980835	-5.145874
18.0500071048737	-6.352112
18.0656371116638	-8.58522
18.0812571048737	-12.15222
18.0968871116638	-17.15663
18.1125071048737	-23.31783
18.1281371116638	-29.961
18.1437571048737	-36.1824
18.1593871116638	-41.10577
18.175017118454	-44.09492
18.1906371116638	-44.84612
18.206267118454	-43.36703
18.2218871116638	-39.91608
18.237517118454	-34.92093
18.2531371116638	-28.95035
18.268767118454	-22.61464
18.2843971252441	-16.48915
18.300017118454	-11.00128
18.3156471252441	-6.343567
18.331267118454	-2.482361
18.3468971252441	0.7834778
18.362517118454	3.705139
18.3781471252441	6.46106
18.3937768936157	9.068787
18.4093971252441	11.3822
18.4250268936157	13.164
18.4406471252441	14.2038
18.4562768936157	14.47302
18.4718971252441	14.16702
18.4875268936157	13.681
18.5031569004059	13.44629
18.5187768936157	13.75311
18.5344069004059	14.63907
18.5500268936157	15.88776
18.5656569004059	17.16794
18.5812768936157	18.25189
18.5969069004059	19.14011
18.612536907196	20.03162
18.6281569004059	21.1669
18.643786907196	22.62317
18.6594069004059	24.22675
18.675036907196	25.65366
18.6906569004059	26.65201
18.706286907196	27.2821
18.7219169139862	27.94006
18.737536907196	29.1926
18.7531669139862	31.48438
18.768786907196	34.87997
18.7844169139862	39.00412
18.800036907196	43.16336
18.8156669139862	46.61685
18.8312969207764	48.75635
18.8469169139862	49.1969
18.8625469207764	47.7041
18.8781669139862	44.14053
18.8937969207764	38.46753
18.9094169139862	30.84277
18.9250469207764	21.68393
18.9406769275665	11.65518
18.9562969207764	1.541779
18.9719269275665	-8.004272
18.9875469207764	-16.57834
19.0031769275665	-24.04355
19.0187969207764	-30.43509
19.0344269275665	-35.81839
19.0500569343567	-40.26593
19.0656769275665	-43.89139
19.0813069343567	-46.8685
19.0969269275665	-49.41409
19.1125569343567	-51.71616
19.1281769275665	-53.84888
19.1438069343567	-55.79047
19.1594369411469	-57.51511
19.1750569343567	-59.10962
19.1906869411469	-60.84912
19.2063069343567	-63.11459
19.2219369411469	-66.24359
19.2375569343567	-70.36142
19.2531869411469	-75.33307
19.268816947937	-80.83466
19.2844369411469	-86.43927
19.300066947937	-91.70673
19.3156869411469	-96.14111
19.331316947937	-99.16141
19.3469369411469	-100.1012
19.362566947937	-98.37915
19.3781969547272	-93.72153
19.393816947937	-86.36823
19.4094469547272	-77.06534
19.425066947937	-66.8891
19.4406969547272	-56.92648
19.456316947937	-47.97449
19.4719469547272	-40.43188
19.4875769615173	-34.28958
19.5031969547272	-29.28314
19.5188269615173	-25.0163
19.5344469547272	-21.02707
19.5500769615173	-16.84052
19.5657069683075	-12.04468
19.5813269615173	-6.432465
19.5969569683075	-0.1103821
19.6125769615173	6.480042
19.6282069683075	12.69809
19.6438269615173	17.89474
19.6594569683075	21.59366
19.6750869750977	23.57748
19.6907069683075	23.86163
19.7063369750977	22.63348
19.7219569683075	20.22275
19.7375869750977	17.0762
19.7532069683075	13.77744
19.7688369750977	10.91852
19.7844669818878	8.985596
19.8000869750977	8.216095
19.8157169818878	8.537537
19.8313369750977	9.621429
19.8469669818878	11.01611
19.8625869750977	12.26782
19.8782169818878	12.99478
19.893846988678	12.91595
19.9094669818878	11.86362
19.925096988678	9.804474
19.9407169818878	6.848053
19.956346988678	3.275116
19.9719669818878	-0.5093079
19.987596988678	-4.047821
20.0032269954681	-6.920288
20.018846988678	-8.847626
20.0344769954681	-9.740082
20.050096988678	-9.74234
20.0657269954681	-9.169464
20.081346988678	-8.456146
20.0969769954681	-8.027039
20.1126070022583	-8.199585
20.1282269954681	-9.08017
20.1438570022583	-10.53131
20.1594769954681	-12.22885
20.1751070022583	-13.78052
20.1907269954681	-14.87814
20.2063570022583	-15.40714
20.2219870090485	-15.48752
20.2376070022583	-15.37393
20.2532370090485	-15.31439
20.2688570022583	-15.42294
20.2844870090485	-15.59741
20.3001070022583	-15.55545
20.3157370090485	-14.93127
20.3313670158386	-13.41281
20.3469870090485	-10.83127
20.3626170158386	-7.203278
20.3782370090485	-2.722961
20.3938670158386	2.24707
20.4094870090485	7.234467
20.4251170158386	11.74707
20.4407470226288	15.37048
20.4563670158386	17.88675
20.4719970226288	19.32217
20.4876170158386	19.92676
20.5032470226288	20.06171
20.5188670158386	20.09689
20.5344970226288	20.30029
20.5501270294189	20.80701
20.5657470226288	21.64426
20.5813770294189	22.75522
20.5969970226288	24.06143
20.6126270294189	25.47078
20.6282470226288	26.90727
20.6438770294189	28.31506
20.6595070362091	29.66301
20.6751270294189	30.93291
20.6907570362091	32.10393
20.7063770294189	33.14658
20.7220070362091	33.98848
20.7376270294189	34.53311
20.7532570362091	34.65535
20.7688870429993	34.2083
20.7845070362091	33.04466
20.8001370429993	31.04442
20.8157570362091	28.15948
20.8313870429993	24.45393
20.8470070362091	20.10553
20.8626370429993	15.37494
20.8782670497894	10.543
20.8938870429993	5.859512
20.9095170497894	1.497742
20.9251370429993	-2.421692
20.9407670497894	-5.857422
20.9563870429993	-8.814484
20.9720170497894	-11.35294
20.9876470565796	-13.57373
21.0032670497894	-15.5937
21.0188970565796	-17.51015
21.0345170497894	-19.40184
21.0501470565796	-21.32578
21.0657670497894	-23.34047
21.0813970565796	-25.49965
21.0970270633698	-27.76509
21.1126470565796	-29.93092
21.1282770633698	-31.5831
21.1438970565796	-32.17474
21.1595270633698	-31.22594
21.1751470565796	-28.52968
21.1907770633698	-24.28041
21.2064070701599	-19.00806
21.2220270633698	-13.3829
21.2376570701599	-7.962219
21.2532770633698	-3.055374
21.2689070701599	1.261261
21.2845270633698	5.009308
21.3001570701599	8.173904
21.3157870769501	10.65952
21.3314070701599	12.34875
21.3470370769501	13.20726
21.3626570701599	13.35612
21.3782870769501	13.04901
21.3939070701599	12.58321
21.4095370769501	12.20358
21.4251670837402	12.04442
21.4407870769501	12.11278
21.4564170837402	12.3403
21.4720370769501	12.63025
21.4876670837402	12.89191
21.5032870769501	13.05875
21.5189170837402	13.09384
21.5345470905304	12.97469
21.5501670837402	12.67765
21.5657970905304	12.18745
21.5814170837402	11.50468
21.5970470905304	10.65271
21.6126670837402	9.693977
21.6282970905304	8.694893
21.6439270973206	7.695236
21.6595470905304	6.679512
21.6751770973206	5.57238
21.6907970905304	4.267273
21.7064270973206	2.691994
21.7220571041107	0.8491821
21.7376770973206	-1.164108
21.7533071041107	-3.197861
21.7689270973206	-5.109352
21.7845571041107	-6.816231
21.8001770973206	-8.320236
21.8158071041107	-9.676872
21.8314371109009	-10.96336
21.8470571041107	-12.22044
21.8626871109009	-13.42886
21.8783071041107	-14.47845
21.8939371109009	-15.17707
21.9095571041107	-15.27681
21.9251871109009	-14.51556
21.940817117691	-12.74223
21.9564371109009	-9.968681
21.972067117691	-6.382172
21.9876871109009	-2.305954
22.003317117691	1.884205
22.0189371109009	5.858814
22.034567117691	9.4072
22.0501971244812	12.43656
22.065817117691	14.95005
22.0814471244812	16.95558
22.097067117691	18.43945
22.1126971244812	19.34762
22.128317117691	19.64843
22.1439471244812	19.39352
22.1595768928528	18.74955
22.1751971244812	17.98311
22.1908268928528	17.36098
22.2064471244812	17.07551
22.2220768928528	17.14912
22.2376971244812	17.46813
22.2533268928528	17.82369
22.2689568996429	18.02634
22.2845768928528	17.9571
22.3002068996429	17.58371
22.3158268928528	16.9335
22.3314568996429	16.04232
22.3470768928528	14.94796
22.3627068996429	13.70409
22.3783369064331	12.38425
22.3939568996429	11.077
22.4095869064331	9.839085
22.4252068996429	8.658953
22.4408369064331	7.437775
22.4564568996429	6.045517
22.4720869064331	4.381748
22.4877169132233	2.466791
22.5033369064331	0.4485798
22.5189669132233	-1.453285
22.5345869064331	-3.041424
22.5502169132233	-4.227451
22.5658369064331	-5.072104
22.5814669132233	-5.776283
22.5970969200134	-6.577099
22.6127169132233	-7.703663
22.6283469200134	-9.291142
22.6439669132233	-11.33847
22.6595969200134	-13.69353
22.6752169132233	-16.06918
22.6908469200134	-18.06731
22.7064769268036	-19.25721
22.7220969200134	-19.28555
22.7377269268036	-17.94267
22.7533469200134	-15.26337
22.7689769268036	-11.47672
22.7845969200134	-6.985718
22.8002269268036	-2.261614
22.8158569335938	2.225871
22.8314769268036	6.088943
22.8471069335938	9.07399
22.8627269268036	11.09437
22.8783569335938	12.2569
22.8939769268036	12.79809
22.9096069335938	13.00224
22.9252369403839	13.10342
22.9408569335938	13.21994
22.9564869403839	13.34834
22.9721069335938	13.41287
22.9877369403839	13.34099
23.0033569335938	13.09616
23.0189869403839	12.7119
23.0346169471741	12.25877
23.0502369403839	11.81822
23.0658669471741	11.43065
23.0814869403839	11.1001
23.0971169471741	10.79003
23.1127369403839	10.45035
23.1283669471741	10.01284
23.1439969539642	9.40406
23.1596169471741	8.531807
23.1752469539642	7.298599
23.1908669471741	5.635945
23.2064969539642	3.548045
23.2221169471741	1.157002
23.2377469539642	-1.313148
23.2533769607544	-3.595696
23.2689969539642	-5.465886
23.2846269607544	-6.827063
23.3002469539642	-7.734459
23.3158769607544	-8.345544
23.3314969539642	-8.814572
23.3471269607544	-9.237698
23.3627569675446	-9.607682
23.3783769607544	-9.876903
23.3940069675446	-9.999864
23.4096269607544	-10.00133
23.4252569675446	-9.970062
23.4408769607544	-10.03432
23.4565069675446	-10.31976
23.4721369743347	-10.89025
23.4877569675446	-11.70134
23.5033869743347	-12.57582
23.5190069675446	-13.21801
23.5346369743347	-13.26466
23.5502569675446	-12.37142
23.5658869743347	-10.33221
23.5815169811249	-7.151899
23.5971369743347	-3.088526
23.6127669811249	1.42886
23.6283869743347	5.93202
23.6440169811249	10.06957
23.6596369743347	13.66315
23.6752669811249	16.68543
23.690896987915	19.16373
23.7065169811249	21.06979
23.722146987915	22.33153
23.7377669811249	22.89295
23.753396987915	22.82498
23.7690169811249	22.36293
23.784646987915	21.83868
23.8002769947052	21.52836
23.815896987915	21.53172
23.8315269947052	21.75307
23.847146987915	21.95888
23.8627769947052	21.9282
23.878396987915	21.5606
23.8940269947052	20.89735
23.9096570014954	20.05569
23.9252769947052	19.15594
23.9409070014954	18.24491
23.9565269947052	17.29008
23.9721570014954	16.21383
23.9877769947052	14.93274
24.0034070014954	13.40197
24.0190370082855	11.64949
24.0346570014954	9.769488
24.0502870082855	7.911746
24.0659070014954	6.22594
24.0815370082855	4.78659
24.0971670150757	3.541011
24.1127870082855	2.3381
24.1284170150757	0.9807386
24.1440370082855	-0.6592646
24.1596670150757	-2.589593
24.1752870082855	-4.702076
24.1909170150757	-6.828589
24.2065470218658	-8.825233
24.2221670150757	-10.61884
24.2377970218658	-12.21146
24.2534170150757	-13.68638
24.2690470218658	-15.16827
24.2846670150757	-16.77687
24.3002970218658	-18.57372
24.315927028656	-20.50283
24.3315470218658	-22.35264
24.347177028656	-23.79759
24.3627970218658	-24.48294
24.378427028656	-24.13365
24.3940470218658	-22.64772
24.409677028656	-20.15752
24.4253070354462	-16.95539
24.440927028656	-13.42357
24.4565570354462	-9.933668
24.472177028656	-6.766473
24.4878070354462	-4.109947
24.503427028656	-2.065997
24.5190570354462	-0.6886921
24.5346870422363	0.03741074
24.5503070354462	0.1713943
24.5659370422363	-0.1015453
24.5815570354462	-0.5301018
24.5971870422363	-0.8302355
24.6128070354462	-0.7540264
24.6284370422363	-0.2064161
24.6440670490265	0.7375326
24.6596870422363	1.848492
24.6753170490265	2.850452
24.6909370422363	3.548831
24.7065670490265	3.919618
24.7221870422363	4.055336
24.7378170490265	4.116313
24.7534470558167	4.199941
24.7690670490265	4.304388
24.7846970558167	4.347803
24.8003170490265	4.251887
24.8159470558167	4.003506
24.8315670490265	3.65176
24.8471970558167	3.278682
24.8628270626068	2.912648
24.8784470558167	2.512169
24.8940770626068	1.980092
24.9096970558167	1.196863
24.9253270626068	0.1083612
24.9409470558167	-1.263519
24.9565770626068	-2.79892
24.972207069397	-4.347783
24.9878270626068	-5.757172
25.003457069397	-6.937013
25.0190770626068	-7.890562
25.034707069397	-8.677007
25.0503270626068	-9.393488
25.065957069397	-10.10928
25.0815870761871	-10.87236
25.097207069397	-11.69174
25.1128370761871	-12.56647
25.128457069397	-13.46869
25.1440870761871	-14.32218
25.159707069397	-14.94778
25.1753370761871	-15.06346
25.1909670829773	-14.34396
25.2065870761871	-12.54492
25.2222170829773	-9.647287
25.2378370761871	-5.911161
25.2534670829773	-1.80446
25.2690870761871	2.179034
25.2847170829773	5.668019
25.3003470897675	8.493904
25.3159670829773	10.65936
25.3315970897675	12.20474
25.3472170829773	13.139
25.3628470897675	13.42605
25.3784670829773	13.06407
25.3940970897675	12.17151
25.4097270965576	10.99111
25.4253470897675	9.831476
25.4409770965576	8.947822
25.4565970897675	8.459992
25.4722270965576	8.332769
25.4878470897675	8.422015
25.5034770965576	8.561087
25.5191071033478	8.605026
25.5347270965576	8.46398
25.5503571033478	8.084964
25.5659770965576	7.462994
25.5816071033478	6.623095
25.5972270965576	5.616018
25.6128571033478	4.527837
25.6284871101379	3.424413
25.6441071033478	2.334754
25.6597371101379	1.249723
25.6753571033478	0.1367311
25.6909871101379	-1.035012
25.7066071033478	-2.273349
25.7222371101379	-3.556308
25.7378671169281	-4.861225
25.7534871101379	-6.177421
25.7691171169281	-7.49861
25.7847371101379	-8.813692
25.8003671169281	-10.10929
25.8159871101379	-11.34226
25.8316171169281	-12.46642
25.8472471237183	-13.45683
25.8628671169281	-14.32878
25.8784971237183	-15.18399
25.8941171169281	-16.16197
25.9097471237183	-17.37521
25.9253671169281	-18.77515
25.9409971237183	-20.0675
25.9566271305084	-20.75921
25.9722471237183	-20.31071
25.9878771305084	-18.39158
26.0034971237183	-15.03587
26.0191271305084	-10.68489
26.0347471237183	-5.991077
26.0503771305084	-1.572459
26.06600689888	2.19351
26.0816271305084	5.223931
26.09725689888	7.611054
26.1128771305084	9.446659
26.12850689888	10.73705
26.1441271305084	11.42012
26.15975689888	11.47534
26.1753869056702	11.0465
26.19100689888	10.417
26.2066369056702	9.921425
26.22225689888	9.805547
26.2378869056702	10.11027
26.25350689888	10.69306
26.2691369056702	11.32244
26.2847669124603	11.81816
26.3003869056702	12.12059
26.3160169124603	12.30673
26.3316369056702	12.52902
26.3472669124603	12.89135
26.3628869056702	13.38554
26.3785169124603	13.87558
26.3941469192505	14.14443
26.4097669124603	13.99845
26.4253969192505	13.35218
26.4410169124603	12.26961
26.4566469192505	10.92902
26.4722669124603	9.558097
26.4878969192505	8.325031
26.5035269260406	7.274139
26.5191469192505	6.320034
26.5347769260406	5.282842
26.5503969192505	3.991725
26.5660269260406	2.36603
26.5816569328308	0.4445655
26.5972769260406	-1.614449
26.6129069328308	-3.622559
26.6285269260406	-5.4321
26.6441569328308	-6.987921
26.6597769260406	-8.340756
26.6754069328308	-9.59458
26.691036939621	-10.86056
26.7066569328308	-12.19413
26.722286939621	-13.51244
26.7379069328308	-14.59725
26.753536939621	-15.10079
26.7691569328308	-14.65069
26.784786939621	-12.98839
26.8004169464111	-10.09174
26.816036939621	-6.229427
26.8316669464111	-1.901414
26.847286939621	2.326405
26.8629169464111	5.984007
26.878536939621	8.820801
26.8941669464111	10.8244
26.9097969532013	12.13886
26.9254169464111	12.94561
26.9410469532013	13.38068
26.9566669464111	13.50837
26.9722969532013	13.35062
26.9879169464111	12.91886
27.0035469532013	12.24796
27.0191769599915	11.39151
27.0347969532013	10.41148
27.0504269599915	9.357776
27.0660469532013	8.286452
27.0816769599915	7.247248
27.0972969532013	6.304583
27.1129269599915	5.509654
27.1285569667816	4.888735
27.1441769599915	4.414697
27.1598069667816	3.996564
27.1754269599915	3.519971
27.1910569667816	2.879019
27.2066769599915	2.029939
27.2223069667816	1.01106
27.2379369735718	-0.08947372
27.2535569667816	-1.194308
27.2691869735718	-2.278678
27.2848069667816	-3.38677
27.3004369735718	-4.61818
27.3160569667816	-6.053267
27.3316869735718	-7.726851
27.3473169803619	-9.605274
27.3629369735718	-11.61286
27.3785669803619	-13.63356
27.3941869735718	-15.54289
27.4098169803619	-17.23272
27.4254369735718	-18.6219
27.4410669803619	-19.70224
27.4566969871521	-20.54764
27.4723169803619	-21.30244
27.4879469871521	-22.15994
27.5035669803619	-23.25616
27.5191969871521	-24.5673
27.5348169803619	-25.84879
27.5504469871521	-26.65064
27.5660769939423	-26.43706
27.5816969871521	-24.79075
27.5973269939423	-21.57388
27.6129469871521	-17.00728
27.6285769939423	-11.62247
27.6441969871521	-6.100756
27.6598269939423	-1.062706
27.6754570007324	3.057721
27.6910769939423	6.072701
27.7067070007324	8.008333
27.7223269939423	9.012442
27.7379570007324	9.28026
27.7535769939423	9.016942
27.7692070007324	8.400636
27.7848370075226	7.620932
27.8004570007324	6.83407
27.8160870075226	6.177414
27.8317070007324	5.725246
27.8473370075226	5.489161
27.8629570007324	5.397892
27.8785870075226	5.325349
27.8942170143127	5.11354
27.9098370075226	4.609385
27.9254670143127	3.735852
27.9410870075226	2.488914
27.9567170143127	0.9383494
27.9723370075226	-0.801455
27.9879670143127	-2.63591
28.0035970211029	-4.490809
28.0192170143127	-6.320138
28.0348470211029	-8.073038
28.0504670143127	-9.700291
28.0660970211029	-11.15706
28.0817170143127	-12.42081
28.0973470211029	-13.51259
28.1129770278931	-14.49604
28.1285970211029	-15.4443
28.1442270278931	-16.44536
28.1598470211029	-17.53335
28.1754770278931	-18.69603
28.1910970211029	-19.88017
28.2067270278931	-21.00635
28.2223570346832	-22.02025
28.2379770278931	-22.91102
28.2536070346832	-23.69945
28.2692270278931	-24.39929
28.2848570346832	-24.91143
28.3004770278931	-25.00066
28.3161070346832	-24.2527
28.3317370414734	-22.17266
28.3473570346832	-18.36408
28.3629870414734	-12.71812
28.3786070346832	-5.521523
28.3942370414734	2.576443
28.4098570346832	10.74229
28.4254870414734	18.18612
28.4411170482635	24.32241
28.4567370414734	28.84131
28.4723670482635	31.68398
28.4879870414734	32.92882
28.5036170482635	32.73626
28.5192370414734	31.29945
28.5348670482635	28.86604
28.5504970550537	25.70588
28.5661170482635	22.02916
28.5817470550537	17.94793
28.5973670482635	13.47163
28.6129970550537	8.658539
28.6286170482635	3.751762
28.6442470550537	-0.7388687
28.6598770618439	-4.141846
28.6754970550537	-5.850906
28.6911270618439	-5.648804
28.7067470550537	-3.862366
28.7223770618439	-1.308563
28.7379970550537	0.9614792
28.7536270618439	1.969437
28.769257068634	1.058342
28.7848770618439	-2.012772
28.800507068634	-7.127174
28.8161270618439	-13.88421
28.831757068634	-21.70762
28.8473870754242	-29.89554
28.863007068634	-37.65987
28.8786370754242	-44.19453
28.894257068634	-48.81231
28.9098870754242	-51.0667
28.925507068634	-50.81287
28.9411370754242	-48.25764
28.9567670822144	-43.84554
28.9723870754242	-38.10751
28.9880170822144	-31.47211
29.0036370754242	-24.20487
29.0192670822144	-16.47211
29.0348870754242	-8.404488
29.0505170822144	-0.1702576
29.0661470890045	7.982407
29.0817670822144	15.72292
29.0973970890045	22.71181
29.1130170822144	28.70139
29.1286470890045	33.62535
29.1442670822144	37.56621
29.1598970890045	40.65694
29.1755270957947	43.01729
29.1911470890045	44.72516
29.2067770957947	45.88397
29.2223970890045	46.57071
29.2380270957947	46.85381
29.2536470890045	46.74034
29.2692770957947	46.24803
29.2849071025848	45.28822
29.3005270957947	43.67213
29.3161571025848	41.22162
29.3317770957947	37.88895
29.3474071025848	34.01878
29.3630270957947	30.05983
29.3786571025848	26.45239
29.394287109375	23.39093
29.4099071025848	21.00311
29.425537109375	19.19679
29.4411571025848	17.73373
29.456787109375	16.36263
29.4724071025848	14.94666
29.488037109375	13.85507
29.5036671161652	13.45154
29.519287109375	14.00043
29.5349171161652	15.52797
29.550537109375	18.39001
29.5661671161652	22.89911
29.581787109375	29.1541
29.5974171161652	36.84505
29.6130471229553	45.26894
29.6286671161652	53.89655
29.6442971229553	61.77084
29.6599171161652	67.68996
29.6755471229553	70.35629
29.6911671161652	69.54303
29.7067971229553	65.66333
29.7224271297455	59.5563
29.7380471229553	52.14917
29.7536771297455	44.31041
29.7692971229553	37.31795
29.7849271297455	31.6344
29.8005471229553	26.75887
29.8161771297455	21.25542
29.8318068981171	14.35509
29.8474271297455	5.805283
29.8630568981171	-3.944885
29.8786771297455	-13.85499
29.8943068981171	-26.42356
29.9099271297455	-40.91041
29.9255568981171	-54.54327
29.9411869049072	-62.40992
29.9568068981171	-65.52882
29.9724369049072	-65.51794
29.9880568981171	-63.97675
30.0036869049072	-61.09695
30.0193068981171	-56.60265
30.0349369049072	-50.3432
30.0505669116974	-42.08056
30.0661869049072	-32.5993
30.0818169116974	-23.4419
30.0974369049072	-16.50344
30.1130669116974	-12.31177
30.1286869049072	-10.49414
30.1443169116974	-10.06635
30.1599469184875	-10.00903
30.1755669116974	-9.595444
30.1911969184875	-8.067867
30.2068169116974	-5.447433
30.2224469184875	-2.385914
30.2380669116974	0.02314758
30.2536969184875	1.4538
30.2693269252777	1.977276
30.2849469184875	1.85413
30.3005769252777	1.218491
30.3161969184875	-0.001693726
30.3318269252777	-1.683094
30.3474469184875	-3.866562
30.3630769252777	-6.601021
30.3787069320679	-9.943443
30.3943269252777	-13.37601
30.4099569320679	-16.25294
30.4255769252777	-18.05708
30.4412069320679	-18.6372
30.4568269252777	-18.13237
30.4724569320679	-16.71449
30.488086938858	-14.65915
30.5037069320679	-12.27328
30.519336938858	-9.895452
30.5349569320679	-7.602373
30.550586938858	-5.387583
30.5662069320679	-3.246557
30.581836938858	-1.239536
30.5974669456482	0.5142212
30.613086938858	1.96316
30.6287169456482	3.022081
30.644336938858	3.603245
30.6599669456482	3.643641
30.675586938858	3.211895
30.6912169456482	2.483482
30.7068469524384	1.692513
30.7224669456482	1.084095
30.7380969524384	0.835165
30.7537169456482	0.9970131
30.7693469524384	1.483158
30.7849669456482	2.103168
30.8005969524384	2.641911
30.8162269592285	2.968876
30.8318469524384	3.082645
30.8474769592285	3.088261
30.8630969524384	3.121376
30.8787269592285	3.25142
30.8943469524384	3.417133
30.9099769592285	3.484073
30.9256069660187	3.337027
30.9412269592285	2.958664
30.9568569660187	2.474752
30.9724769592285	2.067183
30.9881069660187	1.883675
31.0037269592285	1.940772
31.0193569660187	2.125451
31.0349869728088	2.247076
31.0506069660187	2.145387
31.0662369728088	1.765337
31.0818569660187	1.181555
31.0974869728088	0.5465412
31.1131069660187	0.04606378
31.1287369728088	-0.1561452
31.144366979599	0.04936373
31.1599869728088	0.7131586
31.175616979599	1.813442
31.1912369728088	3.257379
31.206866979599	4.90026
31.2224869728088	6.558424
31.238116979599	8.075726
31.2537469863892	9.324264
31.269366979599	10.24128
31.2849969863892	10.81384
31.300616979599	11.04445
31.3162469863892	10.96319
31.331866979599	10.58751
31.3474969863892	9.930736
31.3631269931793	9.018608
31.3787469863892	7.912264
31.3943769931793	6.698196
31.4099969863892	5.487518
31.4256269931793	4.370031
31.4412469863892	3.375637
31.4568769931793	2.48975
31.4725069999695	1.656504
31.4881269931793	0.8053875
31.5037569999695	-0.0997715
31.5193769931793	-1.040909
31.5350069999695	-1.95871
31.5506370067596	-2.775543
31.5662569999695	-3.483147
31.5818870067596	-4.148003
31.5975069999695	-4.893669
31.6131370067596	-5.847786
31.6287569999695	-7.069942
31.6443870067596	-8.480778
31.6600170135498	-9.92308
31.6756370067596	-11.21425
31.6912670135498	-12.25023
31.7068870067596	-13.03708
31.7225170135498	-13.69132
31.7381370067596	-14.34713
31.7537670135498	-15.09615
31.76939702034	-15.95399
31.7850170135498	-16.84883
31.80064702034	-17.68267
31.8162670135498	-18.31639
31.83189702034	-18.58031
31.8475170135498	-18.25598
31.86314702034	-17.11933
31.8787770271301	-15.01735
31.89439702034	-11.96497
31.9100270271301	-8.217255
31.92564702034	-4.186749
31.9412770271301	-0.3808594
31.95689702034	2.795258
31.9725270271301	5.109085
31.9881570339203	6.537304
32.0037770271301	7.204948
32.0194070339203	7.303219
32.0350270271301	7.02879
32.0506570339203	6.544605
32.0662770271301	5.978645
32.0819070339203	5.418747
32.0975370407104	4.912674
32.1131570339203	4.467049
32.1287870407104	4.042488
32.1444070339203	3.58902
32.1600370407104	3.046432
32.1756570339203	2.392181
32.1912870407104	1.630226
32.2069170475006	0.8356705
32.2225370407104	0.09255981
32.2381670475006	-0.5198212
32.2537870407104	-0.9824219
32.2694170475006	-1.378136
32.2850370407104	-1.885956
32.3006670475006	-2.71154
32.3162970542908	-3.991501
32.3319170475006	-5.724594
32.3475470542908	-7.726013
32.3631670475006	-9.725563
32.3787970542908	-11.47475
32.3944170475006	-12.85667
32.4100470542908	-13.94979
32.4256770610809	-14.94368
32.4412970542908	-16.02711
32.4569270610809	-17.27632
32.4725470542908	-18.64436
32.4881770610809	-19.99929
32.5037970542908	-21.19183
32.5194270610809	-22.08353
32.5350570678711	-22.52822
32.5506770610809	-22.38071
32.5663070678711	-21.48879
32.5819270610809	-19.75515
32.5975570678711	-17.22526
32.6131770610809	-14.12156
32.6288070678711	-10.79879
32.6444370746613	-7.632469
32.6600570678711	-4.907997
32.6756870746613	-2.73642
32.6913070678711	-1.117851
32.7069370746613	-5.340576e-05
32.7225570678711	0.6343842
32.7381870746613	0.7547607
32.7538170814514	0.3596878
32.7694370746613	-0.4735832
32.7850670814514	-1.573273
32.8006870746613	-2.733265
32.8163170814514	-3.772964
32.8319370746613	-4.642647
32.8475670814514	-5.390553
32.8631970882416	-6.118359
32.8788170814514	-6.890755
32.8944470882416	-7.664291
32.9100670814514	-8.324554
32.9256970882416	-8.758728
32.9413170814514	-8.952858
32.9569470882416	-8.991219
32.9725770950317	-9.046391
32.9881970882416	-9.291451
33.0038270950317	-9.823215
33.0194470882416	-10.63106
33.0350770950317	-11.58878
33.0506970882416	-12.49884
33.0663270950317	-13.12207
33.0819571018219	-13.21902
33.0975770950317	-12.60467
33.1132071018219	-11.20517
33.1288270950317	-9.103832
33.1444571018219	-6.5233
33.1600770950317	-3.760418
33.1757071018219	-1.036779
33.1913371086121	1.581413
33.2069571018219	4.230579
33.2225871086121	7.159006
33.2382071018219	10.59622
33.2538371086121	14.58374
33.2694571018219	18.93757
33.2850871086121	23.2692
33.3007171154022	27.11897
33.3163371086121	30.11761
33.3319671154022	32.075
33.3475871086121	33.00682
33.3632171154022	33.11766
33.3788371086121	32.68692
33.3944671154022	31.99453
33.4100971221924	31.24686
33.4257171154022	30.58197
33.4413471221924	30.06078
33.4569671154022	29.71928
33.4725971221924	29.58048
33.4882171154022	29.63023
33.5038471221924	29.81165
33.5194771289825	29.99867
33.5350971221924	30.0133
33.5507271289825	29.66571
33.5663471221924	28.81399
33.5819771289825	27.39698
33.5975971221924	25.45203
33.6132271289825	23.06413
33.6288568973541	20.30401
33.6444771289825	17.17162
33.6601068973541	13.58446
33.6757271289825	9.445069
33.6913568973541	4.737112
33.7069869041443	-0.3963985
33.7226068973541	-5.675765
33.7382369041443	-10.74869
33.7538568973541	-15.34461
33.7694869041443	-19.39985
33.7851068973541	-23.08854
33.8007369041443	-26.71238
33.8163669109344	-30.54797
33.8319869041443	-34.6868
33.8476169109344	-38.97074
33.8632369041443	-42.99791
33.8788669109344	-46.21471
33.8944869041443	-47.99004
33.9101169109344	-47.7704
33.9257469177246	-45.17083
33.9413669109344	-40.1062
33.9569969177246	-32.89061
33.9726169109344	-24.2217
33.9882469177246	-15.08363
34.0038669109344	-6.524685
34.0194969177246	0.5201902
34.0351269245148	5.382445
34.0507469177246	7.707897
34.0663769245148	7.486945
34.0819969177246	5.058818
34.0976269245148	1.056539
34.1132469177246	-3.670383
34.1288769245148	-8.273776
34.1445069313049	-12.09677
34.1601269245148	-14.84774
34.1757569313049	-16.59156
34.1913769245148	-17.59977
34.2070069313049	-18.15619
34.2226269245148	-18.40903
34.2382569313049	-18.37912
34.2538869380951	-18.02926
34.2695069313049	-17.3735
34.2851369380951	-16.495
34.3007569313049	-15.48822
34.3163869380951	-14.34826
34.3320069313049	-12.91631
34.3476369380951	-10.95085
34.3632669448853	-8.211629
34.3788869380951	-4.550401
34.3945169448853	0.06153059
34.4101369380951	5.532782
34.4257669448853	11.66638
34.4413869380951	18.14954
34.4570169448853	24.58261
34.4726469516754	30.52233
34.4882669448853	35.54326
34.5038969516754	39.36897
34.5195169448853	41.93806
34.5351469516754	43.40622
34.5507669448853	44.06236
34.5663969516754	44.20595
34.5820269584656	44.04242
34.5976469516754	43.6516
34.6132769584656	43.06263
34.6288969516754	42.2793
34.6445269584656	41.36036
34.6601469516754	40.38733
34.6757769584656	39.41833
34.6914069652557	38.47939
34.7070269584656	37.5743
34.7226569652557	36.71736
34.7382769584656	35.89011
34.7539069652557	34.96581
34.7695269584656	33.61467
34.7851569652557	31.36538
34.8007869720459	27.74934
34.8164069652557	22.54843
34.8320369720459	15.97326
34.8476569652557	8.676955
34.8632869720459	1.511885
34.8789069652557	-4.82023
34.8945369720459	-10.06361
34.9101669788361	-14.47966
34.9257869720459	-18.64185
34.9414169788361	-23.08706
34.9570369720459	-27.99592
34.9726669788361	-33.09572
34.9882869720459	-37.80991
35.0039169788361	-41.54456
35.0195469856262	-43.96863
35.0351669788361	-45.09221
35.0507969856262	-45.22712
35.0664169788361	-44.78707
35.0820469856262	-44.07524
35.0976669788361	-43.23568
35.1132969856262	-42.29161
35.1289269924164	-41.27777
35.1445469856262	-40.31011
35.1601769924164	-39.54408
35.1757969856262	-39.04825
35.1914269924164	-38.68745
35.2070469856262	-38.10967
35.2226769924164	-36.84657
35.2383069992065	-34.5483
35.2539269924164	-31.10235
35.2695569992065	-26.72578
35.2851769924164	-21.84333
35.3008069992065	-16.90658
35.3164269924164	-12.22787
35.3320569992065	-7.909161
35.3476870059967	-3.866041
35.3633069992065	0.03236771
35.3789370059967	3.854022
35.3945569992065	7.523898
35.4101870059967	10.83785
35.4258069992065	13.53451
35.4414370059967	15.39405
35.4570670127869	16.30894
35.4726870059967	16.3261
35.4883170127869	15.62659
35.5039370059967	14.4642
35.5195670127869	13.11153
35.5351870059967	11.79045
35.5508170127869	10.6392
35.566447019577	9.680927
35.5820670127869	8.832096
35.597697019577	7.935209
35.6133170127869	6.818388
35.628947019577	5.368656
35.6445670127869	3.573668
35.660197019577	1.535397
35.6758270263672	-0.5776672
35.691447019577	-2.599094
35.7070770263672	-4.438774
35.722697019577	-6.09848
35.7383270263672	-7.663136
35.753947019577	-9.238655
35.7695770263672	-10.89252
35.7852070331573	-12.571
35.8008270263672	-14.08027
35.8164570331573	-15.12182
35.8320770263672	-15.37764
35.8477070331573	-14.63561
35.8633270263672	-12.88131
35.8789570331573	-10.30943
35.8945870399475	-7.254566
35.9102070331573	-4.074947
35.9258370399475	-1.056721
35.9414570331573	1.62421
35.9570870399475	3.870041
35.9727170467377	5.606773
35.9883370399475	6.77346
36.0039670467377	7.340591
36.0195870399475	7.368874
36.0352170467377	7.036453
36.0508370399475	6.596657
36.0664670467377	6.298729
36.0820970535278	6.291473
36.0977170467377	6.548828
36.1133470535278	6.905823
36.1289670467377	7.160736
36.1445970535278	7.170845
36.1602170467377	6.928467
36.1758470535278	6.559196
36.191477060318	6.202919
36.2070970535278	5.934807
36.222727060318	5.70961
36.2383470535278	5.40004
36.253977060318	4.905449
36.2695970535278	4.243385
36.285227060318	3.579979
36.3008570671082	3.129715
36.316477060318	3.039063
36.3321070671082	3.262642
36.347727060318	3.571381
36.3633570671082	3.643105
36.378977060318	3.198479
36.3946070671082	2.148209
36.4102370738983	0.6069717
36.4258570671082	-1.110214
36.4414870738983	-2.60067
36.4571070671082	-3.480629
36.4727370738983	-3.478325
36.4883570671082	-2.487167
36.5039870738983	-0.5728607
36.5196170806885	2.026848
36.5352370738983	4.985977
36.5508670806885	7.907539
36.5664870738983	10.38599
36.5821170806885	12.07602
36.5977370738983	12.73621
36.6133670806885	12.30492
36.6289970874786	10.92218
36.6446170806885	8.913391
36.6602470874786	6.671143
36.6758670806885	4.563843
36.6914970874786	2.821915
36.7071170806885	1.536835
36.7227470874786	0.6952057
36.7383770942688	0.2527771
36.7539970874786	0.1695404
36.7696270942688	0.405426
36.7852470874786	0.890625
36.8008770942688	1.514801
36.8164970874786	2.160934
36.8321270942688	2.745529
36.847757101059	3.257965
36.8633770942688	3.737976
36.879007101059	4.214706
36.8946270942688	4.682953
36.910257101059	5.069977
36.9258770942688	5.29071
36.941507101059	5.296677
36.9571371078491	5.092911
36.972757101059	4.737152
36.9883871078491	4.277039
37.004007101059	3.720978
37.0196371078491	3.000763
37.035257101059	2.05043
37.0508871078491	0.8573608
37.0665171146393	-0.4597321
37.0821371078491	-1.637512
37.0977671146393	-2.353806
37.1133871078491	-2.346924
37.1290171146393	-1.551941
37.1446371078491	-0.102005
37.1602671146393	1.706314
37.1758971214294	3.563675
37.1915171146393	5.24588
37.2071471214294	6.650452
37.2227671146393	7.758667
37.2383971214294	8.55574
37.2540171146393	8.998062
37.2696471214294	9.024063
37.2852771282196	8.63208
37.3008971214294	7.898331
37.3165271282196	6.988388
37.3321471214294	6.097443
37.3477771282196	5.383591
37.3633971214294	4.923279
37.3790271282196	4.681473
37.3946568965912	4.571152
37.4102771282196	4.477509
37.4259068965912	4.331451
37.4415271282196	4.115234
37.4571568965912	3.872284
37.4727771282196	3.655655
37.4884068965912	3.487823
37.5040369033813	3.328232
37.5196568965912	3.06218
37.5352869033813	2.590698
37.5509068965912	1.873367
37.5665369033813	0.9933624
37.5821568965912	0.114151
37.5977869033813	-0.5917358
37.6134169101715	-1.04155
37.6290369033813	-1.294891
37.6446669101715	-1.508713
37.6602869033813	-1.852173
37.6759169101715	-2.378174
37.6915369033813	-3.011108
37.7071669101715	-3.576096
37.7227969169617	-3.898331
37.7384169101715	-3.872162
37.7540469169617	-3.492996
37.7696669101715	-2.825684
37.7852969169617	-1.952362
37.8009169101715	-0.9332123
37.8165469169617	0.1960144
37.8321769237518	1.393188
37.8477969169617	2.583588
37.8634269237518	3.652649
37.8790469169617	4.469559
37.8946769237518	4.938843
37.9102969169617	5.025146
37.9259269237518	4.802444
37.941556930542	4.405075
37.9571769237518	3.987122
37.972806930542	3.660919
37.9884269237518	3.470764
38.004056930542	3.397308
38.0196769237518	3.389328
38.035306930542	3.412369
38.0509369373322	3.44339
38.066556930542	3.489685
38.0821869373322	3.543198
38.097806930542	3.555634
38.1134369373322	3.46875
38.129056930542	3.232193
38.1446869373322	2.846954
38.1603169441223	2.354233
38.1759369373322	1.831741
38.1915669441223	1.319763
38.2071869373322	0.8098755
38.2228169441223	0.2514954
38.2384369373322	-0.4060364
38.2540669441223	-1.143646
38.2696969509125	-1.885025
38.2853169441223	-2.524033
38.3009469509125	-2.967178
38.3165669441223	-3.175018
38.3321969509125	-3.192734
38.3478169441223	-3.114532
38.3634469509125	-3.048538
38.3790769577026	-3.092773
38.3946969509125	-3.264114
38.4103269577026	-3.50824
38.4259469509125	-3.692719
38.4415769577026	-3.670547
38.4571969509125	-3.299713
38.4728269577026	-2.532227
38.4884569644928	-1.399323
38.5040769577026	-0.02841187
38.5197069644928	1.40448
38.5353269577026	2.728989
38.5509569644928	3.814606
38.566586971283	4.612152
38.5822069644928	5.123108
38.597836971283	5.393906
38.6134569644928	5.462448
38.629086971283	5.353195
38.6447069644928	5.081696
38.660336971283	4.649063
38.6759669780731	4.084579
38.691586971283	3.443817
38.7072169780731	2.810104
38.722836971283	2.274918
38.7384669780731	1.895493
38.754086971283	1.674484
38.7697169780731	1.552185
38.7853469848633	1.440598
38.8009669780731	1.262222
38.8165969848633	1.001724
38.8322169780731	0.70784
38.8478469848633	0.4758148
38.8634669780731	0.4068909
38.8790969848633	0.538208
38.8947269916534	0.8114014
38.9103469848633	1.080627
38.9259769916534	1.168823
38.9415969848633	0.9334259
38.9572269916534	0.369751
38.9728469848633	-0.4057617
38.9884769916534	-1.180969
39.0041069984436	-1.761002
39.0197269916534	-2.050964
39.0353569984436	-2.104294
39.0509769916534	-2.064026
39.0666069984436	-2.094116
39.0822269916534	-2.289154
39.0978569984436	-2.633316
39.1134870052338	-3.032959
39.1291069984436	-3.372299
39.1447370052338	-3.549789
39.1603569984436	-3.493988
39.1759870052338	-3.152771
39.1916069984436	-2.485062
39.2072370052338	-1.491302
39.2228670120239	-0.2467499
39.2384870052338	1.09584
39.2541170120239	2.33548
39.2697370052338	3.291733
39.2853670120239	3.879745
39.3009870052338	4.132843
39.3166170120239	4.161972
39.3322470188141	4.07695
39.3478670120239	3.906448
39.3634970188141	3.60199
39.3791170120239	3.096634
39.3947470188141	2.400879
39.4103670120239	1.627457
39.4259970188141	0.9720764
39.4416270256042	0.6119537
39.4572470188141	0.6085968
39.4728770256042	0.88414
39.4884970188141	1.234528
39.5041270256042	1.457825
39.5197470188141	1.434418
39.5353770256042	1.171967
39.5510070323944	0.7866974
39.5666270256042	0.4264221
39.5822570323944	0.2034912
39.5978770256042	0.1378632
39.6135070323944	0.1907349
39.6291270256042	0.2880859
39.6447570323944	0.3581848
39.6603870391846	0.3567963
39.6760070323944	0.2771759
39.6916370391846	0.1412201
39.7072570323944	-0.00227356
39.7228870391846	-0.1030426
39.7385070323944	-0.1417999
39.7541370391846	-0.1529846
39.7697670459747	-0.2140656
39.7853870391846	-0.4291077
39.8010170459747	-0.8674927
39.8166370391846	-1.500732
39.8322670459747	-2.203796
39.8478870391846	-2.798981
39.8635170459747	-3.117249
39.8791470527649	-3.096573
39.8947670459747	-2.773148
39.9103970527649	-2.239975
39.9260170459747	-1.572891
39.9416470527649	-0.7981415
39.9572670459747	0.08230591
39.9728970527649	1.047653
39.9885270595551	1.985229
40.0041470527649	2.745148
40.0197770595551	3.182999
40.0353970527649	3.26796
40.0510270595551	3.082748
40.0666470527649	2.788376
40.0822770595551	2.533295
40.0979070663452	2.356033
40.1135270595551	2.194824
40.1291570663452	1.939301
40.1447770595551	1.542618
40.1604070663452	1.051712
40.1760270595551	0.6044464
40.1916570663452	0.3441162
40.2072870731354	0.3148041
40.2229070663452	0.4427032
40.2385370731354	0.5790558
40.2541570663452	0.5859833
40.2697870731354	0.4179077
40.2854070663452	0.1248779
40.3010370731354	-0.1710663
40.3166670799255	-0.3351898
40.3322870731354	-0.2776337
40.3479170799255	-0.005157471
40.3635370731354	0.3901367
40.3791670799255	0.7469635
40.3947870731354	0.9001617
40.4104170799255	0.7589264
40.4260470867157	0.3360748
40.4416670799255	-0.2518616
40.4572970867157	-0.8376007
40.4729170799255	-1.266983
40.4885470867157	-1.479065
40.5041670799255	-1.509048
40.5197970867157	-1.463318
40.5354270935059	-1.434387
40.5510470867157	-1.475815
40.5666770935059	-1.61116
40.5822970867157	-1.837326
40.5979270935059	-2.163742
40.6135470867157	-2.587799
40.6291770935059	-3.050659
40.644807100296	-3.42601
40.6604270935059	-3.554459
40.676057100296	-3.294312
40.6916770935059	-2.591431
40.707307100296	-1.522766
40.7229270935059	-0.2417297
40.738557100296	1.035851
40.7541871070862	2.126823
40.769807100296	2.901955
40.7854371070862	3.311203
40.801057100296	3.364571
40.8166871070862	3.116829
40.8323171138763	2.648506
40.8479371070862	2.043961
40.8635671138763	1.419044
40.8791871070862	0.8874207
40.8948171138763	0.55336
40.9104371070862	0.4714661
40.9260671138763	0.6053314
40.9416971206665	0.8143234
40.9573171138763	0.9265442
40.9729471206665	0.8059845
40.9885671138763	0.4247818
41.0041971206665	-0.1035538
41.0198171138763	-0.6273041
41.0354471206665	-1.005341
41.0510771274567	-1.182159
41.0666971206665	-1.196274
41.0823271274567	-1.12291
41.0979471206665	-1.043732
41.1135771274567	-1.007637
41.1291971206665	-1.023743
41.1448271274567	-1.07737
41.1604568958282	-1.174072
41.1760771274567	-1.301735
41.1917068958282	-1.451759
41.2073271274567	-1.614044
41.2229568958282	-1.770271
41.2385771274567	-1.937668
41.2542068958282	-2.135071
41.2698369026184	-2.383461
41.2854568958282	-2.651657
41.3010869026184	-2.884918
41.3167068958282	-3.004074
41.3323369026184	-2.972908
41.3479568958282	-2.819817
41.3635869026184	-2.613716
41.3792169094086	-2.448517
41.3948369026184	-2.372963
41.4104669094086	-2.374924
41.4260869026184	-2.366791
41.4417169094086	-2.253342
41.4573369026184	-1.942154
41.4729669094086	-1.420822
41.4885969161987	-0.7458878
41.5042169094086	-0.005493164
41.5198469161987	0.7001648
41.5354669094086	1.300812
41.5510969161987	1.748184
41.5667169094086	2.01857
41.5823469161987	2.098198
41.5979769229889	1.99791
41.6135969161987	1.741234
41.6292269229889	1.386536
41.6448469161987	1.03904
41.6604769229889	0.8009872
41.6760969161987	0.7732544
41.6917269229889	0.9896851
41.7073569297791	1.406151
41.7229769229889	1.907265
41.7386069297791	2.361153
41.7542269229889	2.660446
41.7698569297791	2.750626
41.7854769229889	2.668823
41.8011069297791	2.476753
41.8167369365692	2.241112
41.8323569297791	1.998055
41.8479869365692	1.749382
41.8636069297791	1.486748
41.8792369365692	1.223381
41.8948569297791	0.9884262
41.9104869365692	0.7907639
41.9261169433594	0.6224823
41.9417369365692	0.4380264
41.9573669433594	0.190712
41.9729869365692	-0.1326675
41.9886169433594	-0.5120239
42.0042369365692	-0.9190292
42.0198669433594	-1.326744
42.0354969501495	-1.737923
42.0511169433594	-2.168365
42.0667469501495	-2.616493
42.0823669433594	-3.058838
42.0979969501495	-3.429039
42.1136169433594	-3.644806
42.1292469501495	-3.647675
42.1448769569397	-3.447823
42.1604969501495	-3.122162
42.1761269569397	-2.799561
42.1917469501495	-2.586334
42.2073769569397	-2.538078
42.2229969501495	-2.618752
42.2386269569397	-2.738731
42.2542569637299	-2.779602
42.2698769569397	-2.647942
42.2855069637299	-2.275032
42.3011269569397	-1.65052
42.3167569637299	-0.8132019
42.3323769569397	0.1595459
42.3480069637299	1.141922
42.36363697052	1.990692
42.3792569637299	2.578819
42.39488697052	2.844635
42.4105069637299	2.806328
42.42613697052	2.549362
42.4417569637299	2.177322
42.45738697052	1.768753
42.4730169773102	1.374756
42.48863697052	1.020561
42.5042669773102	0.7351913
42.51988697052	0.5455856
42.5355169773102	0.4684448
42.55113697052	0.4732513
42.5667669773102	0.5149155
42.5823969841003	0.545784
42.5980169773102	0.5556564
42.6136469841003	0.5627594
42.6292669773102	0.5825958
42.6448969841003	0.5908356
42.6605169773102	0.5386505
42.6761469841003	0.3909073
42.6917769908905	0.1677628
42.7073969841003	-0.05165863
42.7230269908905	-0.1782303
42.7386469841003	-0.1827469
42.7542769908905	-0.1255264
42.7698969841003	-0.1022949
42.7855269908905	-0.1603165
42.8011569976807	-0.2804642
42.8167769908905	-0.3745193
42.8324069976807	-0.3724136
42.8480269908905	-0.2985001
42.8636569976807	-0.2609406
42.8792769908905	-0.3863068
42.8949069976807	-0.7304382
42.9105370044708	-1.226982
42.9261569976807	-1.720406
42.9417870044708	-2.076836
42.9574069976807	-2.255943
42.9730370044708	-2.331375
42.9886569976807	-2.435181
43.0042870044708	-2.65345
43.019917011261	-2.958992
43.0355370044708	-3.212929
43.051167011261	-3.246704
43.0667870044708	-2.939003
43.082417011261	-2.297417
43.0980470180511	-1.446655
43.113667011261	-0.575737
43.1292970180511	0.1449966
43.144917011261	0.6276627
43.1605470180511	0.8767014
43.176167011261	0.9760284
43.1917970180511	0.992836
43.2074270248413	0.970993
43.2230470180511	0.9027023
43.2386770248413	0.7718811
43.2542970180511	0.5854416
43.2699270248413	0.3909302
43.2855470180511	0.2616348
43.3011770248413	0.2421722
43.3168070316315	0.3441238
43.3324270248413	0.5178833
43.3480570316315	0.7062454
43.3636770248413	0.8573761
43.3793070316315	0.9569473
43.3949270248413	1.001526
43.4105570316315	0.9945374
43.4261870384216	0.9325867
43.4418070316315	0.8185577
43.4574370384216	0.6896362
43.4730570316315	0.5869675
43.4886870384216	0.5586853
43.5043070316315	0.606575
43.5199370384216	0.6970596
43.5355670452118	0.7600784
43.5511870384216	0.7152405
43.5668170452118	0.509201
43.5824370384216	0.1294785
43.5980670452118	-0.3848495
43.6136870384216	-0.9630356
43.6293170452118	-1.49781
43.644947052002	-1.883202
43.6605670452118	-2.043808
43.676197052002	-1.964294
43.6918170452118	-1.731728
43.707447052002	-1.485924
43.7230670452118	-1.37674
43.738697052002	-1.485191
43.7543270587921	-1.791016
43.769947052002	-2.171906
43.7855770587921	-2.491989
43.801197052002	-2.66766
43.8168270587921	-2.701435
43.832447052002	-2.659595
43.8480770587921	-2.594627
43.8637070655823	-2.494968
43.8793270587921	-2.276249
43.8949570655823	-1.848885
43.9105770587921	-1.169975
43.9262070655823	-0.304203
43.9418270587921	0.6027298
43.9574570655823	1.399097
43.9730870723724	1.986835
43.9887070655823	2.369324
44.0043370723724	2.609451
44.0199570655823	2.793518
44.0355870723724	2.953445
44.0512070655823	3.077732
44.0668370723724	3.116642
44.0824670791626	3.029057
44.0980870723724	2.820702
44.1137170791626	2.540741
44.1293370723724	2.26479
44.1449670791626	2.050175
44.1605870723724	1.922131
44.1762170791626	1.861305
44.1918470859528	1.818211
44.2074670791626	1.7337
44.2230970859528	1.572552
44.2387170791626	1.322918
44.2543470859528	1.003082
44.2699670791626	0.6599541
44.2855970859528	0.3390236
44.3012270927429	0.0762291
44.3168470859528	-0.1090775
44.3324770927429	-0.2312927
44.3480970859528	-0.3203201
44.3637270927429	-0.3917122
44.3793470859528	-0.4586754
44.3949770927429	-0.5311203
44.4106070995331	-0.6130562
44.4262270927429	-0.7252045
44.4418570995331	-0.8916855
44.4574770927429	-1.114815
44.4731070995331	-1.376507
44.4887270927429	-1.630108
44.5043570995331	-1.824165
44.5199871063232	-1.925934
44.5356070995331	-1.953362
44.5512371063232	-1.950928
44.5668570995331	-1.966618
44.5824871063232	-2.015083
44.5981070995331	-2.066376
44.6137371063232	-2.060719
44.6293671131134	-1.968388
44.6449871063232	-1.814213
44.6606171131134	-1.684753
44.6762371063232	-1.664944
44.6918671131134	-1.810997
44.7074871063232	-2.127754
44.7231171131134	-2.562561
44.7387471199036	-3.066978
44.7543671131134	-3.577728
44.7699971199036	-4.023045
44.7856171131134	-4.30555
44.8012471199036	-4.303799
44.8168671131134	-3.890659
44.8324971199036	-3.011578
44.8481271266937	-1.728218
44.8637471199036	-0.2231674
44.8793771266937	1.233307
44.8949971199036	2.37344
44.9106271266937	3.022713
44.9262471199036	3.156212
44.9418771266937	2.897354
44.9575068950653	2.438244
44.9731271266937	1.971584
44.9887568950653	1.606159
45.0043771266937	1.35265
45.0200068950653	1.160858
45.0356271266937	0.9727135
45.0512568950653	0.7779388
45.0668869018555	0.6085892
45.0825068950653	0.5274773
45.0981369018555	0.5556564
45.1137568950653	0.6657257
45.1293869018555	0.7793121
45.1450068950653	0.8368187
45.1606369018555	0.7945786
45.1762669086456	0.6802597
45.1918869018555	0.5457382
45.2075169086456	0.4397469
45.2231369018555	0.3934784
45.2387669086456	0.4059143
45.2543869018555	0.4685097
45.2700169086456	0.5626259
45.2856469154358	0.6726418
45.3012669086456	0.767868
45.3168969154358	0.8239708
45.3325169086456	0.809536
45.3481469154358	0.6995506
45.3637669086456	0.4837875
45.3793969154358	0.1581383
45.395026922226	-0.2376213
45.4106469154358	-0.6333046
45.426276922226	-0.9264412
45.4418969154358	-1.023159
45.457526922226	-0.9011955
45.4731469154358	-0.6213112
45.488776922226	-0.3266563
45.5044069290161	-0.1657867
45.520026922226	-0.2272835
45.5356569290161	-0.4960365
45.551276922226	-0.8768425
45.5669069290161	-1.240967
45.582526922226	-1.499725
45.5981569290161	-1.638073
45.6137869358063	-1.689682
45.6294069290161	-1.729599
45.6450369358063	-1.807121
45.6606569290161	-1.947712
45.6762869358063	-2.137985
45.6919169425964	-2.350628
45.7075369358063	-2.535152
45.7231669425964	-2.634304
45.7387869358063	-2.576813
45.7544169425964	-2.295135
45.7700369358063	-1.752186
45.7856669425964	-0.9571609
45.8012969493866	0.006767273
45.8169169425964	0.9946289
45.8325469493866	1.846706
45.8481669425964	2.442806
45.8637969493866	2.751274
45.8794169425964	2.824741
45.8950469493866	2.763783
45.9106769561768	2.636776
45.9262969493866	2.456306
45.9419269561768	2.178925
45.9575469493866	1.762924
45.9731769561768	1.21719
45.9887969493866	0.626873
46.0044269561768	0.1181831
46.0200569629669	-0.1985588
46.0356769561768	-0.2570229
46.0513069629669	-0.06810379
46.0669269561768	0.3101501
46.0825569629669	0.776722
46.0981769561768	1.223564
46.1138069629669	1.535637
46.1294369697571	1.633972
46.1450569629669	1.493893
46.1606869697571	1.146088
46.1763069629669	0.6831779
46.1919369697571	0.1965942
46.2075569629669	-0.2440529
46.2231869697571	-0.632
46.2388169765472	-0.9798126
46.2544369697571	-1.301781
46.2700669765472	-1.562462
46.2856869697571	-1.694664
46.3013169765472	-1.658617
46.3169369697571	-1.471529
46.3325669765472	-1.229889
46.3481969833374	-1.072168
46.3638169765472	-1.110909
46.3794469833374	-1.369345
46.3950669765472	-1.777716
46.4106969833374	-2.20261
46.4263169765472	-2.514927
46.4419469833374	-2.662914
46.4575769901276	-2.664848
46.4731969833374	-2.612555
46.4888269901276	-2.590614
46.5044469833374	-2.635057
46.5200769901276	-2.730633
46.5356969833374	-2.819212
46.5513269901276	-2.843391
46.5669569969177	-2.789961
46.5825769901276	-2.691763
46.5982069969177	-2.591131
46.6138269901276	-2.524233
46.6294569969177	-2.501482
46.6450769901276	-2.475334
46.6607069969177	-2.395464
46.6763370037079	-2.211525
46.6919569969177	-1.905142
46.7075870037079	-1.493206
46.7232069969177	-1.009892
46.7388370037079	-0.4871464
46.7544569969177	0.06426811
46.7700870037079	0.6268616
46.785717010498	1.198639
46.8013370037079	1.739098
46.816967010498	2.180952
46.8325870037079	2.453825
46.848217010498	2.512459
46.8638370037079	2.355902
46.879467010498	2.055328
46.8950970172882	1.712408
46.910717010498	1.424831
46.9263470172882	1.250359
46.941967010498	1.180958
46.9575970172882	1.182283
46.973217010498	1.20837
46.9888470172882	1.246008
47.0044770240784	1.288391
47.0200970172882	1.345951
47.0357270240784	1.406506
47.0513470172882	1.441895
47.0669770240784	1.412319
47.0825970172882	1.310869
47.0982270240784	1.171787
47.1138570308685	1.072042
47.1294770240784	1.07881
47.1451070308685	1.193903
47.1607270240784	1.327175
47.1763570308685	1.3512
47.1919770240784	1.152416
47.2076070308685	0.7274055
47.2232370376587	0.1908779
47.2388570308685	-0.2686577
47.2544870376587	-0.4932137
47.2701070308685	-0.4524899
47.2857370376587	-0.248621
47.3013570308685	-0.04705048
47.3169870376587	0.03053856
47.3326170444489	-0.02705956
47.3482370376587	-0.1311378
47.3638670444489	-0.1591759
47.3794870376587	-0.05283928
47.3951170444489	0.1492271
47.4107370376587	0.3340645
47.4263670444489	0.3911037
47.441997051239	0.2826271
47.4576170444489	0.06846428
47.473247051239	-0.1507587
47.4888670444489	-0.263588
47.504497051239	-0.2436562
47.5201170444489	-0.1428432
47.535747051239	-0.06852722
47.5513770580292	-0.1037617
47.566997051239	-0.2810535
47.5826270580292	-0.5473557
47.598247051239	-0.8050632
47.6138770580292	-0.966135
47.629497051239	-0.9722233
47.6451270580292	-0.8155861
47.6607570648193	-0.5430546
47.6763770580292	-0.2125759
47.6920070648193	0.1231327
47.7076270580292	0.448143
47.7232570648193	0.7457619
47.7388770580292	1.037741
47.7545070648193	1.325333
47.7701370716095	1.606302
47.7857570648193	1.851458
47.8013870716095	2.001978
47.8170070648193	2.011293
47.8326370716095	1.856825
47.8482670783997	1.571404
47.8638870716095	1.225407
47.8795170783997	0.9127712
47.8951370716095	0.7000294
47.9107670783997	0.6126328
47.9263870716095	0.6440659
47.9420170783997	0.7468529
47.9576470851898	0.884613
47.9732670783997	1.010677
47.9888970851898	1.089514
48.0045170783997	1.093576
48.0201470851898	1.017233
48.0357670783997	0.8758907
48.0513970851898	0.698
48.06702709198	0.531662
48.0826470851898	0.40835
48.09827709198	0.3461094
48.1138970851898	0.3338032
48.12952709198	0.3486576
48.1451470851898	0.3459053
48.16077709198	0.2832603
48.1764070987701	0.1337433
48.19202709198	-0.1050434
48.2076570987701	-0.3914337
48.22327709198	-0.6737156
48.2389070987701	-0.8943386
48.25452709198	-1.0406
48.2701570987701	-1.125164
48.2857871055603	-1.187016
48.3014070987701	-1.253681
48.3170371055603	-1.327591
48.3326570987701	-1.40217
48.3482871055603	-1.465885
48.3639070987701	-1.535286
48.3795371055603	-1.628822
48.3951671123505	-1.772095
48.4107871055603	-1.961599
48.4264171123505	-2.170147
48.4420371055603	-2.367092
48.4576671123505	-2.514462
48.4732871055603	-2.585699
48.4889171123505	-2.572546
48.5045471191406	-2.464573
48.5201671123505	-2.242203
48.5357971191406	-1.892138
48.5514171123505	-1.403391
48.5670471191406	-0.785881
48.5826671123505	-0.08080292
48.5982971191406	0.6437473
48.6139271259308	1.304838
48.6295471191406	1.817663
48.6451771259308	2.132561
48.6607971191406	2.247211
48.6764271259308	2.203463
48.6920471191406	2.076544
48.7076771259308	1.926653
48.7233068943024	1.765094
48.7389271259308	1.575994
48.7545568943024	1.335297
48.7701771259308	1.036912
48.7858068943024	0.7202902
48.8014271259308	0.4526644
48.8170568943024	0.2856007
48.8326869010925	0.2326612
48.8483068943024	0.2616205
48.8639369010925	0.3129816
48.8795568943024	0.3401546
48.8951869010925	0.3168612
48.9108068943024	0.2566175
48.9264369010925	0.203229
48.9420669078827	0.1893425
48.9576869010925	0.2348452
48.9733169078827	0.3490534
48.9889369010925	0.5267582
49.0045669078827	0.7285366
49.0201869010925	0.8891983
49.0358169078827	0.9072332
49.0514469146729	0.7148991
49.0670669078827	0.3247833
49.0826969146729	-0.1668434
49.0983169078827	-0.6032419
49.1139469146729	-0.8549728
49.1295669078827	-0.8879604
49.1451969146729	-0.776619
49.160826921463	-0.6584759
49.1764469146729	-0.6704512
49.192076921463	-0.8531761
49.2076969146729	-1.145577
49.223326921463	-1.44867
49.2389469146729	-1.681265
49.254576921463	-1.823003
49.2702069282532	-1.913511
49.285826921463	-1.994597
49.3014569282532	-2.076505
49.317076921463	-2.123876
49.3327069282532	-2.10592
49.348326921463	-2.018616
49.3639569282532	-1.921751
49.3795869350433	-1.88877
49.3952069282532	-1.962804
49.4108369350433	-2.123199
49.4264569282532	-2.265596
49.4420869350433	-2.266212
49.4577069282532	-2.024255
49.4733369350433	-1.507137
49.4889669418335	-0.7503204
49.5045869350433	0.1632023
49.5202169418335	1.143908
49.5358369350433	2.10554
49.5514669418335	2.952333
49.5670869350433	3.597427
49.5827169418335	3.960345
49.5983469486237	4.022272
49.6139669418335	3.842493
49.6295969486237	3.547714
49.6452169418335	3.265269
49.6608469486237	3.08233
49.6764669418335	2.996301
49.6920969486237	2.951988
49.7077269554138	2.903396
49.7233469486237	2.849577
49.7389769554138	2.827792
49.7545969486237	2.865099
49.7702269554138	2.923855
49.7858469486237	2.906327
49.8014769554138	2.707378
49.817106962204	2.28883
49.8327269554138	1.70996
49.848356962204	1.121561
49.8639769554138	0.6817355
49.879606962204	0.4828036
49.8952269554138	0.4837806
49.910856962204	0.5410371
49.9264869689941	0.4937234
49.942106962204	0.2477002
49.9577369689941	-0.1672287
49.973356962204	-0.6434245
49.9889869689941	-1.049751
50.004606962204	-1.322765
50.0202369689941	-1.485492
50.0358669757843	-1.610505
50.0514869689941	-1.763309
50.0671169757843	-1.934073
50.0827369689941	-2.054236
50.0983669757843	-2.046471
50.1139869689941	-1.887001
50.1296169757843	-1.625942
50.1452469825745	-1.372445
50.1608669757843	-1.215763
50.1764969825745	-1.168389
50.1921169757843	-1.184052
50.2077469825745	-1.196121
50.2233669757843	-1.170287
50.2389969825745	-1.141885
50.2546269893646	-1.19373
50.2702469825745	-1.388829
50.2858769893646	-1.730587
50.3014969825745	-2.145565
50.3171269893646	-2.521232
50.3327469825745	-2.779941
50.3483769893646	-2.905973
50.3640069961548	-2.961468
50.3796269893646	-3.031432
50.3952569961548	-3.187421
50.4108769893646	-3.415224
50.4265069961548	-3.641591
50.4421269893646	-3.775832
50.4577569961548	-3.747937
50.4733870029449	-3.559727
50.4890069961548	-3.253095
50.5046370029449	-2.875005
50.5202569961548	-2.447055
50.5358870029449	-1.952595
50.5515170097351	-1.378781
50.5671370029449	-0.7501888
50.5827670097351	-0.1513381
50.5983870029449	0.3177729
50.6140170097351	0.5783401
50.6296370029449	0.6533337
50.6452670097351	0.6384301
50.6608970165253	0.6618614
50.6765170097351	0.8124108
50.6921470165253	1.072859
50.7077670097351	1.346914
50.7233970165253	1.523041
50.7390170097351	1.546877
50.7546470165253	1.426536
50.7702770233154	1.223743
50.7858970165253	0.9913116
50.8015270233154	0.7396979
50.8171470165253	0.4666104
50.8327770233154	0.1752167
50.8483970165253	-0.08322811
50.8640270233154	-0.2380424
50.8796570301056	-0.214838
50.8952770233154	-0.01450825
50.9109070301056	0.322732
50.9265270233154	0.7032619
50.9421570301056	1.048906
50.9577770233154	1.300777
50.9734070301056	1.429142
50.9890370368958	1.410106
51.0046570301056	1.237763
51.0202870368958	0.9350801
51.0359070301056	0.5609508
51.0515370368958	0.2246757
51.0671570301056	0.02238941
51.0827870368958	0.001097679
51.0984170436859	0.1241612
51.1140370368958	0.2781591
51.1296670436859	0.3388739
51.1452870368958	0.2286677
51.1609170436859	-0.0252037
51.1765370368958	-0.3244696
51.1921670436859	-0.5556779
51.2077970504761	-0.6621251
51.2234170436859	-0.6606169
51.2390470504761	-0.6328292
51.2546670436859	-0.6675744
51.2702970504761	-0.7864585
51.2859170436859	-0.9429979
51.3015470504761	-1.050202
51.3171770572662	-1.044117
51.3327970504761	-0.9363866
51.3484270572662	-0.8001552
51.3640470504761	-0.746243
51.3796770572662	-0.8484588
51.3952970504761	-1.132432
51.4109270572662	-1.54395
51.4265570640564	-1.996896
51.4421770572662	-2.414392
51.4578070640564	-2.727739
51.4734270572662	-2.891451
51.4890570640564	-2.874163
51.5046770572662	-2.655741
51.5203070640564	-2.215363
51.5359370708466	-1.557464
51.5515570640564	-0.7133331
51.5671870708466	0.2333088
51.5828070640564	1.154215
51.5984370708466	1.92327
51.6140570640564	2.446383
51.6296870708466	2.706763
51.6453170776367	2.753994
51.6609370708466	2.679411
51.6765670776367	2.552244
51.6921870708466	2.389616
51.7078170776367	2.152974
51.7234370708466	1.793027
51.7390670776367	1.324946
51.7546970844269	0.8131752
51.7703170776367	0.3828435
51.7859470844269	0.1363792
51.8015670776367	0.1135201
51.8171970844269	0.26296
51.8328170776367	0.4749203
51.8484470844269	0.6417837
51.864077091217	0.7060804
51.8796970844269	0.6972656
51.895327091217	0.6642013
51.9109470844269	0.6592693
51.926577091217	0.6783581
51.9421970844269	0.6781578
51.957827091217	0.6154809
51.9734570980072	0.4820514
51.989077091217	0.3243871
52.0047070980072	0.2188711
52.020327091217	0.2187452
52.0359570980072	0.317874
52.051577091217	0.4535584
52.0672070980072	0.5326257
52.0828371047974	0.4911952
52.0984570980072	0.3282423
52.1140871047974	0.08564425
52.1297070980072	-0.1655192
52.1453371047974	-0.3640571
52.1609570980072	-0.4765029
52.1765871047974	-0.499001
52.1922171115875	-0.4334826
52.2078371047974	-0.3040237
52.2234671115875	-0.1562548
52.2390871047974	-0.04359436
52.2547171115875	-0.0334444
52.2703371047974	-0.1629186
52.2859671115875	-0.4271269
52.3015971183777	-0.7868729
52.3172171115875	-1.185419
52.3328471183777	-1.566195
52.3484671115875	-1.902013
52.3640971183777	-2.186614
52.3797171115875	-2.406568
52.3953471183777	-2.550344
52.4109771251678	-2.573164
52.4265971183777	-2.469752
52.4422271251678	-2.266088
52.4578471183777	-2.046957
52.4734771251678	-1.913284
52.4890971183777	-1.955896
52.5047271251678	-2.191284
52.5203568935394	-2.546149
52.5359771251678	-2.88405
52.5516068935394	-3.039331
52.5672271251678	-2.912995
52.5828568935394	-2.497141
52.5984771251678	-1.864699
52.6141068935394	-1.143909
52.6297369003296	-0.4548655
52.6453568935394	0.1243196
52.6609869003296	0.577137
52.6766068935394	0.9283261
52.6922369003296	1.208099
52.7078669071198	1.441926
52.7234869003296	1.638813
52.7391169071198	1.784869
52.7547369003296	1.862367
52.7703669071198	1.867573
52.7859869003296	1.804855
52.8016169071198	1.693735
52.8172469139099	1.545245
52.8328669071198	1.373002
52.8484969139099	1.192453
52.8641169071198	1.029851
52.8797469139099	0.9047589
52.8953669071198	0.836535
52.9109969139099	0.8212991
52.9266269207001	0.8302732
52.9422469139099	0.8204155
52.9578769207001	0.7617931
52.9734969139099	0.6734018
52.9891269207001	0.6027498
53.0047469139099	0.6001496
53.0203769207001	0.6697545
53.0360069274902	0.770463
53.0516269207001	0.8295183
53.0672569274902	0.7921438
53.0828769207001	0.6626844
53.0985069274902	0.5120535
53.1141269207001	0.4033017
53.1297569274902	0.3646245
53.1453869342804	0.35814
53.1610069274902	0.3149686
53.1766369342804	0.2054329
53.1922569274902	0.04232407
53.2078869342804	-0.1065269
53.2235069274902	-0.1763825
53.2391369342804	-0.1414409
53.2547669410706	-0.03218126
53.2703869342804	0.1022124
53.2860169410706	0.2259865
53.3016369342804	0.3147411
53.3172669410706	0.3616881
53.3328869342804	0.3399754
53.3485169410706	0.2196603
53.3641469478607	-0.004692554
53.3797669410706	-0.2986259
53.3953969478607	-0.5858817
53.4110169410706	-0.7898216
53.4266469478607	-0.8691807
53.4422669410706	-0.8665481
53.4578969478607	-0.8705573
53.4735269546509	-0.9651566
53.4891469478607	-1.189373
53.5047769546509	-1.503191
53.5203969478607	-1.816675
53.5360269546509	-2.031084
53.5516469478607	-2.087744
53.5672769546509	-2.000559
53.582906961441	-1.836281
53.5985269546509	-1.64682
53.614156961441	-1.451036
53.6297769546509	-1.201735
53.645406961441	-0.8356643
53.6610269546509	-0.3220487
53.676656961441	0.2955012
53.6922869682312	0.9160848
53.707906961441	1.420703
53.7235369682312	1.734367
53.739156961441	1.863926
53.7547869682312	1.873721
53.770406961441	1.836538
53.7860369682312	1.802186
53.8016669750214	1.757169
53.8172869682312	1.664606
53.8329169750214	1.490664
53.8485369682312	1.241168
53.8641669750214	0.9665945
53.8797869682312	0.7292476
53.8954169750214	0.5955374
53.9110469818115	0.584183
53.9266669750214	0.6847417
53.9422969818115	0.8388205
53.9579169750214	0.9765859
53.9735469818115	1.044676
53.9891669750214	1.024069
54.0047969818115	0.9359331
54.0204269886017	0.8264389
54.0360469818115	0.731427
54.0516769886017	0.6497297
54.0672969818115	0.5408711
54.0829269886017	0.3463111
54.0985469818115	0.04843163
54.1141769886017	-0.3186455
54.1298069953918	-0.6769233
54.1454269886017	-0.9365287
54.1610569953918	-1.046077
54.1766769886017	-1.006898
54.1923069953918	-0.8647037
54.2079269886017	-0.6992004
54.2235569953918	-0.5908291
54.239187002182	-0.5825112
54.2548069953918	-0.6799407
54.270437002182	-0.8484635
54.2860569953918	-1.029711
54.301687002182	-1.187889
54.3173069953918	-1.304589
54.332937002182	-1.386155
54.3485670089722	-1.452158
54.364187002182	-1.50466
54.3798170089722	-1.534515
54.395437002182	-1.507423
54.4110670089722	-1.420128
54.426687002182	-1.282215
54.4423170089722	-1.131914
54.4579470157623	-1.019583
54.4735670089722	-0.9787691
54.4891970157623	-1.005407
54.5048170089722	-1.073427
54.5204470157623	-1.156442
54.5360670089722	-1.229085
54.5516970157623	-1.280498
54.5673270225525	-1.298305
54.5829470157623	-1.256911
54.5985770225525	-1.129713
54.6141970157623	-0.8916152
54.6298270225525	-0.5442419
54.6454470157623	-0.1049109
54.6610770225525	0.3789008
54.6767070293427	0.8453534
54.6923270225525	1.225241
54.7079570293427	1.477067
54.7235770225525	1.580905
54.7392070293427	1.569515
54.7548270225525	1.503733
54.7704570293427	1.461315
54.7860870361328	1.484367
54.8017070293427	1.553853
54.8173370361328	1.600331
54.8329570293427	1.568986
54.8485870361328	1.444078
54.8642070293427	1.282405
54.8798370361328	1.173674
54.895467042923	1.199536
54.9110870361328	1.375248
54.926717042923	1.640172
54.9423370361328	1.889837
54.957967042923	2.024013
54.9735970497131	1.984736
54.989217042923	1.766158
55.0048470497131	1.401424
55.020467042923	0.9502488
55.0360970497131	0.4910048
55.051717042923	0.1212022
55.0673470497131	-0.08659899
55.0829770565033	-0.08659101
55.0985970497131	0.0982914
55.1142270565033	0.3780571
55.1298470497131	0.6435928
55.1454770565033	0.8228185
55.1610970497131	0.9025623
55.1767270565033	0.9160296
55.1923570632935	0.8855983
55.2079770565033	0.7895867
55.2236070632935	0.5846682
55.2392270565033	0.2659481
55.2548570632935	-0.1086874
55.2704770565033	-0.4204574
55.2861070632935	-0.545329
55.3017370700836	-0.4377706
55.3173570632935	-0.1505122
55.3329870700836	0.2061282
55.3486070632935	0.5102545
55.3642370700836	0.7106956
55.3798570632935	0.7970042
55.3954870700836	0.7847309
55.4111170768738	0.6753176
55.4267370700836	0.4506391
55.4423670768738	0.1048237
55.4579870700836	-0.3242732
55.4736170768738	-0.735365
55.4892370700836	-1.037951
55.5048670768738	-1.186967
55.5204970836639	-1.223124
55.5361170768738	-1.241227
55.5517470836639	-1.328322
55.5673670768738	-1.515341
55.5829970836639	-1.760195
55.5986170768738	-1.973163
55.6142470836639	-2.071833
55.6298770904541	-1.995734
55.6454970836639	-1.718412
55.6611270904541	-1.239691
55.6767470836639	-0.5873709
55.6923770904541	0.1874492
55.7079970836639	0.9986575
55.7236270904541	1.723037
55.7392570972443	2.237138
55.7548770904541	2.451135
55.7705070972443	2.332957
55.7861270904541	1.951623
55.8017570972443	1.453031
55.8173770904541	1.002489
55.8330070972443	0.7333853
55.8486371040344	0.6813676
55.8642570972443	0.7997522
55.8798871040344	0.9798925
55.8955070972443	1.119833
55.9111371040344	1.156949
55.9267570972443	1.094808
55.9423871040344	0.9659152
55.9580171108246	0.8238337
55.9736371040344	0.7109685
55.9892671108246	0.6249447
56.0048871040344	0.5506401
56.0205171108246	0.4921579
56.0361371040344	0.4651308
56.0517671108246	0.5038872
56.0673971176147	0.6260393
56.0830171108246	0.7942867
56.0986471176147	0.9243155
56.1142671108246	0.9117477
56.1298971176147	0.6875434
56.1455171108246	0.2571239
56.1611471176147	-0.300643
56.1767771244049	-0.8531289
56.1923971176147	-1.286746
56.2080271244049	-1.541192
56.2236471176147	-1.641067
56.2392771244049	-1.64253
56.2548971176147	-1.603742
56.2705271244049	-1.560342
56.2861568927765	-1.520071
56.3017771244049	-1.475135
56.3174068927765	-1.413029
56.3330271244049	-1.341098
56.3486568927765	-1.271147
56.3642771244049	-1.228635
56.3799068927765	-1.244714
56.3955368995667	-1.33648
56.4111568927765	-1.501415
56.4267868995667	-1.690201
56.4424068927765	-1.851907
56.4580368995667	-1.928926
56.4736568927765	-1.912871
56.4892868995667	-1.837549
56.5049169063568	-1.759133
56.5205368995667	-1.701531
56.5361669063568	-1.642843
56.5517868995667	-1.538325
56.5674169063568	-1.366814
56.5830368995667	-1.199959
56.5986669063568	-1.160702
56.614296913147	-1.368915
56.6299169063568	-1.825215
56.645546913147	-2.376678
56.6611669063568	-2.788872
56.676796913147	-2.839391
56.6924169063568	-2.459362
56.708046913147	-1.719151
56.7236769199371	-0.817028
56.739296913147	0.04614305
56.7549269199371	0.7252855
56.770546913147	1.177543
56.7861769199371	1.426752
56.801796913147	1.526357
56.8174269199371	1.543518
56.8330569267273	1.527856
56.8486769199371	1.530999
56.8643069267273	1.578929
56.8799269199371	1.690598
56.8955569267273	1.844213
56.9111769199371	2.007805
56.9268069267273	2.143162
56.9424369335175	2.221373
56.9580569267273	2.225429
56.9736869335175	2.144518
56.9893069267273	1.988208
57.0049369335175	1.798927
57.0205569267273	1.63271
57.0361869335175	1.540704
57.0518169403076	1.528953
57.0674369335175	1.563144
57.0830669403076	1.568622
57.0986869335175	1.507428
57.1143169403076	1.378079
57.1299369335175	1.243166
57.1455669403076	1.159876
57.1611969470978	1.141362
57.1768169403076	1.145463
57.1924469470978	1.093328
57.2080669403076	0.9426584
57.2236969470978	0.7135
57.2393169403076	0.4835081
57.2549469470978	0.3353028
57.2705769538879	0.3143175
57.2861969470978	0.3894434
57.3018269538879	0.4753916
57.3174469470978	0.4933891
57.3330769538879	0.427475
57.3486969470978	0.3226752
57.3643269538879	0.2447951
57.3799569606781	0.2317264
57.3955769538879	0.2538333
57.4112069606781	0.2410946
57.4268269538879	0.1200168
57.4424569606781	-0.1201506
57.4580769538879	-0.4178998
57.4737069606781	-0.6751816
57.4893369674683	-0.821908
57.5049569606781	-0.8454096
57.5205869674683	-0.8047967
57.5362069606781	-0.7824008
57.5518369674683	-0.8406332
57.5674669742584	-0.9802241
57.5830869674683	-1.173549
57.5987169742584	-1.379597
57.6143369674683	-1.591476
57.6299669742584	-1.828063
57.6455869674683	-2.100461
57.6612169742584	-2.378741
57.6768469810486	-2.573167
57.6924669742584	-2.570865
57.7080969810486	-2.290029
57.7237169742584	-1.708146
57.7393469810486	-0.8900242
57.7549669742584	0.03094435
57.7705969810486	0.9021287
57.7862269878387	1.574529
57.8018469810486	1.944695
57.8174769878387	1.982137
57.8330969810486	1.748806
57.8487269878387	1.373064
57.8643469810486	1.02694
57.8799769878387	0.8512692
57.8956069946289	0.8893919
57.9112269878387	1.09168
57.9268569946289	1.335105
57.9424769878387	1.493586
57.9581069946289	1.492105
57.9737269878387	1.342329
57.9893569946289	1.104091
58.0049870014191	0.8459082
58.0206069946289	0.6185093
58.0362370014191	0.4375091
58.0518569946289	0.3059831
58.0674870014191	0.2401571
58.0831069946289	0.2724133
58.0987370014191	0.4090095
58.1143670082092	0.6133351
58.1299870014191	0.8062
58.1456170082092	0.8836794
58.1612370014191	0.7659345
58.1768670082092	0.4238062
58.1924870014191	-0.08767796
58.2081170082092	-0.6624413
58.2237470149994	-1.152146
58.2393670082092	-1.4361
58.2549970149994	-1.457602
58.2706170082092	-1.240944
58.2862470149994	-0.8893867
58.3018670082092	-0.5386586
58.3174970149994	-0.2995706
58.3331270217896	-0.2194214
58.3487470149994	-0.3011894
58.3643770217896	-0.505383
58.3799970149994	-0.7849226
58.3956270217896	-1.100463
58.4112470149994	-1.405105
58.4268770217896	-1.645947
58.4425070285797	-1.765742
58.4581270217896	-1.742517
58.4737570285797	-1.594946
58.4893770217896	-1.407285
58.5050070285797	-1.281358
58.5206270217896	-1.261233
58.5362570285797	-1.321748
58.5518870353699	-1.382391
58.5675070285797	-1.368805
58.5831370353699	-1.267088
58.5987570285797	-1.133859
58.6143870353699	-1.045594
58.6300070285797	-1.047231
58.6456370353699	-1.127881
58.66126704216	-1.227161
58.6768870353699	-1.295654
58.69251704216	-1.329566
58.7081370353699	-1.358669
58.72376704216	-1.410744
58.7393870353699	-1.482248
58.75501704216	-1.511661
58.7706470489502	-1.426857
58.78626704216	-1.176286
58.8018970489502	-0.7655654
58.81751704216	-0.2483644
58.8331470489502	0.2993517
58.84876704216	0.8081651
58.8643970489502	1.22676
58.8800270557404	1.535446
58.8956470489502	1.737833
58.9112770557404	1.8365
58.9268970489502	1.843637
58.9425270557404	1.780998
58.9581470489502	1.671223
58.9737770557404	1.552351
58.9894070625305	1.460955
59.0050270557404	1.425036
59.0206570625305	1.452719
59.0362770557404	1.512468
59.0519070625305	1.554112
59.0675270557404	1.547417
59.0831570625305	1.487288
59.0987870693207	1.40486
59.1144070625305	1.334358
59.1300370693207	1.283273
59.1456570625305	1.217623
59.1612870693207	1.088118
59.1769070625305	0.873621
59.1925370693207	0.6068211
59.2081670761108	0.3748407
59.2237870693207	0.27457
59.2394170761108	0.3625674
59.2550370693207	0.6240559
59.2706670761108	0.9602237
59.2862870693207	1.242397
59.3019170761108	1.341289
59.317547082901	1.192282
59.3331670761108	0.8209801
59.348797082901	0.3298621
59.3644170761108	-0.1341891
59.380047082901	-0.4484177
59.3956670761108	-0.5488577
59.411297082901	-0.4612074
59.4269270896912	-0.2724609
59.442547082901	-0.08058548
59.4581770896912	0.04831553
59.473797082901	0.09332609
59.4894270896912	0.04070234
59.505047082901	-0.111321
59.5206770896912	-0.3576999
59.5363070964813	-0.6629968
59.5519270896912	-0.9567819
59.5675570964813	-1.149464
59.5831770896912	-1.175686
59.5988070964813	-1.046871
59.6144270896912	-0.8509121
59.6300570964813	-0.7093716
59.6456871032715	-0.728085
59.6613070964813	-0.9375701
59.6769371032715	-1.296155
59.6925570964813	-1.711304
59.7081871032715	-2.098917
59.7238070964813	-2.39809
59.7394371032715	-2.589942
59.7550671100616	-2.665608
59.7706871032715	-2.625134
59.7863171100616	-2.464811
59.8019371032715	-2.205033
59.8175671100616	-1.891089
59.8331971168518	-1.580529
59.8488171100616	-1.31266
59.8644471168518	-1.078319
59.8800671100616	-0.8299446
59.8956971168518	-0.5196648
59.9113171100616	-0.1247506
59.9269471168518	0.3338294
59.942577123642	0.7821026
59.9581971168518	1.139691
59.973827123642	1.369629
59.9894471168518	1.489958
60.005077123642	1.566567
60.0206971168518	1.663758
60.036327123642	1.810346
60.0519571304321	1.997902
60.067577123642	2.170365
60.0832071304321	2.272078
60.098827123642	2.259359
60.1144571304321	2.119904
60.130077123642	1.861139
60.1457071304321	1.516124
60.1613368988037	1.135512
60.1769571304321	0.7923121
60.1925868988037	0.5682383
60.2082071304321	0.4993443
60.2238368988037	0.5868468
60.2394571304321	0.7633972
60.2550868988037	0.9401608
60.2707169055939	1.020006
60.2863368988037	0.9592199
60.3019669055939	0.7685795
60.3175868988037	0.5200224
60.3332169055939	0.2924623
60.3488368988037	0.1464477
60.3644669055939	0.1062613
60.380096912384	0.1612048
60.3957169055939	0.2852497
60.411346912384	0.4438119
60.4269669055939	0.6093607
60.442596912384	0.7304602
60.4582169055939	0.7477121
60.473846912384	0.599947
60.4894769191742	0.2654881
60.505096912384	-0.2212486
60.5207269191742	-0.7672648
60.536346912384	-1.264544
60.5519769191742	-1.624672
60.567596912384	-1.79484
60.5832269191742	-1.780164
60.5988569259644	-1.609261
60.6144769191742	-1.323361
60.6301069259644	-0.9784226
60.6457269191742	-0.6395249
60.6613569259644	-0.3944335
60.6769769191742	-0.3051157
60.6926069259644	-0.3918447
60.7082369327545	-0.6240282
60.7238569259644	-0.9140487
60.7394869327545	-1.178681
60.7551069259644	-1.354585
60.7707369327545	-1.447475
60.7863569259644	-1.48888
60.8019869327545	-1.512265
60.8176169395447	-1.516861
60.8332369327545	-1.497087
60.8488669395447	-1.456278
60.8644869327545	-1.405991
60.8801169395447	-1.392258
60.8957369327545	-1.418087
60.9113669395447	-1.426712
60.9269969463348	-1.306181
60.9426169395447	-0.9498525
60.9582469463348	-0.3379693
60.9738669395447	0.4312305
60.9894969463348	1.163643
61.0051169395447	1.659792
61.0207469463348	1.797546
61.036376953125	1.608255
61.0519969463348	1.232226
61.067626953125	0.8657026
61.0832469463348	0.6582675
61.098876953125	0.6723886
61.1144969463348	0.8717384
61.130126953125	1.163144
61.1457569599152	1.447652
61.161376953125	1.649951
61.1770069599152	1.751839
61.192626953125	1.778142
61.2082569599152	1.762878
61.223876953125	1.722885
61.2395069599152	1.640834
61.2551369667053	1.49118
61.2707569599152	1.25068
61.2863869667053	0.9484315
61.3020069599152	0.6426973
61.3176369667053	0.4106119
61.3332569599152	0.2867846
61.3488869667053	0.2549939
61.3645169734955	0.2547412
61.3801369667053	0.2130139
61.3957669734955	0.09994674
61.4113869667053	-0.06648421
61.4270169734955	-0.2407427
61.4426369667053	-0.3756938
61.4582669734955	-0.4278328
61.4738969802856	-0.3835526
61.4895169734955	-0.2456617
61.5051469802856	-0.04316354
61.5207669734955	0.1572864
61.5363969802856	0.2661562
61.5520169734955	0.2128298
61.5676469802856	-0.01034713
61.5832769870758	-0.3292227
61.5988969802856	-0.6025176
61.6145269870758	-0.7064214
61.6301469802856	-0.5954981
61.6457769870758	-0.3449941
61.6613969802856	-0.09522009
61.6770269870758	0.03065825
61.692656993866	-0.001269817
61.7082769870758	-0.1395772
61.723906993866	-0.2898071
61.7395269870758	-0.391207
61.755156993866	-0.4810452
61.7707769870758	-0.6440802
61.786406993866	-0.9634864
61.8020370006561	-1.43872
61.817656993866	-1.984811
61.8332870006561	-2.449264
61.848906993866	-2.706184
61.8645370006561	-2.732543
61.880156993866	-2.593307
61.8957870006561	-2.42071
61.9114170074463	-2.296182
61.9270370006561	-2.225436
61.9426670074463	-2.117665
61.9582870006561	-1.87053
61.9739170074463	-1.413254
61.9895470142365	-0.7664304
62.0051670074463	-0.0454011
62.0207970142365	0.631613
62.0364170074463	1.159571
62.0520470142365	1.512089
62.0676670074463	1.708887
62.0832970142365	1.787765
62.0989270210266	1.759999
62.1145470142365	1.616464
62.1301770210266	1.354994
62.1457970142365	0.9984031
62.1614270210266	0.6070111
62.1770470142365	0.2688808
62.1926770210266	0.05769682
62.2083070278168	0.002254963
62.2239270210266	0.08985758
62.2395570278168	0.25862
62.2551770210266	0.422276
62.2708070278168	0.5019937
62.2864270210266	0.4527147
62.3020570278168	0.2916629
62.3176870346069	0.07384372
62.3333070278168	-0.1167731
62.3489370346069	-0.2188656
62.3645570278168	-0.2193773
62.3801870346069	-0.1488757
62.3958070278168	-0.05593812
62.4114370346069	0.04616928
62.4270670413971	0.1626914
62.4426870346069	0.3446085
62.4583170413971	0.5977517
62.4739370346069	0.8972286
62.4895670413971	1.18432
62.5051870346069	1.373835
62.5208170413971	1.418302
62.5364470481873	1.31514
62.5520670413971	1.09861
62.5676970481873	0.8246516
62.5833170413971	0.5600883
62.5989470481873	0.328809
62.6145670413971	0.1536307
62.6301970481873	0.03241885
62.6458270549774	-0.03761983
62.6614470481873	-0.05080497
62.6770770549774	-0.0009595156
62.6926970481873	0.1268299
62.7083270549774	0.3286136
62.7239470481873	0.5695716
62.7395770549774	0.7728415
62.7552070617676	0.8556389
62.7708270549774	0.7427359
62.7864570617676	0.4162196
62.8020770549774	-0.06399775
62.8177070617676	-0.6042104
62.8333270549774	-1.096704
62.8489570617676	-1.46812
62.8645870685577	-1.695983
62.8802070617676	-1.795919
62.8958370685577	-1.792917
62.9114570617676	-1.692153
62.9270870685577	-1.483976
62.9427070617676	-1.143285
62.9583370685577	-0.675023
62.9739670753479	-0.1334972
62.9895870685577	0.3896663
63.0052170753479	0.7942342
63.0208370685577	1.02774
63.0364670753479	1.117568
63.0520870685577	1.143483
63.0677170753479	1.199772
63.0833470821381	1.332272
63.0989670753479	1.511095
63.1145970821381	1.672629
63.1302170753479	1.75006
63.1458470821381	1.718555
63.1614670753479	1.612487
63.1770970821381	1.480633
63.1927270889282	1.348854
63.2083470821381	1.212606
63.2239770889282	1.045999
63.2395970821381	0.8266498
63.2552270889282	0.5710388
63.2708470821381	0.317134
63.2864770889282	0.111325
63.3021070957184	-0.007480264
63.3177270889282	-0.02959824
63.3333570957184	0.04166651
63.3489770889282	0.1844826
63.3646070957184	0.3505294
63.3802270889282	0.4649431
63.3958570957184	0.4600221
63.4114871025085	0.3002142
63.4271070957184	0.01273036
63.4427371025085	-0.33775
63.4583570957184	-0.683054
63.4739871025085	-0.9802264
63.4896070957184	-1.21603
63.5052371025085	-1.384851
63.5208671092987	-1.482705
63.5364871025085	-1.484192
63.5521171092987	-1.390567
63.5677371025085	-1.234266
63.5833671092987	-1.098197
63.5989871025085	-1.073277
63.6146171092987	-1.201724
63.6302471160889	-1.445851
63.6458671092987	-1.712141
63.6614971160889	-1.903015
63.6771171092987	-1.970492
63.6927471160889	-1.934448
63.7083671092987	-1.843292
63.7239971160889	-1.745437
63.739627122879	-1.656147
63.7552471160889	-1.569965
63.770877122879	-1.473104
63.7864971160889	-1.359811
63.802127122879	-1.208877
63.8177471160889	-0.9928329
63.833377122879	-0.686597
63.8490071296692	-0.2810405
63.864627122879	0.2114623
63.8802571296692	0.7487161
63.895877122879	1.287972
63.9115071296692	1.787188
63.927127122879	2.221746
63.9427571296692	2.568278
63.9583868980408	2.810902
63.9740071296692	2.918046
63.9896368980408	2.885282
64.0052571296692	2.744752
64.0208868980408	2.552778
64.0365071296692	2.382919
64.0521368980408	2.277546
64.0677669048309	2.239832
64.0833868980408	2.236184
64.0990169048309	2.2288
64.1146368980408	2.189761
64.1302669048309	2.115486
64.1458868980408	2.02309
64.1615169048309	1.908323
64.1771469116211	1.766409
64.1927669048309	1.589023
64.2083969116211	1.38863
64.2240169048309	1.191224
64.2396469116211	1.023857
64.2552669048309	0.8891391
64.2708969116211	0.7665352
64.2865269184113	0.6005713
64.3021469116211	0.3537358
64.3177769184113	0.02215362
64.3333969116211	-0.3417097
64.3490269184113	-0.6723232
64.3646469116211	-0.8969684
64.3802769184113	-0.9878998
64.3959069252014	-0.9535425
64.4115269184113	-0.8359566
64.4271569252014	-0.6995032
64.4427769184113	-0.6109004
64.4584069252014	-0.6095459
64.4740269184113	-0.7207823
64.4896569252014	-0.9245343
64.5052869319916	-1.159321
64.5209069252014	-1.343504
64.5365369319916	-1.418896
64.5521569252014	-1.374956
64.5677869319916	-1.261428
64.5834069252014	-1.165932
64.5990369319916	-1.158686
64.6146669387817	-1.264256
64.6302869319916	-1.461743
64.6459169387817	-1.701182
64.6615369319916	-1.940214
64.6771669387817	-2.152583
64.6927969455719	-2.31529
64.7084169387817	-2.402588
64.7240469455719	-2.375656
64.7396669387817	-2.200617
64.7552969455719	-1.872784
64.7709169387817	-1.431602
64.7865469455719	-0.9515407
64.8021769523621	-0.4875987
64.8177969455719	-0.08761072
64.8334269523621	0.2490613
64.8490469455719	0.5413573
64.8646769523621	0.8126671
64.8802969455719	1.075044
64.8959269523621	1.320653
64.9115569591522	1.528574
64.9271769523621	1.672847
64.9428069591522	1.719426
64.9584269523621	1.643956
64.9740569591522	1.4587
64.9896769523621	1.213569
65.0053069591522	1.005559
65.0209369659424	0.9261799
65.0365569591522	1.006025
65.0521869659424	1.178903
65.0678069591522	1.312096
65.0834369659424	1.272427
65.0990569591522	1.012712
65.1146869659424	0.6193838
65.1303169727325	0.2625751
65.1459369659424	0.118988
65.1615669727325	0.2499127
65.1771869659424	0.5749497
65.1928169727325	0.9194579
65.2084369659424	1.105503
65.2240669727325	1.052194
65.2396969795227	0.7953949
65.2553169727325	0.4558139
65.2709469795227	0.1284175
65.2865669727325	-0.155889
65.3021969795227	-0.4221835
65.3178169727325	-0.6940269
65.3334469795227	-0.9514432
65.3490769863129	-1.105863
65.3646969795227	-1.062122
65.3803269863129	-0.8020229
65.3959469795227	-0.4236474
65.4115769863129	-0.1075082
65.4271969795227	-0.02480221
65.4428269863129	-0.24681
65.458456993103	-0.6816387
65.4740769863129	-1.140997
65.489706993103	-1.435438
65.5053269863129	-1.471865
65.520956993103	-1.302011
65.5365769863129	-1.06715
65.552206993103	-0.9234128
65.5678369998932	-0.9611502
65.583456993103	-1.176805
65.5990869998932	-1.493545
65.614706993103	-1.805588
65.6303369998932	-2.028058
65.645956993103	-2.120584
65.6615869998932	-2.104569
65.6772170066833	-2.04373
65.6928369998932	-2.007898
65.7084670066833	-2.025382
65.7240869998932	-2.063061
65.7397170066833	-2.024511
65.7553369998932	-1.808535
65.7709670066833	-1.368896
65.7865970134735	-0.7461267
65.8022170066833	-0.05545807
65.8178470134735	0.5650024
65.8334670066833	1.022533
65.8490970134735	1.303527
65.8647170066833	1.467456
65.8803470134735	1.594656
65.8959770202637	1.731774
65.9115970134735	1.875945
65.9272270202637	1.982504
65.9428470134735	2.001136
65.9584770202637	1.915828
65.9740970134735	1.752893
65.9897270202637	1.569098
66.0053570270538	1.425066
66.0209770202637	1.368863
66.0366070270538	1.405273
66.0522270202637	1.509013
66.0678570270538	1.635824
66.0834770202637	1.754113
66.0991070270538	1.852025
66.114737033844	1.927654
66.1303570270538	1.98029
66.145987033844	1.972619
66.1616070270538	1.858523
66.177237033844	1.574484
66.1928570270538	1.110619
66.208487033844	0.5151963
66.2241170406342	-0.09335232
66.239737033844	-0.5632048
66.2553670406342	-0.7889032
66.270987033844	-0.7408462
66.2866170406342	-0.5004892
66.302237033844	-0.1999245
66.3178670406342	0.01646423
66.3334970474243	0.08119774
66.3491170406342	0.004277706
66.3647470474243	-0.1468477
66.3803670406342	-0.2856326
66.3959970474243	-0.3487864
66.4116170406342	-0.3230491
66.4272470474243	-0.2554312
66.4428770542145	-0.2217307
66.4584970474243	-0.3133516
66.4741270542145	-0.5645952
66.4897470474243	-0.9442186
66.5053770542145	-1.3494
66.5209970474243	-1.652814
66.5366270542145	-1.771241
66.5522570610046	-1.716604
66.5678770542145	-1.581163
66.5835070610046	-1.485795
66.5991270542145	-1.509471
66.6147570610046	-1.633515
66.6303770542145	-1.752821
66.6460070610046	-1.753637
66.6616370677948	-1.580335
66.6772570610046	-1.268358
66.6928870677948	-0.8997569
66.7085070610046	-0.5487456
66.7241370677948	-0.2234778
66.7397570610046	0.1113734
66.7553870677948	0.4934635
66.771017074585	0.9213452
66.7866370677948	1.324788
66.802267074585	1.605538
66.8178870677948	1.679642
66.833517074585	1.505152
66.8491370677948	1.127426
66.864767074585	0.6661887
66.8803970813751	0.2722931
66.896017074585	0.08566809
66.9116470813751	0.1665268
66.927267074585	0.4615932
66.9428970813751	0.8260703
66.9585270881653	1.102859
66.9741470813751	1.174769
66.9897770881653	1.023159
67.0053970813751	0.7234297
67.0210270881653	0.4040937
67.0366470813751	0.1711025
67.0522770881653	0.07399511
67.0679070949554	0.09454298
67.0835270881653	0.1876316
67.0991570949554	0.3144922
67.1147770881653	0.4481735
67.1304070949554	0.5550003
67.1460270881653	0.581357
67.1616570949554	0.4763618
67.1772871017456	0.2171121
67.1929070949554	-0.144906
67.2085371017456	-0.4962583
67.2241570949554	-0.7132301
67.2397871017456	-0.7272038
67.2554070949554	-0.561924
67.2710371017456	-0.3148189
67.2866671085358	-0.09783649
67.3022871017456	0.009756565
67.3179171085358	-0.001832008
67.3335371017456	-0.08522415
67.3491671085358	-0.1872196
67.3647871017456	-0.2896676
67.3804171085358	-0.4269834
67.3960471153259	-0.6534901
67.4116671085358	-0.9880419
67.4272971153259	-1.380844
67.4429171085358	-1.733263
67.4585471153259	-1.935629
67.4741671085358	-1.927998
67.4897971153259	-1.733791
67.5054271221161	-1.44914
67.5210471153259	-1.172881
67.5366771221161	-0.9711795
67.5522971153259	-0.8437047
67.5679271221161	-0.7504311
67.5835471153259	-0.65661
67.5991771221161	-0.5668225
67.6148071289062	-0.5076227
67.6304271221161	-0.5060372
67.6460571289062	-0.5579453
67.6616771221161	-0.6204276
67.6773071289062	-0.6360941
67.6929271221161	-0.5568161
67.7085571289062	-0.3870001
67.7241868972778	-0.1599011
67.7398071289062	0.08427811
67.7554368972778	0.3338485
67.7710571289062	0.5866303
67.7866868972778	0.8458557
67.8023071289062	1.090513
67.8179368972778	1.247554
67.833566904068	1.245856
67.8491868972778	1.057704
67.864816904068	0.7358794
67.8804368972778	0.3981109
67.896066904068	0.167232
67.9116868972778	0.09699965
67.927316904068	0.1437502
67.9429469108582	0.1889839
67.958566904068	0.1167665
67.9741969108582	-0.1133165
67.989816904068	-0.4105487
68.0054469108582	-0.6131458
68.021066904068	-0.5795684
68.0366969108582	-0.2609668
68.0523269176483	0.2445354
68.0679469108582	0.7744689
68.0835769176483	1.176367
68.0991969108582	1.368724
68.1148269176483	1.359908
68.1304469108582	1.200865
68.1460769176483	0.9483776
68.1617069244385	0.6452341
68.1773269176483	0.3504753
68.1929569244385	0.1336093
68.2085769176483	0.05414343
68.2242069244385	0.1025743
68.2398269176483	0.1812658
68.2554569244385	0.1574383
68.2710869312286	-0.06294537
68.2867069244385	-0.4568872
68.3023369312286	-0.8698616
68.3179569244385	-1.103599
68.3335869312286	-1.046079
68.3492069244385	-0.731997
68.3648369312286	-0.3471956
68.3804669380188	-0.1111345
68.3960869312286	-0.1304984
68.4117169380188	-0.356883
68.4273369312286	-0.6082463
68.4429669380188	-0.6884913
68.4585869312286	-0.5098691
68.4742169380188	-0.1553183
68.489846944809	0.1880059
68.5054669380188	0.3322673
68.521096944809	0.1984344
68.5367169380188	-0.1265163
68.552346944809	-0.482317
68.5679669380188	-0.7019167
68.583596944809	-0.7079568
68.5992269515991	-0.5470614
68.614846944809	-0.3221483
68.6304769515991	-0.1186314
68.646096944809	0.06720257
68.6617269515991	0.2965631
68.677346944809	0.6377754
68.6929769515991	1.085295
68.7086069583893	1.532901
68.7242269515991	1.836998
68.7398569583893	1.902905
68.7554769515991	1.74392
68.7711069583893	1.475267
68.7867269515991	1.227971
68.8023569583893	1.076074
68.8179869651794	0.9832225
68.8336069583893	0.8404312
68.8492369651794	0.5546336
68.8648569583893	0.1298642
68.8804869651794	-0.3126311
68.8961069583893	-0.5917621
68.9117369651794	-0.5776634
68.9273669719696	-0.2607574
68.9429869651794	0.227922
68.9586169719696	0.6956434
68.9742369651794	0.9856858
68.9898669719696	1.051559
69.0054869651794	0.9540567
69.0211169719696	0.7908578
69.0367469787598	0.6367788
69.0523669719696	0.496304
69.0679969787598	0.3357449
69.0836169719696	0.1345029
69.0992469787598	-0.07679272
69.1148669719696	-0.2332172
69.1304969787598	-0.3025737
69.1461269855499	-0.2994165
69.1617469787598	-0.3055692
69.1773769855499	-0.3951445
69.1929969787598	-0.5779915
69.2086269855499	-0.8011756
69.2242469787598	-0.9733677
69.2398769855499	-1.033348
69.2555069923401	-0.9943619
69.2711269855499	-0.9224257
69.2867569923401	-0.9019566
69.3023769855499	-0.9674206
69.3180069923401	-1.106159
69.3336269855499	-1.260942
69.3492569923401	-1.388999
69.3648869991302	-1.491395
69.3805069923401	-1.590198
69.3961369991302	-1.719251
69.4117569923401	-1.876567
69.4273869991302	-2.021749
69.4430069923401	-2.089055
69.4586369991302	-2.027855
69.4742670059204	-1.820942
69.4898869991302	-1.49171
69.5055170059204	-1.121443
69.5211369991302	-0.800581
69.5367670059204	-0.6130466
69.5523970127106	-0.5708146
69.5680170059204	-0.6095748
69.5836470127106	-0.6123915
69.5992670059204	-0.4676208
69.6148970127106	-0.1299586
69.6305170059204	0.3463225
69.6461470127106	0.8469968
69.6617770195007	1.259439
69.6773970127106	1.532933
69.6930270195007	1.701698
69.7086470127106	1.835373
69.7242770195007	1.988403
69.7398970127106	2.15203
69.7555270195007	2.26612
69.7711570262909	2.278427
69.7867770195007	2.156939
69.8024070262909	1.938109
69.8180270195007	1.67082
69.8336570262909	1.397529
69.8492770195007	1.121899
69.8649070262909	0.8422933
69.8805370330811	0.5758729
69.8961570262909	0.3697705
69.9117870330811	0.2924299
69.9274070262909	0.3740997
69.9430370330811	0.5814137
69.9586570262909	0.8191338
69.9742870330811	0.9646454
69.9899170398712	0.9401803
70.0055370330811	0.7303524
70.0211670398712	0.4151392
70.0367870330811	0.1002412
70.0524170398712	-0.09145594
70.0680370330811	-0.0793519
70.0836670398712	0.1445932
70.0992970466614	0.5264096
70.1149170398712	0.9640136
70.1305470466614	1.336281
70.1461670398712	1.544356
70.1617970466614	1.540273
70.1774170398712	1.339222
70.1930470466614	1.011351
70.2086770534515	0.6174808
70.2242970466614	0.1941195
70.2399270534515	-0.2636199
70.2555470466614	-0.7701068
70.2711770534515	-1.296129
70.2867970466614	-1.753463
70.3024270534515	-2.026341
70.3180570602417	-2.041009
70.3336770534515	-1.838268
70.3493070602417	-1.579355
70.3649270534515	-1.458834
70.3805570602417	-1.60783
70.3961770534515	-2.008343
70.4118070602417	-2.510215
70.4274370670319	-2.917481
70.4430570602417	-3.100364
70.4586870670319	-3.038624
70.4743070602417	-2.826959
70.4899370670319	-2.572377
70.5055570602417	-2.351716
70.5211870670319	-2.178036
70.536817073822	-2.041328
70.5524370670319	-1.927082
70.568067073822	-1.826791
70.5836870670319	-1.728468
70.599317073822	-1.599717
70.6149370670319	-1.386794
70.630567073822	-1.05548
70.6461970806122	-0.6034379
70.661817073822	-0.08529329
70.6774470806122	0.4199872
70.693067073822	0.8540792
70.7086970806122	1.19318
70.724317073822	1.43774
70.7399470806122	1.607028
70.7555770874023	1.719532
70.7711970806122	1.781545
70.7868270874023	1.808753
70.8024470806122	1.828015
70.8180770874023	1.859343
70.8336970806122	1.903913
70.8493270874023	1.931833
70.8649570941925	1.89966
70.8805770874023	1.761121
70.8962070941925	1.524353
70.9118270874023	1.249216
70.9274570941925	1.01816
70.9430770874023	0.8827834
70.9587070941925	0.8612289
70.9743371009827	0.92135
70.9899570941925	1.012778
71.0055871009827	1.097116
71.0212070941925	1.142225
71.0368371009827	1.118427
71.0524570941925	0.9960971
71.0680871009827	0.7659137
71.0837171077728	0.4591463
71.0993371009827	0.1473761
71.1149671077728	-0.06880927
71.1305871009827	-0.1212914
71.1462171077728	-0.01422167
71.1618371009827	0.1645095
71.1774671077728	0.2907429
71.193097114563	0.2707162
71.2087171077728	0.1000278
71.224347114563	-0.1385114
71.2399671077728	-0.3275828
71.255597114563	-0.3903642
71.2712171077728	-0.3232284
71.286847114563	-0.1892164
71.3024771213531	-0.06476998
71.318097114563	0.01990891
71.3337271213531	0.03852701
71.349347114563	-0.009269953
71.3649771213531	-0.1391916
71.380597114563	-0.3805952
71.3962271213531	-0.7560954
71.4118571281433	-1.219239
71.4274771213531	-1.656973
71.4431071281433	-1.945122
71.4587271213531	-1.999227
71.4743571281433	-1.850572
71.4899771213531	-1.616429
71.5056071281433	-1.441692
71.5212368965149	-1.392679
71.5368571281433	-1.427236
71.5524868965149	-1.425418
71.5681071281433	-1.271672
71.5837368965149	-0.9259043
71.5993571281433	-0.4214859
71.6149868965149	0.1550474
71.6306169033051	0.7475855
71.6462368965149	1.335191
71.6618669033051	1.919257
71.6774868965149	2.45318
71.6931169033051	2.849342
71.7087368965149	3.000105
71.7243669033051	2.855475
71.7399969100952	2.486653
71.7556169033051	2.036714
71.7712469100952	1.660897
71.7868669033051	1.431804
71.8024969100952	1.313248
71.8181269168854	1.215845
71.8337469100952	1.072572
71.8493769168854	0.9000714
71.8649969100952	0.7770944
71.8806269168854	0.8025775
71.8962469100952	0.9893861
71.9118769168854	1.274905
71.9275069236755	1.537974
71.9431269168854	1.64765
71.9587569236755	1.553182
71.9743769168854	1.280614
71.9900069236755	0.9183455
72.0056269168854	0.5401542
72.0212569236755	0.1948776
72.0368869304657	-0.1166646
72.0525069236755	-0.3903186
72.0681369304657	-0.5858381
72.0837569236755	-0.662514
72.0993869304657	-0.5903821
72.1150069236755	-0.376687
72.1306369304657	-0.08432913
72.1462669372559	0.1874089
72.1618869304657	0.3420582
72.1775169372559	0.3255029
72.1931369304657	0.1375804
72.2087669372559	-0.1645555
72.2243869304657	-0.4949183
72.2400169372559	-0.7697902
72.255646944046	-0.9490128
72.2712669372559	-1.057984
72.286896944046	-1.154272
72.3025169372559	-1.295997
72.318146944046	-1.513172
72.3337669372559	-1.786602
72.349396944046	-2.042914
72.3650269508362	-2.205025
72.380646944046	-2.223956
72.3962769508362	-2.107676
72.411896944046	-1.940722
72.4275269508362	-1.824092
72.443146944046	-1.822413
72.4587769508362	-1.905713
72.4744069576263	-1.965487
72.4900269508362	-1.847384
72.5056569576263	-1.448189
72.5212769508362	-0.7741108
72.5369069576263	0.05006981
72.5525269508362	0.8215098
72.5681569576263	1.382725
72.5837869644165	1.674184
72.5994069576263	1.761329
72.6150369644165	1.764754
72.6306569576263	1.790058
72.6462869644165	1.851008
72.6619069576263	1.880344
72.6775369644165	1.812984
72.6931669712067	1.640414
72.7087869644165	1.454124
72.7244169712067	1.356833
72.7400369644165	1.387802
72.7556669712067	1.466366
72.7712869644165	1.427657
72.7869169712067	1.140126
72.8025469779968	0.5929923
72.8181669712067	-0.07406998
72.8337969779968	-0.6399159
72.8494169712067	-0.9054332
72.8650469779968	-0.8038077
72.8806669712067	-0.425148
72.8962969779968	0.03836632
72.911926984787	0.4005423
72.9275469779968	0.5549593
72.943176984787	0.5083585
72.9587969779968	0.3459821
72.974426984787	0.1556683
72.9900469779968	0.009410381
73.005676984787	-0.08792019
73.0213069915771	-0.1667533
73.036926984787	-0.2587175
73.0525569915771	-0.3812242
73.068176984787	-0.5168853
73.0838069915771	-0.6313629
73.099426984787	-0.6830702
73.1150569915771	-0.6712484
73.1306869983673	-0.6158414
73.1463069915771	-0.5850453
73.1619369983673	-0.6321197
73.1775569915771	-0.7669835
73.1931869983673	-0.9661927
73.2088069915771	-1.16805
73.2244369983673	-1.312362
73.2400670051575	-1.364778
73.2556869983673	-1.338464
73.2713170051575	-1.266599
73.2869369983673	-1.196378
73.3025670051575	-1.167737
73.3181869983673	-1.194182
73.3338170051575	-1.29009
73.3494470119476	-1.459823
73.3650670051575	-1.690176
73.3806970119476	-1.938025
73.3963170051575	-2.133502
73.4119470119476	-2.194749
73.4275670051575	-2.057272
73.4431970119476	-1.70529
73.4588270187378	-1.176124
73.4744470119476	-0.5576582
73.4900770187378	0.06119251
73.5056970119476	0.6123333
73.5213270187378	1.072901
73.5369470119476	1.445837
73.5525770187378	1.761819
73.568207025528	2.046039
73.5838270187378	2.277449
73.599457025528	2.404877
73.6150770187378	2.371204
73.630707025528	2.153214
73.6463270187378	1.783241
73.661957025528	1.360594
73.6775870323181	0.9980435
73.693207025528	0.7912407
73.7088370323181	0.7620039
73.724457025528	0.8463941
73.7400870323181	0.9398842
73.755707025528	0.9592152
73.7713370323181	0.8751345
73.7869670391083	0.7416196
73.8025870323181	0.6262436
73.8182170391083	0.5719204
73.8338370323181	0.5713229
73.8494670391083	0.5754128
73.8650870323181	0.52352
73.8807170391083	0.3932037
73.8963470458984	0.2259912
73.9119670391083	0.08850002
73.9275970458984	0.04916668
73.9432170391083	0.1320066
73.9588470458984	0.2985477
73.9744770526886	0.4703918
73.9900970458984	0.5510802
74.0057270526886	0.4914575
74.0213470458984	0.298986
74.0369770526886	0.02684498
74.0525970458984	-0.260447
74.0682270526886	-0.5026932
74.0838570594788	-0.6639605
74.0994770526886	-0.7476411
74.1151070594788	-0.7604561
74.1307270526886	-0.7323551
74.1463570594788	-0.6980233
74.1619770526886	-0.6942954
74.1776070594788	-0.7703648
74.1932370662689	-0.9535403
74.2088570594788	-1.244392
74.2244870662689	-1.594452
74.2401070594788	-1.929613
74.2557370662689	-2.161929
74.2713570594788	-2.249379
74.2869870662689	-2.195606
74.3026170730591	-2.040884
74.3182370662689	-1.851559
74.3338670730591	-1.67823
74.3494870662689	-1.542357
74.3651170730591	-1.454978
74.3807370662689	-1.418122
74.3963670730591	-1.424492
74.4119970798492	-1.440958
74.4276170730591	-1.391461
74.4432470798492	-1.160109
74.4588670730591	-0.6641541
74.4744970798492	0.08687496
74.4901170730591	0.9514823
74.5057470798492	1.700761
74.5213770866394	2.113342
74.5369970798492	2.095592
74.5526270866394	1.735662
74.5682470798492	1.262976
74.5838770866394	0.9387712
74.5994970798492	0.9034495
74.6151270866394	1.117288
74.6307570934296	1.40743
74.6463770866394	1.577842
74.6620070934296	1.532125
74.6776270866394	1.331037
74.6932570934296	1.134352
74.7088770866394	1.074022
74.7245070934296	1.175529
74.7401371002197	1.333953
74.7557570934296	1.388199
74.7713871002197	1.228532
74.7870070934296	0.8659754
74.8026371002197	0.427856
74.8182570934296	0.07151794
74.8338871002197	-0.1115308
74.8495171070099	-0.1349487
74.8651371002197	-0.0992775
74.8807671070099	-0.0955987
74.8963871002197	-0.176486
74.9120171070099	-0.3061385
74.9276371002197	-0.4377594
74.9432671070099	-0.5318174
74.9588971138	-0.6096234
74.9745171070099	-0.7081027
74.9901471138	-0.8649101
75.0057671070099	-1.076969
75.0213971138	-1.298268
75.0370171070099	-1.460181
75.0526471138	-1.502281
75.0682771205902	-1.398959
75.0838971138	-1.165527
75.0995271205902	-0.8592744
75.1151471138	-0.575614
75.1307771205902	-0.3964553
75.1463971138	-0.3843541
75.1620271205902	-0.5330486
75.1776571273804	-0.7879882
75.1932771205902	-1.048456
75.2089071273804	-1.217545
75.2245271205902	-1.24324
75.2401571273804	-1.150607
75.2557771205902	-1.023075
75.2714071273804	-0.9620495
75.287036895752	-1.047078
75.3026571273804	-1.298309
75.318286895752	-1.671527
75.3339071273804	-2.080369
75.349536895752	-2.420859
75.3651571273804	-2.577543
75.380786895752	-2.464025
75.3964169025421	-2.039133
75.412036895752	-1.31521
75.4276669025421	-0.3727767
75.443286895752	0.6599801
75.4589169025421	1.622808
75.474536895752	2.391729
75.4901669025421	2.909248
75.5057969093323	3.188288
75.5214169025421	3.291116
75.5370469093323	3.2825
75.5526669025421	3.200768
75.5682969093323	3.04967
75.5839169025421	2.829288
75.5995469093323	2.567505
75.6151769161224	2.312854
75.6307969093323	2.109885
75.6464269161224	1.965688
75.6620469093323	1.853012
75.6776769161224	1.7451
75.6932969093323	1.607633
75.7089269161224	1.448675
75.7245569229126	1.301203
75.7401769161224	1.197664
75.7558069229126	1.144702
75.7714269161224	1.114546
75.7870569229126	1.052916
75.8026769161224	0.9214885
75.8183069229126	0.7316613
75.8339369297028	0.5113714
75.8495569229126	0.3047619
75.8651869297028	0.128453
75.8808069229126	-0.0177145
75.8964369297028	-0.1457334
75.9120569229126	-0.240279
75.9276869297028	-0.2644589
75.9433169364929	-0.1938264
75.9589369297028	-0.0324595
75.9745669364929	0.1503663
75.9901869297028	0.2777965
76.0058169364929	0.2749858
76.0214369297028	0.1245639
76.0370669364929	-0.140362
76.0526969432831	-0.4450669
76.0683169364929	-0.7377584
76.0839469432831	-1.015544
76.0995669364929	-1.309473
76.1151969432831	-1.637954
76.1308169364929	-1.950366
76.1464469432831	-2.157759
76.1620769500732	-2.164196
76.1776969432831	-1.920237
76.1933269500732	-1.498526
76.2089469432831	-1.045943
76.2245769500732	-0.7433648
76.2401969432831	-0.7024176
76.2558269500732	-0.9317739
76.2714569568634	-1.313738
76.2870769500732	-1.661571
76.3027069568634	-1.796738
76.3183269500732	-1.611983
76.3339569568634	-1.125062
76.3495769500732	-0.437254
76.3652069568634	0.3124533
76.3808369636536	0.9819689
76.3964569568634	1.480846
76.4120869636536	1.757999
76.4277069568634	1.793252
76.4433369636536	1.597131
76.4589569568634	1.229027
76.4745869636536	0.7839093
76.4902169704437	0.3832884
76.5058369636536	0.1510983
76.5214669704437	0.1523972
76.5370869636536	0.3701649
76.5527169704437	0.706512
76.5683369636536	1.039766
76.5839669704437	1.253901
76.5995969772339	1.303386
76.6152169704437	1.202246
76.6308469772339	1.030779
76.6464669704437	0.8761463
76.6620969772339	0.8048363
76.677726984024	0.8536682
76.6933469772339	0.9902396
76.708976984024	1.143065
76.7245969772339	1.214767
76.740226984024	1.129564
76.7558469772339	0.8668866
76.771476984024	0.4957962
76.7871069908142	0.1264863
76.802726984024	-0.137486
76.8183569908142	-0.2607431
76.833976984024	-0.2838974
76.8496069908142	-0.2966652
76.865226984024	-0.3656559
76.8808569908142	-0.4990335
76.8964869976044	-0.6462722
76.9121069908142	-0.726757
76.9277369976044	-0.7210798
76.9433569908142	-0.683135
76.9589869976044	-0.7249031
76.9746069908142	-0.9254227
76.9902369976044	-1.279637
77.0058670043945	-1.658555
77.0214869976044	-1.893294
77.0371170043945	-1.881871
77.0527369976044	-1.637947
77.0683670043945	-1.29443
77.0839869976044	-1.016523
77.0996170043945	-0.9001479
77.1152470111847	-0.9458299
77.1308670043945	-1.081243
77.1464970111847	-1.218174
77.1621170043945	-1.319886
77.1777470111847	-1.383461
77.1933670043945	-1.432558
77.2089970111847	-1.47838
77.2246270179749	-1.498112
77.2402470111847	-1.451311
77.2558770179749	-1.304695
77.2714970111847	-1.033206
77.2871270179749	-0.6345959
77.3027470111847	-0.1238327
77.3183770179749	0.4280343
77.334007024765	0.9245148
77.3496270179749	1.238913
77.365257024765	1.295115
77.3808770179749	1.11536
77.396507024765	0.8211894
77.4121270179749	0.5783515
77.427757024765	0.5096035
77.4433870315552	0.6310186
77.459007024765	0.8565912
77.4746370315552	1.052431
77.490257024765	1.115055
77.5058870315552	1.034431
77.521507024765	0.8652649
77.5371370315552	0.7060704
77.5527670383453	0.6357393
77.5683870315552	0.6800938
77.5840170383453	0.8085694
77.5996370315552	0.9566545
77.6152670383453	1.064544
77.6308870315552	1.096263
77.6465170383453	1.046445
77.6621470451355	0.92803
77.6777670383453	0.7647076
77.6933970451355	0.5711808
77.7090170383453	0.3679719
77.7246470451355	0.1594591
77.7402670383453	-0.04260731
77.7558970451355	-0.2160749
77.7715270519257	-0.3403068
77.7871470451355	-0.4066997
77.8027770519257	-0.4194598
77.8183970451355	-0.3956051
77.8340270519257	-0.3362842
77.8496470451355	-0.2299056
77.8652770519257	-0.05627966
77.8809070587158	0.1779289
77.8965270519257	0.4175863
77.9121570587158	0.5906591
77.9277770519257	0.6354079
77.9434070587158	0.5377626
77.9590270519257	0.3505411
77.9746570587158	0.1372528
77.990287065506	-0.05324125
78.0059070587158	-0.2036886
78.021537065506	-0.3490076
78.0371570587158	-0.523057
78.052787065506	-0.7249913
78.0684070587158	-0.9218974
78.084037065506	-1.059331
78.0996670722961	-1.111732
78.115287065506	-1.109539
78.1309170722961	-1.125323
78.146537065506	-1.239962
78.1621670722961	-1.50129
78.177787065506	-1.882224
78.1934170722961	-2.290203
78.2090470790863	-2.594354
78.2246670722961	-2.677283
78.2402970790863	-2.469579
78.2559170722961	-1.991329
78.2715470790863	-1.345179
78.2871670722961	-0.6891389
78.3027970790863	-0.1733589
78.3184270858765	0.1211162
78.3340470790863	0.213918
78.3496770858765	0.1887009
78.3652970790863	0.150315
78.3809270858765	0.1634691
78.3965470790863	0.2275646
78.4121770858765	0.2959933
78.4278070926666	0.3189001
78.4434270858765	0.2641385
78.4590570926666	0.1489723
78.4746770858765	0.03110075
78.4903070926666	-0.03427839
78.5059270858765	-0.006169796
78.5215570926666	0.1258376
78.5371870994568	0.3352804
78.5528070926666	0.5676675
78.5684370994568	0.7693558
78.5840570926666	0.8934891
78.5996870994568	0.916441
78.6153070926666	0.8566985
78.6309370994568	0.745033
78.6465671062469	0.612947
78.6621870994568	0.4736109
78.6778171062469	0.3195255
78.6934370994568	0.1508322
78.7090671062469	0.009958744
78.7246870994568	-0.04118228
78.7403171062469	0.0622313
78.7559471130371	0.3398269
78.7715671062469	0.7160339
78.7871971130371	1.059493
78.8028171062469	1.22767
78.8184471130371	1.140221
78.8340771198273	0.8338803
78.8496971130371	0.4314464
78.8653271198273	0.08714056
78.8809471130371	-0.0966655
78.8965771198273	-0.1108652
78.9121971130371	-0.03762436
78.9278271198273	0.02033353
78.9434571266174	-0.01850057
78.9590771198273	-0.1721144
78.9747071266174	-0.3950365
78.9903271198273	-0.6213474
79.0059571266174	-0.8042798
79.0215771198273	-0.9224955
79.0372071266174	-0.966098
79.052836894989	-0.9282552
79.0684571266174	-0.8148462
79.084086894989	-0.6440523
79.0997071266174	-0.4614793
79.115336894989	-0.3320987
79.1309571266174	-0.3164036
79.146586894989	-0.4340607
79.1622169017792	-0.6560906
79.177836894989	-0.8959078
79.1934669017792	-1.05505
79.209086894989	-1.037519
79.2247169017792	-0.7872163
79.240336894989	-0.3168424
79.2559669017792	0.3091924
79.2715969085693	0.9876438
79.2872169017792	1.613413
79.3028469085693	2.090104
79.3184669017792	2.374267
79.3340969085693	2.458989
79.3497169017792	2.379405
79.3653469085693	2.198792
79.3809769153595	1.979005
79.3965969085693	1.779565
79.4122269153595	1.628662
79.4278469085693	1.53702
79.4434769153595	1.487824
79.4590969085693	1.452735
79.4747269153595	1.404445
79.4903569221497	1.352278
79.5059769153595	1.312263
79.5216069221497	1.300603
79.5372269153595	1.307725
79.5528569221497	1.289623
79.5684769153595	1.179547
79.5841069221497	0.9349616
79.5997369289398	0.575913
79.6153569221497	0.1885547
79.6309869289398	-0.1063734
79.6466069221497	-0.2164682
79.6622369289398	-0.1233357
79.6778569221497	0.1061688
79.6934869289398	0.3201835
79.70911693573	0.3766473
79.7247369289398	0.2021123
79.74036693573	-0.1699024
79.7559869289398	-0.6221689
79.77161693573	-1.001074
79.7872369289398	-1.208099
79.80286693573	-1.222353
79.8184969425201	-1.086912
79.83411693573	-0.8743144
79.8497469425201	-0.6365381
79.86536693573	-0.3841824
79.8809969425201	-0.1120223
79.89661693573	0.1648067
79.9122469425201	0.3793535
79.9278769493103	0.438291
79.9434969425201	0.2746883
79.9591269493103	-0.1049361
79.9747469425201	-0.6287846
79.9903769493103	-1.187059
80.0059969425201	-1.698168
80.0216269493103	-2.120071
80.0372569561005	-2.448415
80.0528769493103	-2.679973
80.0685069561005	-2.798599
80.0841269493103	-2.775324
80.0997569561005	-2.598262
80.1153769493103	-2.284461
80.1310069561005	-1.876224
80.1466369628906	-1.426977
80.1622569561005	-0.9557377
80.1778869628906	-0.4414575
80.1935069561005	0.1203666
80.2091369628906	0.6905912
80.2247569561005	1.174286
80.2403869628906	1.449537
80.2560169696808	1.446554
80.2716369628906	1.217161
80.2872669696808	0.9099678
80.3028869628906	0.7178363
80.3185169696808	0.7785977
80.3341369628906	1.095993
80.3497669696808	1.548824
80.3653969764709	1.954489
80.3810169696808	2.177579
80.3966469764709	2.197212
80.4122669696808	2.086096
80.4278969764709	1.949234
80.4435169696808	1.8388
80.4591469764709	1.72049
80.4747769832611	1.522316
80.4903969764709	1.202172
80.5060269832611	0.8056445
80.5216469764709	0.4652804
80.5372769832611	0.3137822
80.5528969764709	0.4099941
80.5685269832611	0.6850763
80.5841569900513	0.9841961
80.5997769832611	1.124241
80.6154069900513	1.006391
80.6310269832611	0.6540523
80.6466569900513	0.1869965
80.6622769832611	-0.2520858
80.6779069900513	-0.5647459
80.6935369968414	-0.7492261
80.7091569900513	-0.86756
80.7247869968414	-0.9901538
80.7404069900513	-1.137914
80.7560369968414	-1.266438
80.7716569900513	-1.302673
80.7872869968414	-1.208046
80.8029170036316	-1.03402
80.8185369968414	-0.8910308
80.8341670036316	-0.8807094
80.8497869968414	-1.009202
80.8654170036316	-1.176944
80.8810369968414	-1.230695
80.8966670036316	-1.056818
80.9122970104218	-0.6755514
80.9279170036316	-0.2486165
80.9435470104218	-0.01071501
80.9591670036316	-0.136788
80.9747970104218	-0.6495931
80.9904170036316	-1.413465
81.0060470104218	-2.19029
81.0216770172119	-2.738756
81.0372970104218	-2.896772
81.0529270172119	-2.616312
81.0685470104218	-1.967685
81.0841770172119	-1.090068
81.0998070240021	-0.1573945
81.1154270172119	0.6684438
81.1310570240021	1.27356
81.1466770172119	1.630877
81.1623070240021	1.784503
81.1779270172119	1.817417
81.1935570240021	1.795598
81.2091870307922	1.759171
81.2248070240021	1.715985
81.2404370307922	1.654419
81.2560570240021	1.565882
81.2716870307922	1.446031
81.2873070240021	1.298383
81.3029370307922	1.116258
81.3185670375824	0.9133743
81.3341870307922	0.7096057
81.3498170375824	0.5623536
81.3654370307922	0.5299654
81.3810670375824	0.6513948
81.3966870307922	0.9104476
81.4123170375824	1.227427
81.4279470443726	1.481346
81.4435670375824	1.570277
81.4591970443726	1.459648
81.4748170375824	1.183002
81.4904470443726	0.8168397
81.5060670375824	0.4309678
81.5216970443726	0.06547022
81.5373270511627	-0.2703121
81.5529470443726	-0.5655692
81.5685770511627	-0.7906704
81.5841970443726	-0.8840475
81.5998270511627	-0.8012199
81.6154470443726	-0.5580668
81.6310770511627	-0.2546499
81.6467070579529	-0.03713655
81.6623270511627	-0.01104522
81.6779570579529	-0.1939993
81.6935770511627	-0.4984643
81.7092070579529	-0.7742059
81.7248270511627	-0.8840599
81.7404570579529	-0.7698789
81.756087064743	-0.4695539
81.7717070579529	-0.07325268
81.787337064743	0.3104489
81.8029570579529	0.5877388
81.818587064743	0.698086
81.8342070579529	0.6005015
81.849837064743	0.2998435
81.8654670715332	-0.1606693
81.881087064743	-0.6819401
81.8967170715332	-1.149528
81.912337064743	-1.455239
81.9279670715332	-1.574362
81.943587064743	-1.554503
81.9592170715332	-1.506443
81.9748470783234	-1.523532
81.9904670715332	-1.641251
82.0060970783234	-1.825755
82.0217170715332	-2.003073
82.0373470783234	-2.098395
82.0529670715332	-2.077191
82.0685970783234	-1.942355
82.0842270851135	-1.698118
82.0998470783234	-1.339373
82.1154770851135	-0.8473127
82.1310970783234	-0.2203321
82.1467270851135	0.4694431
82.1623470783234	1.107531
82.1779770851135	1.537611
82.1936070919037	1.660974
82.2092270851135	1.48163
82.2248570919037	1.123723
82.2404770851135	0.769897
82.2561070919037	0.5752282
82.2717270851135	0.5808203
82.2873570919037	0.7133389
82.3029870986938	0.841774
82.3186070919037	0.8572178
82.3342370986938	0.7420988
82.3498570919037	0.569267
82.3654870986938	0.4520941
82.3811070919037	0.4683137
82.3967370986938	0.6118977
82.412367105484	0.802546
82.4279870986938	0.9325347
82.443617105484	0.9505692
82.4592370986938	0.8761778
82.474867105484	0.7816734
82.4904870986938	0.7273068
82.506117105484	0.7141347
82.5217471122742	0.6883526
82.537367105484	0.6102786
82.5529971122742	0.486999
82.568617105484	0.3923669
82.5842471122742	0.4160752
82.599867105484	0.5977654
82.6154971122742	0.879467
82.6311271190643	1.099247
82.6467471122742	1.078603
82.6623771190643	0.7181625
82.6779971122742	0.06337166
82.6936271190643	-0.6859298
82.7092471122742	-1.26867
82.7248771190643	-1.475357
82.7405071258545	-1.258631
82.7561271190643	-0.73524
82.7717571258545	-0.1490245
82.7873771190643	0.2511854
82.8030071258545	0.3269153
82.8186271190643	0.09336567
82.8342571258545	-0.3210559
82.8498868942261	-0.7490759
82.8655071258545	-1.087416
82.8811368942261	-1.334717
82.8967571258545	-1.549902
82.9123868942261	-1.791366
82.9280071258545	-2.059704
82.9436368942261	-2.306474
82.9592669010162	-2.461017
82.9748868942261	-2.480806
82.9905169010162	-2.37044
83.0061368942261	-2.170354
83.0217669010162	-1.962518
83.0373868942261	-1.828434
83.0530169010162	-1.841125
83.0686469078064	-2.023132
83.0842669010162	-2.337639
83.0998969078064	-2.659545
83.1155169010162	-2.816395
83.1311469078064	-2.669569
83.1467669010162	-2.171959
83.1623969078064	-1.412211
83.1780269145966	-0.5755734
83.1936469078064	0.1365075
83.2092769145966	0.5915294
83.2248969078064	0.7924476
83.2405269145966	0.8365998
83.2561469078064	0.8594937
83.2717769145966	0.9553969
83.2874069213867	1.153553
83.3030269145966	1.407121
83.3186569213867	1.637604
83.3342769145966	1.780061
83.3499069213867	1.797993
83.3655269145966	1.713879
83.3811569213867	1.591381
83.3967869281769	1.495576
83.4124069213867	1.473971
83.4280369281769	1.519009
83.4436569213867	1.587534
83.4592869281769	1.651631
83.4749069213867	1.697166
83.4905369281769	1.724589
83.506166934967	1.732594
83.5217869281769	1.689775
83.537416934967	1.559659
83.5530369281769	1.337494
83.568666934967	1.077315
83.5842869281769	0.8699331
83.599916934967	0.7957916
83.6155469417572	0.8937356
83.631166934967	1.100362
83.6467969417572	1.298458
83.662416934967	1.367505
83.6780469417572	1.247056
83.6936769485474	0.9700398
83.7092969417572	0.6271172
83.7249269485474	0.3256888
83.7405469417572	0.1366415
83.7561769485474	0.09057689
83.7717969417572	0.1566639
83.7874269485474	0.2820351
83.8030569553375	0.3898528
83.8186769485474	0.403161
83.8343069553375	0.2679801
83.8499269485474	-0.04217553
83.8655569553375	-0.4922347
83.8811769485474	-1.003558
83.8968069553375	-1.465911
83.9124369621277	-1.754457
83.9280569553375	-1.808123
83.9436869621277	-1.648044
83.9593069553375	-1.371338
83.9749369621277	-1.115965
83.9905569553375	-1.002915
84.0061869621277	-1.079029
84.0218169689178	-1.321286
84.0374369621277	-1.634769
84.0530669689178	-1.923467
84.0686869621277	-2.112659
84.0843169689178	-2.164814
84.0999369621277	-2.079854
84.1155669689178	-1.857233
84.131196975708	-1.524456
84.1468169689178	-1.110637
84.162446975708	-0.6708701
84.1780669689178	-0.2549398
84.193696975708	0.1242933
84.2093169689178	0.4956899
84.224946975708	0.9208655
84.2405769824982	1.438686
84.256196975708	2.042478
84.2718269824982	2.631809
84.287446975708	3.072897
84.3030769824982	3.232828
84.318696975708	3.047765
84.3343269824982	2.549102
84.3499569892883	1.866347
84.3655769824982	1.174932
84.3812069892883	0.6087043
84.3968269824982	0.2375886
84.4124569892883	0.05038452
84.4280769824982	-0.01889992
84.4437069892883	-0.04978061
84.4593369960785	-0.0890677
84.4749569892883	-0.1608019
84.4905869960785	-0.2488492
84.5062069892883	-0.2994864
84.5218369960785	-0.2747529
84.5374569892883	-0.1445625
84.5530869960785	0.07728052
84.5687170028687	0.3360908
84.5843369960785	0.5700285
84.5999670028687	0.7323966
84.6155869960785	0.8253543
84.6312170028687	0.8943238
84.6468369960785	1.006444
84.6624670028687	1.175069
84.6780970096588	1.3541
84.6937170028687	1.448121
84.7093470096588	1.375666
84.7249670028687	1.118091
84.7405970096588	0.7277467
84.7562170028687	0.2933517
84.7718470096588	-0.1055083
84.787477016449	-0.4308202
84.8030970096588	-0.6719007
84.818727016449	-0.8050992
84.8343470096588	-0.8187563
84.849977016449	-0.7055449
84.8655970096588	-0.5015063
84.881227016449	-0.2997506
84.8968570232391	-0.2108397
84.912477016449	-0.3057101
84.9281070232391	-0.583755
84.943727016449	-0.9760115
84.9593570232391	-1.365228
84.974977016449	-1.659368
84.9906070232391	-1.833276
85.0062370300293	-1.92366
85.0218570232391	-1.983999
85.0374870300293	-2.047461
85.0531070232391	-2.104777
85.0687370300293	-2.127696
85.0843570232391	-2.099861
85.0999870300293	-2.03409
85.1156170368195	-1.968094
85.1312370300293	-1.921981
85.1468670368195	-1.869658
85.1624870300293	-1.731834
85.1781170368195	-1.41912
85.1937370300293	-0.893527
85.2093670368195	-0.213459
85.2249970436096	0.4853337
85.2406170368195	1.045751
85.2562470436096	1.356977
85.2718670368195	1.433083
85.2874970436096	1.381221
85.3031170368195	1.337829
85.3187470436096	1.388114
85.3343770503998	1.515644
85.3499970436096	1.621732
85.3656270503998	1.599175
85.3812470436096	1.403634
85.3968770503998	1.093016
85.4124970436096	0.795315
85.4281270503998	0.6454177
85.4437570571899	0.6912572
85.4593770503998	0.8559742
85.4750070571899	0.9877188
85.4906270503998	0.9469225
85.5062570571899	0.6930139
85.5218770503998	0.3334303
85.5375070571899	0.05296826
85.5531370639801	-0.002730131
85.5687570571899	0.1825845
85.5843870639801	0.4616108
85.6000070571899	0.6244421
85.6156370639801	0.524262
85.6312570571899	0.1761832
85.6468870639801	-0.2640128
85.6625170707703	-0.5950451
85.6781370639801	-0.6887968
85.6937670707703	-0.5703375
85.7093870639801	-0.3847787
85.7250170707703	-0.3041129
85.7406370639801	-0.4100857
85.7562670707703	-0.6689665
85.7718970775604	-0.9645252
85.7875170707703	-1.169765
85.8031470775604	-1.21837
85.8187670707703	-1.137151
85.8343970775604	-1.008095
85.8500170707703	-0.9144821
85.8656470775604	-0.9125814
85.8812770843506	-0.9970815
85.8968970775604	-1.112195
85.9125270843506	-1.192242
85.9281470775604	-1.187602
85.9437770843506	-1.098455
85.9594070911407	-0.9795879
85.9750270843506	-0.8922001
85.9906570911407	-0.882882
86.0062770843506	-0.9590437
86.0219070911407	-1.087881
86.0375270843506	-1.236474
86.0531570911407	-1.411372
86.0687870979309	-1.633867
86.0844070911407	-1.928855
86.1000370979309	-2.26882
86.1156570911407	-2.563451
86.1312870979309	-2.667391
86.1469070911407	-2.444195
86.1625370979309	-1.840642
86.1781671047211	-0.9073306
86.1937870979309	0.2080497
86.2094171047211	1.315283
86.2250370979309	2.233311
86.2406671047211	2.864926
86.2562870979309	3.214089
86.2719171047211	3.354087
86.2875471115112	3.418107
86.3031671047211	3.522505
86.3187971115112	3.715176
86.3344171047211	3.959402
86.3500471115112	4.150589
86.3656671047211	4.155365
86.3812971115112	3.890419
86.3969271183014	3.35899
86.4125471115112	2.649296
86.4281771183014	1.897523
86.4437971115112	1.243563
86.4594271183014	0.75303
86.4750471115112	0.4398702
86.4906771183014	0.2677692
86.5063071250916	0.1843938
86.5219271183014	0.1750199
86.5375571250916	0.2445099
86.5531771183014	0.3887938
86.5688071250916	0.5632903
86.5844271183014	0.6779293
86.6000571250916	0.6308165
86.6156868934631	0.3583992
86.6313071250916	-0.1123312
86.6469368934631	-0.6556909
86.6625571250916	-1.090269
86.6781868934631	-1.269966
86.6938071250916	-1.158749
86.7094368934631	-0.852672
86.7250669002533	-0.5404722
86.7406868934631	-0.3935708
86.7563169002533	-0.4803558
86.7719368934631	-0.7349362
86.7875669002533	-1.007435
86.8031868934631	-1.151133
86.8188169002533	-1.1018
86.8344469070435	-0.8998746
86.8500669002533	-0.6517061
86.8656969070435	-0.4589283
86.8813169002533	-0.3658125
86.8969469070435	-0.3526647
86.9125669002533	-0.356459
86.9281969070435	-0.3527374
86.9438269138336	-0.3629222
86.9594469070435	-0.4664885
86.9750769138336	-0.7298744
86.9906969070435	-1.157159
87.0063269138336	-1.679954
87.0219469070435	-2.180333
87.0375769138336	-2.535442
87.0532069206238	-2.656904
87.0688269138336	-2.530477
87.0844569206238	-2.193808
87.1000769138336	-1.713807
87.1157069206238	-1.168687
87.1313269138336	-0.6198497
87.1469569206238	-0.1053895
87.1625869274139	0.3405567
87.1782069206238	0.6944089
87.1938369274139	0.9353243
87.2094569206238	1.054046
87.2250869274139	1.079358
87.2407069206238	1.062764
87.2563369274139	1.067693
87.2719669342041	1.132291
87.2875869274139	1.245141
87.3032169342041	1.337007
87.3188369274139	1.31521
87.3344669342041	1.133194
87.3500869274139	0.8132096
87.3657169342041	0.4636658
87.3813469409943	0.1987435
87.3969669342041	0.08969653
87.4125969409943	0.1275103
87.4282169342041	0.2437003
87.4438469409943	0.3669469
87.4594669342041	0.4588475
87.4750969409943	0.5313477
87.4907269477844	0.6035382
87.5063469409943	0.6753579
87.5219769477844	0.7021925
87.5375969409943	0.6549569
87.5532269477844	0.5404232
87.5688469409943	0.4044122
87.5844769477844	0.2978079
87.6001069545746	0.2320932
87.6157269477844	0.166672
87.6313569545746	0.03221807
87.6469769477844	-0.199579
87.6626069545746	-0.4950698
87.6782269477844	-0.7639342
87.6938569545746	-0.9299443
87.7094869613647	-0.9770724
87.7251069545746	-0.9370617
87.7407369613647	-0.8795818
87.7563569545746	-0.8487397
87.7719869613647	-0.8606703
87.7876069545746	-0.9009932
87.8032369613647	-0.9778162
87.8188669681549	-1.108242
87.8344869613647	-1.319087
87.8501169681549	-1.606346
87.8657369613647	-1.90389
87.8813669681549	-2.121964
87.8969869613647	-2.188949
87.9126169681549	-2.098165
87.9282469749451	-1.901042
87.9438669681549	-1.670452
87.9594969749451	-1.466403
87.9751169681549	-1.304088
87.9907469749451	-1.188675
88.0063669681549	-1.1246
88.0219969749451	-1.14999
88.0376269817352	-1.281299
88.0532469749451	-1.484616
88.0688769817352	-1.640625
88.0844969749451	-1.587066
88.1001269817352	-1.201943
88.1157469749451	-0.4722016
88.1313769817352	0.4551049
88.1470069885254	1.336845
88.1626269817352	1.928255
88.1782569885254	2.118574
88.1938769817352	1.957673
88.2095069885254	1.637238
88.2251269817352	1.383827
88.2407569885254	1.343574
88.2563869953156	1.535156
88.2720069885254	1.855332
88.2876369953156	2.169317
88.3032569885254	2.358412
88.3188869953156	2.401965
88.3345069885254	2.330134
88.3501369953156	2.185408
88.3657670021057	1.992795
88.3813869953156	1.74423
88.3970170021057	1.443836
88.4126369953156	1.128635
88.4282670021057	0.8702991
88.4438869953156	0.7426355
88.4595170021057	0.7905328
88.4751470088959	0.9816289
88.4907670021057	1.237183
88.5063970088959	1.448836
88.5220170021057	1.524406
88.5376470088959	1.412576
88.553277015686	1.123083
88.5688970088959	0.7168272
88.584527015686	0.2957754
88.6001470088959	-0.02637076
88.615777015686	-0.1493194
88.6313970088959	-0.03024888
88.647027015686	0.2778223
88.6626570224762	0.6442339
88.678277015686	0.9013968
88.6939070224762	0.9052973
88.709527015686	0.6069624
88.7251570224762	0.0678792
88.740777015686	-0.5624127
88.7564070224762	-1.132385
88.7720370292664	-1.524463
88.7876570224762	-1.714521
88.8032870292664	-1.733519
88.8189070224762	-1.659736
88.8345370292664	-1.560568
88.8501570224762	-1.49669
88.8657870292664	-1.508363
88.8814170360565	-1.623139
88.8970370292664	-1.853366
88.9126670360565	-2.177287
88.9282870292664	-2.531655
88.9439170360565	-2.806577
88.9595370292664	-2.880449
88.9751670360565	-2.686861
88.9907970428467	-2.232759
89.0064170360565	-1.610882
89.0220470428467	-0.950906
89.0376670360565	-0.3782136
89.0532970428467	0.05143714
89.0689170360565	0.3333588
89.0845470428467	0.5116158
89.1001770496368	0.6405652
89.1157970428467	0.7656226
89.1314270496368	0.9360669
89.1470470428467	1.18324
89.1626770496368	1.50034
89.1782970428467	1.836253
89.1939270496368	2.103376
89.209557056427	2.21975
89.2251770496368	2.14935
89.240807056427	1.951863
89.2564270496368	1.753056
89.272057056427	1.698525
89.2876770496368	1.858785
89.303307056427	2.214162
89.3189370632172	2.640536
89.334557056427	2.983008
89.3501870632172	3.128069
89.365807056427	3.033321
89.3814370632172	2.719962
89.397057056427	2.24244
89.4126870632172	1.662695
89.4283170700073	1.033704
89.4439370632172	0.4302282
89.4595670700073	-0.05783224
89.4751870632172	-0.3484898
89.4908170700073	-0.3922117
89.5064370632172	-0.2068369
89.5220670700073	0.1087162
89.5376970767975	0.4102862
89.5533170700073	0.5564251
89.5689470767975	0.4655683
89.5845670700073	0.1599002
89.6001970767975	-0.2623377
89.6158170700073	-0.6767368
89.6314470767975	-0.9805262
89.6470770835876	-1.145736
89.6626970767975	-1.201496
89.6783270835876	-1.218814
89.6939470767975	-1.245576
89.7095770835876	-1.29835
89.7251970767975	-1.364225
89.7408270835876	-1.424767
89.7564570903778	-1.476193
89.7720770835876	-1.529889
89.7877070903778	-1.596422
89.8033270835876	-1.670024
89.8189570903778	-1.711418
89.8345770835876	-1.689604
89.8502070903778	-1.606682
89.865837097168	-1.503378
89.8814570903778	-1.450323
89.897087097168	-1.473541
89.9127070903778	-1.544208
89.928337097168	-1.579786
89.9439570903778	-1.50048
89.959587097168	-1.263967
89.9752171039581	-0.9058766
89.990837097168	-0.5158825
90.0064671039581	-0.1688063
90.022087097168	0.1109669
90.0377171039581	0.3682618
90.053337097168	0.6717355
90.0689671039581	1.066809
90.0845971107483	1.524252
90.1002171039581	1.950598
90.1158471107483	2.22926
90.1314671039581	2.269167
90.1470971107483	2.065538
90.1627171039581	1.66889
90.1783471107483	1.197074
90.1939771175385	0.779855
90.2095971107483	0.5315766
90.2252271175385	0.510778
90.2408471107483	0.7145901
90.2564771175385	1.065957
90.2720971107483	1.441351
90.2877271175385	1.730082
90.3033571243286	1.850184
90.3189771175385	1.801331
90.3346071243286	1.633082
90.3502271175385	1.413091
90.3658571243286	1.184054
90.3814771175385	0.9564095
90.3971071243286	0.7320174
90.4127368927002	0.5239843
90.4283571243286	0.3736496
90.4439868927002	0.3188858
90.4596071243286	0.376281
90.4752368927002	0.5071511
90.4908571243286	0.6353402
90.5064868927002	0.6771575
90.5221168994904	0.5869869
90.5377368927002	0.3630711
90.5533668994904	0.03405797
90.5689868927002	-0.3610158
90.5846168994904	-0.7953942
90.6002368927002	-1.235866
90.6158668994904	-1.64016
90.6314969062805	-1.961667
90.6471168994904	-2.170542
90.6627469062805	-2.275142
90.6783668994904	-2.296639
90.6939969062805	-2.269039
90.7096168994904	-2.203034
90.7252469062805	-2.099672
90.7408769130707	-1.95057
90.7564969062805	-1.772158
90.7721269130707	-1.602302
90.7877469062805	-1.480283
90.8033769130707	-1.432628
90.8190069198608	-1.440563
90.8346269130707	-1.480008
90.8502569198608	-1.516974
90.8658769130707	-1.537318
90.8815069198608	-1.52632
90.8971269130707	-1.460214
90.9127569198608	-1.297231
90.928386926651	-0.9983763
90.9440069198608	-0.5566185
90.959636926651	-0.005218983
90.9752569198608	0.5851201
90.990886926651	1.150635
91.0065069198608	1.644886
91.022136926651	2.063134
91.0377669334412	2.399854
91.053386926651	2.642916
91.0690169334412	2.75652
91.084636926651	2.706163
91.1002669334412	2.484203
91.115886926651	2.114844
91.1315169334412	1.653398
91.1471469402313	1.143895
91.1627669334412	0.6269337
91.1783969402313	0.1377428
91.1940169334412	-0.2722591
91.2096469402313	-0.5340862
91.2252669334412	-0.5820478
91.2408969402313	-0.3876825
91.2565269470215	0.001784146
91.2721469402313	0.4727829
91.2877769470215	0.8955855
91.3033969402313	1.171522
91.3190269470215	1.293059
91.3346469402313	1.301414
91.3502769470215	1.255931
91.3659069538116	1.1908
91.3815269470215	1.089764
91.3971569538116	0.9255201
91.4127769470215	0.696831
91.4284069538116	0.4495646
91.4440269470215	0.2421556
91.4596569538116	0.1005288
91.4752869606018	-0.004159011
91.4909069538116	-0.1515939
91.5065369606018	-0.4076111
91.5221569538116	-0.7820138
91.5377869606018	-1.19634
91.5534069538116	-1.532393
91.5690369606018	-1.690782
91.584666967392	-1.628179
91.6002869606018	-1.392232
91.615916967392	-1.08945
91.6315369606018	-0.8230144
91.647166967392	-0.6728424
91.6627869606018	-0.6644908
91.678416967392	-0.7741206
91.6940469741821	-0.9666404
91.709666967392	-1.200492
91.7252969741821	-1.449399
91.740916967392	-1.705722
91.7565469741821	-1.962151
91.772166967392	-2.219246
91.7877969741821	-2.463891
91.8034269809723	-2.68015
91.8190469741821	-2.834747
91.8346769809723	-2.910406
91.8502969741821	-2.893089
91.8659269809723	-2.779026
91.8815469741821	-2.581867
91.8971769809723	-2.314255
91.9128069877625	-1.998411
91.9284269809723	-1.651178
91.9440569877625	-1.283345
91.9596769809723	-0.898953
91.9753069877625	-0.4869522
91.9909269809723	-0.047925
92.0065569877625	0.4105309
92.0221869945526	0.8509136
92.0378069877625	1.226335
92.0534369945526	1.496213
92.0690569877625	1.627496
92.0846869945526	1.614881
92.1003069877625	1.480102
92.1159369945526	1.242088
92.1315670013428	0.9451745
92.1471869945526	0.6524031
92.1628170013428	0.4302764
92.1784369945526	0.3627216
92.1940670013428	0.4872488
92.2096869945526	0.7769172
92.2253170013428	1.132623
92.2409470081329	1.43539
92.2565670013428	1.594409
92.2721970081329	1.614429
92.2878170013428	1.583326
92.3034470081329	1.612762
92.3190670013428	1.762174
92.3346970081329	1.974585
92.3503270149231	2.104524
92.3659470081329	2.002587
92.3815770149231	1.611087
92.3971970081329	1.006941
92.4128270149231	0.3611598
92.4284470081329	-0.1571212
92.4440770149231	-0.4715431
92.4597070217133	-0.6291523
92.4753270149231	-0.7275693
92.4909570217133	-0.8463078
92.5065770149231	-0.9773419
92.5222070217133	-1.036161
92.5378270149231	-0.9372349
92.5534570217133	-0.6515017
92.5690870285034	-0.2467139
92.5847070217133	0.1446278
92.6003370285034	0.3773942
92.6159570217133	0.3611133
92.6315870285034	0.1093085
92.6472070217133	-0.2651169
92.6628370285034	-0.5975213
92.6784670352936	-0.7506244
92.6940870285034	-0.6659601
92.7097170352936	-0.4011064
92.7253370285034	-0.1046336
92.7409670352936	0.053895
92.7565870285034	-0.04027653
92.7722170352936	-0.3861027
92.7878470420837	-0.8774166
92.8034670352936	-1.367904
92.8190970420837	-1.750471
92.8347170352936	-1.993449
92.8503470420837	-2.157371
92.8659670352936	-2.332317
92.8815970420837	-2.564083
92.8972270488739	-2.834248
92.9128470420837	-3.054135
92.9284770488739	-3.110792
92.9440970420837	-2.913553
92.9597270488739	-2.439503
92.9753470420837	-1.722456
92.9909770488739	-0.8652425
93.0066070556641	0.01138496
93.0222270488739	0.8003864
93.0378570556641	1.43762
93.0534770488739	1.903889
93.0691070556641	2.198604
93.0847370624542	2.349096
93.1003570556641	2.376985
93.1159870624542	2.302211
93.1316070556641	2.140251
93.1472370624542	1.910408
93.1628570556641	1.644363
93.1784870624542	1.371786
93.1941170692444	1.145259
93.2097370624542	1.005541
93.2253670692444	0.9870243
93.2409870624542	1.081382
93.2566170692444	1.242994
93.2722370624542	1.394352
93.2878670692444	1.4511
93.3034970760345	1.365812
93.3191170692444	1.125677
93.3347470760345	0.7858539
93.3503670692444	0.4286203
93.3659970760345	0.1555443
93.3816170692444	0.02473783
93.3972470760345	0.02926397
93.4128770828247	0.1129198
93.4284970760345	0.1892948
93.4441270828247	0.201158
93.4597470760345	0.1587081
93.4753770828247	0.1301093
93.4909970760345	0.1966572
93.5066270828247	0.4008088
93.5222570896149	0.6958728
93.5378770828247	0.974402
93.5535070896149	1.107508
93.5691270828247	1.017464
93.5847570896149	0.722836
93.6003770828247	0.3214464
93.6160070896149	-0.05278397
93.631637096405	-0.3088245
93.6472570896149	-0.4102039
93.662887096405	-0.3868437
93.6785070896149	-0.307128
93.694137096405	-0.2298989
93.7097570896149	-0.1900806
93.725387096405	-0.1909752
93.7410171031952	-0.2336874
93.756637096405	-0.2971258
93.7722671031952	-0.37782
93.787887096405	-0.4665623
93.8035171031952	-0.5445356
93.819137096405	-0.5964069
93.8347671031952	-0.6121225
93.8503971099854	-0.581274
93.8660171031952	-0.503809
93.8816471099854	-0.3905869
93.8972671031952	-0.2455435
93.9128971099854	-0.07192516
93.9285171031952	0.1417074
93.9441471099854	0.4042053
93.9597771167755	0.7112875
93.9753971099854	1.032214
93.9910271167755	1.321568
94.0066471099854	1.521648
94.0222771167755	1.596017
94.0378971099854	1.541172
94.0535271167755	1.374871
94.0691571235657	1.130482
94.0847771167755	0.8410683
94.1004071235657	0.5275965
94.1160271167755	0.2095633
94.1316571235657	-0.07045364
94.1472771167755	-0.2595158
94.1629071235657	-0.2859459
94.1785371303558	-0.1118746
94.1941571235657	0.2347679
94.2097871303558	0.6573429
94.2254071235657	1.027118
94.2410371303558	1.226228
94.2566571235657	1.200522
94.2722871303558	0.9789753
94.2879168987274	0.6456413
94.3035371303558	0.2978678
94.3191668987274	0.03145599
94.3347871303558	-0.106204
94.3504168987274	-0.1099396
94.3660371303558	-0.01835632
94.3816668987274	0.1020088
94.3972969055176	0.1842051
94.4129168987274	0.1848154
94.4285469055176	0.09203339
94.4441668987274	-0.07575893
94.4597969055176	-0.2868214
94.4754168987274	-0.5281172
94.4910469055176	-0.7847176
94.5066769123077	-1.040931
94.5222969055176	-1.244183
94.5379269123077	-1.335617
94.5535469055176	-1.269293
94.5691769123077	-1.069365
94.5847969055176	-0.8318062
94.6004269123077	-0.6818237
94.6160569190979	-0.7218385
94.6316769123077	-0.9621248
94.6473069190979	-1.34448
94.6629269123077	-1.755022
94.6785569190979	-2.089481
94.6941769123077	-2.270117
94.7098069190979	-2.260112
94.7254369258881	-2.040458
94.7410569190979	-1.600294
94.7566869258881	-0.9654751
94.7723069190979	-0.1853895
94.7879369258881	0.6566448
94.8035569190979	1.454698
94.8191869258881	2.134644
94.8348169326782	2.661138
94.8504369258881	3.029096
94.8660669326782	3.239971
94.8816869258881	3.273252
94.8973169326782	3.081557
94.9129369258881	2.646235
94.9285669326782	2.011203
94.9441969394684	1.294276
94.9598169326782	0.6671433
94.9754469394684	0.2636938
94.9910669326782	0.1346054
95.0066969394684	0.214932
95.0223169326782	0.3996096
95.0379469394684	0.5853977
95.0535769462585	0.7192364
95.0691969394684	0.8165064
95.0848269462585	0.9061913
95.1004469394684	0.9971457
95.1160769462585	1.052282
95.1316969394684	1.013688
95.1473269462585	0.8326831
95.1629569530487	0.5283222
95.1785769462585	0.1791544
95.1942069530487	-0.1123004
95.2098269462585	-0.2681665
95.2254569530487	-0.2667341
95.2410769462585	-0.1459737
95.2567069530487	0.01031923
95.2723369598389	0.1212358
95.2879569530487	0.1311579
95.3035869598389	0.02806997
95.3192069530487	-0.1712618
95.3348369598389	-0.4413147
95.3504569530487	-0.7581863
95.3660869598389	-1.094729
95.381716966629	-1.404688
95.3973369598389	-1.621442
95.412966966629	-1.678352
95.4285869598389	-1.556093
95.444216966629	-1.311951
95.4598369598389	-1.088346
95.475466966629	-1.049951
95.4910969734192	-1.303128
95.506716966629	-1.81665
95.5223469734192	-2.418213
95.537966966629	-2.845296
95.5535969734192	-2.852853
95.569216966629	-2.325127
95.5848469734192	-1.321411
95.6004769802094	-0.07305002
95.6160969734192	1.116093
95.6317269802094	1.987106
95.6473469734192	2.419318
95.6629769802094	2.44591
95.6786069869995	2.227334
95.6942269802094	1.947153
95.7098569869995	1.721208
95.7254769802094	1.580976
95.7411069869995	1.474758
95.7567269802094	1.350195
95.7723569869995	1.176288
95.7879869937897	0.9649477
95.8036069869995	0.7345142
95.8192369937897	0.5004282
95.8348569869995	0.2572503
95.8504869937897	0.01189804
95.8661069869995	-0.1904206
95.8817369937897	-0.2733464
95.8973670005798	-0.1568518
95.9129869937897	0.1529984
95.9286170005798	0.55616
95.9442369937897	0.8765998
95.9598670005798	0.9714808
95.9754869937897	0.8000107
95.9911170005798	0.4530773
96.00674700737	0.10151
96.0223670005798	-0.1066723
96.03799700737	-0.1212444
96.0536170005798	-0.01671505
96.06924700737	0.06631708
96.0848670005798	0.001396179
96.10049700737	-0.2544479
96.1161270141602	-0.6596136
96.13174700737	-1.11844
96.1473770141602	-1.526825
96.16299700737	-1.829161
96.1786270141602	-2.011193
96.19424700737	-2.093824
96.2098770141602	-2.109731
96.2255070209503	-2.082759
96.2411270141602	-2.019274
96.2567570209503	-1.919326
96.2723770141602	-1.78414
96.2880070209503	-1.638096
96.3036270141602	-1.533939
96.3192570209503	-1.520104
96.3348870277405	-1.623791
96.3505070209503	-1.814257
96.3661370277405	-2.022072
96.3817570209503	-2.168988
96.3973870277405	-2.195911
96.4130070209503	-2.101238
96.4286370277405	-1.897045
96.4442670345306	-1.582172
96.4598870277405	-1.113188
96.4755170345306	-0.4491148
96.4911370277405	0.3857496
96.5067670345306	1.243098
96.5223870277405	1.898664
96.5380170345306	2.167518
96.5536470413208	2.016945
96.5692670345306	1.621307
96.5848970413208	1.251304
96.6005170345306	1.138143
96.6161470413208	1.328655
96.6317670345306	1.674653
96.6473970413208	1.939195
96.663027048111	1.944007
96.6786470413208	1.680634
96.694277048111	1.286343
96.7098970413208	0.9471793
96.725527048111	0.7878938
96.7411470413208	0.801198
96.756777048111	0.8908229
96.7724070549011	0.9484892
96.788027048111	0.9363127
96.8036570549011	0.8887863
96.819277048111	0.8735871
96.8349070549011	0.9139209
96.850527048111	0.9805088
96.8661570549011	1.003247
96.8817870616913	0.9086752
96.8974070549011	0.6839118
96.9130370616913	0.3632717
96.9286570549011	0.02340555
96.9442870616913	-0.2715631
96.9599070549011	-0.4954414
96.9755370616913	-0.6771302
96.9911670684814	-0.8611817
97.0067870616913	-1.093113
97.0224170684814	-1.373397
97.0380370616913	-1.657722
97.0536670684814	-1.878117
97.0692870616913	-1.972551
97.0849170684814	-1.914347
97.1005470752716	-1.726633
97.1161670684814	-1.464058
97.1317970752716	-1.19831
97.1474170684814	-0.9786539
97.1630470752716	-0.8371191
97.1786670684814	-0.7752337
97.1942970752716	-0.7898712
97.2099270820618	-0.8906484
97.2255470752716	-1.072135
97.2411770820618	-1.333106
97.2567970752716	-1.638589
97.2724270820618	-1.954634
97.2880470752716	-2.245433
97.3036770820618	-2.467676
97.3193070888519	-2.581912
97.3349270820618	-2.536055
97.3505570888519	-2.28532
97.3661770820618	-1.78572
97.3818070888519	-1.052971
97.3974270820618	-0.1569548
97.4130570888519	0.7667985
97.4286870956421	1.566426
97.4443070888519	2.132121
97.4599370956421	2.416178
97.4755570888519	2.45581
97.4911870956421	2.337922
97.5068070888519	2.164123
97.5224370956421	1.987604
97.5380671024323	1.824152
97.5536870956421	1.642881
97.5693171024323	1.404099
97.5849370956421	1.103401
97.6005671024323	0.7771091
97.6161870956421	0.5127163
97.6318171024323	0.3822947
97.6474471092224	0.4195342
97.6630671024323	0.5837398
97.6786971092224	0.7905798
97.6943171024323	0.9401183
97.7099471092224	0.9670153
97.7255671024323	0.8699579
97.7411971092224	0.6763339
97.7568271160126	0.4265671
97.7724471092224	0.1589923
97.7880771160126	-0.103754
97.8036971092224	-0.3362718
97.8193271160126	-0.5060587
97.8349471092224	-0.5721097
97.8505771160126	-0.5097671
97.8662071228027	-0.3031502
97.8818271160126	0.02860212
97.8974571228027	0.426712
97.9130771160126	0.7906094
97.9287071228027	1.005396
97.9443371295929	0.9867158
97.9599571228027	0.7285938
97.9755871295929	0.3059607
97.9912071228027	-0.1341028
98.0068371295929	-0.4514437
98.0224571228027	-0.5812869
98.0380871295929	-0.5387321
98.0537168979645	-0.4218688
98.0693371295929	-0.353158
98.0849668979645	-0.4260836
98.1005871295929	-0.6532745
98.1162168979645	-0.9742546
98.1318371295929	-1.267214
98.1474668979645	-1.415483
98.1630969047546	-1.354811
98.1787168979645	-1.093268
98.1943469047546	-0.7241278
98.2099668979645	-0.3809433
98.2255969047546	-0.1615295
98.2412168979645	-0.06966114
98.2568469047546	-0.03572369
98.2724769115448	0.06052017
98.2880969047546	0.2913923
98.3037269115448	0.6484604
98.3193469047546	1.059047
98.3349769115448	1.435013
98.3505969047546	1.710533
98.3662269115448	1.874104
98.381856918335	1.935078
98.3974769115448	1.922834
98.413106918335	1.86556
98.4287269115448	1.79549
98.444356918335	1.7239
98.4599769115448	1.669448
98.475606918335	1.613763
98.4912369251251	1.540009
98.506856918335	1.455741
98.5224869251251	1.400365
98.538106918335	1.439666
98.5537369251251	1.609077
98.569356918335	1.894134
98.5849869251251	2.209845
98.6006169319153	2.47056
98.6162369251251	2.615749
98.6318669319153	2.634334
98.6474869251251	2.561102
98.6631169319153	2.400261
98.6787369251251	2.139775
98.6943669319153	1.76261
98.7099969387054	1.293047
98.7256169319153	0.7947845
98.7412469387054	0.3673763
98.7568669319153	0.06504679
98.7724969387054	-0.1329041
98.7881169319153	-0.3050175
98.8037469387054	-0.553833
98.8193769454956	-0.9413462
98.8349969387054	-1.45889
98.8506269454956	-2.035151
98.8662469387054	-2.565632
98.8818769454956	-2.946332
98.8974969387054	-3.126053
98.9131269454956	-3.107495
98.9287569522858	-2.94045
98.9443769454956	-2.727689
98.9600069522858	-2.550576
98.9756269454956	-2.4635
98.9912569522858	-2.455025
99.0068769454956	-2.482481
99.0225069522858	-2.479632
99.0381369590759	-2.40337
99.0537569522858	-2.245473
99.0693869590759	-2.010021
99.0850069522858	-1.698943
99.1006369590759	-1.302589
99.1162569522858	-0.8118367
99.1318869590759	-0.2386956
99.1475169658661	0.355443
99.1631369590759	0.8928399
99.1787669658661	1.29528
99.1943869590759	1.540606
99.2100169658661	1.656533
99.2256369590759	1.692794
99.2412669658661	1.688191
99.2568969726562	1.633177
99.2725169658661	1.487936
99.2881469726562	1.223577
99.3037669658661	0.8649406
99.3193969726562	0.4964132
99.3350169658661	0.2192407
99.3506469726562	0.1004076
99.3662769794464	0.1249394
99.3818969726562	0.2124295
99.3975269794464	0.265728
99.4131469726562	0.221477
99.4287769794464	0.0735178
99.4443969726562	-0.1333761
99.4600269794464	-0.3490376
99.4756569862366	-0.5381494
99.4912769794464	-0.6823044
99.5069069862366	-0.7870159
99.5225269794464	-0.8491793
99.5381569862366	-0.8642268
99.5537769794464	-0.8466339
99.5694069862366	-0.8270521
99.5850369930267	-0.8467832
99.6006569862366	-0.9296808
99.6162869930267	-1.060363
99.6319069862366	-1.189586
99.6475369930267	-1.268299
99.6631569862366	-1.268153
99.6787869930267	-1.21849
99.6944169998169	-1.149251
99.7100369930267	-1.097878
99.7256669998169	-1.075976
99.7412869930267	-1.057998
99.7569169998169	-1.025793
99.7725369930267	-0.9746456
99.7881669998169	-0.9109311
99.8037970066071	-0.8589587
99.8194169998169	-0.8341603
99.8350470066071	-0.8238478
99.8506669998169	-0.8060141
99.8662970066071	-0.7598209
99.8819169998169	-0.684278
99.8975470066071	-0.5757103
99.9131770133972	-0.4285741
99.9287970066071	-0.2208595
99.9444270133972	0.08339357
99.9600470066071	0.4824061
99.9756770133972	0.9246192
99.9912970066071	1.320476
100.006927013397	1.576787
100.022557020187	1.657628
100.038177013397	1.611935
100.053807020187	1.532062
100.069427013397	1.509921
100.085057020187	1.567802
100.100687026978	1.65303
100.116307020187	1.687673
100.131937026978	1.622208
100.147557020187	1.479645
100.163187026978	1.338861
100.178807020187	1.264279
100.194437026978	1.278455
100.210067033768	1.329407
100.225687026978	1.317896
100.241317033768	1.16807
100.256937026978	0.8874078
100.272567033768	0.5451417
100.288187026978	0.2713351
100.303817033768	0.1696091
100.319447040558	0.2714033
100.335067033768	0.527348
100.350697040558	0.8317537
100.366317033768	1.057794
100.381947040558	1.116994
100.397567033768	0.9945068
100.413197040558	0.7131281
100.428827047348	0.3367419
100.444447040558	-0.09602976
100.460077047348	-0.5744185
100.475697040558	-1.107125
100.491327047348	-1.672468
100.506947040558	-2.195464
100.522577047348	-2.568728
100.538207054138	-2.677689
100.553827047348	-2.482183
100.569457054138	-2.035682
100.585077047348	-1.487133
100.600707054138	-1.013557
100.616327047348	-0.7599735
100.631957054138	-0.7799878
100.647587060928	-1.009269
100.663207054138	-1.315297
100.678837060928	-1.553333
100.694457054138	-1.616992
100.710087060928	-1.464252
100.725707054138	-1.118276
100.741337060928	-0.6245341
100.756967067719	-0.02598333
100.772587060928	0.6324015
100.788217067719	1.300769
100.803837060928	1.908849
100.819467067719	2.365589
100.835087060928	2.593701
100.850717067719	2.565438
100.866347074509	2.324174
100.881967067719	1.972138
100.897597074509	1.614322
100.913217067719	1.304561
100.928847074509	1.036671
100.944467067719	0.7695832
100.960097074509	0.4722161
100.975727081299	0.1613269
100.991347074509	-0.1075201
101.006977081299	-0.2662163
101.022597074509	-0.277935
101.038227081299	-0.1475191
101.053847074509	0.07525206
101.069477081299	0.3345852
101.085107088089	0.587636
101.100727081299	0.8024483
101.116357088089	0.9534883
101.131977081299	1.007852
101.147607088089	0.9357138
101.163227081299	0.7312398
101.178857088089	0.443161
101.194487094879	0.1664453
101.210107088089	0.002244949
101.225737094879	0.008284569
101.241357088089	0.1783166
101.256987094879	0.4365425
101.272607088089	0.6755867
101.288237094879	0.8051033
101.303867101669	0.7974215
101.319487094879	0.6771541
101.335117101669	0.5042024
101.350737094879	0.3270955
101.366367101669	0.1496985
101.381987094879	-0.04926801
101.397617101669	-0.2991636
101.413247108459	-0.5926142
101.428867101669	-0.8670323
101.444497108459	-1.049036
101.460117101669	-1.094357
101.475747108459	-1.035006
101.491367101669	-0.9401822
101.506997108459	-0.8933053
101.52262711525	-0.9263442
101.538247108459	-0.9875784
101.55387711525	-0.9854004
101.569497108459	-0.8361874
101.58512711525	-0.5207093
101.600747108459	-0.1009185
101.61637711525	0.3316474
101.63200712204	0.716151
101.64762711525	1.026113
101.66325712204	1.272497
101.67887711525	1.451556
101.69450712204	1.542356
101.71012711525	1.505318
101.72575712204	1.332885
101.74138712883	1.064419
101.75700712204	0.792661
101.77263712883	0.6016529
101.78825712204	0.5189618
101.80388712883	0.5178803
101.81950712204	0.5283817
101.83513712883	0.4756138
101.850766897202	0.3157625
101.86638712883	0.035689
101.882016897202	-0.3254532
101.89763712883	-0.688879
101.913266897202	-0.9698575
101.92888712883	-1.087368
101.944516897202	-1.009229
101.960146903992	-0.7670846
101.975766897202	-0.4453475
101.991396903992	-0.152712
102.007016897202	0.02552599
102.022646903992	0.05345625
102.038266897202	-0.05616206
102.053896903992	-0.2785754
102.069526910782	-0.575183
102.085146903992	-0.9088587
102.100776910782	-1.232888
102.116396903992	-1.472827
102.132026910782	-1.547469
102.147646903992	-1.400187
102.163276910782	-1.03652
102.178906917572	-0.5271959
102.194526910782	0.01082881
102.210156917572	0.4538034
102.225776910782	0.7154702
102.241406917572	0.7424624
102.257026910782	0.550732
102.272656917572	0.2040381
102.288286924362	-0.2091027
102.303906917572	-0.5997755
102.319536924362	-0.9023836
102.335156917572	-1.099044
102.350786924362	-1.197263
102.366406917572	-1.215493
102.382036924362	-1.180157
102.397666931152	-1.100279
102.413286924362	-0.9866827
102.428916931152	-0.8673815
102.444536924362	-0.7885182
102.460166931152	-0.8025666
102.475786924362	-0.9313118
102.491416931152	-1.129904
102.507046937943	-1.297957
102.522666931152	-1.308906
102.538296937943	-1.065862
102.553916931152	-0.5645055
102.569546937943	0.09235251
102.585166931152	0.7282652
102.600796937943	1.15807
102.616426944733	1.27227
102.632046937943	1.088014
102.647676944733	0.7298486
102.663296937943	0.3703923
102.678926944733	0.1572957
102.694546937943	0.1451308
102.710176944733	0.294001
102.725806951523	0.5192097
102.741426944733	0.73809
102.757056951523	0.9054482
102.772676944733	1.02436
102.788306951523	1.118073
102.803936958313	1.200816
102.819556951523	1.28788
102.835186958313	1.376467
102.850806951523	1.442852
102.866436958313	1.467782
102.882056951523	1.438104
102.897686958313	1.339182
102.913316965103	1.178238
102.928936958313	0.9754298
102.944566965103	0.7478172
102.960186958313	0.5039395
102.975816965103	0.2308151
102.991436958313	-0.07079971
103.007066965103	-0.3707281
103.022696971893	-0.5846772
103.038316965103	-0.6330712
103.053946971893	-0.4739583
103.069566965103	-0.1639585
103.085196971893	0.1753051
103.100816965103	0.4053719
103.116446971893	0.45123
103.132076978683	0.3296404
103.147696971893	0.1352408
103.163326978683	-0.03571892
103.178946971893	-0.1411042
103.194576978683	-0.1937757
103.210196971893	-0.2393548
103.225826978683	-0.3020689
103.241456985474	-0.3696473
103.257076978683	-0.4126174
103.272706985474	-0.4193559
103.288326978683	-0.4115579
103.303956985474	-0.4369044
103.319576978683	-0.543678
103.335206985474	-0.7499576
103.350836992264	-1.047818
103.366456985474	-1.404344
103.382086992264	-1.788131
103.397706985474	-2.153851
103.413336992264	-2.446664
103.428956985474	-2.620432
103.444586992264	-2.640258
103.460216999054	-2.507464
103.475836992264	-2.25809
103.491466999054	-1.965677
103.507086992264	-1.696043
103.522716999054	-1.489159
103.538336992264	-1.343179
103.553966999054	-1.209185
103.569597005844	-1.017044
103.585216999054	-0.7025003
103.600847005844	-0.2459047
103.616466999054	0.3243005
103.632097005844	0.9101071
103.647716999054	1.408347
103.663347005844	1.730677
103.678977012634	1.856837
103.694597005844	1.821908
103.710227012634	1.695122
103.725847005844	1.552079
103.741477012634	1.428927
103.757097005844	1.342188
103.772727012634	1.27514
103.788357019424	1.214205
103.803977012634	1.15924
103.819607019424	1.119453
103.835227012634	1.095835
103.850857019424	1.076013
103.866477012634	1.059812
103.882107019424	1.044936
103.897737026215	1.045188
103.913357019424	1.075743
103.928987026215	1.131385
103.944607019424	1.182846
103.960237026215	1.197166
103.975857019424	1.147856
103.991487026215	1.016272
104.007117033005	0.8156211
104.022737026215	0.5511835
104.038367033005	0.2407708
104.053987026215	-0.09537315
104.069617033005	-0.4108412
104.085237026215	-0.6522894
104.100867033005	-0.7830577
104.116497039795	-0.8074174
104.132117033005	-0.7810676
104.147747039795	-0.7574086
104.163367033005	-0.7811496
104.178997039795	-0.8297682
104.194617033005	-0.8551593
104.210247039795	-0.825088
104.225877046585	-0.7443953
104.241497039795	-0.6815171
104.257127046585	-0.7012138
104.272747039795	-0.8324795
104.288377046585	-1.029866
104.303997039795	-1.218423
104.319627046585	-1.324131
104.335257053375	-1.326196
104.350877046585	-1.244617
104.366507053375	-1.118166
104.382127046585	-0.9956055
104.397757053375	-0.9298787
104.413377046585	-0.977066
104.429007053375	-1.177022
104.444637060165	-1.539715
104.460257053375	-1.991772
104.475887060165	-2.410105
104.491507053375	-2.655424
104.507137060165	-2.64785
104.522757053375	-2.399503
104.538387060165	-1.985868
104.554017066956	-1.500981
104.569637060165	-0.9851589
104.585267066956	-0.4293489
104.600887060165	0.2043624
104.616517066956	0.9076729
104.632137060165	1.598774
104.647767066956	2.144515
104.663397073746	2.422162
104.679017066956	2.40379
104.694647073746	2.142903
104.710267066956	1.753969
104.725897073746	1.352899
104.741517066956	1.012482
104.757147073746	0.7487648
104.772777080536	0.5364826
104.788397073746	0.3559704
104.804027080536	0.2129939
104.819647073746	0.1498988
104.835277080536	0.2104173
104.850897073746	0.4003139
104.866527080536	0.6614037
104.882157087326	0.8981369
104.897777080536	1.009272
104.913407087326	0.9466009
104.929027080536	0.7460778
104.944657087326	0.5036149
104.960287094116	0.3263209
104.975907087326	0.2758303
104.991537094116	0.3377945
105.007157087326	0.4615743
105.022787094116	0.5984251
105.038407087326	0.7493973
105.054037094116	0.9382401
105.069667100906	1.175694
105.085287094116	1.4059
105.100917100906	1.5154
105.116537094116	1.407487
105.132167100906	1.068503
105.147787094116	0.5949306
105.163417100906	0.1405947
105.179047107697	-0.150686
105.194667100906	-0.2385912
105.210297107697	-0.1866777
105.225917100906	-0.1194568
105.241547107697	-0.1650879
105.257167100906	-0.4000897
105.272797107697	-0.8170581
105.288427114487	-1.354266
105.304047107697	-1.905346
105.319677114487	-2.365085
105.335297107697	-2.626389
105.350927114487	-2.610812
105.366547107697	-2.32397
105.382177114487	-1.85429
105.397807121277	-1.3601
105.413427114487	-1.005722
105.429057121277	-0.9005704
105.444677114487	-1.045267
105.460307121277	-1.327701
105.475927114487	-1.562912
105.491557121277	-1.577785
105.507187128067	-1.270414
105.522807121277	-0.6804466
105.538437128067	0.0534029
105.554057121277	0.7459877
105.569687128067	1.262147
105.585307121277	1.559565
105.600937128067	1.697295
105.616566896439	1.755822
105.632187128067	1.780777
105.647816896439	1.759206
105.663437128067	1.625309
105.679066896439	1.346441
105.694687128067	0.946533
105.710316896439	0.5088165
105.725946903229	0.1578684
105.741566896439	-0.008755922
105.757196903229	0.04140687
105.772816896439	0.27159
105.788446903229	0.5846281
105.804066896439	0.8668492
105.819696903229	1.027541
105.835326910019	1.03877
105.850946903229	0.9382117
105.866576910019	0.8096609
105.882196903229	0.7384343
105.897826910019	0.7448812
105.913446903229	0.7962494
105.929076910019	0.8228991
105.944706916809	0.7749677
105.960326910019	0.6461382
105.975956916809	0.4797716
105.991576910019	0.3149803
106.007206916809	0.1663599
106.022826910019	0.01818943
106.038456916809	-0.1570389
106.054086923599	-0.3521085
106.069706916809	-0.5202336
106.085336923599	-0.6194348
106.100956916809	-0.6491618
106.116586923599	-0.6655133
106.132206916809	-0.7500086
106.147836923599	-0.953109
106.163466930389	-1.246049
106.179086923599	-1.527667
106.194716930389	-1.69779
106.210336923599	-1.692107
106.225966930389	-1.531757
106.241586923599	-1.293977
106.257216930389	-1.05328
106.27284693718	-0.8588209
106.288466930389	-0.7298844
106.30409693718	-0.6791816
106.319716930389	-0.7192852
106.33534693718	-0.8638637
106.350966930389	-1.099574
106.36659693718	-1.385304
106.38222694397	-1.657755
106.39784693718	-1.836134
106.41347694397	-1.864038
106.42909693718	-1.69984
106.44472694397	-1.345497
106.46034693718	-0.8390963
106.47597694397	-0.2336068
106.49160695076	0.3970461
106.50722694397	0.9901464
106.52285695076	1.485124
106.53847694397	1.859818
106.55410695076	2.100802
106.56972694397	2.21681
106.58535695076	2.208697
106.60098695755	2.073998
106.61660695076	1.813084
106.63223695755	1.460616
106.64785695076	1.086582
106.66348695755	0.7798202
106.67910695076	0.6258998
106.69473695755	0.6487648
106.71036696434	0.8211737
106.72598695755	1.052864
106.74161696434	1.239612
106.75723695755	1.302358
106.77286696434	1.227076
106.78848695755	1.043023
106.80411696434	0.8022344
106.81974697113	0.5331399
106.83536696434	0.2346449
106.85099697113	-0.0944643
106.86661696434	-0.4333203
106.88224697113	-0.7243564
106.89786696434	-0.8785017
106.91349697113	-0.8567421
106.929126977921	-0.6939368
106.94474697113	-0.4962785
106.960376977921	-0.3855634
106.97599697113	-0.4249864
106.991626977921	-0.5797749
107.00724697113	-0.7310042
107.022876977921	-0.7598858
107.038506984711	-0.622088
107.054126977921	-0.38469
107.069756984711	-0.1801472
107.085376977921	-0.1658223
107.101006984711	-0.4031117
107.116626977921	-0.8396537
107.132256984711	-1.323154
107.147886991501	-1.665555
107.163506984711	-1.727737
107.179136991501	-1.493272
107.194756984711	-1.087349
107.210386991501	-0.7056031
107.226006984711	-0.5349011
107.241636991501	-0.6503801
107.257266998291	-1.000406
107.272886991501	-1.439789
107.288516998291	-1.800929
107.304136991501	-1.975741
107.319766998291	-1.944802
107.335386991501	-1.757886
107.351016998291	-1.456035
107.366647005081	-1.057381
107.382266998291	-0.5498542
107.397897005081	0.07719147
107.413516998291	0.7974038
107.429147005081	1.518969
107.444766998291	2.095939
107.460397005081	2.395685
107.476027011871	2.349085
107.491647005081	1.983542
107.507277011871	1.422591
107.522897005081	0.8497779
107.538527011871	0.4208972
107.554157018661	0.219851
107.569777011871	0.2626556
107.585407018661	0.4740137
107.601027011871	0.7679284
107.616657018661	1.066464
107.632277011871	1.309618
107.647907018661	1.45319
107.663537025452	1.480841
107.679157018661	1.390576
107.694787025452	1.220922
107.710407018661	1.024416
107.726037025452	0.8304774
107.741657018661	0.637889
107.757287025452	0.4031278
107.772917032242	0.09229434
107.788537025452	-0.3040352
107.804167032242	-0.7277239
107.819787025452	-1.087086
107.835417032242	-1.304562
107.851037025452	-1.341352
107.866667032242	-1.216343
107.882297039032	-0.974134
107.897917032242	-0.6673421
107.913547039032	-0.3389182
107.929167032242	-0.04155146
107.944797039032	0.153541
107.960417032242	0.1737602
107.976047039032	-0.01531261
107.991677045822	-0.388373
108.007297039032	-0.8558245
108.022927045822	-1.287238
108.038547039032	-1.573655
108.054177045822	-1.678131
108.069797039032	-1.620867
108.085427045822	-1.459437
108.101057052612	-1.247808
108.116677045822	-1.009324
108.132307052612	-0.7512639
108.147927045822	-0.4820923
108.163557052612	-0.2150343
108.179177045822	0.0100196
108.194807052612	0.1482392
108.210437059402	0.1718966
108.226057052612	0.09534347
108.241687059402	-0.03507829
108.257307052612	-0.1177356
108.272937059402	-0.04817915
108.288557052612	0.2493217
108.304187059402	0.7621322
108.319817066193	1.389639
108.335437059402	1.954068
108.351067066193	2.286626
108.366687059402	2.291786
108.382317066193	1.994478
108.397937059402	1.547003
108.413567066193	1.130832
108.429197072983	0.8722463
108.444817066193	0.7813169
108.460447072983	0.7664044
108.476067066193	0.7348174
108.491697072983	0.6350749
108.507317066193	0.5105535
108.522947072983	0.4444193
108.538577079773	0.497592
108.554197072983	0.6377585
108.569827079773	0.7588046
108.585447072983	0.7350441
108.601077079773	0.5073529
108.616697072983	0.1337926
108.632327079773	-0.2282462
108.647957086563	-0.4024975
108.663577079773	-0.2960455
108.679207086563	0.05926943
108.694827079773	0.5128487
108.710457086563	0.8741424
108.726077079773	1.014028
108.741707086563	0.9056432
108.757337093353	0.6392386
108.772957086563	0.3377082
108.788587093353	0.1180997
108.804207086563	0.007257104
108.819837093353	-0.03263104
108.835457086563	-0.07124317
108.851087093353	-0.1553444
108.866717100143	-0.2931635
108.882337093353	-0.4652839
108.897967100143	-0.6455863
108.913587093353	-0.8151677
108.929217100143	-0.9710078
108.944837093353	-1.111569
108.960467100143	-1.238529
108.976097106934	-1.355536
108.991717100143	-1.47419
109.007347106934	-1.620174
109.022967100143	-1.781617
109.038597106934	-1.912472
109.054217100143	-1.925076
109.069847106934	-1.729189
109.085477113724	-1.28287
109.101097106934	-0.6234096
109.116727113724	0.1322523
109.132347106934	0.8392291
109.147977113724	1.379064
109.163597106934	1.728575
109.179227113724	1.919405
109.194857120514	2.003705
109.210477113724	2.00807
109.226107120514	1.913641
109.241727113724	1.68969
109.257357120514	1.334029
109.272977113724	0.9098707
109.288607120514	0.5198498
109.304237127304	0.2638266
109.319857120514	0.1748049
109.335487127304	0.2175484
109.351107120514	0.327785
109.366737127304	0.4671713
109.382357120514	0.6314013
109.397987127304	0.8262211
109.413616895676	1.03762
109.429237127304	1.189212
109.444866895676	1.190541
109.460487127304	1.016852
109.476116895676	0.7222445
109.491737127304	0.4650016
109.507366895676	0.3717294
109.522996902466	0.4680979
109.538616895676	0.6569048
109.554246902466	0.7770135
109.569866895676	0.6992517
109.585496902466	0.4126624
109.601116895676	0.01868451
109.616746902466	-0.3220785
109.632376909256	-0.4882896
109.647996902466	-0.4503409
109.663626909256	-0.281901
109.679246902466	-0.1195624
109.694876909256	-0.09694982
109.710496902466	-0.2931055
109.726126909256	-0.6926032
109.741756916046	-1.196957
109.757376909256	-1.66952
109.773006916046	-1.972909
109.788626909256	-2.055362
109.804256916046	-1.965264
109.819886922836	-1.826113
109.835506916046	-1.755758
109.851136922836	-1.811378
109.866756916046	-1.941268
109.882386922836	-2.039804
109.898006916046	-2.022953
109.913636922836	-1.872722
109.929266929626	-1.658385
109.944886922836	-1.45415
109.960516929626	-1.273608
109.976136922836	-1.066806
109.991766929626	-0.7106658
110.007386922836	-0.1185218
110.023016929626	0.6972739
110.038646936417	1.601836
110.054266929626	2.390611
110.069896936417	2.86579
110.085516929626	2.943989
110.101146936417	2.667669
110.116766929626	2.192277
110.132396936417	1.689768
110.148026943207	1.302975
110.163646936417	1.083851
110.179276943207	1.003743
110.194896936417	0.9943022
110.210526943207	0.9732974
110.226146936417	0.907976
110.241776943207	0.7990203
110.257406949997	0.6708425
110.273026943207	0.566359
110.288656949997	0.4897114
110.304276943207	0.4285153
110.319906949997	0.360521
110.335526943207	0.2905757
110.351156949997	0.2317704
110.366786956787	0.2279059
110.382406949997	0.2961553
110.398036956787	0.4083412
110.413656949997	0.4935505
110.429286956787	0.4538467
110.444906949997	0.2322934
110.460536956787	-0.1382656
110.476166963577	-0.5544736
110.491786956787	-0.8822063
110.507416963577	-1.034747
110.523036956787	-1.012416
110.538666963577	-0.904686
110.554286956787	-0.8366121
110.569916963577	-0.9054133
110.585546970367	-1.118177
110.601166963577	-1.406427
110.616796970367	-1.652377
110.632416963577	-1.762475
110.648046970367	-1.697333
110.663666963577	-1.488703
110.679296970367	-1.232256
110.694926977158	-1.010918
110.710546970367	-0.8824567
110.726176977158	-0.8500035
110.741796970367	-0.8792555
110.757426977158	-0.9310018
110.773046970367	-0.9620578
110.788676977158	-0.958311
110.804306983948	-0.8963847
110.819926977158	-0.745141
110.835556983948	-0.4640409
110.851176977158	-0.03025699
110.866806983948	0.5239096
110.882426977158	1.102498
110.898056983948	1.594859
110.913686990738	1.905662
110.929306983948	2.001245
110.944936990738	1.924225
110.960556983948	1.755164
110.976186990738	1.568444
110.991806983948	1.40615
111.007436990738	1.248542
111.023066997528	1.057502
111.038686990738	0.8174849
111.054316997528	0.5633724
111.069936990738	0.3751223
111.085566997528	0.3388659
111.101186990738	0.470226
111.116816997528	0.7115221
111.132447004318	0.9292834
111.148066997528	0.9904527
111.163697004318	0.8281648
111.179316997528	0.4944665
111.194947004318	0.1270334
111.210566997528	-0.1209038
111.226197004318	-0.1762042
111.241827011108	-0.09198749
111.257447004318	-0.02320921
111.273077011108	-0.1197159
111.288697004318	-0.4428958
111.304327011108	-0.9160337
111.319947004318	-1.366112
111.335577011108	-1.632294
111.351207017899	-1.640305
111.366827011108	-1.438452
111.382457017899	-1.169398
111.398077011108	-0.9829445
111.413707017899	-0.9520687
111.429327011108	-1.06223
111.444957017899	-1.219905
111.460587024689	-1.29695
111.476207017899	-1.230839
111.491837024689	-1.029079
111.507457017899	-0.761649
111.523087024689	-0.5315883
111.538707017899	-0.4116742
111.554337024689	-0.430962
111.569967031479	-0.5783968
111.585587024689	-0.8265345
111.601217031479	-1.138049
111.616837024689	-1.477312
111.632467031479	-1.804118
111.648087024689	-2.052544
111.663717031479	-2.16035
111.679347038269	-2.066024
111.694967031479	-1.747714
111.710597038269	-1.221051
111.726217031479	-0.5429823
111.741847038269	0.2122375
111.757467031479	0.9522097
111.773097038269	1.591812
111.788727045059	2.049405
111.804347038269	2.273134
111.819977045059	2.251998
111.835597038269	2.024448
111.851227045059	1.677898
111.866847038269	1.308866
111.882477045059	1.000163
111.898107051849	0.7983117
111.913727045059	0.7090086
111.929357051849	0.7163957
111.944977045059	0.7988261
111.960607051849	0.9496181
111.976227045059	1.163193
111.991857051849	1.406938
112.00748705864	1.630474
112.023107051849	1.759723
112.03873705864	1.736944
112.054357051849	1.555276
112.06998705864	1.258638
112.08561706543	0.9274906
112.10123705864	0.6400162
112.11686706543	0.4419478
112.13248705864	0.3112197
112.14811706543	0.2037487
112.16373705864	0.06974959
112.17936706543	-0.09241438
112.19499707222	-0.2352443
112.21061706543	-0.2883503
112.22624707222	-0.2112546
112.24186706543	-0.04127109
112.25749707222	0.1164608
112.27311706543	0.1270657
112.28874707222	-0.09851527
112.30437707901	-0.54334
112.31999707222	-1.08845
112.33562707901	-1.550678
112.35124707222	-1.753459
112.36687707901	-1.641569
112.38249707222	-1.307831
112.39812707901	-0.9692378
112.4137570858	-0.8466554
112.42937707901	-1.054142
112.4450070858	-1.528083
112.46062707901	-2.063311
112.4762570858	-2.404855
112.49187707901	-2.391069
112.5075070858	-2.023059
112.52313709259	-1.432035
112.5387570858	-0.8070886
112.55438709259	-0.2682354
112.5700070858	0.1621177
112.58563709259	0.5498574
112.6012570858	0.9611485
112.61688709259	1.404165
112.63251709938	1.798982
112.64813709259	2.027511
112.66376709938	2.002429
112.67938709259	1.730155
112.69501709938	1.318197
112.71063709259	0.919786
112.72626709938	0.6568618
112.741897106171	0.5630884
112.75751709938	0.5709381
112.773147106171	0.5639541
112.78876709938	0.4708476
112.804397106171	0.3162928
112.82001709938	0.2029049
112.835647106171	0.2319362
112.851277112961	0.4162149
112.866897106171	0.6472495
112.882527112961	0.7580771
112.898147106171	0.6261914
112.913777112961	0.2759662
112.929397106171	-0.1231759
112.945027112961	-0.3580432
112.960657119751	-0.3084199
112.976277112961	-0.01863575
112.991907119751	0.3211823
113.007527112961	0.4958072
113.023157119751	0.4000423
113.038777112961	0.08683634
113.054407119751	-0.2869151
113.070037126541	-0.5647871
113.085657119751	-0.7054598
113.101287126541	-0.7771685
113.116907119751	-0.9022167
113.132537126541	-1.125658
113.148157119751	-1.394967
113.163787126541	-1.583424
113.179416894913	-1.599576
113.195037126541	-1.478482
113.210666894913	-1.375325
113.226287126541	-1.480394
113.241916894913	-1.865052
113.257537126541	-2.421633
113.273166894913	-2.891603
113.288796901703	-3.017216
113.304416894913	-2.685515
113.320046901703	-1.996923
113.335666894913	-1.191112
113.351296901703	-0.4976654
113.366916894913	-0.02155685
113.382546901703	0.2939162
113.398176908493	0.5868769
113.413796901703	0.9609861
113.429426908493	1.423429
113.445046901703	1.87695
113.460676908493	2.197239
113.476296901703	2.304581
113.491926908493	2.185639
113.507556915283	1.893587
113.523176908493	1.507648
113.538806915283	1.095213
113.554426908493	0.7151952
113.570056915283	0.4412675
113.585676908493	0.3452539
113.601306915283	0.4883294
113.616936922073	0.8516579
113.632556915283	1.329451
113.648186922073	1.766053
113.663806915283	2.011889
113.679436922073	2.011827
113.695056915283	1.828031
113.710686922073	1.590555
113.726316928864	1.433877
113.741936922073	1.403245
113.757566928864	1.456579
113.773186922073	1.486925
113.788816928864	1.398085
113.804436922073	1.157352
113.820066928864	0.803937
113.835696935654	0.4259114
113.851316928864	0.1083798
113.866946935654	-0.1060104
113.882566928864	-0.2268958
113.898196935654	-0.305078
113.913816928864	-0.4001093
113.929446935654	-0.5493841
113.945076942444	-0.7461085
113.960696935654	-0.9384346
113.976326942444	-1.054014
113.991946935654	-1.048763
114.007576942444	-0.9333973
114.023196935654	-0.77985
114.038826942444	-0.6907616
114.054456949234	-0.7413669
114.070076942444	-0.9486647
114.085706949234	-1.276888
114.101326942444	-1.636836
114.116956949234	-1.964335
114.132576942444	-2.214765
114.148206949234	-2.37217
114.163836956024	-2.433557
114.179456949234	-2.384797
114.195086956024	-2.194469
114.210706949234	-1.839214
114.226336956024	-1.298603
114.241956949234	-0.5932679
114.257586956024	0.2058706
114.273216962814	0.998579
114.288836956024	1.651628
114.304466962814	2.060323
114.320086956024	2.183253
114.335716962814	2.066698
114.351336956024	1.804501
114.366966962814	1.504736
114.382596969604	1.225643
114.398216962814	0.962009
114.413846969604	0.6791615
114.429466962814	0.3505702
114.445096969604	0.009850025
114.460716962814	-0.2749867
114.476346969604	-0.4304442
114.491976976395	-0.4335656
114.507596969604	-0.3248758
114.523226976395	-0.1830626
114.538846969604	-0.08144808
114.554476976395	-0.03439808
114.570096969604	-0.02041817
114.585726976395	0.002285957
114.601356983185	0.06468868
114.616976976395	0.158339
114.632606983185	0.2715874
114.648226976395	0.3983698
114.663856983185	0.5398612
114.679486989975	0.6935391
114.695106983185	0.8497057
114.710736989975	0.966538
114.726356983185	1.00722
114.741986989975	0.9530783
114.757606983185	0.8004446
114.773236989975	0.5761604
114.788866996765	0.3160558
114.804486989975	0.03347492
114.820116996765	-0.2508259
114.835736989975	-0.5180402
114.851366996765	-0.7426281
114.866986989975	-0.8867736
114.882616996765	-0.9302034
114.898247003555	-0.8877425
114.913866996765	-0.7819996
114.929497003555	-0.661274
114.945116996765	-0.561934
114.960747003555	-0.4854851
114.976366996765	-0.4280777
114.991997003555	-0.3815718
115.007627010345	-0.3463626
115.023247003555	-0.3425107
115.038877010345	-0.3852639
115.054497003555	-0.4729347
115.070127010345	-0.5922604
115.085747003555	-0.7233934
115.101377010345	-0.8055615
115.117007017136	-0.7798748
115.132627010345	-0.5642891
115.148257017136	-0.1086202
115.163877010345	0.5823774
115.179507017136	1.414697
115.195127010345	2.204004
115.210757017136	2.730841
115.226387023926	2.825853
115.242007017136	2.470361
115.257637023926	1.795494
115.273257017136	1.034317
115.288887023926	0.4249444
115.304507017136	0.08360958
115.320137023926	-0.005485058
115.335767030716	0.04108572
115.351387023926	0.08079004
115.367017030716	0.02042294
115.382637023926	-0.145103
115.398267030716	-0.3523664
115.413887023926	-0.4936395
115.429517030716	-0.4842176
115.445147037506	-0.3125367
115.460767030716	-0.03415203
115.476397037506	0.2599182
115.492017030716	0.4833894
115.507647037506	0.5908055
115.523267030716	0.5973582
115.538897037506	0.5563288
115.554527044296	0.5320024
115.570147037506	0.5669198
115.585777044296	0.63592
115.601397037506	0.6807313
115.617027044296	0.6146159
115.632647037506	0.3762846
115.648277044296	-0.05159044
115.663907051086	-0.6141543
115.679527044296	-1.182425
115.695157051086	-1.593834
115.710777044296	-1.713871
115.726407051086	-1.512123
115.742027044296	-1.071977
115.757657051086	-0.5832806
115.773287057877	-0.2360296
115.788907051086	-0.1267333
115.804537057877	-0.2036872
115.820157051086	-0.3351936
115.835787057877	-0.3847508
115.851407051086	-0.3092251
115.867037057877	-0.1770492
115.882667064667	-0.1038861
115.898287057877	-0.1846714
115.913917064667	-0.4259911
115.929537057877	-0.7610493
115.945167064667	-1.07035
115.960787057877	-1.255543
115.976417064667	-1.247815
115.992047071457	-1.013
116.007667064667	-0.5820174
116.023297071457	-0.01874352
116.038917064667	0.5499396
116.054547071457	0.9984179
116.070167064667	1.231351
116.085797071457	1.23855
116.101427078247	1.074902
116.117047071457	0.8546605
116.132677078247	0.6667948
116.148297071457	0.5436101
116.163927078247	0.4555249
116.179547071457	0.3504725
116.195177078247	0.2274523
116.210807085037	0.125927
116.226427078247	0.1116481
116.242057085037	0.2281017
116.257677078247	0.4516978
116.273307085037	0.7159567
116.288927078247	0.9225693
116.304557085037	1.0186
116.320187091827	0.9970565
116.335807085037	0.9025559
116.351437091827	0.804214
116.367057085037	0.7473655
116.382687091827	0.74229
116.398307085037	0.7722244
116.413937091827	0.8069663
116.429567098618	0.8240042
116.445187091827	0.8136621
116.460817098618	0.7725525
116.476437091827	0.7050295
116.492067098618	0.6191802
116.507687091827	0.5055089
116.523317098618	0.3628726
116.538947105408	0.1919546
116.554567098618	0.01145983
116.570197105408	-0.1586409
116.585817098618	-0.2772989
116.601447105408	-0.3552942
116.617067098618	-0.4245915
116.632697105408	-0.5547705
116.648327112198	-0.8090339
116.663947105408	-1.19914
116.679577112198	-1.661898
116.695197105408	-2.07232
116.710827112198	-2.308736
116.726447105408	-2.325931
116.742077112198	-2.172601
116.757707118988	-1.974448
116.773327112198	-1.846838
116.788957118988	-1.850619
116.804577112198	-1.949903
116.820207118988	-2.057282
116.835827112198	-2.091367
116.851457118988	-1.992836
116.867087125778	-1.732006
116.882707118988	-1.299845
116.898337125778	-0.6890368
116.913957118988	0.07070017
116.929587125778	0.905045
116.94521689415	1.683053
116.960837125778	2.267146
116.97646689415	2.578044
116.992087125778	2.631279
117.00771689415	2.528452
117.023337125778	2.396117
117.03896689415	2.302773
117.05459690094	2.243387
117.07021689415	2.13364
117.08584690094	1.892722
117.10146689415	1.477613
117.11709690094	0.9278626
117.13271689415	0.3344345
117.14834690094	-0.188622
117.16397690773	-0.5591908
117.17959690094	-0.730433
117.19522690773	-0.6884239
117.21084690094	-0.447541
117.22647690773	-0.06169057
117.24209690094	0.3903008
117.25772690773	0.8007498
117.27335691452	1.060951
117.28897690773	1.095343
117.30460691452	0.8921018
117.32022690773	0.5161972
117.33585691452	0.06121182
117.35147690773	-0.3736014
117.36710691452	-0.7184837
117.38273692131	-0.9428356
117.39835691452	-1.040649
117.41398692131	-0.9994328
117.42960691452	-0.8296759
117.44523692131	-0.5642416
117.46085691452	-0.2788429
117.47648692131	-0.07691717
117.492116928101	-0.04077125
117.50773692131	-0.1734755
117.523366928101	-0.4033608
117.53898692131	-0.6263137
117.554616928101	-0.749696
117.57023692131	-0.776351
117.585866928101	-0.7771807
117.601496934891	-0.8385093
117.617116928101	-1.00217
117.632746934891	-1.243575
117.648366928101	-1.482392
117.663996934891	-1.651914
117.679616928101	-1.732539
117.695246934891	-1.738322
117.710876941681	-1.710254
117.726496934891	-1.6812
117.742126941681	-1.659611
117.757746934891	-1.668599
117.773376941681	-1.71521
117.788996934891	-1.787432
117.804626941681	-1.833002
117.820256948471	-1.766223
117.835876941681	-1.493625
117.851506948471	-0.9646349
117.867126941681	-0.2073326
117.882756948471	0.6983118
117.898376941681	1.620267
117.914006948471	2.445911
117.929636955261	3.070237
117.945256948471	3.415965
117.960886955261	3.428463
117.976506948471	3.109562
117.992136955261	2.536965
118.007756948471	1.864124
118.023386955261	1.288148
118.039016962051	0.9592156
118.054636955261	0.934289
118.070266962051	1.144401
118.085886955261	1.447056
118.101516962051	1.694197
118.117136955261	1.797607
118.132766962051	1.727602
118.148396968842	1.504714
118.164016962051	1.168795
118.179646968842	0.7594359
118.195266962051	0.3512154
118.210896968842	0.04477763
118.226516962051	-0.06340718
118.242146968842	0.09415674
118.257776975632	0.4735279
118.273396968842	0.9377792
118.289026975632	1.264313
118.304646968842	1.274419
118.320276975632	0.8915026
118.335896968842	0.1997552
118.351526975632	-0.586956
118.367156982422	-1.231508
118.382776975632	-1.562996
118.398406982422	-1.556713
118.414026975632	-1.31591
118.429656982422	-1.034816
118.445276975632	-0.8832521
118.460906982422	-0.9630792
118.476536989212	-1.246647
118.492156982422	-1.598802
118.507786989212	-1.843619
118.523406982422	-1.853969
118.539036989212	-1.602293
118.554656982422	-1.189442
118.570286989212	-0.7787712
118.585916996002	-0.5150142
118.601536989212	-0.4564538
118.617166996002	-0.5637646
118.632786989212	-0.7389669
118.648416996002	-0.885704
118.664036989212	-0.9606061
118.679666996002	-0.9656849
118.695297002792	-0.9007778
118.710916996002	-0.7451184
118.726547002792	-0.455265
118.742166996002	-0.01151681
118.757797002792	0.5332446
118.773416996002	1.064708
118.789047002792	1.465027
118.804677009583	1.683577
118.820297002792	1.756562
118.835927009583	1.761275
118.851547002792	1.761863
118.867177009583	1.744687
118.882797002792	1.643029
118.898427009583	1.380297
118.914057016373	0.9473975
118.929677009583	0.4225249
118.945307016373	-0.05512857
118.960927009583	-0.3655987
118.976557016373	-0.4529593
118.992177009583	-0.3489146
119.007807016373	-0.15183
119.023437023163	0.04249644
119.039057016373	0.1669216
119.054687023163	0.1881065
119.070307016373	0.1207345
119.085937023163	-0.01618648
119.101567029953	-0.1974082
119.117187023163	-0.4001095
119.132817029953	-0.5868865
119.148437023163	-0.7183943
119.164067029953	-0.754609
119.179687023163	-0.703145
119.195317029953	-0.5826013
119.210947036743	-0.4488688
119.226567029953	-0.3403802
119.242197036743	-0.2709413
119.257817029953	-0.2190775
119.273447036743	-0.1765088
119.289067029953	-0.1478845
119.304697036743	-0.1631027
119.320327043533	-0.2409189
119.335947036743	-0.3743908
119.351577043533	-0.5168192
119.367197036743	-0.6100199
119.382827043533	-0.6349818
119.398447036743	-0.6214983
119.414077043533	-0.6461695
119.429707050323	-0.7623553
119.445327043533	-0.9753206
119.460957050323	-1.221078
119.476577043533	-1.413475
119.492207050323	-1.50559
119.507827043533	-1.511646
119.523457050323	-1.484313
119.539087057114	-1.475406
119.554707050323	-1.513327
119.570337057114	-1.566125
119.585957050323	-1.578992
119.601587057114	-1.484549
119.617207050323	-1.242814
119.632837057114	-0.8395517
119.648467063904	-0.2987964
119.664087057114	0.3352978
119.679717063904	0.9891756
119.695337057114	1.58174
119.710967063904	2.037112
119.726587057114	2.295642
119.742217063904	2.35778
119.757847070694	2.266996
119.773467063904	2.101794
119.789097070694	1.936402
119.804717063904	1.798945
119.820347070694	1.67204
119.835967063904	1.495371
119.851597070694	1.232418
119.867227077484	0.8967335
119.882847070694	0.5596383
119.898477077484	0.3252134
119.914097070694	0.2516956
119.929727077484	0.3409486
119.945347070694	0.4975846
119.960977077484	0.6131337
119.976607084274	0.6312819
119.992227077484	0.5646701
120.007857084274	0.4988787
120.023477077484	0.5108335
120.039107084274	0.6316557
120.054727077484	0.8133569
120.070357084274	0.9747455
120.085987091064	1.035625
120.101607084274	0.9688153
120.117237091064	0.7887309
120.132857084274	0.5478189
120.148487091064	0.2990022
120.164107084274	0.08332276
120.179737091064	-0.06522632
120.195367097855	-0.1283346
120.210987091064	-0.09673214
120.226617097855	-0.01102901
120.242237091064	0.07717037
120.257867097855	0.09109724
120.273487091064	-0.02613235
120.289117097855	-0.2756097
120.304747104645	-0.6094624
120.320367097855	-0.9430231
120.335997104645	-1.212761
120.351617097855	-1.391876
120.367247104645	-1.500649
120.382867097855	-1.558862
120.398497104645	-1.569619
120.414127111435	-1.527598
120.429747104645	-1.431402
120.445377111435	-1.338544
120.460997104645	-1.343086
120.476627111435	-1.52879
120.492247104645	-1.910626
120.507877111435	-2.391558
120.523507118225	-2.791079
120.539127111435	-2.915469
120.554757118225	-2.648735
120.570377111435	-1.986944
120.586007118225	-1.029669
120.601627111435	0.06902313
120.617257118225	1.138514
120.632887125015	2.034952
120.648507118225	2.651374
120.664137125015	2.913387
120.679757118225	2.813059
120.695387125015	2.411415
120.711007118225	1.836575
120.726637125015	1.240873
120.742266893387	0.7526084
120.757887125015	0.4333522
120.773516893387	0.2757703
120.789137125015	0.2404671
120.804766893387	0.276793
120.820387125015	0.3604544
120.836016893387	0.4574996
120.851646900177	0.5365022
120.867266893387	0.5650029
120.882896900177	0.5238115
120.898516893387	0.4180266
120.914146900177	0.2820388
120.929766893387	0.159247
120.945396900177	0.07153285
120.961026906967	0.02347922
120.976646900177	0.002313852
120.992276906967	-0.002173543
121.007896900177	0.009471536
121.023526906967	0.04132605
121.039146900177	0.06920183
121.054776906967	0.04566944
121.070406913757	-0.1003147
121.086026906967	-0.4002912
121.101656913757	-0.8113613
121.117276906967	-1.231199
121.132906913757	-1.521963
121.148526906967	-1.595855
121.164156913757	-1.462898
121.179786920547	-1.234108
121.195406913757	-1.033043
121.211036920547	-0.9464465
121.226656913757	-0.9677436
121.242286920547	-1.026112
121.257906913757	-1.052532
121.273536920547	-1.029575
121.289166927338	-1.001299
121.304786920547	-1.02775
121.320416927338	-1.12954
121.336036920547	-1.251263
121.351666927338	-1.321178
121.367286920547	-1.29104
121.382916927338	-1.189203
121.398546934128	-1.106266
121.414166927338	-1.112439
121.429796934128	-1.203137
121.445416927338	-1.267624
121.461046934128	-1.142262
121.476666927338	-0.7041569
121.492296934128	0.03253007
121.507926940918	0.9122734
121.523546934128	1.718342
121.539176940918	2.265565
121.554796934128	2.498938
121.570426940918	2.487207
121.586046934128	2.358465
121.601676940918	2.222345
121.617306947708	2.102165
121.632926940918	1.955248
121.648556947708	1.729265
121.664176940918	1.429812
121.679806947708	1.125862
121.695426940918	0.9227238
121.711056947708	0.8955913
121.726686954498	1.040083
121.742306947708	1.271749
121.757936954498	1.472395
121.773556947708	1.538184
121.789186954498	1.420444
121.804816961288	1.149758
121.820436954498	0.800915
121.836066961288	0.4848566
121.851686954498	0.2894571
121.867316961288	0.2569821
121.882936954498	0.3451555
121.898566961288	0.4401834
121.914196968079	0.4288571
121.929816961288	0.2412577
121.945446968079	-0.09257102
121.961066961288	-0.4676394
121.976696968079	-0.7554343
121.992316961288	-0.8853023
122.007946968079	-0.8730109
122.023576974869	-0.7812243
122.039196968079	-0.6787174
122.054826974869	-0.5723233
122.070446968079	-0.4338555
122.086076974869	-0.2409832
122.101696968079	-0.02899432
122.117326974869	0.09764814
122.132956981659	0.02807331
122.148576974869	-0.2838662
122.164206981659	-0.772562
122.179826974869	-1.2834
122.195456981659	-1.665098
122.211076974869	-1.850035
122.226706981659	-1.890943
122.242336988449	-1.903945
122.257956981659	-1.975605
122.273586988449	-2.093133
122.289206981659	-2.152994
122.304836988449	-2.021984
122.320456981659	-1.620999
122.336086988449	-0.9784644
122.351716995239	-0.2101533
122.367336988449	0.5356555
122.382966995239	1.149068
122.398586988449	1.575124
122.414216995239	1.81726
122.429836988449	1.882718
122.445466995239	1.78937
122.461097002029	1.570828
122.476716995239	1.299586
122.492347002029	1.081526
122.507966995239	0.9910798
122.523597002029	1.048225
122.539216995239	1.163501
122.554847002029	1.226572
122.57047700882	1.159664
122.586097002029	0.9677894
122.60172700882	0.7463632
122.617347002029	0.5924017
122.63297700882	0.5511177
122.648597002029	0.5731514
122.66422700882	0.5699651
122.67985701561	0.4555593
122.69547700882	0.239357
122.71110701561	0.01544476
122.72672700882	-0.1021619
122.74235701561	-0.06167531
122.75797700882	0.07959247
122.77360701561	0.1962864
122.7892370224	0.1601863
122.80485701561	-0.06092906
122.8204870224	-0.417691
122.83610701561	-0.7922153
122.8517370224	-1.081635
122.86735701561	-1.239703
122.8829870224	-1.279474
122.89861702919	-1.257111
122.9142370224	-1.221271
122.92986702919	-1.2049
122.9454870224	-1.225946
122.96111702919	-1.295356
122.9767370224	-1.423765
122.99236702919	-1.596118
123.00799703598	-1.783396
123.02361702919	-1.919452
123.03924703598	-1.951244
123.05486702919	-1.847223
123.07049703598	-1.634784
123.08611702919	-1.392957
123.10174703598	-1.221859
123.11737704277	-1.207952
123.13299703598	-1.378659
123.14862704277	-1.682916
123.16424703598	-1.995963
123.17987704277	-2.167482
123.19549703598	-2.052594
123.21112704277	-1.584785
123.226757049561	-0.8116784
123.24237704277	0.1148729
123.258007049561	0.9694908
123.27362704277	1.552538
123.289257049561	1.747489
123.30487704277	1.590514
123.320507049561	1.226177
123.336137056351	0.8745775
123.351757049561	0.7116795
123.367387056351	0.8054152
123.383007049561	1.094731
123.398637056351	1.418767
123.414257049561	1.601879
123.429887056351	1.559458
123.445517063141	1.333573
123.461137056351	1.06773
123.476767063141	0.9227772
123.492387056351	0.989357
123.508017063141	1.230791
123.523637056351	1.529447
123.539267063141	1.753526
123.554897069931	1.827805
123.570517063141	1.754648
123.586147069931	1.603196
123.601767063141	1.449855
123.617397069931	1.330352
123.633017063141	1.237261
123.648647069931	1.134089
123.664277076721	0.9767189
123.679897069931	0.7598157
123.695527076721	0.5142479
123.711147069931	0.31253
123.726777076721	0.2319112
123.742397069931	0.3279638
123.758027076721	0.5668883
123.773657083511	0.8347874
123.789277076721	0.9648762
123.804907083511	0.8463464
123.820527076721	0.4720182
123.836157083511	-0.02766037
123.851777076721	-0.4550176
123.867407083511	-0.6727533
123.883037090302	-0.6724029
123.898657083511	-0.5569205
123.914287090302	-0.471283
123.929907083511	-0.5006738
123.945537090302	-0.6261911
123.961157083511	-0.7726927
123.976787090302	-0.8818612
123.992417097092	-0.9518132
124.008037090302	-1.024237
124.023667097092	-1.113245
124.039287090302	-1.158054
124.054917097092	-1.045958
124.070547103882	-0.6719532
124.086167097092	-0.0325613
124.101797103882	0.7739973
124.117417097092	1.582822
124.133047103882	2.251827
124.148667097092	2.718822
124.164297103882	2.985027
124.179927110672	3.095299
124.195547103882	3.064404
124.211177110672	2.871908
124.226797103882	2.482804
124.242427110672	1.898446
124.258047103882	1.182233
124.273677110672	0.4615192
124.289307117462	-0.1184158
124.304927110672	-0.4435613
124.320557117462	-0.4877644
124.336177110672	-0.3354383
124.351807117462	-0.118902
124.367427110672	0.01374102
124.383057117462	-0.02084684
124.398687124252	-0.212234
124.414307117462	-0.4606071
124.429937124252	-0.6577184
124.445557117462	-0.7382572
124.461187124252	-0.7168112
124.476807117462	-0.6813774
124.492437124252	-0.7154074
124.508066892624	-0.8549216
124.523687124252	-1.051868
124.539316892624	-1.218241
124.554937124252	-1.273507
124.570566892624	-1.207064
124.586187124252	-1.055132
124.601816892624	-0.8732312
124.617446899414	-0.6975243
124.633066892624	-0.5152915
124.648696899414	-0.309866
124.664316892624	-0.06987369
124.679946899414	0.1733619
124.695566892624	0.3661803
124.711196899414	0.4615068
124.726826906204	0.4515365
124.742446899414	0.3757085
124.758076906204	0.2975713
124.773696899414	0.2750751
124.789326906204	0.3243883
124.804946899414	0.4080629
124.820576906204	0.4691443
124.836206912994	0.4477723
124.851826906204	0.3213804
124.867456912994	0.1258027
124.883076906204	-0.04535848
124.898706912994	-0.09747866
124.914326906204	0.05612372
124.929956912994	0.4191825
124.945586919785	0.9014151
124.961206912994	1.360349
124.976836919785	1.668065
124.992456912994	1.749543
125.008086919785	1.617284
125.023706912994	1.343262
125.039336919785	1.00483
125.054966926575	0.6470034
125.070586919785	0.2617727
125.086216926575	-0.1869417
125.101836919785	-0.7242339
125.117466926575	-1.323178
125.133086919785	-1.906415
125.148716926575	-2.379186
125.164346933365	-2.686586
125.179966926575	-2.842582
125.195596933365	-2.92135
125.211216926575	-2.997722
125.226846933365	-3.093175
125.242466926575	-3.153373
125.258096933365	-3.060903
125.273726940155	-2.737035
125.289346933365	-2.183314
125.304976940155	-1.51965
125.320596933365	-0.9143961
125.336226940155	-0.5101246
125.351846933365	-0.3529352
125.367476940155	-0.3777803
125.383106946945	-0.4524351
125.398726940155	-0.4806297
125.414356946945	-0.431779
125.429976940155	-0.3408109
125.445606946945	-0.2679524
125.461226940155	-0.2510414
125.476856946945	-0.2584901
125.492486953735	-0.2302489
125.508106946945	-0.1168215
125.523736953735	0.08966219
125.539356946945	0.3432063
125.554986953735	0.5513085
125.570606946945	0.6429397
125.586236953735	0.582288
125.601866960526	0.3792608
125.617486953735	0.05908221
125.633116960526	-0.3457544
125.648736953735	-0.8038425
125.664366960526	-1.253554
125.679986953735	-1.590044
125.695616960526	-1.69195
125.711246967316	-1.468025
125.726866960526	-0.9025341
125.742496967316	-0.1122982
125.758116960526	0.7260154
125.773746967316	1.435943
125.789366960526	1.920909
125.804996967316	2.183397
125.820626974106	2.29484
125.836246967316	2.321624
125.851876974106	2.267919
125.867496967316	2.09383
125.883126974106	1.762431
125.898746967316	1.283255
125.914376974106	0.7472578
125.930006980896	0.2768405
125.945626974106	-0.01863514
125.961256980896	-0.09960449
125.976876974106	-0.004883599
125.992506980896	0.1583118
126.008126974106	0.2814163
126.023756980896	0.3025725
126.039386987686	0.2432761
126.055006980896	0.1699811
126.070636987686	0.1546615
126.086256980896	0.2215181
126.101886987686	0.3336719
126.117506980896	0.4096475
126.133136987686	0.3882415
126.148766994476	0.2670595
126.164386987686	0.08809409
126.180016994476	-0.08195715
126.195636987686	-0.2077146
126.211266994476	-0.2940403
126.226886987686	-0.3543607
126.242516994476	-0.3861163
126.258147001266	-0.3638719
126.273766994476	-0.2619828
126.289397001266	-0.1085192
126.305016994476	0.002732147
126.320647001266	-0.04653949
126.336266994476	-0.3171328
126.351897001266	-0.7534765
126.367527008057	-1.196279
126.383147001266	-1.46178
126.398777008057	-1.438381
126.414397001266	-1.140495
126.430027008057	-0.7183039
126.445657014847	-0.3569729
126.461277008057	-0.2167499
126.476907014847	-0.3672687
126.492527008057	-0.7518805
126.508157014847	-1.235935
126.523777008057	-1.64459
126.539407014847	-1.820546
126.555037021637	-1.659351
126.570657014847	-1.161938
126.586287021637	-0.4055612
126.601907014847	0.4786117
126.617537021637	1.337642
126.633157014847	2.055547
126.648787021637	2.57455
126.664417028427	2.866963
126.680037021637	2.923541
126.695667028427	2.747752
126.711287021637	2.361104
126.726917028427	1.827554
126.742537021637	1.254179
126.758167028427	0.7367648
126.773797035217	0.3339701
126.789417028427	0.03516826
126.805047035217	-0.2022302
126.820667028427	-0.4138363
126.836297035217	-0.5815889
126.851917028427	-0.6422071
126.867547035217	-0.5340292
126.883177042007	-0.2454687
126.898797035217	0.1595635
126.914427042007	0.5629991
126.930047035217	0.8293581
126.945677042007	0.882012
126.961297035217	0.7244781
126.976927042007	0.4288912
126.992557048798	0.08604187
127.008177042007	-0.2073678
127.023807048798	-0.402019
127.039427042007	-0.4824783
127.055057048798	-0.4509949
127.070677042007	-0.3359134
127.086307048798	-0.1688473
127.101937055588	-0.001970053
127.117557048798	0.1107023
127.133187055588	0.1205627
127.148807048798	0.01231277
127.164437055588	-0.1955995
127.180057048798	-0.4612231
127.195687055588	-0.7352918
127.211317062378	-0.9937077
127.226937055588	-1.256251
127.242567062378	-1.555631
127.258187055588	-1.899556
127.273817062378	-2.231393
127.289437055588	-2.444171
127.305067062378	-2.434453
127.320697069168	-2.178684
127.336317062378	-1.751282
127.351947069168	-1.306522
127.367567062378	-0.9919993
127.383197069168	-0.8630595
127.398817062378	-0.8541433
127.414447069168	-0.8077012
127.430077075958	-0.5706776
127.445697069168	-0.07056436
127.461327075958	0.6387327
127.476947069168	1.415694
127.492577075958	2.083913
127.508197069168	2.525887
127.523827075958	2.715561
127.539457082748	2.700206
127.555077075958	2.568062
127.570707082748	2.381972
127.586327075958	2.164764
127.601957082748	1.903577
127.617577075958	1.593061
127.633207082748	1.248602
127.648837089539	0.9273007
127.664457082748	0.6984991
127.680087089539	0.5989463
127.695707082748	0.5933428
127.711337089539	0.6160008
127.726957082748	0.5921943
127.742587089539	0.4855984
127.758217096329	0.339463
127.773837089539	0.2257868
127.789467096329	0.2306933
127.805087089539	0.3732868
127.820717096329	0.5994869
127.836337089539	0.8069906
127.851967096329	0.8919538
127.867597103119	0.8097159
127.883217096329	0.5948019
127.898847103119	0.3363068
127.914467096329	0.1108049
127.930097103119	-0.0344944
127.945717096329	-0.1153389
127.961347103119	-0.1833675
127.976977109909	-0.2713089
127.992597103119	-0.3927177
128.008227109909	-0.5314915
128.023847103119	-0.6529288
128.039477109909	-0.7481115
128.055097103119	-0.8211313
128.070727109909	-0.8912261
128.086357116699	-0.9710353
128.101977109909	-1.057818
128.117607116699	-1.129809
128.133227109909	-1.180535
128.148857116699	-1.238965
128.164477109909	-1.349155
128.180107116699	-1.551615
128.195737123489	-1.866408
128.211357116699	-2.260386
128.226987123489	-2.659368
128.242607116699	-2.982209
128.258237123489	-3.143991
128.273857116699	-3.078226
128.289487123489	-2.736849
128.30511713028	-2.099622
128.320737123489	-1.189152
128.33636713028	-0.1035511
128.351987123489	0.998174
128.36761713028	1.924133
128.383237123489	2.517105
128.39886713028	2.725022
128.414496898651	2.609846
128.43011713028	2.328343
128.445746898651	2.032974
128.46136713028	1.802772
128.476996898651	1.630346
128.49261713028	1.439981
128.508246898651	1.174337
128.523876905441	0.8527632
128.539496898651	0.5746961
128.555126905441	0.4634967
128.570746898651	0.6032771
128.586376905441	0.9690219
128.601996898651	1.42568
128.617626905441	1.790012
128.633256912231	1.912568
128.648876905441	1.734639
128.664506912231	1.325205
128.680126905441	0.8241884
128.695756912231	0.3683901
128.711376905441	0.03958523
128.727006912231	-0.1504259
128.742636919022	-0.2351493
128.758256912231	-0.2734889
128.773886919022	-0.293245
128.789506912231	-0.3259839
128.805136919022	-0.37446
128.820756912231	-0.4464341
128.836386919022	-0.5560055
128.852016925812	-0.6984223
128.867636919022	-0.8444815
128.883266925812	-0.9632071
128.898886919022	-1.041286
128.914516925812	-1.09023
128.930146932602	-1.158001
128.945766925812	-1.275558
128.961396932602	-1.458127
128.977016925812	-1.693326
128.992646932602	-1.951895
129.008266925812	-2.196447
129.023896932602	-2.382929
129.039526939392	-2.470356
129.055146932602	-2.439854
129.070776939392	-2.314152
129.086396932602	-2.137985
129.102026939392	-1.970176
129.117646932602	-1.843147
129.133276939392	-1.732577
129.148906946182	-1.584069
129.164526939392	-1.335465
129.180156946182	-0.9475557
129.195776939392	-0.4215313
129.211406946182	0.1885549
129.227026939392	0.8188463
129.242656946182	1.389199
129.258286952972	1.831625
129.273906946182	2.094126
129.289536952972	2.146132
129.305156946182	2.023333
129.320786952972	1.821772
129.336406946182	1.675526
129.352036952972	1.667548
129.367666959763	1.801275
129.383286952972	1.962671
129.398916959763	2.013939
129.414536952972	1.871009
129.430166959763	1.544428
129.445786952972	1.138593
129.461416959763	0.7871323
129.477046966553	0.578728
129.492666959763	0.5288321
129.508296966553	0.5793104
129.523916959763	0.6579163
129.539546966553	0.6851189
129.555166959763	0.6353179
129.570796966553	0.5076304
129.586426973343	0.3352755
129.602046966553	0.1519622
129.617676973343	-0.02655458
129.633296966553	-0.1987417
129.648926973343	-0.3611084
129.664546966553	-0.51041
129.680176973343	-0.6237662
129.695806980133	-0.6565825
129.711426973343	-0.5946292
129.727056980133	-0.4586845
129.742676973343	-0.3140413
129.758306980133	-0.2184278
129.773926973343	-0.1957704
129.789556980133	-0.2049118
129.805186986923	-0.1911079
129.820806980133	-0.1549394
129.836436986923	-0.167192
129.852056980133	-0.3505818
129.867686986923	-0.7652119
129.883306980133	-1.345542
129.898936986923	-1.892578
129.914566993713	-2.19344
129.930186986923	-2.121921
129.945816993713	-1.727067
129.961436986923	-1.202198
129.977066993713	-0.787675
129.992686986923	-0.6331981
130.008316993713	-0.7526274
130.023947000504	-1.032613
130.039566993713	-1.334026
130.055197000504	-1.560635
130.070816993713	-1.679683
130.086447000504	-1.687528
130.102066993713	-1.56339
130.117697000504	-1.235915
130.133327007294	-0.6517482
130.148947000504	0.1687875
130.164577007294	1.083954
130.180197000504	1.860214
130.195827007294	2.266577
130.211447000504	2.185814
130.227077007294	1.666642
130.242707014084	0.9248404
130.258327007294	0.2549028
130.273957014084	-0.1181461
130.289577007294	-0.1196597
130.305207014084	0.1518435
130.320827007294	0.4762784
130.336457014084	0.6688957
130.352087020874	0.6473423
130.367707014084	0.4624149
130.383337020874	0.2500949
130.398957014084	0.1427903
130.414587020874	0.1839869
130.430207014084	0.3297792
130.445837020874	0.4973989
130.461467027664	0.6348186
130.477087020874	0.7391239
130.492717027664	0.8445579
130.508337020874	0.9702928
130.523967027664	1.071439
130.539587020874	1.053771
130.555217027664	0.8499101
130.570847034454	0.4652153
130.586467027664	0.01957101
130.602097034454	-0.3251246
130.617717027664	-0.4457515
130.633347034454	-0.3205345
130.648967027664	-0.0423981
130.664597034454	0.244216
130.680227041245	0.4197562
130.695847034454	0.436989
130.711477041245	0.3182606
130.727097034454	0.1291546
130.742727041245	-0.0686211
130.758347034454	-0.2433071
130.773977041245	-0.4031594
130.789607048035	-0.5679793
130.805227041245	-0.7537057
130.820857048035	-0.9687262
130.836477041245	-1.183658
130.852107048035	-1.376634
130.867727041245	-1.5366
130.883357048035	-1.67922
130.898987054825	-1.824764
130.914607048035	-1.975874
130.930237054825	-2.098406
130.945857048035	-2.130713
130.961487054825	-2.040525
130.977107048035	-1.832853
130.992737054825	-1.565339
131.008367061615	-1.3044
131.023987054825	-1.063789
131.039617061615	-0.7858464
131.055237054825	-0.3517126
131.070867061615	0.3160762
131.086497068405	1.188452
131.102117061615	2.096711
131.117747068405	2.818062
131.133367061615	3.178704
131.148997068405	3.143039
131.164617061615	2.811337
131.180247068405	2.367884
131.195877075195	1.987365
131.211497068405	1.753409
131.227127075195	1.672286
131.242747068405	1.68324
131.258377075195	1.711937
131.273997068405	1.686994
131.289627075195	1.56755
131.305257081985	1.33398
131.320877075195	1.007524
131.336507081985	0.6480215
131.352127075195	0.3383367
131.367757081985	0.1802616
131.383377075195	0.2166762
131.399007081985	0.4262695
131.414637088776	0.7145152
131.430257081985	0.9629717
131.445887088776	1.088878
131.461507081985	1.073448
131.477137088776	0.956367
131.492757081985	0.7871373
131.508387088776	0.6225202
131.524017095566	0.4863247
131.539637088776	0.3989286
131.555267095566	0.3828795
131.570887088776	0.4521052
131.586517095566	0.5970683
131.602137088776	0.7432928
131.617767095566	0.7889732
131.633397102356	0.6238958
131.649017095566	0.2309691
131.664647102356	-0.3107259
131.680267095566	-0.8166761
131.695897102356	-1.107249
131.711517095566	-1.106523
131.727147102356	-0.8837117
131.742777109146	-0.6331271
131.758397102356	-0.5637332
131.774027109146	-0.7944638
131.789647102356	-1.280798
131.805277109146	-1.857592
131.820897102356	-2.311769
131.836527109146	-2.496203
131.852157115936	-2.41206
131.867777109146	-2.172168
131.883407115936	-1.940267
131.899027109146	-1.843527
131.914657115936	-1.914986
131.930277109146	-2.095339
131.945907115936	-2.291167
131.961537122726	-2.41426
131.977157115936	-2.410542
131.992787122726	-2.244759
132.008407115936	-1.875313
132.024037122726	-1.262144
132.039657115936	-0.4081951
132.055287122726	0.6095781
132.070917129517	1.640768
132.086537122726	2.481092
132.102167129517	2.956994
132.117787122726	3.008546
132.133417129517	2.682887
132.149037122726	2.121513
132.164667129517	1.498817
132.180296897888	0.9486018
132.195917129517	0.5489041
132.211546897888	0.3315929
132.227167129517	0.2924873
132.242796897888	0.4175682
132.258417129517	0.6544192
132.274046897888	0.9145421
132.289676904678	1.091339
132.305296897888	1.104429
132.320926904678	0.928899
132.336546897888	0.6300184
132.352176904678	0.3214003
132.367796897888	0.1179581
132.383426904678	0.08950186
132.399056911469	0.2395048
132.414676904678	0.5012771
132.430306911469	0.7813694
132.445926904678	0.9932871
132.461556911469	1.063367
132.477176904678	0.9504333
132.492806911469	0.6386433
132.508436918259	0.1642824
132.524056911469	-0.3720078
132.539686918259	-0.8232529
132.555306911469	-1.06281
132.570936918259	-1.030943
132.586556911469	-0.7801806
132.602186918259	-0.4617085
132.617816925049	-0.2292902
132.633436918259	-0.187167
132.649066925049	-0.3421177
132.664686918259	-0.6014876
132.680316925049	-0.858485
132.695936918259	-1.016947
132.711566925049	-1.038778
132.727196931839	-0.9455818
132.742816925049	-0.7991443
132.758446931839	-0.6637372
132.774066925049	-0.597536
132.789696931839	-0.6324329
132.805316925049	-0.742062
132.820946931839	-0.8744518
132.836576938629	-0.9500017
132.852196931839	-0.9229097
132.867826938629	-0.808486
132.883446931839	-0.6799862
132.899076938629	-0.6243161
132.914696931839	-0.6899902
132.930326938629	-0.8472604
132.945956945419	-0.999106
132.961576938629	-1.043153
132.977206945419	-0.9146736
132.992826938629	-0.6193631
133.008456945419	-0.2250843
133.024076938629	0.1995119
133.039706945419	0.6203504
133.055336952209	1.034765
133.070956945419	1.449133
133.086586952209	1.846989
133.102206945419	2.150795
133.117836952209	2.264883
133.133456945419	2.131258
133.149086952209	1.769296
133.164716959	1.289374
133.180336952209	0.8459899
133.195966959	0.5624589
133.211586952209	0.4691041
133.227216959	0.4968743
133.242836952209	0.5399733
133.258466959	0.5323001
133.27409696579	0.5028257
133.289716959	0.5317249
133.30534696579	0.6733068
133.320966959	0.8904854
133.33659696579	1.048489
133.352216959	1.001371
133.36784696579	0.6813771
133.38347697258	0.1514926
133.39909696579	-0.424942
133.41472697258	-0.8571976
133.43034696579	-1.03005
133.44597697258	-0.9471129
133.46159696579	-0.7177808
133.47722697258	-0.4981403
133.49285697937	-0.4140676
133.50847697258	-0.518847
133.52410697937	-0.7702011
133.53972697258	-1.062021
133.55535697937	-1.282928
133.57097697258	-1.355455
133.58660697937	-1.265006
133.60223698616	-1.069398
133.61785697937	-0.8663195
133.63348698616	-0.7441143
133.64910697937	-0.7596005
133.66473698616	-0.9039655
133.68035697937	-1.120816
133.69598698616	-1.33209
133.71161699295	-1.483167
133.72723698616	-1.558387
133.74286699295	-1.570177
133.75848698616	-1.549386
133.77411699295	-1.504498
133.789746999741	-1.433143
133.80536699295	-1.333321
133.820996999741	-1.208832
133.83661699295	-1.081934
133.852246999741	-0.9852979
133.86786699295	-0.9304895
133.883496999741	-0.883759
133.899127006531	-0.7814622
133.914746999741	-0.5375144
133.930377006531	-0.1192565
133.945996999741	0.4396136
133.961627006531	1.020255
133.977246999741	1.496149
133.992877006531	1.811064
134.008507013321	1.998622
134.024127006531	2.169467
134.039757013321	2.417217
134.055377006531	2.747379
134.071007013321	3.041173
134.086627006531	3.115713
134.102257013321	2.845907
134.117887020111	2.239332
134.133507013321	1.456785
134.149137020111	0.7335427
134.164757013321	0.2642171
134.180387020111	0.1140959
134.196007013321	0.2227228
134.211637020111	0.466877
134.227267026901	0.7518578
134.242887020111	1.038885
134.258517026901	1.3167
134.274137020111	1.552501
134.289767026901	1.671144
134.305387020111	1.592876
134.321017026901	1.282687
134.336647033691	0.8042631
134.352267026901	0.2862883
134.367897033691	-0.133522
134.383517026901	-0.3840392
134.399147033691	-0.5041506
134.414767026901	-0.5840993
134.430397033691	-0.7056589
134.446027040482	-0.8677087
134.461647033691	-0.9851389
134.477277040482	-0.9651794
134.492897033691	-0.7801366
134.508527040482	-0.4995341
134.524147033691	-0.279526
134.539777040482	-0.2720642
134.555407047272	-0.5259767
134.571027040482	-0.9691634
134.586657047272	-1.451168
134.602277040482	-1.795462
134.617907047272	-1.905709
134.633527040482	-1.774839
134.649157047272	-1.475358
134.664787054062	-1.102651
134.680407047272	-0.7337985
134.696037054062	-0.4230399
134.711657047272	-0.2168162
134.727287054062	-0.1886547
134.742907047272	-0.4129856
134.758537054062	-0.9145846
134.774167060852	-1.622405
134.789787054062	-2.344137
134.805417060852	-2.795648
134.821037054062	-2.711181
134.836667060852	-1.965116
134.852287054062	-0.654355
134.867917060852	0.9089494
134.883547067642	2.31623
134.899167060852	3.202535
134.914797067642	3.406156
134.930417060852	3.006805
134.946047067642	2.256113
134.961667060852	1.468796
134.977297067642	0.8729205
134.992927074432	0.5412276
135.008547067642	0.4271305
135.024177074432	0.4503448
135.039797067642	0.5429049
135.055427074432	0.7074656
135.071047067642	0.9595327
135.086677074432	1.279078
135.102307081223	1.588854
135.117927074432	1.753782
135.133557081223	1.671479
135.149177074432	1.329822
135.164807081223	0.8350697
135.180427074432	0.3538487
135.196057081223	0.02995086
135.211687088013	-0.0944109
135.227307081223	-0.08372855
135.242937088013	-0.06261373
135.258557081223	-0.1280861
135.274187088013	-0.2981718
135.289807081223	-0.5068636
135.305437088013	-0.6634698
135.321067094803	-0.6995435
135.336687088013	-0.6013131
135.352317094803	-0.4096775
135.367937088013	-0.1886599
135.383567094803	0.01583576
135.399187088013	0.1589215
135.414817094803	0.2062559
135.430447101593	0.1279235
135.446067094803	-0.09473872
135.461697101593	-0.4424899
135.477317094803	-0.8513954
135.492947101593	-1.22595
135.508567094803	-1.510882
135.524197101593	-1.68245
135.539827108383	-1.788822
135.555447101593	-1.887781
135.571077108383	-2.02116
135.586697101593	-2.16581
135.602327108383	-2.26609
135.617947101593	-2.268716
135.633577108383	-2.157153
135.649207115173	-1.96836
135.664827108383	-1.754675
135.680457115173	-1.536574
135.696077108383	-1.268129
135.711707115173	-0.8834488
135.727327108383	-0.3317339
135.742957115173	0.3666728
135.758587121964	1.102068
135.774207115173	1.724579
135.789837121964	2.113554
135.805457115173	2.229603
135.821087121964	2.11111
135.836707115173	1.85963
135.852337121964	1.56229
135.867967128754	1.284458
135.883587121964	1.04581
135.899217128754	0.8543751
135.914837121964	0.7026105
135.930467128754	0.5846229
135.946096897125	0.4976668
135.961717128754	0.4305406
135.977346897125	0.4001648
135.992967128754	0.4231408
136.008596897125	0.5190263
136.024217128754	0.6951861
136.039846897125	0.9202766
136.055476903915	1.12905
136.071096897125	1.245319
136.086726903915	1.237197
136.102346897125	1.130246
136.117976903915	1.003148
136.133596897125	0.9330659
136.149226903915	0.9436007
136.164856910706	0.9894276
136.180476903915	0.9705496
136.196106910706	0.8096235
136.211726903915	0.4794681
136.227356910706	0.03952122
136.242976903915	-0.4123373
136.258606910706	-0.779635
136.274236917496	-1.014163
136.289856910706	-1.117115
136.305486917496	-1.119114
136.321106910706	-1.059075
136.336736917496	-0.9631953
136.352356910706	-0.8539295
136.367986917496	-0.7296975
136.383616924286	-0.6162479
136.399236917496	-0.5300672
136.414866924286	-0.5047557
136.430486917496	-0.5783632
136.446116924286	-0.7722359
136.461736917496	-1.076681
136.477366924286	-1.442693
136.492996931076	-1.78671
136.508616924286	-2.020694
136.524246931076	-2.09381
136.539866924286	-2.029366
136.555496931076	-1.914687
136.571116924286	-1.860858
136.586746931076	-1.890639
136.602376937866	-1.951731
136.617996931076	-1.883685
136.633626937866	-1.533372
136.649246931076	-0.8388038
136.664876937866	0.09957123
136.680496931076	1.0594
136.696126937866	1.789502
136.711756944656	2.12423
136.727376937866	2.07738
136.743006944656	1.794297
136.758626937866	1.486076
136.774256944656	1.292397
136.789876937866	1.234074
136.805506944656	1.223556
136.821136951447	1.164073
136.836756944656	1.012994
136.852386951447	0.8055706
136.868006944656	0.6400998
136.883636951447	0.5896676
136.899256944656	0.6887045
136.914886951447	0.9085119
136.930516958237	1.184155
136.946136951447	1.441558
136.961766958237	1.639738
136.977386951447	1.745476
136.993016958237	1.729925
137.008636951447	1.591668
137.024266958237	1.343359
137.039896965027	1.044605
137.055516958237	0.7685423
137.071146965027	0.5542336
137.086766958237	0.4122341
137.102396965027	0.304142
137.118016958237	0.1831706
137.133646965027	0.01868367
137.149276971817	-0.1631534
137.164896965027	-0.3258376
137.180526971817	-0.434195
137.196146965027	-0.4910822
137.211776971817	-0.548085
137.227396965027	-0.6631231
137.243026971817	-0.8696566
137.258656978607	-1.147828
137.274276971817	-1.415877
137.289906978607	-1.585107
137.305526971817	-1.623582
137.321156978607	-1.575309
137.336776971817	-1.549204
137.352406978607	-1.653473
137.368036985397	-1.919249
137.383656978607	-2.275519
137.399286985397	-2.589561
137.414906978607	-2.73376
137.430536985397	-2.662301
137.446156978607	-2.448485
137.461786985397	-2.21885
137.477416992188	-2.065582
137.493036985397	-1.999016
137.508666992188	-1.911704
137.524286985397	-1.66293
137.539916992188	-1.14728
137.555536985397	-0.3603873
137.571166992188	0.590318
137.586796998978	1.522923
137.602416992188	2.27076
137.618046998978	2.729487
137.633666992188	2.877238
137.649296998978	2.772475
137.664916992188	2.508372
137.680546998978	2.174435
137.696177005768	1.851737
137.711796998978	1.585541
137.727427005768	1.399537
137.743046998978	1.310084
137.758677005768	1.301066
137.774296998978	1.347759
137.789927005768	1.408204
137.805557012558	1.433048
137.821177005768	1.368929
137.836807012558	1.184383
137.852427005768	0.8960209
137.868057012558	0.5507531
137.883677005768	0.2329559
137.899307012558	0.004203796
137.914937019348	-0.1067362
137.930557012558	-0.1068721
137.946187019348	-0.04139137
137.961807012558	0.03218317
137.977437019348	0.07197523
137.993057012558	0.03681469
138.008687019348	-0.08665848
138.024317026138	-0.2909942
138.039937019348	-0.5449295
138.055567026138	-0.7859955
138.071187019348	-0.9439502
138.086817026138	-0.9596353
138.102437019348	-0.8202415
138.118067026138	-0.5656409
138.133697032928	-0.2877603
138.149317026138	-0.09711504
138.164947032928	-0.08729935
138.180567026138	-0.276094
138.196197032928	-0.6091852
138.211827039719	-0.9728675
138.227447032928	-1.249302
138.243077039719	-1.345291
138.258697032928	-1.2226
138.274327039719	-0.9080105
138.289947032928	-0.502883
138.305577039719	-0.1374707
138.321207046509	0.05883694
138.336827039719	0.006494999
138.352457046509	-0.2901702
138.368077039719	-0.735261
138.383707046509	-1.173213
138.399327039719	-1.44042
138.414957046509	-1.41361
138.430587053299	-1.05338
138.446207046509	-0.3966994
138.461837053299	0.4535103
138.477457046509	1.364655
138.493087053299	2.195738
138.508707046509	2.813446
138.524337053299	3.117693
138.539967060089	3.056106
138.555587053299	2.662452
138.571217060089	2.047625
138.586837053299	1.371772
138.602467060089	0.7960844
138.618087053299	0.4229379
138.633717060089	0.2631302
138.649347066879	0.271564
138.664967060089	0.3592267
138.680597066879	0.4444594
138.696217060089	0.4708986
138.711847066879	0.4252305
138.727467060089	0.3362975
138.743097066879	0.2334166
138.758727073669	0.1493874
138.774347066879	0.07995892
138.789977073669	-0.01173782
138.805597066879	-0.1546097
138.821227073669	-0.3539906
138.836847066879	-0.5413413
138.852477073669	-0.6262326
138.86810708046	-0.5198731
138.883727073669	-0.2250948
138.89935708046	0.1592484
138.914977073669	0.4760942
138.93060708046	0.5973649
138.946227073669	0.4772635
138.96185708046	0.1834974
138.97748708725	-0.1614885
138.99310708046	-0.4415383
139.00873708725	-0.6106772
139.02435708046	-0.6974025
139.03998708725	-0.752111
139.05560708046	-0.8401842
139.07123708725	-0.975174
139.08686709404	-1.157562
139.10248708725	-1.339235
139.11811709404	-1.469868
139.13373708725	-1.507523
139.14936709404	-1.429198
139.16498708725	-1.276236
139.18061709404	-1.130364
139.19624710083	-1.085235
139.21186709404	-1.176175
139.22749710083	-1.360812
139.24311709404	-1.523015
139.25874710083	-1.54451
139.27436709404	-1.373803
139.28999710083	-1.055767
139.30562710762	-0.6918631
139.32124710083	-0.3572507
139.33687710762	-0.05991888
139.35249710083	0.2641335
139.36812710762	0.68083
139.38374710083	1.203659
139.39937710762	1.772067
139.41500711441	2.282427
139.43062710762	2.659563
139.44625711441	2.875136
139.46187710762	2.951304
139.47750711441	2.905547
139.49312710762	2.738937
139.50875711441	2.43873
139.524387121201	2.029486
139.54000711441	1.601745
139.555637121201	1.273483
139.57125711441	1.151144
139.586887121201	1.244115
139.60250711441	1.477869
139.618137121201	1.712615
139.633767127991	1.836026
139.649387121201	1.806654
139.665017127991	1.651642
139.680637121201	1.452572
139.696267127991	1.267876
139.711887121201	1.13237
139.727517127991	1.034593
139.743146896362	0.9364445
139.758767127991	0.7827394
139.774396896362	0.5310838
139.790017127991	0.1446199
139.805646896362	-0.3661013
139.821267127991	-0.9323323
139.836896896362	-1.462906
139.852526903152	-1.849941
139.868146896362	-2.036369
139.883776903152	-2.043933
139.899396896362	-1.953952
139.915026903152	-1.87629
139.930646896362	-1.89737
139.946276903152	-2.037691
139.961906909943	-2.252545
139.977526903152	-2.45865
139.993156909943	-2.57574
140.008776903152	-2.582156
140.024406909943	-2.505811
140.040026903152	-2.418277
140.055656909943	-2.39455
140.071286916733	-2.484217
140.086906909943	-2.677827
140.102536916733	-2.914078
140.118156909943	-3.110464
140.133786916733	-3.183936
140.149406909943	-3.078206
140.165036916733	-2.774549
140.180666923523	-2.296282
140.196286916733	-1.685305
140.211916923523	-1.015775
140.227536916733	-0.3381486
140.243166923523	0.2892401
140.258786916733	0.8395495
140.274416923523	1.301762
140.290046930313	1.668531
140.305666923523	1.922003
140.321296930313	2.030536
140.336916923523	1.967068
140.352546930313	1.732777
140.368166923523	1.386841
140.383796930313	1.005326
140.399426937103	0.66926
140.415046930313	0.4249241
140.430676937103	0.2780671
140.446296930313	0.2227633
140.461926937103	0.2467232
140.477546930313	0.3620477
140.493176937103	0.5671539
140.508806943893	0.8412228
140.524426937103	1.113428
140.540056943893	1.296037
140.555676937103	1.313642
140.571306943893	1.147443
140.586926937103	0.8502483
140.602556943893	0.5251741
140.618186950684	0.265264
140.633806943893	0.127985
140.649436950684	0.1019096
140.665056943893	0.1432509
140.680686950684	0.1940808
140.696306943893	0.2280273
140.711936950684	0.2203608
140.727566957474	0.1769981
140.743186950684	0.07809782
140.758816957474	-0.08252621
140.774436950684	-0.3222079
140.790066957474	-0.6069713
140.805696964264	-0.8889399
140.821316957474	-1.09387
140.836946964264	-1.159872
140.852566957474	-1.076252
140.868196964264	-0.8602533
140.883816957474	-0.5769644
140.899446964264	-0.2989745
140.915076971054	-0.1181111
140.930696964264	-0.1191287
140.946326971054	-0.3459439
140.961946964264	-0.7789831
140.977576971054	-1.288308
140.993196964264	-1.67146
141.008826971054	-1.68766
141.024456977844	-1.202205
141.040076971054	-0.2262425
141.055706977844	1.049612
141.071326971054	2.338702
141.086956977844	3.362859
141.102576971054	3.961822
141.118206977844	4.108323
141.133836984634	3.891123
141.149456977844	3.45658
141.165086984634	2.949471
141.180706977844	2.493568
141.196336984634	2.178544
141.211956977844	2.050204
141.227586984634	2.093312
141.243216991425	2.224984
141.258836984634	2.318677
141.274466991425	2.261951
141.290086984634	2.013945
141.305716991425	1.607496
141.321336984634	1.143545
141.336966991425	0.7179556
141.352596998215	0.3859124
141.368216991425	0.1483245
141.383846998215	-0.01686907
141.399466991425	-0.1173224
141.415096998215	-0.154974
141.430716991425	-0.1411724
141.446346998215	-0.1297274
141.461977005005	-0.2110224
141.477596998215	-0.47016
141.493227005005	-0.9256878
141.508846998215	-1.471456
141.524477005005	-1.939033
141.540096998215	-2.153152
141.555727005005	-2.046942
141.571357011795	-1.696562
141.586977005005	-1.302265
141.602607011795	-1.066584
141.618227005005	-1.110147
141.633857011795	-1.42235
141.649477005005	-1.867892
141.665107011795	-2.276606
141.680737018585	-2.52976
141.696357011795	-2.598766
141.711987018585	-2.528315
141.727607011795	-2.392229
141.743237018585	-2.237598
141.758857011795	-2.058751
141.774487018585	-1.831114
141.790117025375	-1.543051
141.805737018585	-1.208274
141.821367025375	-0.8659174
141.836987018585	-0.5503869
141.852617025375	-0.2573099
141.868237018585	0.0504775
141.883867025375	0.418957
141.899497032166	0.8609524
141.915117025375	1.300065
141.930747032166	1.619649
141.946367025375	1.714216
141.961997032166	1.556781
141.977617025375	1.218938
141.993247032166	0.850071
142.008877038956	0.5696895
142.024497032166	0.4137192
142.040127038956	0.3282173
142.055747032166	0.2243969
142.071377038956	0.04577112
142.086997032166	-0.1667378
142.102627038956	-0.3220217
142.118257045746	-0.3313062
142.133877038956	-0.1764565
142.149507045746	0.06957173
142.165127038956	0.3149476
142.180757045746	0.4955642
142.196377038956	0.6114891
142.212007045746	0.6950133
142.227637052536	0.764961
142.243257045746	0.7821715
142.258887052536	0.682111
142.274507045746	0.4183042
142.290137052536	0.003445864
142.305757045746	-0.4715457
142.321387052536	-0.8810716
142.337017059326	-1.125753
142.352637052536	-1.175791
142.368267059326	-1.073864
142.383887052536	-0.8925467
142.399517059326	-0.7160838
142.415137052536	-0.6017628
142.430767059326	-0.566751
142.446397066116	-0.5908277
142.462017059326	-0.6334624
142.477647066116	-0.6584842
142.493267059326	-0.65258
142.508897066116	-0.6531458
142.524517059326	-0.7235582
142.540147066116	-0.9298036
142.555777072906	-1.27514
142.571397066116	-1.687836
142.587027072906	-2.027229
142.602647066116	-2.14665
142.618277072906	-1.950377
142.633897066116	-1.439817
142.649527072906	-0.707926
142.665157079697	0.1084862
142.680777072906	0.8862844
142.696407079697	1.53397
142.712027072906	2.010606
142.727657079697	2.297793
142.743277072906	2.400013
142.758907079697	2.346651
142.774537086487	2.187975
142.790157079697	1.985161
142.805787086487	1.781752
142.821407079697	1.607888
142.837037086487	1.479619
142.852657079697	1.408453
142.868287086487	1.394876
142.883917093277	1.446148
142.899537086487	1.542969
142.915167093277	1.651561
142.930787086487	1.724133
142.946417093277	1.719846
142.962037086487	1.610486
142.977667093277	1.384475
142.993297100067	1.074494
143.008917093277	0.7278581
143.024547100067	0.4050245
143.040167093277	0.146045
143.055797100067	-0.04878902
143.071427106857	-0.2121639
143.087047100067	-0.3862696
143.102677106857	-0.6045339
143.118297100067	-0.8488247
143.133927106857	-1.070477
143.149547100067	-1.211995
143.165177106857	-1.25459
143.180807113647	-1.202473
143.196427106857	-1.104533
143.212057113647	-1.000039
143.227677106857	-0.9060366
143.243307113647	-0.837841
143.258927106857	-0.8083918
143.274557113647	-0.8290722
143.290187120438	-0.8962784
143.305807113647	-0.974309
143.321437120438	-1.006013
143.337057113647	-0.9553771
143.352687120438	-0.8420255
143.368307113647	-0.7477353
143.383937120438	-0.7548373
143.399567127228	-0.8941362
143.415187120438	-1.121383
143.430817127228	-1.345355
143.446437120438	-1.479194
143.462067127228	-1.478114
143.477687120438	-1.355879
143.493317127228	-1.1273
143.508946895599	-0.7826025
143.524567127228	-0.2954936
143.540196895599	0.3323205
143.555817127228	1.038732
143.571446895599	1.693869
143.587067127228	2.154851
143.602696895599	2.331137
143.61832690239	2.221579
143.633946895599	1.903901
143.64957690239	1.50591
143.665196895599	1.136123
143.68082690239	0.8742626
143.696446895599	0.7397046
143.71207690239	0.7081723
143.72770690918	0.7324827
143.74332690239	0.767535
143.75895690918	0.7900038
143.77457690239	0.8071308
143.79020690918	0.8474441
143.80582690239	0.9318364
143.82145690918	1.051427
143.83708691597	1.156394
143.85270690918	1.179646
143.86833691597	1.057816
143.88395690918	0.7916996
143.89958691597	0.4394336
143.91520690918	0.08232617
143.93083691597	-0.2015111
143.94646692276	-0.3840597
143.96208691597	-0.4751344
143.97771692276	-0.505321
143.99333691597	-0.4962387
144.00896692276	-0.4846921
144.02458691597	-0.4901979
144.04021692276	-0.5510485
144.05584692955	-0.7000599
144.07146692276	-0.9446058
144.08709692955	-1.256102
144.10271692276	-1.555297
144.11834692955	-1.755906
144.13396692276	-1.790003
144.14959692955	-1.673054
144.16522693634	-1.470361
144.18084692955	-1.278646
144.19647693634	-1.167567
144.21209692955	-1.132288
144.22772693634	-1.135405
144.24334692955	-1.107272
144.25897693634	-1.029261
144.27460694313	-0.9115698
144.29022693634	-0.8082464
144.30585694313	-0.7552512
144.32147693634	-0.7652166
144.33710694313	-0.8393304
144.35272693634	-0.9665191
144.36835694313	-1.139473
144.383986949921	-1.327889
144.39960694313	-1.467878
144.415236949921	-1.450558
144.43085694313	-1.165807
144.446486949921	-0.5485165
144.46210694313	0.3568993
144.477736949921	1.398653
144.493366956711	2.380954
144.508986949921	3.091453
144.524616956711	3.426558
144.540236949921	3.377964
144.555866956711	3.044681
144.571486949921	2.561169
144.587116956711	2.063116
144.602746963501	1.625719
144.618366956711	1.259237
144.633996963501	0.9482555
144.649616956711	0.6681523
144.665246963501	0.4299173
144.680866956711	0.2607334
144.696496963501	0.1970284
144.712126970291	0.2367268
144.727746963501	0.3293262
144.743376970291	0.4075036
144.758996963501	0.405046
144.774626970291	0.3259072
144.790246963501	0.2124267
144.805876970291	0.1391313
144.821506977081	0.1664143
144.837126970291	0.3107162
144.852756977081	0.5385237
144.868376970291	0.8001177
144.884006977081	1.02135
144.899626970291	1.121277
144.915256977081	1.040682
144.930886983871	0.7462546
144.946506977081	0.286028
144.962136983871	-0.2299545
144.977756977081	-0.6569409
144.993386983871	-0.8773181
145.009006977081	-0.8553569
145.024636983871	-0.6603789
145.040266990662	-0.4008919
145.055886983871	-0.1854768
145.071516990662	-0.08404374
145.087136983871	-0.1080717
145.102766990662	-0.2502209
145.118386983871	-0.5155773
145.134016990662	-0.9112424
145.149646997452	-1.404377
145.165266990662	-1.907418
145.180896997452	-2.272973
145.196516990662	-2.36312
145.212146997452	-2.141616
145.227766990662	-1.696676
145.243396997452	-1.236168
145.259027004242	-0.9892629
145.274646997452	-1.088219
145.290277004242	-1.501459
145.305896997452	-2.02984
145.321527004242	-2.396772
145.337146997452	-2.343119
145.352777004242	-1.770089
145.368407011032	-0.7495207
145.384027004242	0.4855009
145.399657011032	1.642803
145.415277004242	2.477963
145.430907011032	2.877691
145.446537017822	2.868313
145.462157011032	2.573945
145.477787017822	2.153334
145.493407011032	1.717871
145.509037017822	1.319744
145.524657011032	0.9524076
145.540287017822	0.6313044
145.555917024612	0.3878103
145.571537017822	0.2840227
145.587167024612	0.362861
145.602787017822	0.6015229
145.618417024612	0.9088736
145.634037017822	1.150475
145.649667024612	1.225588
145.665297031403	1.107671
145.680917024612	0.8625082
145.696547031403	0.6195164
145.712167024612	0.4986728
145.727797031403	0.5621623
145.743417024612	0.7667712
145.759047031403	0.9954851
145.774677038193	1.119638
145.790297031403	1.066747
145.805927038193	0.8420963
145.821547031403	0.5118285
145.837177038193	0.1685192
145.852797031403	-0.1182663
145.868427038193	-0.3210699
145.884057044983	-0.4546419
145.899677038193	-0.5540544
145.915307044983	-0.6727055
145.930927038193	-0.8288485
145.946557044983	-1.020806
145.962177038193	-1.210919
145.977807044983	-1.335039
145.993437051773	-1.33768
146.009057044983	-1.203626
146.024687051773	-0.9842924
146.040307044983	-0.7783431
146.055937051773	-0.6967968
146.071557044983	-0.8033371
146.087187051773	-1.073485
146.102817058563	-1.397775
146.118437051773	-1.633059
146.134067058563	-1.672859
146.149687051773	-1.50989
146.165317058563	-1.245466
146.180937051773	-1.039829
146.196567058563	-1.035635
146.212197065353	-1.264684
146.227817058563	-1.61504
146.243447065353	-1.878817
146.259067058563	-1.835899
146.274697065353	-1.370038
146.290317058563	-0.5267986
146.305947065353	0.4987638
146.321577072144	1.472203
146.337197065353	2.21426
146.352827072144	2.675861
146.368447065353	2.907192
146.384077072144	2.979439
146.399697065353	2.915598
146.415327072144	2.676766
146.430957078934	2.239835
146.446577072144	1.648082
146.462207078934	1.032242
146.477827072144	0.5687783
146.493457078934	0.3660607
146.509077072144	0.4207827
146.524707078934	0.6282955
146.540337085724	0.8422483
146.555957078934	0.9657547
146.571587085724	0.9869932
146.587207078934	0.9624392
146.602837085724	0.9602273
146.618457078934	1.001908
146.634087085724	1.057191
146.649717092514	1.06325
146.665337085724	0.986804
146.680967092514	0.8367779
146.696587085724	0.6525369
146.712217092514	0.4796009
146.727837085724	0.3387651
146.743467092514	0.2174871
146.759097099304	0.1001379
146.774717092514	-0.0220716
146.790347099304	-0.13605
146.805967092514	-0.2345014
146.821597099304	-0.3108871
146.837217092514	-0.3904648
146.852847099304	-0.5005846
146.868477106094	-0.6633253
146.884097099304	-0.8682487
146.899727106094	-1.084611
146.915347099304	-1.279601
146.930977106094	-1.446861
146.946597099304	-1.604455
146.962227106094	-1.792292
146.977857112885	-2.024094
146.993477106094	-2.27136
147.009107112885	-2.460728
147.024727106094	-2.520536
147.040357112885	-2.410494
147.055977106094	-2.182076
147.071607112885	-1.938067
147.087237119675	-1.790937
147.102857112885	-1.78927
147.118487119675	-1.902485
147.134107112885	-2.018569
147.149737119675	-2.02906
147.165357112885	-1.897529
147.180987119675	-1.662841
147.196617126465	-1.43443
147.212237119675	-1.293506
147.227867126465	-1.231105
147.243487119675	-1.145786
147.259117126465	-0.8830187
147.274737119675	-0.3289013
147.290367126465	0.5136113
147.305996894836	1.504883
147.321617126465	2.417529
147.337246894836	3.006164
147.352867126465	3.139764
147.368496894836	2.812886
147.384117126465	2.18608
147.399746894836	1.469873
147.415376901627	0.8815405
147.430996894836	0.5375381
147.446626901627	0.4762712
147.462246894836	0.6450291
147.477876901627	0.9516568
147.493496894836	1.298211
147.509126901627	1.582095
147.524756908417	1.72853
147.540376901627	1.685351
147.556006908417	1.45428
147.571626901627	1.090208
147.587256908417	0.681427
147.602876901627	0.3144627
147.618506908417	0.03401756
147.634136915207	-0.1582003
147.649756908417	-0.2806664
147.665386915207	-0.3430908
147.681006908417	-0.337661
147.696636915207	-0.2628493
147.712256908417	-0.1522889
147.727886915207	-0.06686831
147.743516921997	-0.09025669
147.759136915207	-0.2501245
147.774766921997	-0.5078263
147.790386915207	-0.7672534
147.806016921997	-0.9249549
147.821636915207	-0.9296875
147.837266921997	-0.8082838
147.852896928787	-0.6352019
147.868516921997	-0.4898744
147.884146928787	-0.4111705
147.899766921997	-0.4016004
147.915396928787	-0.4656138
147.931026935577	-0.6145687
147.946646928787	-0.8452106
147.962276935577	-1.148286
147.977896928787	-1.470384
147.993526935577	-1.737879
148.009146928787	-1.891209
148.024776935577	-1.929031
148.040406942368	-1.897097
148.056026935577	-1.867075
148.071656942368	-1.857049
148.087276935577	-1.801349
148.102906942368	-1.576352
148.118526935577	-1.072122
148.134156942368	-0.2710218
148.149786949158	0.7213292
148.165406942368	1.695748
148.181036949158	2.449801
148.196656942368	2.841334
148.212286949158	2.85859
148.227906942368	2.617555
148.243536949158	2.273471
148.259166955948	1.950483
148.274786949158	1.691649
148.290416955948	1.463007
148.306036949158	1.190964
148.321666955948	0.8459525
148.337286949158	0.4606223
148.352916955948	0.1352692
148.368546962738	-0.01298952
148.384166955948	0.07694054
148.399796962738	0.4004698
148.415416955948	0.8522344
148.431046962738	1.285093
148.446666955948	1.559439
148.462296962738	1.598555
148.477926969528	1.39431
148.493546962738	1.00136
148.509176969528	0.5126896
148.524796962738	0.02973795
148.540426969528	-0.3531914
148.556046962738	-0.5726843
148.571676969528	-0.6186342
148.587306976318	-0.5311155
148.602926969528	-0.3892803
148.618556976318	-0.2798486
148.634176969528	-0.2838426
148.649806976318	-0.4298716
148.665426969528	-0.7052531
148.681056976318	-1.028807
148.696686983109	-1.310811
148.712306976318	-1.461262
148.727936983109	-1.44283
148.743556976318	-1.284415
148.759186983109	-1.059738
148.774806976318	-0.8575516
148.790436983109	-0.7334404
148.806066989899	-0.7130442
148.821686983109	-0.77279
148.837316989899	-0.8945737
148.852936983109	-1.06
148.868566989899	-1.272823
148.884186983109	-1.528818
148.899816989899	-1.799193
148.915446996689	-2.032213
148.931066989899	-2.175765
148.946696996689	-2.21972
148.962316989899	-2.2027
148.977946996689	-2.188466
148.993566989899	-2.208518
149.009196996689	-2.2315
149.024827003479	-2.150882
149.040446996689	-1.83441
149.056077003479	-1.201796
149.071696996689	-0.280479
149.087327003479	0.7876205
149.102946996689	1.794215
149.118577003479	2.554032
149.134207010269	2.987484
149.149827003479	3.126663
149.165457010269	3.07882
149.181077003479	2.956293
149.196707010269	2.797595
149.212327003479	2.575862
149.227957010269	2.238074
149.243587017059	1.77084
149.259207010269	1.235043
149.274837017059	0.7652893
149.290457010269	0.4901714
149.306087017059	0.4455833
149.321707010269	0.565917
149.337337017059	0.7071424
149.352967023849	0.7386751
149.368587017059	0.6204014
149.384217023849	0.411706
149.399837017059	0.2122216
149.415467023849	0.1002035
149.431087017059	0.09387875
149.446717023849	0.1555638
149.46234703064	0.2399669
149.477967023849	0.336978
149.49359703064	0.4825163
149.509217023849	0.7007442
149.52484703064	0.9658742
149.540467023849	1.189832
149.55609703064	1.246621
149.57172703743	1.056089
149.58734703064	0.6450157
149.60297703743	0.1456008
149.61859703064	-0.2751784
149.63422703743	-0.5020938
149.64984703064	-0.5257945
149.66547703743	-0.44278
149.68110704422	-0.4062576
149.69672703743	-0.536499
149.71235704422	-0.846076
149.72797703743	-1.243363
149.74360704422	-1.580607
149.75922703743	-1.746092
149.77485704422	-1.721332
149.79048705101	-1.593717
149.80610704422	-1.500747
149.82173705101	-1.547001
149.83735704422	-1.744002
149.85298705101	-2.029697
149.86860704422	-2.298373
149.88423705101	-2.463691
149.8998670578	-2.484477
149.91548705101	-2.342956
149.9311170578	-2.003757
149.94673705101	-1.431684
149.9623670578	-0.6188946
149.97798705101	0.3567848
149.9936170578	1.331583
150.00924706459	2.096159
150.0248670578	2.494777
150.04049706459	2.511886
150.0561170578	2.260596
150.07174706459	1.941042
150.087377071381	1.722073
150.10299706459	1.679449
150.118627071381	1.773522
150.13424706459	1.890725
150.149877071381	1.923389
150.16549706459	1.809511
150.181127071381	1.547707
150.196757078171	1.17408
150.212377071381	0.7480531
150.228007078171	0.323421
150.243627071381	-0.04912376
150.259257078171	-0.3326817
150.274877071381	-0.5005093
150.290507078171	-0.5464492
150.306137084961	-0.4742246
150.321757078171	-0.3012557
150.337387084961	-0.05496216
150.353007078171	0.2216482
150.368637084961	0.4721317
150.384257078171	0.6337972
150.399887084961	0.680707
150.415517091751	0.6222558
150.431137084961	0.51297
150.446767091751	0.4045248
150.462387084961	0.319634
150.478017091751	0.2389116
150.493637084961	0.1095982
150.509267091751	-0.08641386
150.524897098541	-0.333508
150.540517091751	-0.5576873
150.556147098541	-0.7090931
150.571767091751	-0.7748594
150.587397098541	-0.8086061
150.603017091751	-0.8979058
150.618647098541	-1.092979
150.634277105331	-1.375577
150.649897098541	-1.653849
150.665527105331	-1.839391
150.681147098541	-1.884628
150.696777105331	-1.814924
150.712397098541	-1.70085
150.728027105331	-1.616847
150.743657112122	-1.60544
150.759277105331	-1.673346
150.774907112122	-1.819504
150.790527105331	-2.027508
150.806157112122	-2.26104
150.821777105331	-2.439586
150.837407112122	-2.444044
150.853037118912	-2.179283
150.868657112122	-1.60513
150.884287118912	-0.7808142
150.899907112122	0.1764832
150.915537118912	1.125216
150.931157112122	1.963271
150.946787118912	2.609749
150.962417125702	3.005239
150.978037118912	3.101398
150.993667125702	2.856442
151.009287118912	2.296793
151.024917125702	1.542907
151.040537118912	0.7856274
151.056167125702	0.2323165
151.071796894073	0.02967834
151.087417125702	0.2065148
151.103046894073	0.6744742
151.118667125702	1.264385
151.134296894073	1.780523
151.149917125702	2.093806
151.165546894073	2.143858
151.181176900864	1.953595
151.196796894073	1.597047
151.212426900864	1.180762
151.228046894073	0.7868791
151.243676900864	0.4670439
151.259296894073	0.2318497
151.274926900864	0.05824041
151.290556907654	-0.06100607
151.306176900864	-0.1308599
151.321806907654	-0.1691275
151.337426900864	-0.2108774
151.353056907654	-0.318027
151.368676900864	-0.5444713
151.384306907654	-0.8906517
151.399936914444	-1.272786
151.415556907654	-1.574454
151.431186914444	-1.683635
151.446806907654	-1.558275
151.462436914444	-1.257787
151.478056907654	-0.9005485
151.493686914444	-0.6116352
151.509316921234	-0.4833875
151.524936914444	-0.5343089
151.540566921234	-0.7289734
151.556186914444	-1.008581
151.571816921234	-1.316277
151.587436914444	-1.603925
151.603066921234	-1.843118
151.618696928024	-2.006459
151.634316921234	-2.098409
151.649946928024	-2.130326
151.665566921234	-2.117574
151.681196928024	-2.040118
151.696816921234	-1.839504
151.712446928024	-1.427672
151.728076934814	-0.7342968
151.743696928024	0.2322617
151.759326934814	1.375504
151.774946928024	2.496362
151.790576934814	3.36759
151.806196928024	3.803813
151.821826934814	3.727233
151.837456941605	3.199763
151.853076934814	2.39062
151.868706941605	1.52009
151.884326934814	0.7770238
151.899956941605	0.2847509
151.915576934814	0.07807684
151.931206941605	0.1293464
151.946836948395	0.3679538
151.962456941605	0.7103305
151.978086948395	1.09048
151.993706941605	1.46271
152.009336948395	1.792617
152.024956941605	2.035889
152.040586948395	2.13557
152.056216955185	2.028347
152.071836948395	1.686026
152.087466955185	1.140454
152.103086948395	0.4939208
152.118716955185	-0.1001339
152.134336948395	-0.5096145
152.149966955185	-0.6792097
152.165596961975	-0.6466398
152.181216955185	-0.5184822
152.196846961975	-0.4183483
152.212466955185	-0.4278178
152.228096961975	-0.5645041
152.243716955185	-0.7858915
152.259346961975	-1.018275
152.274976968765	-1.184946
152.290596961975	-1.240245
152.306226968765	-1.186159
152.321846961975	-1.070367
152.337476968765	-0.9745841
152.353096961975	-0.9753551
152.368726968765	-1.115604
152.384356975555	-1.360712
152.399976968765	-1.633261
152.415606975555	-1.839004
152.431226968765	-1.936089
152.446856975555	-1.943484
152.462476968765	-1.940132
152.478106975555	-1.994331
152.493736982346	-2.114269
152.509356975555	-2.258043
152.524986982346	-2.346626
152.540606975555	-2.315423
152.556236982346	-2.143311
152.571856975555	-1.847941
152.587486982346	-1.454222
152.603116989136	-0.9824386
152.618736982346	-0.4479756
152.634366989136	0.1421018
152.649986982346	0.765234
152.665616989136	1.385964
152.681236982346	1.94874
152.696866989136	2.412181
152.712496995926	2.758432
152.728116989136	2.980646
152.743746995926	3.099004
152.759366989136	3.112974
152.774996995926	3.010287
152.790627002716	2.768553
152.806246995926	2.370832
152.821877002716	1.824021
152.837496995926	1.178452
152.853127002716	0.5362177
152.868746995926	0.02060199
152.884377002716	-0.2609146
152.900007009506	-0.259798
152.915627002716	0.002505779
152.931257009506	0.4385116
152.946877002716	0.9338465
152.962507009506	1.369151
152.978127002716	1.661427
152.993757009506	1.765193
153.009387016296	1.666042
153.025007009506	1.388938
153.040637016296	0.9765861
153.056257009506	0.5057738
153.071887016296	0.03665495
153.087507009506	-0.3773305
153.103137016296	-0.7121258
153.118767023087	-0.958333
153.134387016296	-1.117287
153.150017023087	-1.182692
153.165637016296	-1.152071
153.181267023087	-1.050805
153.196887016296	-0.9143705
153.212517023087	-0.8144515
153.228147029877	-0.8210893
153.243767023087	-0.9586685
153.259397029877	-1.1999
153.275017023087	-1.476286
153.290647029877	-1.706141
153.306267023087	-1.848822
153.321897029877	-1.921794
153.337527036667	-1.986063
153.353147029877	-2.09276
153.368777036667	-2.241143
153.384397029877	-2.380262
153.400027036667	-2.437904
153.415647029877	-2.359439
153.431277036667	-2.145125
153.446907043457	-1.824128
153.462527036667	-1.435793
153.478157043457	-0.9810123
153.493777036667	-0.4263051
153.509407043457	0.2755802
153.525027036667	1.118878
153.540657043457	2.022815
153.556287050247	2.841125
153.571907043457	3.408752
153.587537050247	3.632402
153.603157043457	3.510116
153.618787050247	3.141032
153.634407043457	2.650588
153.650037050247	2.160823
153.665667057037	1.736034
153.681287050247	1.391307
153.696917057037	1.120661
153.712537050247	0.9273555
153.728167057037	0.8168721
153.743787050247	0.8019257
153.759417057037	0.864043
153.775047063828	0.9440577
153.790667057037	0.9745233
153.806297063828	0.8894095
153.821917057037	0.6779571
153.837547063828	0.3760107
153.853167057037	0.05693746
153.868797063828	-0.1987913
153.884427070618	-0.3346887
153.900047063828	-0.3299851
153.915677070618	-0.2019114
153.931297063828	-0.01234508
153.946927070618	0.165596
153.962547063828	0.2598453
153.978177070618	0.2268567
153.993807077408	0.06153297
154.009427070618	-0.1889937
154.025057077408	-0.4929156
154.040677070618	-0.8294504
154.056307077408	-1.193449
154.071927070618	-1.572802
154.087557077408	-1.909584
154.103187084198	-2.104169
154.118807077408	-2.069709
154.134437084198	-1.807698
154.150057077408	-1.423607
154.165687084198	-1.111617
154.181307077408	-1.041188
154.196937084198	-1.251368
154.212567090988	-1.621345
154.228187084198	-1.947067
154.243817090988	-2.04381
154.259437084198	-1.886379
154.275067090988	-1.615854
154.290687084198	-1.435117
154.306317090988	-1.488759
154.321947097778	-1.767796
154.337567090988	-2.116166
154.353197097778	-2.325127
154.368817090988	-2.246179
154.384447097778	-1.838308
154.400067090988	-1.174264
154.415697097778	-0.3545845
154.431327104568	0.5103681
154.446947097778	1.342435
154.462577104568	2.086487
154.478197097778	2.67564
154.493827104568	3.038147
154.509447097778	3.147369
154.525077104568	3.017353
154.540707111359	2.718615
154.556327104568	2.345668
154.571957111359	1.970607
154.587577104568	1.633856
154.603207111359	1.362234
154.618827104568	1.164015
154.634457111359	1.043873
154.650087118149	0.9944307
154.665707111359	0.97879
154.681337118149	0.9426626
154.696957111359	0.8591917
154.712587118149	0.7506126
154.728207111359	0.6855205
154.743837118149	0.7404432
154.759467124939	0.9203753
154.775087118149	1.136426
154.790717124939	1.234463
154.806337118149	1.084688
154.821967124939	0.6601329
154.837587118149	0.05605245
154.853217124939	-0.5601758
154.868846893311	-1.039536
154.884467124939	-1.331749
154.900096893311	-1.495862
154.915717124939	-1.635232
154.931346893311	-1.815712
154.946967124939	-2.024634
154.962596893311	-2.176454
154.978226900101	-2.17373
154.993846893311	-1.970854
155.009476900101	-1.608438
155.025096893311	-1.200176
155.040726900101	-0.8636782
155.056356906891	-0.6680366
155.071976900101	-0.6143634
155.087606906891	-0.6544157
155.103226900101	-0.740909
155.118856906891	-0.8339659
155.134476900101	-0.9311888
155.150106906891	-1.025757
155.165736913681	-1.103765
155.181356906891	-1.11845
155.196986913681	-0.9981084
155.212606906891	-0.6906529
155.228236913681	-0.1721389
155.243856906891	0.5099698
155.259486913681	1.265671
155.275116920471	1.978603
155.290736913681	2.542593
155.306366920471	2.887736
155.321986913681	3.025887
155.337616920471	3.017472
155.353236913681	2.952921
155.368866920471	2.912641
155.384496927261	2.896999
155.400116920471	2.845912
155.415746927261	2.650682
155.431366920471	2.254506
155.446996927261	1.676372
155.462616920471	1.03936
155.478246927261	0.4859827
155.493876934052	0.1174707
155.509496927261	-0.04693642
155.525126934052	-0.07353635
155.540746927261	-0.0422878
155.556376934052	-0.006470535
155.571996927261	0.03329986
155.587626934052	0.1072436
155.603256940842	0.2266317
155.618876934052	0.3631365
155.634506940842	0.4517777
155.650126934052	0.4333987
155.665756940842	0.2651905
155.681376934052	-0.04305796
155.697006940842	-0.4461406
155.712636947632	-0.8681047
155.728256940842	-1.218339
155.743886947632	-1.417619
155.759506940842	-1.428499
155.775136947632	-1.276219
155.790756940842	-1.032222
155.806386947632	-0.8062819
155.822016954422	-0.6686655
155.837636947632	-0.6414758
155.853266954422	-0.706381
155.868886947632	-0.8120272
155.884516954422	-0.940309
155.900136947632	-1.103969
155.915766954422	-1.332701
155.931396961212	-1.623631
155.947016954422	-1.945995
155.962646961212	-2.225445
155.978266954422	-2.401253
155.993896961212	-2.439701
156.009516954422	-2.344565
156.025146961212	-2.128517
156.040776968002	-1.817633
156.056396961212	-1.42608
156.072026968002	-0.9748769
156.087646961212	-0.4922376
156.103276968002	0.001339361
156.118896961212	0.4929802
156.134526968002	0.984892
156.150156974792	1.477718
156.165776968002	1.942194
156.181406974792	2.308648
156.197026968002	2.483944
156.212656974792	2.398188
156.228276968002	2.03276
156.243906974792	1.449255
156.259536981583	0.7882138
156.275156974792	0.210493
156.290786981583	-0.1596394
156.306406974792	-0.2885058
156.322036981583	-0.2329084
156.337656974792	-0.08943667
156.353286981583	0.0392822
156.368916988373	0.1075698
156.384536981583	0.1374096
156.400166988373	0.1911219
156.415786981583	0.3130582
156.431416988373	0.4967135
156.447036981583	0.6622977
156.462666988373	0.6924792
156.478296995163	0.5019993
156.493916988373	0.08241338
156.509546995163	-0.4773012
156.525166988373	-1.023811
156.540796995163	-1.403332
156.556416988373	-1.532189
156.572046995163	-1.399778
156.587677001953	-1.084927
156.603296995163	-0.7075207
156.618927001953	-0.393042
156.634546995163	-0.2288055
156.650177001953	-0.2362522
156.665796995163	-0.3863709
156.681427001953	-0.604546
156.697057008743	-0.8270026
156.712677001953	-0.9920791
156.728307008743	-1.072642
156.743927001953	-1.067325
156.759557008743	-1.007491
156.775177001953	-0.9450618
156.790807008743	-0.927245
156.806437015533	-0.9581102
156.822057008743	-0.9844238
156.837687015533	-0.898486
156.853307008743	-0.5879565
156.868937015533	-0.02316856
156.884557008743	0.7118443
156.900187015533	1.441873
156.915817022324	1.966693
156.931437015533	2.178527
156.947067022324	2.104237
156.962687015533	1.863724
156.978317022324	1.587846
156.993937015533	1.326052
157.009567022324	1.036513
157.025197029114	0.6458032
157.040817022324	0.1622936
157.056447029114	-0.3075974
157.072067022324	-0.5799181
157.087697029114	-0.5197525
157.103317022324	-0.1134222
157.118947029114	0.5026832
157.134577035904	1.127756
157.150197029114	1.590699
157.165827035904	1.808519
157.181447029114	1.799864
157.197077035904	1.623749
157.212707042694	1.330003
157.228327035904	0.9300499
157.243957042694	0.4356661
157.259577035904	-0.1122015
157.275207042694	-0.6417258
157.290827035904	-1.07744
157.306457042694	-1.361727
157.322087049484	-1.490947
157.337707042694	-1.505894
157.353337049484	-1.450472
157.368957042694	-1.367598
157.384587049484	-1.280621
157.400207042694	-1.202309
157.415837049484	-1.147258
157.431467056274	-1.129833
157.447087049484	-1.148538
157.462717056274	-1.189653
157.478337049484	-1.227253
157.493967056274	-1.233959
157.509587049484	-1.219132
157.525217056274	-1.205087
157.540847063065	-1.219156
157.556467056274	-1.252242
157.572097063065	-1.247141
157.587717056274	-1.111614
157.603347063065	-0.7704084
157.618967056274	-0.2006443
157.634597063065	0.5404265
157.650227069855	1.327528
157.665847063065	2.008297
157.681477069855	2.425996
157.697097063065	2.497703
157.712727069855	2.233515
157.728347063065	1.730278
157.743977069855	1.150153
157.759607076645	0.6576748
157.775227069855	0.3612044
157.790857076645	0.2668049
157.806477069855	0.3160548
157.822107076645	0.4040771
157.837727069855	0.4677482
157.853357076645	0.524334
157.868987083435	0.6404076
157.884607076645	0.8850546
157.900237083435	1.252991
157.915857076645	1.662415
157.931487083435	1.974443
157.947107076645	2.088229
157.962737083435	1.979232
157.978367090225	1.706114
157.993987083435	1.376806
158.009617090225	1.067533
158.025237083435	0.8269658
158.040867090225	0.6621146
158.056487083435	0.573431
158.072117090225	0.5539131
158.087747097015	0.5986683
158.103367090225	0.6775665
158.118997097015	0.7402596
158.134617090225	0.7343507
158.150247097015	0.6354275
158.165867090225	0.4930186
158.181497097015	0.3885908
158.197127103806	0.4168649
158.212747097015	0.6219385
158.228377103806	0.963254
158.243997097015	1.312505
158.259627103806	1.51302
158.275247097015	1.449526
158.290877103806	1.089572
158.306507110596	0.529927
158.322127103806	-0.05938196
158.337757110596	-0.460603
158.353377103806	-0.503159
158.369007110596	-0.1181211
158.384627103806	0.6355443
158.400257110596	1.595006
158.415887117386	2.559748
158.431507110596	3.349611
158.447137117386	3.867269
158.462757110596	4.08582
158.478387117386	4.026019
158.494007110596	3.747607
158.509637117386	3.314035
158.525267124176	2.815747
158.540887117386	2.349134
158.556517124176	2.002246
158.572137117386	1.801807
158.587767124176	1.708711
158.603387117386	1.624342
158.619017124176	1.437201
158.634646892548	1.093522
158.650267124176	0.6190799
158.665896892548	0.1113654
158.681517124176	-0.33929
158.697146892548	-0.7148594
158.712767124176	-1.095366
158.728396892548	-1.60995
158.744026899338	-2.363505
158.759646892548	-3.355375
158.775276899338	-4.458591
158.790896892548	-5.494374
158.806526899338	-6.29671
158.822146892548	-6.823821
158.837776899338	-7.140516
158.853406906128	-7.38663
158.869026899338	-7.681361
158.884656906128	-8.064094
158.900276899338	-8.488553
158.915906906128	-8.875167
158.931526899338	-9.181012
158.947156906128	-9.394651
158.962786912918	-9.520374
158.978406906128	-9.512589
158.994036912918	-9.262547
159.009656906128	-8.658564
159.025286912918	-7.673959
159.040906906128	-6.441938
159.056536912918	-5.210957
159.072166919708	-4.236875
159.087786912918	-3.635455
159.103416919708	-3.306579
159.119036912918	-3.000812
159.134666919708	-2.450556
159.150286912918	-1.541599
159.165916919708	-0.3561329
159.181546926498	0.8664052
159.197166919708	1.879843
159.212796926498	2.546095
159.228416919708	2.890497
159.244046926498	3.039447
159.259666919708	3.121284
159.275296926498	3.19808
159.290926933289	3.251044
159.306546926498	3.248143
159.322176933289	3.186376
159.337796926498	3.132873
159.353426933289	3.185041
159.369046926498	3.389481
159.384676933289	3.705969
159.400306940079	4.013127
159.415926933289	4.188505
159.431556940079	4.162359
159.447176933289	3.988143
159.462806940079	3.770076
159.478426933289	3.608391
159.494056940079	3.534533
159.509686946869	3.487063
159.525306940079	3.374732
159.540936946869	3.129419
159.556556940079	2.747649
159.572186946869	2.284309
159.587806940079	1.813662
159.603436946869	1.38631
159.619066953659	1.023224
159.634686946869	0.7328348
159.650316953659	0.5087385
159.665936946869	0.3669176
159.681566953659	0.3139553
159.697186946869	0.3391066
159.712816953659	0.4072542
159.728446960449	0.4716206
159.744066953659	0.4782286
159.759696960449	0.3722773
159.775316953659	0.1318026
159.790946960449	-0.2183552
159.806566953659	-0.5867805
159.822196960449	-0.8554077
159.837826967239	-0.9101505
159.853446960449	-0.6782026
159.869076967239	-0.162591
159.884696960449	0.5678568
159.900326967239	1.427701
159.91595697403	2.332501
159.931576967239	3.188437
159.94720697403	3.912907
159.962826967239	4.412552
159.97845697403	4.600599
159.994076967239	4.447909
160.00970697403	4.002074
160.02533698082	3.384812
160.04095697403	2.773343
160.05658698082	2.324489
160.07220697403	2.111746
160.08783698082	2.115722
160.10345697403	2.232429
160.11908698082	2.324511
160.13471698761	2.275282
160.15033698082	2.028276
160.16596698761	1.590191
160.18158698082	1.026116
160.19721698761	0.4201126
160.21283698082	-0.1532869
160.22846698761	-0.6301699
160.2440969944	-0.9684114
160.25971698761	-1.129696
160.2753469944	-1.079268
160.29096698761	-0.8019161
160.3065969944	-0.3339701
160.32221698761	0.2275295
160.3378469944	0.7419434
160.35347700119	1.078061
160.3690969944	1.167911
160.38472700119	1.025293
160.4003469944	0.7322874
160.41597700119	0.3932438
160.4315969944	0.06900406
160.44722700119	-0.2447777
160.46285700798	-0.5994606
160.47847700119	-1.055638
160.49410700798	-1.617641
160.50972700119	-2.222469
160.52535700798	-2.779067
160.54097700119	-3.190939
160.55660700798	-3.398002
160.572237014771	-3.381284
160.58785700798	-3.162148
160.603487014771	-2.766221
160.61910700798	-2.217062
160.634737014771	-1.547934
160.65035700798	-0.8231802
160.665987014771	-0.1373081
160.681617021561	0.4113235
160.697237014771	0.7649746
160.712867021561	0.9268398
160.728487014771	0.9608755
160.744117021561	0.9489012
160.759737014771	0.9321527
160.775367021561	0.9141493
160.790997028351	0.8808594
160.806617021561	0.8142405
160.822247028351	0.7425394
160.837867021561	0.6945286
160.853497028351	0.6842299
160.869117021561	0.6805048
160.884747028351	0.6388741
160.900377035141	0.5375214
160.915997028351	0.4091692
160.931627035141	0.3422823
160.947247028351	0.4216528
160.962877035141	0.6783314
160.978497028351	1.031399
160.994127035141	1.342476
161.009757041931	1.465582
161.025377035141	1.319713
161.041007041931	0.9122753
161.056627035141	0.3187704
161.072257041931	-0.3409219
161.087877035141	-0.9625263
161.103507041931	-1.471272
161.119137048721	-1.832578
161.134757041931	-2.037358
161.150387048721	-2.096909
161.166007041931	-2.019207
161.181637048721	-1.822725
161.197257041931	-1.524554
161.212887048721	-1.154963
161.228517055511	-0.7750463
161.244137048721	-0.4666591
161.259767055511	-0.3266754
161.275387048721	-0.4302578
161.291017055511	-0.790453
161.306637048721	-1.358943
161.322267055511	-2.03076
161.337897062302	-2.676236
161.353517055511	-3.159093
161.369147062302	-3.360644
161.384767055511	-3.192571
161.400397062302	-2.617689
161.416017055511	-1.682335
161.431647062302	-0.5209141
161.447277069092	0.6637421
161.462897062302	1.650991
161.478527069092	2.275116
161.494147062302	2.472826
161.509777069092	2.303227
161.525397062302	1.909805
161.541027069092	1.467161
161.556657075882	1.105983
161.572277069092	0.8822832
161.587907075882	0.7848487
161.603527069092	0.7517629
161.619157075882	0.7189617
161.634777069092	0.6462245
161.650407075882	0.5398345
161.666037082672	0.4437866
161.681657075882	0.4142036
161.697287082672	0.4872975
161.712907075882	0.6509337
161.728537082672	0.8641424
161.744157075882	1.056866
161.759787082672	1.177487
161.775417089462	1.201109
161.791037082672	1.134562
161.806667089462	1.004085
161.822287082672	0.8414164
161.837917089462	0.6747379
161.853537082672	0.5209136
161.869167089462	0.3930531
161.884797096252	0.2850742
161.900417089462	0.1874428
161.916047096252	0.07036543
161.931667089462	-0.09638357
161.947297096252	-0.3294315
161.962917089462	-0.6073608
161.978547096252	-0.8826065
161.994177103043	-1.089993
162.009797096252	-1.180247
162.025427103043	-1.141965
162.041047096252	-1.017057
162.056677103043	-0.8789768
162.072307109833	-0.8028288
162.087927103043	-0.8283696
162.103557109833	-0.9575129
162.119177103043	-1.157809
162.134807109833	-1.381194
162.150427103043	-1.602281
162.166057109833	-1.778419
162.181687116623	-1.858992
162.197307109833	-1.782866
162.212937116623	-1.492277
162.228557109833	-0.9562826
162.244187116623	-0.2265739
162.259807109833	0.5886626
162.275437116623	1.353256
162.291067123413	1.946746
162.306687116623	2.30374
162.322317123413	2.406303
162.337937116623	2.282827
162.353567123413	1.988702
162.369187116623	1.600254
162.384817123413	1.190841
162.400447130203	0.8402653
162.416067123413	0.5975809
162.431697130203	0.4772258
162.447317123413	0.4618192
162.462947130203	0.5316114
162.478567123413	0.6722298
162.494197130203	0.8824463
162.509826898575	1.130952
162.525447130203	1.331437
162.541076898575	1.375578
162.556697130203	1.192313
162.572326898575	0.8237748
162.587947130203	0.4177814
162.603576898575	0.1673365
162.619206905365	0.1832619
162.634826898575	0.4384837
162.650456905365	0.7577124
162.666076898575	0.9187984
162.681706905365	0.7875648
162.697326898575	0.3750491
162.712956905365	-0.1727219
162.728586912155	-0.6738663
162.744206905365	-1.006704
162.759836912155	-1.162968
162.775456905365	-1.220656
162.791086912155	-1.266699
162.806706905365	-1.358286
162.822336912155	-1.483606
162.837966918945	-1.609643
162.853586912155	-1.689497
162.869216918945	-1.694759
162.884836912155	-1.615589
162.900466918945	-1.459686
162.916086912155	-1.254435
162.931716918945	-1.036337
162.947346925735	-0.8593793
162.962966918945	-0.760561
162.978596925735	-0.7559142
162.994216918945	-0.8086138
163.009846925735	-0.841877
163.025466918945	-0.7538495
163.041096925735	-0.4790735
163.056726932526	-0.009826183
163.072346925735	0.6071601
163.087976932526	1.278239
163.103596925735	1.912165
163.119226932526	2.432611
163.134846925735	2.788917
163.150476932526	2.943033
163.166106939316	2.864358
163.181726932526	2.540838
163.197356939316	2.001858
163.212976932526	1.332272
163.228606939316	0.6541779
163.244226932526	0.1018877
163.259856939316	-0.2109642
163.275486946106	-0.2216074
163.291106939316	0.07163787
163.306736946106	0.5931127
163.322356939316	1.212302
163.337986946106	1.762112
163.353606939316	2.095259
163.369236946106	2.142204
163.384866952896	1.909618
163.400486946106	1.474895
163.416116952896	0.9423957
163.431736946106	0.401912
163.447366952896	-0.08929992
163.462986946106	-0.4999533
163.478616952896	-0.8093221
163.494246959686	-0.9977487
163.509866952896	-1.068729
163.525496959686	-1.056296
163.541116952896	-1.015739
163.556746959686	-0.9912504
163.572366952896	-0.9944488
163.587996959686	-0.9967012
163.603626966476	-0.9729036
163.619246959686	-0.9340582
163.634876966476	-0.9365078
163.650496959686	-1.040192
163.666126966476	-1.27145
163.681746959686	-1.561441
163.697376966476	-1.775002
163.713006973267	-1.784378
163.728626966476	-1.532843
163.744256973267	-1.089668
163.759876966476	-0.604695
163.775506973267	-0.2575552
163.791126966476	-0.1537656
163.806756973267	-0.3135627
163.822386980057	-0.6562812
163.838006973267	-1.074905
163.853636980057	-1.481385
163.869256973267	-1.817297
163.884886980057	-2.040639
163.900506973267	-2.097524
163.916136980057	-1.909274
163.931766986847	-1.409334
163.947386980057	-0.6063383
163.963016986847	0.3814656
163.978636980057	1.347945
163.994266986847	2.082835
164.009886980057	2.462253
164.025516986847	2.501233
164.041146993637	2.349203
164.056766986847	2.178194
164.072396993637	2.093239
164.088016986847	2.089472
164.103646993637	2.081417
164.119266986847	1.991352
164.134896993637	1.808702
164.150527000427	1.600517
164.166146993637	1.43694
164.181777000427	1.338815
164.197396993637	1.242998
164.213027000427	1.056245
164.228646993637	0.7285327
164.244277000427	0.2977723
164.259907007217	-0.1159368
164.275527000427	-0.4060553
164.291157007217	-0.523231
164.306777000427	-0.529907
164.322407007217	-0.5245152
164.338037014008	-0.5803173
164.353657007217	-0.7101252
164.369287014008	-0.8469632
164.384907007217	-0.9335873
164.400537014008	-0.9557612
164.416157007217	-0.9423335
164.431787014008	-0.9336278
164.447417020798	-0.9479992
164.463037014008	-0.9591265
164.478667020798	-0.9398844
164.494287014008	-0.8889287
164.509917020798	-0.8510718
164.525537014008	-0.8906193
164.541167020798	-1.020557
164.556797027588	-1.190261
164.572417020798	-1.29774
164.588047027588	-1.261299
164.603667020798	-1.070118
164.619297027588	-0.8158646
164.634917020798	-0.6352088
164.650547027588	-0.6453836
164.666177034378	-0.8757656
164.681797027588	-1.240929
164.697427034378	-1.595363
164.713047027588	-1.794768
164.728677034378	-1.781554
164.744297027588	-1.583062
164.759927034378	-1.310063
164.775557041168	-1.078063
164.791177034378	-0.9655046
164.806807041168	-0.9900095
164.822427034378	-1.115161
164.838057041168	-1.262474
164.853677034378	-1.364254
164.869307041168	-1.350536
164.884937047958	-1.169203
164.900557041168	-0.7846231
164.916187047958	-0.1842175
164.931807041168	0.591691
164.947437047958	1.438222
164.963057041168	2.191955
164.978687047958	2.703041
164.994317054749	2.876696
165.009937047958	2.719492
165.025567054749	2.329062
165.041187047958	1.866704
165.056817054749	1.469044
165.072437047958	1.210457
165.088067054749	1.086233
165.103697061539	1.03908
165.119317054749	1.007686
165.134947061539	0.9722538
165.150567054749	0.9624338
165.166197061539	1.015784
165.181817054749	1.146834
165.197447061539	1.299747
165.213077068329	1.385153
165.228697061539	1.3189
165.244327068329	1.085985
165.259947061539	0.7681894
165.275577068329	0.4887867
165.291197061539	0.349339
165.306827068329	0.3466654
165.322457075119	0.3880768
165.338077068329	0.3396964
165.353707075119	0.117939
165.369327068329	-0.2394609
165.384957075119	-0.6150999
165.400577068329	-0.8909879
165.416207075119	-1.022598
165.431837081909	-1.06362
165.447457075119	-1.109741
165.463087081909	-1.222689
165.478707075119	-1.393396
165.494337081909	-1.54802
165.509957075119	-1.61117
165.525587081909	-1.57242
165.541217088699	-1.461055
165.556837081909	-1.339916
165.572467088699	-1.247838
165.588087081909	-1.197262
165.603717088699	-1.172711
165.619337081909	-1.166009
165.634967088699	-1.169094
165.65059709549	-1.180457
165.666217088699	-1.215815
165.68184709549	-1.289403
165.697467088699	-1.429512
165.71309709549	-1.644213
165.728717088699	-1.899232
165.74434709549	-2.093377
165.75997710228	-2.073986
165.77559709549	-1.698234
165.79122710228	-0.8908792
165.80684709549	0.2478771
165.82247710228	1.488482
165.83809709549	2.543305
165.85372710228	3.174226
165.86935710907	3.310794
165.88497710228	3.052974
165.90060710907	2.59932
165.91622710228	2.140829
165.93185710907	1.794216
165.94747710228	1.559213
165.96310710907	1.384048
165.97873711586	1.199199
165.99435710907	0.9756284
166.00998711586	0.7299905
166.02560710907	0.4966187
166.04123711586	0.3083053
166.05685710907	0.1694093
166.07248711586	0.07259512
166.08811712265	0.01855183
166.10373711586	0.02601099
166.11936712265	0.1260943
166.13498711586	0.3333187
166.15061712265	0.6127205
166.16623711586	0.8840604
166.18186712265	1.051547
166.19749712944	1.033605
166.21311712265	0.8025479
166.22874712944	0.3865647
166.24436712265	-0.1294055
166.25999712944	-0.6436553
166.27561712265	-1.069405
166.29124712944	-1.333278
166.306876897812	-1.414624
166.32249712944	-1.326607
166.338126897812	-1.127501
166.35374712944	-0.8950419
166.369376897812	-0.706831
166.38499712944	-0.6256351
166.400626897812	-0.6645813
166.416256904602	-0.8035164
166.431876897812	-0.98948
166.447506904602	-1.17913
166.463126897812	-1.321725
166.478756904602	-1.383734
166.494376897812	-1.342181
166.510006904602	-1.189126
166.525636911392	-0.9557276
166.541256904602	-0.7087374
166.556886911392	-0.5213046
166.572506904602	-0.4400353
166.588136911392	-0.4800034
166.603756904602	-0.6202512
166.619386911392	-0.8487697
166.635016918182	-1.143015
166.650636911392	-1.46118
166.666266918182	-1.7153
166.681886911392	-1.748765
166.697516918182	-1.444198
166.713136911392	-0.7767701
166.728766918182	0.1176744
166.744396924973	0.98592
166.760016918182	1.565566
166.775646924973	1.694145
166.791266918182	1.394284
166.806896924973	0.8316059
166.822516918182	0.2337708
166.838146924973	-0.2289972
166.853776931763	-0.4988556
166.869396924973	-0.6304135
166.885026931763	-0.7446294
166.900646924973	-0.9700646
166.916276931763	-1.371039
166.931906938553	-1.936499
166.947526931763	-2.584136
166.963156938553	-3.186599
166.978776931763	-3.602482
166.994406938553	-3.743314
167.010026931763	-3.586744
167.025656938553	-3.176509
167.041286945343	-2.612254
167.056906938553	-2.017123
167.072536945343	-1.490116
167.088156938553	-1.107263
167.103786945343	-0.8753386
167.119406938553	-0.758213
167.135036945343	-0.6753783
167.150666952133	-0.5363021
167.166286945343	-0.2659307
167.181916952133	0.1615624
167.197536945343	0.7550468
167.213166952133	1.485633
167.228786945343	2.332823
167.244416952133	3.252831
167.260046958923	4.191975
167.275666952133	5.054461
167.291296958923	5.732857
167.306916952133	6.142752
167.322546958923	6.261886
167.338166952133	6.15409
167.353796958923	5.93719
167.369426965714	5.729104
167.385046958923	5.588502
167.400676965714	5.468543
167.416296958923	5.248357
167.431926965714	4.796424
167.447546958923	4.024853
167.463176965714	2.939841
167.478806972504	1.645471
167.494426965714	0.2809596
167.510056972504	-1.024725
167.525676965714	-2.18014
167.541306972504	-3.14152
167.556926965714	-3.883912
167.572556972504	-4.38477
167.588186979294	-4.623515
167.603806972504	-4.623425
167.619436979294	-4.466936
167.635056972504	-4.304138
167.650686979294	-4.295238
167.666306972504	-4.515836
167.681936979294	-4.949844
167.697566986084	-5.456447
167.713186979294	-5.865663
167.728816986084	-6.064417
167.744436979294	-6.065568
167.760066986084	-5.978842
167.775686979294	-5.942206
167.791316986084	-6.041883
167.806946992874	-6.245954
167.822566986084	-6.44375
167.838196992874	-6.504489
167.853816986084	-6.380859
167.869446992874	-6.140572
167.885066986084	-5.913837
167.900696992874	-5.825665
167.916326999664	-5.870098
167.931946992874	-5.913763
167.947576999664	-5.737362
167.963196992874	-5.16895
167.978826999664	-4.153163
167.994446992874	-2.783269
168.010076999664	-1.245721
168.025707006454	0.2694945
168.041326999664	1.636383
168.056957006454	2.825161
168.072576999664	3.834085
168.088207006454	4.688972
168.103826999664	5.378571
168.119457006454	5.887905
168.135087013245	6.220476
168.150707006454	6.413692
168.166337013245	6.528091
168.181957006454	6.607634
168.197587013245	6.683331
168.213207006454	6.743209
168.228837013245	6.784068
168.244467020035	6.808181
168.260087013245	6.822392
168.275717020035	6.827193
168.291337013245	6.814188
168.306967020035	6.763767
168.322587013245	6.677848
168.338217020035	6.583149
168.353847026825	6.511873
168.369467020035	6.494437
168.385097026825	6.538488
168.400717020035	6.622013
168.416347026825	6.740765
168.431967020035	6.913785
168.447597026825	7.173784
168.463227033615	7.537582
168.478847026825	7.94616
168.494477033615	8.256027
168.510097026825	8.290043
168.525727033615	7.912158
168.541347026825	7.107059
168.556977033615	6.01034
168.572607040405	4.826891
168.588227033615	3.745332
168.603857040405	2.864882
168.619477033615	2.176946
168.635107040405	1.605955
168.650727033615	1.10453
168.666357040405	0.6608605
168.681987047195	0.304683
168.697607040405	0.05878472
168.713237047195	-0.1123238
168.728857040405	-0.3205885
168.744487047195	-0.6877508
168.760107040405	-1.290906
168.775737047195	-2.097791
168.791367053986	-2.961451
168.806987047195	-3.681279
168.822617053986	-4.078176
168.838237047195	-4.070308
168.853867053986	-3.71369
168.869487047195	-3.159221
168.885117053986	-2.589705
168.900747060776	-2.144057
168.916367053986	-1.869312
168.931997060776	-1.718915
168.947617053986	-1.622711
168.963247060776	-1.521643
168.978867053986	-1.42746
168.994497060776	-1.404924
169.010127067566	-1.530884
169.025747060776	-1.835938
169.041377067566	-2.311348
169.056997060776	-2.914964
169.072627067566	-3.598829
169.088247060776	-4.370639
169.103877067566	-5.251468
169.119507074356	-6.245763
169.135127067566	-7.332262
169.150757074356	-8.414879
169.166377067566	-9.344901
169.182007074356	-9.977011
169.197637081146	-10.2236
169.213257074356	-10.06861
169.228887081146	-9.598592
169.244507074356	-8.941864
169.260137081146	-8.231318
169.275757074356	-7.569895
169.291387081146	-7.014301
169.307017087936	-6.561865
169.322637081146	-6.164734
169.338267087936	-5.728296
169.353887081146	-5.140155
169.369517087936	-4.315183
169.385137081146	-3.229778
169.400767087936	-1.941311
169.416397094727	-0.5826917
169.432017087936	0.7009215
169.447647094727	1.799592
169.463267087936	2.695879
169.478897094727	3.461179
169.494517087936	4.181808
169.510147094727	4.892271
169.525777101517	5.529613
169.541397094727	5.938532
169.557027101517	5.951086
169.572647094727	5.498804
169.588277101517	4.652673
169.603897094727	3.610294
169.619527101517	2.624494
169.635157108307	1.895145
169.650777101517	1.489358
169.666407108307	1.339214
169.682027101517	1.286338
169.697657108307	1.157813
169.713277101517	0.8514495
169.728907108307	0.3596296
169.744537115097	-0.2387257
169.760157108307	-0.8278017
169.775787115097	-1.308756
169.791407108307	-1.625357
169.807037115097	-1.76356
169.822657108307	-1.761207
169.838287115097	-1.67078
169.853917121887	-1.54867
169.869537115097	-1.436542
169.885167121887	-1.369682
169.900787115097	-1.350756
169.916417121887	-1.373962
169.932037115097	-1.426952
169.947667121887	-1.515607
169.963297128677	-1.66264
169.978917121887	-1.899111
169.994547128677	-2.237711
170.010167121887	-2.636043
170.025797128677	-2.9979
170.041417121887	-3.177987
170.057047128677	-3.050962
170.072676897049	-2.550263
170.088297128677	-1.700451
170.103926897049	-0.6043017
170.119547128677	0.6083274
170.135176897049	1.826681
170.150797128677	2.977368
170.166426897049	4.011018
170.182056903839	4.868052
170.197676897049	5.458264
170.213306903839	5.6944
170.228926897049	5.535083
170.244556903839	5.02428
170.260176897049	4.300415
170.275806903839	3.536431
170.291436910629	2.883057
170.307056903839	2.42051
170.322686910629	2.139833
170.338306903839	1.983046
170.353936910629	1.892432
170.369556903839	1.835569
170.385186910629	1.804036
170.400816917419	1.798841
170.416436910629	1.806121
170.432066917419	1.827606
170.447686910629	1.845292
170.463316917419	1.864726
170.478936910629	1.887588
170.494566917419	1.893625
170.51019692421	1.83518
170.525816917419	1.656897
170.54144692421	1.32028
170.557066917419	0.8253899
170.57269692421	0.2428918
170.588316917419	-0.3079529
170.60394692421	-0.7103953
170.619576931	-0.8866544
170.63519692421	-0.8520694
170.650826931	-0.7052007
170.66644692421	-0.589757
170.682076931	-0.6284132
170.69769692421	-0.8646441
170.713326931	-1.236432
170.72895693779	-1.616548
170.744576931	-1.864319
170.76020693779	-1.899847
170.775826931	-1.733091
170.79145693779	-1.452139
170.807076931	-1.153923
170.82270693779	-0.9019575
170.83833694458	-0.681149
170.85395693779	-0.43893
170.86958694458	-0.1333623
170.88520693779	0.2491136
170.90083694458	0.6678391
170.91645693779	1.058267
170.93208694458	1.374739
170.94771695137	1.600896
170.96333694458	1.740324
170.97896695137	1.798419
170.99458694458	1.761512
171.01021695137	1.590519
171.02583694458	1.267489
171.04146695137	0.8075261
171.05709695816	0.2659683
171.07271695137	-0.2684526
171.08834695816	-0.6938581
171.10396695137	-0.9315491
171.11959695816	-0.9347849
171.13521695137	-0.7065043
171.15084695816	-0.3190184
171.166476964951	0.1126776
171.18209695816	0.4529843
171.197726964951	0.6062622
171.21334695816	0.5508051
171.228976964951	0.3667836
171.24459695816	0.1770477
171.260226964951	0.07444
171.275856971741	0.07462692
171.291476964951	0.1018815
171.307106971741	0.06152487
171.322726964951	-0.09797907
171.338356971741	-0.3468132
171.353976964951	-0.5941777
171.369606971741	-0.7464232
171.385236978531	-0.769362
171.400856971741	-0.6957288
171.416486978531	-0.599627
171.432106971741	-0.5529261
171.447736978531	-0.6072321
171.463356971741	-0.7710843
171.478986978531	-1.020725
171.494616985321	-1.314511
171.510236978531	-1.587907
171.525866985321	-1.787828
171.541486978531	-1.878885
171.557116985321	-1.87475
171.572736978531	-1.818645
171.588366985321	-1.745954
171.603996992111	-1.651481
171.619616985321	-1.461034
171.635246992111	-1.076377
171.650866985321	-0.4499006
171.666496992111	0.3546004
171.682116985321	1.179653
171.697746992111	1.856209
171.713376998901	2.269388
171.728996992111	2.434525
171.744626998901	2.449144
171.760246992111	2.430867
171.775876998901	2.446521
171.791507005692	2.488026
171.807126998901	2.485444
171.822757005692	2.370906
171.838376998901	2.117362
171.854007005692	1.758088
171.869626998901	1.372628
171.885257005692	1.03371
171.900887012482	0.7960138
171.916507005692	0.6650209
171.932137012482	0.6115789
171.947757005692	0.5800438
171.963387012482	0.5095625
171.979007005692	0.3669157
171.994637012482	0.1482887
172.010267019272	-0.1046715
172.025887012482	-0.3360386
172.041517019272	-0.4910278
172.057137012482	-0.5688353
172.072767019272	-0.6090136
172.088387012482	-0.6669016
172.104017019272	-0.7832441
172.119647026062	-0.9406328
172.135267019272	-1.081821
172.150897026062	-1.137033
172.166517019272	-1.084196
172.182147026062	-0.9711418
172.197767019272	-0.8882351
172.213397026062	-0.9130125
172.229027032852	-1.05176
172.244647026062	-1.233724
172.260277032852	-1.362309
172.275897026062	-1.385201
172.291527032852	-1.312583
172.307147026062	-1.192101
172.322777032852	-1.05226
172.338407039642	-0.8743973
172.354027032852	-0.6046858
172.369657039642	-0.2055101
172.385277032852	0.3059521
172.400907039642	0.8604527
172.416527032852	1.380502
172.432157039642	1.819815
172.447787046432	2.152958
172.463407039642	2.346637
172.479037046432	2.346481
172.494657039642	2.093486
172.510287046432	1.579825
172.525907039642	0.908143
172.541537046432	0.2675123
172.557167053223	-0.1490469
172.572787046432	-0.237792
172.588417053223	-0.04564285
172.604037046432	0.2693262
172.619667053223	0.5250807
172.635287046432	0.6243954
172.650917053223	0.5872602
172.666547060013	0.5165739
172.682167053223	0.499917
172.697797060013	0.5611477
172.713417053223	0.6471443
172.729047060013	0.6757078
172.744667053223	0.5904875
172.760297060013	0.3868961
172.775927066803	0.1117373
172.791547060013	-0.1816807
172.807177066803	-0.4681807
172.822797060013	-0.7529182
172.838427066803	-1.061311
172.854047060013	-1.415318
172.869677066803	-1.802915
172.885307073593	-2.150368
172.900927066803	-2.365698
172.916557073593	-2.356696
172.932177066803	-2.09605
172.947807073593	-1.652774
172.963427066803	-1.186095
172.979057073593	-0.8756218
172.994687080383	-0.8435888
173.010307073593	-1.089598
173.025937080383	-1.453854
173.041557073593	-1.704101
173.057187080383	-1.629327
173.072807073593	-1.135029
173.088437080383	-0.3017492
173.104067087173	0.6713076
173.119687080383	1.554337
173.135317087173	2.18053
173.150937080383	2.497087
173.166567087173	2.545258
173.182187080383	2.415598
173.197817087173	2.203285
173.213447093964	1.978589
173.229067087173	1.77723
173.244697093964	1.61125
173.260317087173	1.456663
173.275947093964	1.283876
173.291567087173	1.076995
173.307197093964	0.8222837
173.322827100754	0.55159
173.338447093964	0.3079596
173.354077100754	0.1351318
173.369697093964	0.03557014
173.385327100754	-0.01128483
173.400947093964	-0.04831791
173.416577100754	-0.08699036
173.432207107544	-0.1155605
173.447827100754	-0.1113424
173.463457107544	-0.0825634
173.479077100754	-0.07707882
173.494707107544	-0.1589155
173.510327100754	-0.3599129
173.525957107544	-0.6412535
173.541587114334	-0.9097862
173.557207107544	-1.085004
173.572837114334	-1.148056
173.588457107544	-1.151443
173.604087114334	-1.169705
173.619707107544	-1.262582
173.635337114334	-1.430279
173.650967121124	-1.628985
173.666587114334	-1.803824
173.682217121124	-1.916587
173.697837114334	-1.942967
173.713467121124	-1.861952
173.729087114334	-1.662338
173.744717121124	-1.3444
173.760347127914	-0.9584608
173.775967121124	-0.5759077
173.791597127914	-0.2597094
173.807217121124	-0.01184177
173.822847127914	0.2405558
173.838467121124	0.5888758
173.854097127914	1.079151
173.869726896286	1.653777
173.885347127914	2.175611
173.900976896286	2.499179
173.916597127914	2.574209
173.932226896286	2.461001
173.947847127914	2.294294
173.963476896286	2.184061
173.979106903076	2.16423
173.994726896286	2.157122
174.010356903076	2.057614
174.025976896286	1.791617
174.041606903076	1.381616
174.057236909866	0.9177017
174.072856903076	0.5189228
174.088486909866	0.2617197
174.104106903076	0.1527901
174.119736909866	0.1533337
174.135356903076	0.2217956
174.150986909866	0.3272281
174.166616916656	0.4441571
174.182236909866	0.5322242
174.197866916656	0.5273609
174.213486909866	0.3806505
174.229116916656	0.08004856
174.244736909866	-0.3153143
174.260366916656	-0.7053118
174.275996923447	-0.9832411
174.291616916656	-1.105853
174.307246923447	-1.103874
174.322866916656	-1.049051
174.338496923447	-1.022952
174.354116916656	-1.063989
174.369746923447	-1.158711
174.385376930237	-1.256677
174.400996923447	-1.318473
174.416626930237	-1.327108
174.432246923447	-1.290162
174.447876930237	-1.23772
174.463496923447	-1.187918
174.479126930237	-1.143098
174.494756937027	-1.110566
174.510376930237	-1.102193
174.526006937027	-1.124978
174.541626930237	-1.173393
174.557256937027	-1.225943
174.572876930237	-1.220729
174.588506937027	-1.108346
174.604136943817	-0.8539362
174.619756937027	-0.4524198
174.635386943817	0.06700373
174.651006937027	0.6449523
174.666636943817	1.221181
174.682256937027	1.730464
174.697886943817	2.113183
174.713516950607	2.324291
174.729136943817	2.326849
174.744766950607	2.112954
174.760386943817	1.729692
174.776016950607	1.256044
174.791636943817	0.7895932
174.807266950607	0.4077482
174.822896957397	0.1542215
174.838516950607	0.04572153
174.854146957397	0.09390926
174.869766950607	0.3039951
174.885396957397	0.6647058
174.901016950607	1.109522
174.916646957397	1.526868
174.932276964188	1.788519
174.947896957397	1.808348
174.963526964188	1.591909
174.979146957397	1.231968
174.994776964188	0.8646131
175.010396957397	0.5870738
175.026026964188	0.4107823
175.041656970978	0.2831607
175.057276964188	0.1148863
175.072906970978	-0.13412
175.088526964188	-0.4346113
175.104156970978	-0.7182856
175.119776964188	-0.9248152
175.135406970978	-1.019126
175.151036977768	-1.010247
175.166656970978	-0.9234948
175.182286977768	-0.7784896
175.197906970978	-0.6086626
175.213536977768	-0.4676194
175.229156970978	-0.4410357
175.244786977768	-0.5995212
175.260416984558	-0.9616766
175.276036977768	-1.439335
175.291666984558	-1.866836
175.307286977768	-2.068595
175.322916984558	-1.949288
175.338536977768	-1.55472
175.354166984558	-1.047251
175.369796991348	-0.6206341
175.385416984558	-0.4109626
175.401046991348	-0.4479446
175.416666984558	-0.6558971
175.432296991348	-0.8988061
175.447916984558	-1.049932
175.463546991348	-1.007789
175.479176998138	-0.7330351
175.494796991348	-0.2338896
175.510426998138	0.4480414
175.526046991348	1.207572
175.541676998138	1.921146
175.557296991348	2.450499
175.572926998138	2.703947
175.588557004929	2.67099
175.604176998138	2.423318
175.619807004929	2.059479
175.635426998138	1.666961
175.651057004929	1.300191
175.666676998138	0.9702053
175.682307004929	0.681953
175.697937011719	0.4585094
175.713557004929	0.3369789
175.729187011719	0.3300881
175.744807004929	0.448266
175.760437011719	0.6427555
175.776057004929	0.8499124
175.791687011719	1.004174
175.807317018509	1.047513
175.822937011719	0.9601848
175.838567018509	0.7464697
175.854187011719	0.4387498
175.869817018509	0.09892821
175.885437011719	-0.1915522
175.901067018509	-0.3786125
175.916697025299	-0.4413185
175.932317018509	-0.420747
175.947947025299	-0.4099028
175.963567018509	-0.4833062
175.979197025299	-0.6712058
175.994817018509	-0.9575334
176.010447025299	-1.282178
176.026077032089	-1.576267
176.041697025299	-1.788173
176.057327032089	-1.875633
176.072947025299	-1.816526
176.088577032089	-1.611713
176.104197025299	-1.279281
176.119827032089	-0.8626614
176.135457038879	-0.4440298
176.151077032089	-0.1022558
176.166707038879	0.1023526
176.182327032089	0.1343932
176.197957038879	0.008390427
176.21358704567	-0.2226501
176.229207038879	-0.4959621
176.24483704567	-0.7380161
176.260457038879	-0.8996897
176.27608704567	-0.9755232
176.291707038879	-1.000108
176.30733704567	-1.039399
176.32296705246	-1.143114
176.33858704567	-1.310798
176.35421705246	-1.470348
176.36983704567	-1.518148
176.38546705246	-1.351919
176.40108704567	-0.9262767
176.41671705246	-0.2634593
176.43234705925	0.5603313
176.44796705246	1.42176
176.46359705925	2.186774
176.47921705246	2.719382
176.49484705925	2.914434
176.51046705246	2.731723
176.52609705925	2.241606
176.54172706604	1.585376
176.55734705925	0.9317096
176.57297706604	0.4186736
176.58859705925	0.09778583
176.60422706604	-0.06394672
176.61984705925	-0.1339068
176.63547706604	-0.1664789
176.65110707283	-0.178169
176.66672706604	-0.1520431
176.68235707283	-0.06388968
176.69797706604	0.08525372
176.71360707283	0.2727446
176.72922706604	0.4615113
176.74485707283	0.6137764
176.76048707962	0.6890461
176.77610707283	0.6513383
176.79173707962	0.487937
176.80735707283	0.2139991
176.82298707962	-0.1082939
176.83860707283	-0.3912505
176.85423707962	-0.5528373
176.869867086411	-0.5657183
176.88548707962	-0.4532634
176.901117086411	-0.293642
176.91673707962	-0.1689317
176.932367086411	-0.1321509
176.94798707962	-0.2078337
176.963617086411	-0.3863094
176.979247093201	-0.6395476
176.994867086411	-0.9220965
177.010497093201	-1.177619
177.026117086411	-1.342918
177.041747093201	-1.371525
177.057367086411	-1.264928
177.072997093201	-1.074162
177.088627099991	-0.8801165
177.104247093201	-0.7473624
177.119877099991	-0.7288876
177.135497093201	-0.8383641
177.151127099991	-1.06648
177.166747093201	-1.38123
177.182377099991	-1.705401
177.198007106781	-1.941196
177.213627099991	-1.995464
177.229257106781	-1.841877
177.244877099991	-1.550848
177.260507106781	-1.262346
177.276127099991	-1.110354
177.291757106781	-1.146488
177.307387113571	-1.290358
177.323007106781	-1.372937
177.338637113571	-1.235829
177.354257106781	-0.8090699
177.369887113571	-0.1379659
177.385507106781	0.6511106
177.401137113571	1.432981
177.416767120361	2.126765
177.432387113571	2.691866
177.448017120361	3.088624
177.463637113571	3.260265
177.479267120361	3.157725
177.494887113571	2.779822
177.510517120361	2.20573
177.526147127151	1.572883
177.541767120361	1.021204
177.557397127151	0.6466053
177.573017120361	0.4642022
177.588647127151	0.4226355
177.604267120361	0.4519137
177.619897127151	0.4827955
177.635526895523	0.4661245
177.651147127151	0.385859
177.666776895523	0.2268272
177.682397127151	0.005576879
177.698026895523	-0.2465586
177.713647127151	-0.4556509
177.729276895523	-0.552375
177.744906902313	-0.4918309
177.760526895523	-0.2948793
177.776156902313	-0.04942183
177.791776895523	0.1227116
177.807406902313	0.1364013
177.823026895523	-0.005962908
177.838656902313	-0.2295054
177.854286909103	-0.4278074
177.869906902313	-0.5319449
177.885536909103	-0.5479029
177.901156902313	-0.5453068
177.916786909103	-0.5741932
177.932406902313	-0.6298853
177.948036909103	-0.6397985
177.963666915894	-0.5158888
177.979286909103	-0.2355131
177.994916915894	0.1084026
178.010536909103	0.3539921
178.026166915894	0.3611655
178.041786909103	0.08650953
178.057416915894	-0.3750433
178.073046922684	-0.8597582
178.088666915894	-1.21253
178.104296922684	-1.352394
178.119916915894	-1.313845
178.135546922684	-1.182746
178.151166915894	-1.041895
178.166796922684	-0.9454461
178.182426929474	-0.9021224
178.198046922684	-0.9062737
178.213676929474	-0.9431842
178.229296922684	-0.99402
178.244926929474	-1.034111
178.260546922684	-1.018898
178.276176929474	-0.9027389
178.291806936264	-0.6390483
178.307426929474	-0.1964203
178.323056936264	0.4204707
178.338676929474	1.164498
178.354306936264	1.936256
178.369926929474	2.606176
178.385556936264	3.037091
178.401186943054	3.137714
178.416806936264	2.894037
178.432436943054	2.381836
178.448056936264	1.734596
178.463686943054	1.093525
178.479306936264	0.5488714
178.494936943054	0.1363065
178.510566949844	-0.1412993
178.526186943054	-0.2841286
178.541816949844	-0.2825472
178.557436943054	-0.140375
178.573066949844	0.08416682
178.588686943054	0.2898793
178.604316949844	0.3763991
178.619946956635	0.285453
178.635566949844	0.05420291
178.651196956635	-0.1860572
178.666816949844	-0.2922205
178.682446956635	-0.1763836
178.698066949844	0.1347864
178.713696956635	0.4940007
178.729326963425	0.7397453
178.744946956635	0.7584183
178.760576963425	0.5640917
178.776196956635	0.2497996
178.791826963425	-0.04361379
178.807446956635	-0.2416902
178.823076963425	-0.3475767
178.838706970215	-0.4101921
178.854326963425	-0.5016
178.869956970215	-0.6464831
178.885576963425	-0.8143895
178.901206970215	-0.940262
178.916836977005	-0.9803704
178.932456970215	-0.9388933
178.948086977005	-0.883649
178.963706970215	-0.8925763
178.979336977005	-1.033298
178.994956970215	-1.32305
179.010586977005	-1.700387
179.026216983795	-2.064715
179.041836977005	-2.299629
179.057466983795	-2.319597
179.073086977005	-2.107516
179.088716983795	-1.741791
179.104336977005	-1.362312
179.119966983795	-1.125577
179.135596990585	-1.125025
179.151216983795	-1.340162
179.166846990585	-1.646638
179.182466983795	-1.865537
179.198096990585	-1.846995
179.213716983795	-1.533722
179.229346990585	-0.9753143
179.244976997375	-0.2759731
179.260596990585	0.4519494
179.276226997375	1.118843
179.291846990585	1.68191
179.307476997375	2.092799
179.323096990585	2.30481
179.338726997375	2.294473
179.354357004166	2.082622
179.369976997375	1.735195
179.385607004166	1.371113
179.401226997375	1.100218
179.416857004166	0.9674755
179.432476997375	0.9572389
179.448107004166	0.9844224
179.463737010956	0.9685299
179.479357004166	0.859833
179.494987010956	0.6635749
179.510607004166	0.4361072
179.526237010956	0.248612
179.541857004166	0.1568569
179.557487010956	0.1933539
179.573117017746	0.3618888
179.588737010956	0.6255741
179.604367017746	0.9185243
179.619987010956	1.164514
179.635617017746	1.304169
179.651237010956	1.31685
179.666867017746	1.222727
179.682497024536	1.067808
179.698117017746	0.9004065
179.713747024536	0.7426523
179.729367017746	0.5707502
179.744997024536	0.3524453
179.760617017746	0.06570995
179.776247024536	-0.2799613
179.791877031326	-0.6321707
179.807497024536	-0.9226362
179.823127031326	-1.108013
179.838747024536	-1.18616
179.854377031326	-1.189685
179.869997024536	-1.196267
179.885627031326	-1.265445
179.901257038116	-1.411386
179.916877031326	-1.617077
179.932507038116	-1.825639
179.948127031326	-1.976929
179.963757038116	-2.041743
179.979377031326	-2.026123
179.995007038116	-1.970423
180.010637044907	-1.933909
180.026257038116	-1.942586
180.041887044907	-1.98544
180.057507038116	-2.02004
180.073137044907	-2.004291
180.088757038116	-1.906946
180.104387044907	-1.738683
180.120017051697	-1.510753
180.135637044907	-1.219111
180.151267051697	-0.8426256
180.166887044907	-0.343204
180.182517051697	0.2733164
180.198137044907	0.9415841
180.213767051697	1.555217
180.229397058487	2.013113
180.245017051697	2.254561
180.260647058487	2.284269
180.276267051697	2.163743
180.291897058487	1.956777
180.307517051697	1.716073
180.323147058487	1.463611
180.338777065277	1.192299
180.354397058487	0.9313666
180.370027065277	0.7140193
180.385647058487	0.5897743
180.401277065277	0.5940565
180.416897058487	0.7393236
180.432527065277	1.005887
180.448157072067	1.364483
180.463777065277	1.759231
180.479407072067	2.116593
180.495027065277	2.359329
180.510657072067	2.398508
180.526277065277	2.191418
180.541907072067	1.76528
180.557537078857	1.216877
180.573157072067	0.6797143
180.588787078857	0.2951807
180.604407072067	0.1216419
180.620037078857	0.1205512
180.635657072067	0.1778781
180.651287078857	0.1267476
180.666917085648	-0.1343856
180.682537078857	-0.598647
180.698167085648	-1.156809
180.713787078857	-1.628043
180.729417085648	-1.858196
180.745037078857	-1.790349
180.760667085648	-1.492997
180.776297092438	-1.110013
180.791917085648	-0.804015
180.807547092438	-0.6764252
180.823167085648	-0.7322409
180.838797092438	-0.9177651
180.854417085648	-1.149003
180.870047092438	-1.353393
180.885677099228	-1.481025
180.901297092438	-1.510637
180.916927099228	-1.434372
180.932547092438	-1.289079
180.948177099228	-1.149043
180.963797092438	-1.109356
180.979427099228	-1.237524
180.995057106018	-1.520282
181.010677099228	-1.856111
181.026307106018	-2.075082
181.041927099228	-1.998602
181.057557106018	-1.528616
181.073187112808	-0.6934359
181.088807106018	0.3693452
181.104437112808	1.42383
181.120057106018	2.225824
181.135687112808	2.616779
181.151307106018	2.545693
181.166937112808	2.113937
181.182567119598	1.517539
181.198187112808	0.9784486
181.213817119598	0.6476274
181.229437112808	0.5728145
181.245067119598	0.6826799
181.260687112808	0.8396547
181.276317119598	0.9281499
181.291947126389	0.8958578
181.307567119598	0.773916
181.323197126389	0.6435952
181.338817119598	0.5593944
181.354447126389	0.5188022
181.370067119598	0.4971416
181.385697126389	0.4607654
181.40132689476	0.413403
181.416947126389	0.4021218
181.43257689476	0.4746246
181.448197126389	0.6544781
181.46382689476	0.9165499
181.479447126389	1.189133
181.49507689476	1.368688
181.51070690155	1.368387
181.52632689476	1.130255
181.54195690155	0.676465
181.55757689476	0.1160784
181.57320690155	-0.3940508
181.58882689476	-0.6678417
181.60445690155	-0.5892742
181.62008690834	-0.1662173
181.63570690155	0.4399295
181.65133690834	0.9575686
181.66695690155	1.120519
181.68258690834	0.7980421
181.69820690155	0.07870579
181.71383690834	-0.7972176
181.729466915131	-1.526427
181.74508690834	-1.915944
181.760716915131	-1.943951
181.77633690834	-1.749249
181.791966915131	-1.527659
181.80758690834	-1.436514
181.823216915131	-1.528856
181.838846921921	-1.747722
181.854466915131	-1.993428
181.870096921921	-2.14113
181.885716915131	-2.101145
181.901346921921	-1.814252
181.916966915131	-1.261354
181.932596921921	-0.467032
181.948226928711	0.4771187
181.963846921921	1.429808
181.979476928711	2.23804
181.995096921921	2.776697
182.010726928711	2.995165
182.026346921921	2.921859
182.041976928711	2.641902
182.057606935501	2.266818
182.073226928711	1.882969
182.088856935501	1.549339
182.104476928711	1.273631
182.120106935501	1.033471
182.135726928711	0.7875414
182.151356935501	0.5160952
182.166986942291	0.2406931
182.182606935501	0.0110414
182.198236942291	-0.1012144
182.213856935501	-0.08129311
182.229486942291	0.03567553
182.245106935501	0.1569271
182.260736942291	0.1825466
182.276366949081	0.04547453
182.291986942291	-0.2396526
182.307616949081	-0.6045854
182.323236942291	-0.9525933
182.338866949081	-1.184501
182.354486942291	-1.264508
182.370116949081	-1.198532
182.385746955872	-1.037914
182.401366949081	-0.8553882
182.416996955872	-0.7272429
182.432616949081	-0.6869769
182.448246955872	-0.7445793
182.463866949081	-0.8616469
182.479496955872	-0.9758463
182.495126962662	-1.027139
182.510746955872	-0.996366
182.526376962662	-0.913244
182.541996955872	-0.8398752
182.557626962662	-0.819756
182.573246955872	-0.8375068
182.588876962662	-0.8305998
182.604506969452	-0.724915
182.620126962662	-0.4954941
182.635756969452	-0.2110925
182.651376962662	0.008588076
182.667006969452	0.06830645
182.682626962662	-0.05083585
182.698256969452	-0.2609334
182.713886976242	-0.4255195
182.729506969452	-0.4310217
182.745136976242	-0.2462296
182.760756969452	0.08898282
182.776386976242	0.5035343
182.792006969452	0.9548583
182.807636976242	1.430935
182.823266983032	1.908919
182.838886976242	2.31762
182.854516983032	2.556177
182.870136976242	2.550612
182.885766983032	2.325981
182.901386976242	2.004027
182.917016983032	1.744358
182.932646989822	1.654485
182.948266983032	1.699189
182.963896989822	1.76105
182.979516983032	1.709749
182.995146989822	1.501682
183.010766983032	1.201193
183.026396989822	0.9231484
183.042026996613	0.7433054
183.057646989822	0.6530235
183.073276996613	0.5763853
183.088896989822	0.4433408
183.104526996613	0.2322462
183.120146989822	-0.01577854
183.135776996613	-0.248915
183.151407003403	-0.4388328
183.167026996613	-0.6021292
183.182657003403	-0.7648337
183.198276996613	-0.9137256
183.213907003403	-1.001775
183.229526996613	-0.9482415
183.245157003403	-0.7231839
183.260787010193	-0.3704472
183.276407003403	-0.01981544
183.292037010193	0.1802123
183.307657003403	0.1318035
183.323287010193	-0.1613569
183.338917016983	-0.586673
183.354537010193	-1.006306
183.370167016983	-1.307934
183.385787010193	-1.450838
183.401417016983	-1.472102
183.417037010193	-1.447265
183.432667016983	-1.433475
183.448297023773	-1.456927
183.463917016983	-1.520839
183.479547023773	-1.628335
183.495167016983	-1.809577
183.510797023773	-2.078001
183.526417016983	-2.413295
183.542047023773	-2.712581
183.557677030563	-2.837439
183.573297023773	-2.649595
183.588927030563	-2.07604
183.604547023773	-1.178117
183.620177030563	-0.1014445
183.635797023773	0.9389257
183.651427030563	1.772496
183.667057037354	2.290066
183.682677030563	2.47785
183.698307037354	2.371496
183.713927030563	2.034213
183.729557037354	1.546172
183.745177030563	0.9723856
183.760807037354	0.4064205
183.776437044144	-0.05529165
183.792057037354	-0.3305361
183.807687044144	-0.3825583
183.823307037354	-0.2481964
183.838937044144	-0.005137682
183.854557037354	0.2553544
183.870187044144	0.4900529
183.885817050934	0.7134316
183.901437044144	0.9629979
183.917067050934	1.258944
183.932687044144	1.554111
183.948317050934	1.766181
183.963937044144	1.823225
183.979567050934	1.702593
183.995197057724	1.442574
184.010817050934	1.109747
184.026447057724	0.757731
184.042067050934	0.4310007
184.057697057724	0.1469874
184.073317050934	-0.06615639
184.088947057724	-0.1533353
184.104577064514	-0.08817101
184.120197057724	0.1068997
184.135827064514	0.3417115
184.151447057724	0.4881258
184.167077064514	0.4409246
184.182697057724	0.2006454
184.198327064514	-0.1626735
184.213957071304	-0.5432146
184.229577064514	-0.8692927
184.245207071304	-1.142105
184.260827064514	-1.414519
184.276457071304	-1.711481
184.292077064514	-2.022715
184.307707071304	-2.274962
184.323337078094	-2.389749
184.338957071304	-2.332666
184.354587078094	-2.140009
184.370207071304	-1.893238
184.385837078094	-1.659109
184.401457071304	-1.46211
184.417087078094	-1.258911
184.432717084885	-0.9915752
184.448337078094	-0.6207929
184.463967084885	-0.1306958
184.479587078094	0.4559553
184.495217084885	1.099619
184.510837078094	1.746966
184.526467084885	2.323236
184.542097091675	2.751877
184.557717084885	2.97442
184.573347091675	2.979543
184.588967084885	2.815832
184.604597091675	2.567374
184.620217084885	2.308821
184.635847091675	2.076124
184.651477098465	1.861808
184.667097091675	1.629047
184.682727098465	1.356006
184.698347091675	1.042124
184.713977098465	0.7049185
184.729597091675	0.3776081
184.745227098465	0.08584487
184.760857105255	-0.1339804
184.776477098465	-0.2276323
184.792107105255	-0.1617358
184.807727098465	0.05624461
184.823357105255	0.341735
184.838977098465	0.5728484
184.854607105255	0.6345938
184.870237112045	0.4955451
184.885857105255	0.1998433
184.901487112045	-0.1620004
184.917107105255	-0.5211002
184.932737112045	-0.8533084
184.948357105255	-1.177432
184.963987112045	-1.493238
184.979617118835	-1.756376
184.995237112045	-1.888165
185.010867118835	-1.833727
185.026487112045	-1.623965
185.042117118835	-1.370491
185.057737112045	-1.200164
185.073367118835	-1.171271
185.088997125626	-1.233948
185.104617118835	-1.265045
185.120247125626	-1.139545
185.135867118835	-0.8344243
185.151497125626	-0.4308295
185.167117118835	-0.07950401
185.182747125626	0.09349032
185.198376893997	0.04054447
185.213997125626	-0.1819199
185.229626893997	-0.4498549
185.245247125626	-0.6502478
185.260876893997	-0.715425
185.276497125626	-0.6413082
185.292126893997	-0.4538089
185.307756900787	-0.1750392
185.323376893997	0.1832985
185.339006900787	0.6163452
185.354626893997	1.087196
185.370256900787	1.532594
185.385876893997	1.847964
185.401506900787	1.958577
185.417136907578	1.851884
185.432756900787	1.599078
185.448386907578	1.316402
185.464006900787	1.106157
185.479636907578	0.9942798
185.495256900787	0.9188849
185.510886907578	0.7881245
185.526516914368	0.5490586
185.542136907578	0.2412066
185.557766914368	-0.0378828
185.573386907578	-0.1701895
185.589016914368	-0.09719682
185.604636907578	0.1640592
185.620266914368	0.534881
185.635896921158	0.9083047
185.651516914368	1.199762
185.667146921158	1.357556
185.682766914368	1.381354
185.698396921158	1.296956
185.714016914368	1.131274
185.729646921158	0.9025093
185.745276927948	0.633721
185.760896921158	0.3363876
185.776526927948	0.03773689
185.792146921158	-0.2063215
185.807776927948	-0.3291311
185.823396921158	-0.2859039
185.839026927948	-0.09375668
185.854656934738	0.1395478
185.870276927948	0.2579217
185.885906934738	0.1443269
185.901526927948	-0.2114208
185.917156934738	-0.6859117
185.932776927948	-1.094812
185.948406934738	-1.307495
185.964036941528	-1.317286
185.979656934738	-1.233401
185.995286941528	-1.198345
186.010906934738	-1.293281
186.026536941528	-1.471286
186.042166948318	-1.596289
186.057786941528	-1.55386
186.073416948318	-1.30238
186.089036941528	-0.9430571
186.104666948318	-0.6390812
186.120286941528	-0.5385902
186.135916948318	-0.6947703
186.151546955109	-1.046297
186.167166948318	-1.447161
186.182796955109	-1.75517
186.198416948318	-1.864007
186.214046955109	-1.742818
186.229666948318	-1.426615
186.245296955109	-0.958807
186.260926961899	-0.3937354
186.276546955109	0.221179
186.292176961899	0.8400879
186.307796955109	1.380588
186.323426961899	1.74722
186.339046955109	1.865646
186.354676961899	1.71529
186.370306968689	1.359177
186.385926961899	0.9211512
186.401556968689	0.552763
186.417176961899	0.3422461
186.432806968689	0.3115778
186.448426961899	0.3819146
186.464056968689	0.441505
186.479686975479	0.4166875
186.495306968689	0.3118339
186.510936975479	0.2027555
186.526556968689	0.1869965
186.542186975479	0.3061452
186.557806968689	0.5043807
186.573436975479	0.68225
186.589066982269	0.7401891
186.604686975479	0.6540713
186.620316982269	0.4839416
186.635936975479	0.3239527
186.651566982269	0.234828
186.667186975479	0.2113485
186.682816982269	0.1879296
186.698446989059	0.1145916
186.714066982269	-0.002551556
186.729696989059	-0.1039834
186.745316982269	-0.1200538
186.760946989059	-0.03676891
186.776566982269	0.0812726
186.792196989059	0.1532416
186.80782699585	0.1342154
186.823446989059	0.04379225
186.83907699585	-0.06551504
186.854696989059	-0.1681557
186.87032699585	-0.2886558
186.885946989059	-0.4785757
186.90157699585	-0.7414308
186.91720700264	-1.009672
186.93282699585	-1.156503
186.94845700264	-1.087791
186.96407699585	-0.8241954
186.97970700264	-0.496902
186.99532699585	-0.3061867
187.01095700264	-0.4228883
187.02658700943	-0.8791184
187.04220700264	-1.55709
187.05783700943	-2.240647
187.07345700264	-2.705779
187.08908700943	-2.790673
187.10470700264	-2.455866
187.12033700943	-1.762897
187.13596701622	-0.8606591
187.15158700943	0.07783747
187.16721701622	0.8948445
187.18283700943	1.491984
187.19846701622	1.869138
187.21408700943	2.104145
187.22971701622	2.307817
187.24534702301	2.542511
187.26096701622	2.777535
187.27659702301	2.883865
187.29221701622	2.697661
187.30784702301	2.14781
187.32346701622	1.305707
187.33909702301	0.3995991
187.3547270298	-0.3106227
187.37034702301	-0.6284423
187.3859770298	-0.5295134
187.40159702301	-0.1401987
187.4172270298	0.3327684
187.43284702301	0.7232428
187.4484770298	0.9682474
187.464107036591	1.073133
187.4797270298	1.080878
187.495357036591	0.9943018
187.5109770298	0.7739668
187.526607036591	0.3806009
187.5422270298	-0.1732149
187.557857036591	-0.7867622
187.573487043381	-1.321376
187.589107036591	-1.639271
187.604737043381	-1.691695
187.620357036591	-1.515709
187.635987043381	-1.239511
187.651607036591	-0.9920025
187.667237043381	-0.8552322
187.682867050171	-0.8317289
187.698487043381	-0.8736219
187.714117050171	-0.9305162
187.729737043381	-0.9911947
187.745367050171	-1.092714
187.760987043381	-1.270519
187.776617050171	-1.515424
187.792247056961	-1.751804
187.807867050171	-1.863098
187.823497056961	-1.770349
187.839117050171	-1.469961
187.854747056961	-1.084135
187.870367050171	-0.7827244
187.885997056961	-0.7132454
187.901627063751	-0.9100494
187.917247056961	-1.288167
187.932877063751	-1.679579
187.948497056961	-1.901426
187.964127063751	-1.844132
187.979747056961	-1.49144
187.995377063751	-0.9224768
188.011007070541	-0.2647886
188.026627063751	0.3846521
188.042257070541	0.9619446
188.057877063751	1.472993
188.073507070541	1.928644
188.089127063751	2.307787
188.104757070541	2.532262
188.120387077332	2.527387
188.136007070541	2.251282
188.151637077332	1.758162
188.167257070541	1.175143
188.182887077332	0.6648731
188.198517084122	0.3419456
188.214137077332	0.2385912
188.229767084122	0.3104763
188.245387077332	0.4629269
188.261017084122	0.6137543
188.276637077332	0.715704
188.292267084122	0.7651024
188.307897090912	0.7833109
188.323517084122	0.7669287
188.339147090912	0.712163
188.354767084122	0.60431
188.370397090912	0.4469023
188.386017084122	0.2662573
188.401647090912	0.08768177
188.417277097702	-0.07375908
188.432897090912	-0.2142239
188.448527097702	-0.3468971
188.464147090912	-0.4853115
188.479777097702	-0.6193504
188.495397090912	-0.7218485
188.511027097702	-0.7657976
188.526657104492	-0.7275715
188.542277097702	-0.6510429
188.557907104492	-0.6169682
188.573527097702	-0.715867
188.589157104492	-0.9906502
188.604777097702	-1.395162
188.620407104492	-1.786791
188.636037111282	-2.019919
188.651657104492	-2.009353
188.667287111282	-1.802029
188.682907104492	-1.532969
188.698537111282	-1.360578
188.714157104492	-1.375076
188.729787111282	-1.55427
188.745417118073	-1.799575
188.761037111282	-1.999846
188.776667118073	-2.110503
188.792287111282	-2.14707
188.807917118073	-2.14698
188.823537111282	-2.116299
188.839167118073	-2.00948
188.854797124863	-1.744214
188.870417118073	-1.265849
188.886047124863	-0.588748
188.901667118073	0.1960001
188.917297124863	0.9661818
188.932917118073	1.622742
188.948547124863	2.120154
188.964176893234	2.44599
188.979797124863	2.608138
188.995426893234	2.616706
189.011047124863	2.499492
189.026676893234	2.299782
189.042297124863	2.075022
189.057926893234	1.898352
189.073556900024	1.816119
189.089176893234	1.830532
189.104806900024	1.886912
189.120426893234	1.910994
189.136056900024	1.826261
189.151676893234	1.597389
189.167306900024	1.234584
189.182936906815	0.8065252
189.198556900024	0.422863
189.214186906815	0.1902618
189.229806900024	0.1767368
189.245436906815	0.3635521
189.261056900024	0.6483936
189.276686906815	0.8930283
189.292316913605	0.9679136
189.307936906815	0.8292942
189.323566913605	0.5350423
189.339186906815	0.203433
189.354816913605	-0.05084705
189.370436906815	-0.1815672
189.386066913605	-0.2002172
189.401696920395	-0.1721239
189.417316913605	-0.1563721
189.432946920395	-0.1891775
189.448566913605	-0.2717552
189.464196920395	-0.3968453
189.479816913605	-0.5422897
189.495446920395	-0.6938162
189.511076927185	-0.8292656
189.526696920395	-0.9313784
189.542326927185	-1.02478
189.557946920395	-1.161777
189.573576927185	-1.406062
189.589196920395	-1.767177
189.604826927185	-2.180956
189.620456933975	-2.514024
189.636076927185	-2.637019
189.651706933975	-2.502653
189.667326927185	-2.173588
189.682956933975	-1.784688
189.698576927185	-1.463217
189.714206933975	-1.258307
189.729836940765	-1.1201
189.745456933975	-0.9468851
189.761086940765	-0.6694455
189.776706933975	-0.2915249
189.792336940765	0.1193666
189.807956933975	0.4708977
189.823586940765	0.7141829
189.839216947556	0.8578815
189.854836940765	0.9548588
189.870466947556	1.060438
189.886086940765	1.210485
189.901716947556	1.391628
189.917336940765	1.56051
189.932966947556	1.656432
189.948596954346	1.622058
189.964216947556	1.421185
189.979846954346	1.067356
189.995466947556	0.6257787
190.011096954346	0.2007861
190.026716947556	-0.1061525
190.042346954346	-0.2354121
190.057976961136	-0.1846948
190.073596954346	-0.01761913
190.089226961136	0.1923537
190.104846954346	0.3779464
190.120476961136	0.5082898
190.136096954346	0.5870008
190.151726961136	0.618012
190.167356967926	0.5980196
190.182976961136	0.5360384
190.198606967926	0.450964
190.214226961136	0.3652344
190.229856967926	0.2953191
190.245476961136	0.2346134
190.261106967926	0.1685252
190.276736974716	0.09243011
190.292356967926	0.03014755
190.307986974716	0.02606535
190.323606967926	0.1204643
190.339236974716	0.2990212
190.354856967926	0.4633684
190.370486974716	0.4700217
190.386116981506	0.2068138
190.401736974716	-0.3330946
190.417366981506	-1.022965
190.432986974716	-1.655045
190.448616981506	-2.028427
190.464236974716	-2.046623
190.479866981506	-1.750242
190.495496988297	-1.28755
190.511116981506	-0.8749495
190.526746988297	-0.6941824
190.542366981506	-0.8402677
190.557996988297	-1.292583
190.573616981506	-1.922776
190.589246988297	-2.515538
190.604876995087	-2.852455
190.620496988297	-2.782288
190.636126995087	-2.263318
190.651746988297	-1.378643
190.667376995087	-0.3100076
190.682996988297	0.7445912
190.698626995087	1.629058
190.714257001877	2.266753
190.729876995087	2.655768
190.745507001877	2.827314
190.761126995087	2.797815
190.776757001877	2.579352
190.792376995087	2.200939
190.808007001877	1.73127
190.823637008667	1.280492
190.839257001877	0.9759941
190.854887008667	0.9052916
190.870507001877	1.084766
190.886137008667	1.445043
190.901767015457	1.85409
190.917387008667	2.178406
190.933017015457	2.308691
190.948637008667	2.194688
190.964267015457	1.841847
190.979887008667	1.315744
190.995517015457	0.7295365
191.011147022247	0.2049351
191.026767015457	-0.1460247
191.042397022247	-0.2590084
191.058017015457	-0.1400156
191.073647022247	0.1361074
191.089267015457	0.4694047
191.104897022247	0.7607241
191.120527029037	0.931572
191.136147022247	0.9397926
191.151777029037	0.7790589
191.167397022247	0.4704943
191.183027029037	0.08233213
191.198647022247	-0.2844515
191.214277029037	-0.536293
191.229907035828	-0.6049781
191.245527029037	-0.4922581
191.261157035828	-0.2692561
191.276777029037	-0.05386829
191.292407035828	0.03815842
191.308027029037	-0.07600594
191.323657035828	-0.4050732
191.339287042618	-0.882041
191.354907035828	-1.394407
191.370537042618	-1.809287
191.386157035828	-2.035296
191.401787042618	-2.056496
191.417407035828	-1.937888
191.433037042618	-1.79075
191.448667049408	-1.733588
191.464287042618	-1.821746
191.479917049408	-2.013638
191.495537042618	-2.197548
191.511167049408	-2.252915
191.526787042618	-2.08015
191.542417049408	-1.648459
191.558047056198	-0.9884157
191.573667049408	-0.1866369
191.589297056198	0.6406841
191.604917049408	1.372236
191.620547056198	1.904151
191.636167049408	2.162649
191.651797056198	2.13332
191.667427062988	1.878828
191.683047056198	1.504664
191.698677062988	1.130026
191.714297056198	0.8496118
191.729927062988	0.7060862
191.745547056198	0.6847706
191.761177062988	0.7310801
191.776807069778	0.7782764
191.792427062988	0.7851052
191.808057069778	0.7365284
191.823677062988	0.6475692
191.839307069778	0.5400109
191.854927062988	0.4352779
191.870557069778	0.3285031
191.886187076569	0.2045345
191.901807069778	0.07183933
191.917437076569	-0.04987288
191.933057069778	-0.1005154
191.948687076569	-0.03772545
191.964307069778	0.1129351
191.979937076569	0.2589159
191.995567083359	0.2828584
192.011187076569	0.07694912
192.026817083359	-0.3502045
192.042437076569	-0.8867745
192.058067083359	-1.350996
192.073687076569	-1.585483
192.089317083359	-1.536143
192.104947090149	-1.256739
192.120567083359	-0.8787007
192.136197090149	-0.5305691
192.151817083359	-0.2882862
192.167447090149	-0.1575718
192.183067083359	-0.1183281
192.198697090149	-0.1575499
192.214327096939	-0.2847424
192.229947090149	-0.5146332
192.245577096939	-0.8205786
192.261197090149	-1.129219
192.276827096939	-1.332075
192.292447090149	-1.337284
192.308077096939	-1.134284
192.323707103729	-0.8079653
192.339327096939	-0.5181065
192.354957103729	-0.4184718
192.370577096939	-0.5814881
192.386207103729	-0.9589391
192.401827096939	-1.379685
192.417457103729	-1.640016
192.433087110519	-1.584257
192.448707103729	-1.163825
192.464337110519	-0.4613404
192.479957103729	0.3842802
192.495587110519	1.239212
192.511207103729	1.999097
192.526837110519	2.614389
192.54246711731	3.049225
192.558087110519	3.276842
192.57371711731	3.280105
192.589337110519	3.062681
192.60496711731	2.685395
192.620587110519	2.241395
192.63621711731	1.829439
192.6518471241	1.508816
192.66746711731	1.281486
192.6830971241	1.09807
192.69871711731	0.9043593
192.7143471241	0.6680341
192.72996711731	0.3959665
192.7455971241	0.1275234
192.761226892471	-0.1002254
192.7768471241	-0.2425094
192.792476892471	-0.2622991
192.8080971241	-0.14674
192.823726892471	0.08460331
192.8393471241	0.3613486
192.854976892471	0.5945559
192.870606899261	0.6967521
192.886226892471	0.6236653
192.901856899261	0.3829956
192.917476892471	0.03493834
192.933106899261	-0.3373961
192.948726892471	-0.6330671
192.964356899261	-0.7722511
192.979986906052	-0.7172742
192.995606899261	-0.4827075
193.011236906052	-0.155416
193.026856899261	0.1371241
193.042486906052	0.2643628
193.058116912842	0.1508474
193.073736906052	-0.1882629
193.089366912842	-0.6538067
193.104986906052	-1.123842
193.120616912842	-1.520662
193.136236906052	-1.828287
193.151866912842	-2.089343
193.167496919632	-2.344489
193.183116912842	-2.584458
193.198746919632	-2.751686
193.214366912842	-2.772861
193.229996919632	-2.61217
193.245616912842	-2.28063
193.261246919632	-1.822193
193.276876926422	-1.2754
193.292496919632	-0.66155
193.308126926422	-0.01263475
193.323746919632	0.6263604
193.339376926422	1.161971
193.354996919632	1.498145
193.370626926422	1.580299
193.386256933212	1.443648
193.401876926422	1.197579
193.417506933212	0.985693
193.433126926422	0.9184155
193.448756933212	1.015049
193.464376926422	1.217023
193.480006933212	1.416399
193.495636940002	1.518321
193.511256933212	1.495256
193.526886940002	1.375579
193.542506933212	1.221521
193.558136940002	1.090426
193.573756933212	1.008295
193.589386940002	0.9712424
193.605016946793	0.9695659
193.620636940002	0.9838085
193.636266946793	1.000236
193.651886940002	1.006016
193.667516946793	0.9764032
193.683136940002	0.8749175
193.698766946793	0.6710143
193.714396953583	0.3699293
193.730016946793	-0.009155273
193.745646953583	-0.4149961
193.761266946793	-0.7908001
193.776896953583	-1.092143
193.792516946793	-1.294772
193.808146953583	-1.401238
193.823776960373	-1.429769
193.839396953583	-1.396792
193.855026960373	-1.325425
193.870646953583	-1.24124
193.886276960373	-1.179766
193.901896953583	-1.17878
193.917526960373	-1.26492
193.933156967163	-1.427934
193.948776960373	-1.633717
193.964406967163	-1.820742
193.980026960373	-1.925584
193.995656967163	-1.929006
194.011276960373	-1.856969
194.026906967163	-1.78727
194.042536973953	-1.804564
194.058156967163	-1.95153
194.073786973953	-2.21269
194.089406967163	-2.499443
194.105036973953	-2.692565
194.120656967163	-2.664241
194.136286973953	-2.327451
194.151916980743	-1.659227
194.167536973953	-0.7076139
194.183166980743	0.3965316
194.198786973953	1.474474
194.214416980743	2.352144
194.230036973953	2.922969
194.245666980743	3.16437
194.261296987534	3.14916
194.276916980743	2.987514
194.292546987534	2.790827
194.308166980743	2.613965
194.323796987534	2.460992
194.339416980743	2.29587
194.355046987534	2.077182
194.370676994324	1.791212
194.386296987534	1.458642
194.401926994324	1.110927
194.417546987534	0.7893109
194.433176994324	0.5296888
194.448796987534	0.3554091
194.464426994324	0.2749066
194.480057001114	0.27633
194.495676994324	0.3271689
194.511307001114	0.3765817
194.526926994324	0.3762693
194.542557001114	0.3019304
194.558176994324	0.1688104
194.573807001114	0.01440954
194.589437007904	-0.105155
194.605057001114	-0.1635313
194.620687007904	-0.1737514
194.636307001114	-0.1762056
194.651937007904	-0.2114153
194.667557001114	-0.2868867
194.683187007904	-0.3741484
194.698817014694	-0.4153686
194.714437007904	-0.3787804
194.730067014694	-0.2797256
194.745687007904	-0.1890707
194.761317014694	-0.1832881
194.776937007904	-0.313489
194.792567014694	-0.5628657
194.808197021484	-0.8754816
194.823817014694	-1.183895
194.839447021484	-1.435038
194.855067014694	-1.615134
194.870697021484	-1.71693
194.886317014694	-1.741594
194.901947021484	-1.703892
194.917577028275	-1.637233
194.933197021484	-1.603324
194.948827028275	-1.656396
194.964447021484	-1.819892
194.980077028275	-2.049964
194.995697021484	-2.243939
195.011327028275	-2.286109
195.026957035065	-2.108998
195.042577028275	-1.704799
195.058207035065	-1.115455
195.073827028275	-0.3984838
195.089457035065	0.3995566
195.105077028275	1.228193
195.120707035065	2.003978
195.136337041855	2.604639
195.151957035065	2.891342
195.167587041855	2.785714
195.183207035065	2.317671
195.198837041855	1.640396
195.214457035065	0.9577146
195.230087041855	0.4588809
195.245717048645	0.2308235
195.261337041855	0.2563424
195.276967048645	0.4249964
195.292587041855	0.6201942
195.308217048645	0.7519686
195.323847055435	0.7862685
195.339467048645	0.7277126
195.355097055435	0.6047485
195.370717048645	0.4482572
195.386347055435	0.2866814
195.401967048645	0.1487226
195.417597055435	0.06806707
195.433227062225	0.05945492
195.448847055435	0.1283214
195.464477062225	0.2566042
195.480097055435	0.3865247
195.495727062225	0.47013
195.511347055435	0.4623582
195.526977062225	0.3424489
195.542607069016	0.1297994
195.558227062225	-0.1334946
195.573857069016	-0.375314
195.589477062225	-0.5368838
195.605107069016	-0.5650144
195.620727062225	-0.4609067
195.636357069016	-0.2624247
195.651987075806	-0.04589176
195.667607069016	0.1010475
195.683237075806	0.1290302
195.698857069016	0.03070569
195.714487075806	-0.1452012
195.730107069016	-0.3392258
195.745737075806	-0.5095677
195.761367082596	-0.6457038
195.776987075806	-0.7742317
195.792617082596	-0.9228034
195.808237075806	-1.088947
195.823867082596	-1.242309
195.839487075806	-1.362542
195.855117082596	-1.452016
195.870747089386	-1.545937
195.886367082596	-1.686274
195.901997089386	-1.8772
195.917617082596	-2.065118
195.933247089386	-2.162034
195.948867082596	-2.06636
195.964497089386	-1.713723
195.980127096176	-1.119766
195.995747089386	-0.3553677
196.011377096176	0.4809619
196.026997089386	1.289841
196.042627096176	1.987339
196.058247089386	2.512172
196.073877096176	2.821317
196.089507102966	2.900796
196.105127096176	2.77925
196.120757102966	2.535016
196.136377096176	2.256931
196.152007102966	2.011916
196.167627096176	1.805323
196.183257102966	1.607698
196.198887109756	1.385992
196.214507102966	1.151376
196.230137109756	0.9865856
196.245757102966	0.9674768
196.261387109756	1.149979
196.277007102966	1.493856
196.292637109756	1.862444
196.308267116547	2.107425
196.323887109756	2.122163
196.339517116547	1.906306
196.355137109756	1.530982
196.370767116547	1.107427
196.386387109756	0.7032567
196.402017116547	0.3480819
196.417647123337	0.04491365
196.433267116547	-0.1924772
196.448897123337	-0.3281597
196.464517116547	-0.3358001
196.480147123337	-0.2090961
196.495767116547	-0.01245797
196.511397123337	0.169026
196.527027130127	0.253
196.542647123337	0.180197
196.558277130127	-0.02651
196.573897123337	-0.3161508
196.589527130127	-0.6327962
196.605147123337	-0.958728
196.620777130127	-1.296769
196.636406898499	-1.661385
196.652027130127	-2.014231
196.667656898499	-2.297309
196.683277130127	-2.464163
196.698906898499	-2.496216
196.714527130127	-2.445673
196.730156898499	-2.377132
196.745786905289	-2.357944
196.761406898499	-2.408689
196.777036905289	-2.486637
196.792656898499	-2.519294
196.808286905289	-2.421735
196.823906898499	-2.152403
196.839536905289	-1.69784
196.855166912079	-1.097864
196.870786905289	-0.4178876
196.886416912079	0.2629331
196.902036905289	0.8825134
196.917666912079	1.398207
196.933286905289	1.796946
196.948916912079	2.082824
196.964546918869	2.247602
196.980166912079	2.282566
196.995796918869	2.176691
197.011416912079	1.936231
197.027046918869	1.623928
197.042666912079	1.31622
197.058296918869	1.110723
197.073926925659	1.050397
197.089546918869	1.138522
197.105176925659	1.318393
197.120796918869	1.528361
197.136426925659	1.689047
197.152046918869	1.739414
197.167676925659	1.646855
197.183306932449	1.387313
197.198926925659	0.9789997
197.214556932449	0.4800018
197.230176925659	-0.0143379
197.245806932449	-0.3868994
197.261426925659	-0.5494553
197.277056932449	-0.500013
197.29268693924	-0.3037227
197.308306932449	-0.07166588
197.32393693924	0.07256293
197.339556932449	0.08073413
197.35518693924	-0.03809315
197.370806932449	-0.2158461
197.38643693924	-0.3797448
197.40206694603	-0.4928763
197.41768693924	-0.5676367
197.43331694603	-0.6346003
197.44893693924	-0.7354
197.46456694603	-0.8878417
197.48018693924	-1.089538
197.49581694603	-1.308054
197.51144695282	-1.510734
197.52706694603	-1.651991
197.54269695282	-1.691309
197.55831694603	-1.613124
197.57394695282	-1.447178
197.58956694603	-1.272713
197.60519695282	-1.194501
197.62082695961	-1.257583
197.63644695282	-1.433061
197.65207695961	-1.611146
197.66769695282	-1.646989
197.68332695961	-1.445695
197.69894695282	-1.001986
197.71457695961	-0.3825706
197.7302069664	0.3057172
197.74582695961	0.9742869
197.7614569664	1.587688
197.77707695961	2.133254
197.7927069664	2.591497
197.80832695961	2.926507
197.8239569664	3.056764
197.83958697319	2.926649
197.8552069664	2.529409
197.87083697319	1.92622
197.8864569664	1.243577
197.90208697319	0.6368824
197.91771697998	0.2363489
197.93333697319	0.1193203
197.94896697998	0.2820615
197.96458697319	0.6134778
197.98021697998	0.9499028
197.99583697319	1.137706
198.01146697998	1.099808
198.027096986771	0.864482
198.04271697998	0.5522388
198.058346986771	0.2820586
198.07396697998	0.1131045
198.089596986771	0.004603386
198.10521697998	-0.1556854
198.120846986771	-0.4534146
198.136476993561	-0.8946228
198.152096986771	-1.378035
198.167726993561	-1.760554
198.183346986771	-1.928597
198.198976993561	-1.869706
198.214596986771	-1.659624
198.230226993561	-1.394408
198.245857000351	-1.138667
198.261476993561	-0.8872415
198.277107000351	-0.6059614
198.292726993561	-0.2875408
198.308357000351	0.02626336
198.323976993561	0.2397846
198.339607000351	0.2475781
198.355237007141	0.01489782
198.370857000351	-0.4095352
198.386487007141	-0.9036884
198.402107000351	-1.307386
198.417737007141	-1.504461
198.433357000351	-1.472757
198.448987007141	-1.275469
198.464617013931	-1.052309
198.480237007141	-0.9250547
198.495867013931	-0.9556057
198.511487007141	-1.113713
198.527117013931	-1.286435
198.542737007141	-1.324717
198.558367013931	-1.111167
198.573997020721	-0.6199062
198.589617013931	0.09109128
198.605247020721	0.8926004
198.620867013931	1.670879
198.636497020721	2.350753
198.652117013931	2.908542
198.667747020721	3.340951
198.683377027512	3.632904
198.698997020721	3.738334
198.714627027512	3.597742
198.730247020721	3.19805
198.745877027512	2.587807
198.761497020721	1.875504
198.777127027512	1.184593
198.792757034302	0.6199238
198.808377027512	0.2315714
198.824007034302	0.02145827
198.839627027512	-0.04838598
198.855257034302	-0.01222754
198.870877027512	0.1111298
198.886507034302	0.3038771
198.902137041092	0.5363359
198.917757034302	0.773735
198.933387041092	0.9533005
198.949007034302	1.017789
198.964637041092	0.9200788
198.980257034302	0.6532087
198.995887041092	0.2517776
199.011517047882	-0.1973947
199.027137041092	-0.6006626
199.042767047882	-0.8908345
199.058387041092	-1.055436
199.074017047882	-1.125649
199.089637041092	-1.15685
199.105267047882	-1.185655
199.120897054672	-1.208277
199.136517047882	-1.189226
199.152147054672	-1.113933
199.167767047882	-1.012517
199.183397054672	-0.9428885
199.199017047882	-0.9559741
199.214647054672	-1.061607
199.230277061462	-1.216986
199.245897054672	-1.379496
199.261527061462	-1.53084
199.277147054672	-1.698278
199.292777061462	-1.929335
199.308397054672	-2.238878
199.324027061462	-2.564732
199.339657068253	-2.802286
199.355277061462	-2.831392
199.370907068253	-2.571021
199.386527061462	-2.016744
199.402157068253	-1.230983
199.417777061462	-0.3065658
199.433407068253	0.6311212
199.449037075043	1.461953
199.464657068253	2.084321
199.480287075043	2.418412
199.495907068253	2.444768
199.511537075043	2.21762
199.527157068253	1.866645
199.542787075043	1.542248
199.558417081833	1.370617
199.574037075043	1.381497
199.589667081833	1.517668
199.605287075043	1.664796
199.620917081833	1.695411
199.636537075043	1.552817
199.652167081833	1.270336
199.667797088623	0.9501221
199.683417081833	0.7215636
199.699047088623	0.6674764
199.714667081833	0.7504249
199.730297088623	0.8560748
199.745917081833	0.8440793
199.761547088623	0.6469607
199.777177095413	0.3298104
199.792797088623	0.04446077
199.808427095413	-0.07787275
199.824047088623	-0.0144515
199.839677095413	0.1234326
199.855297088623	0.1597595
199.870927095413	-0.04801631
199.886557102203	-0.4992561
199.902177095413	-1.071898
199.917807102203	-1.570451
199.933427095413	-1.843616
199.949057102203	-1.851256
199.964677095413	-1.655072
199.980307102203	-1.362967
199.995937108994	-1.066347
200.011557102203	-0.8115339
200.027187108994	-0.6170146
200.042807102203	-0.4930294
200.058437108994	-0.4317944
200.074057102203	-0.4399061
200.089687108994	-0.508811
200.105317115784	-0.6212041
200.120937108994	-0.7811122
200.136567115784	-0.9776895
200.152187108994	-1.201669
200.167817115784	-1.424658
200.183447122574	-1.611732
200.199067115784	-1.728489
200.214697122574	-1.761554
200.230317115784	-1.690624
200.245947122574	-1.507899
200.261567115784	-1.200344
200.277197122574	-0.7522953
200.292827129364	-0.1607289
200.308447122574	0.5303321
200.324077129364	1.228556
200.339697122574	1.820084
200.355327129364	2.201517
200.370947122574	2.332295
200.386577129364	2.243776
200.402206897736	2.019073
200.417827129364	1.768469
200.433456897736	1.573841
200.449077129364	1.477448
200.464706897736	1.469751
200.480327129364	1.501317
200.495956897736	1.493719
200.511586904526	1.4013
200.527206897736	1.20382
200.542836904526	0.9184897
200.558456897736	0.5955076
200.574086904526	0.2751324
200.589706897736	-0.0185864
200.605336904526	-0.2554524
200.620966911316	-0.4052458
200.636586904526	-0.4238081
200.652216911316	-0.2807882
200.667836904526	0.01374316
200.683466911316	0.378932
200.699086904526	0.6894264
200.714716911316	0.8223732
200.730346918106	0.7382452
200.745966911316	0.4938638
200.761596918106	0.2160184
200.777216911316	0.0231626
200.792846918106	-0.05101728
200.808466911316	-0.08283782
200.824096918106	-0.2021525
200.839726924896	-0.4777641
200.855346918106	-0.8757811
200.870976924896	-1.252149
200.886596918106	-1.446642
200.902226924896	-1.377447
200.917846918106	-1.095148
200.933476924896	-0.7649884
200.949106931686	-0.5648658
200.964726924896	-0.59531
200.980356931686	-0.8528416
200.995976924896	-1.25544
201.011606931686	-1.680898
201.027226924896	-2.029426
201.042856931686	-2.234108
201.058486938477	-2.260023
201.074106931686	-2.11293
201.089736938477	-1.848048
201.105356931686	-1.545064
201.120986938477	-1.30617
201.136606931686	-1.198096
201.152236938477	-1.208591
201.167866945267	-1.276756
201.183486938477	-1.295306
201.199116945267	-1.18832
201.214736938477	-0.9198699
201.230366945267	-0.4950056
201.245986938477	0.05449295
201.261616945267	0.6813059
201.277246952057	1.33153
201.292866945267	1.932302
201.308496952057	2.38255
201.324116945267	2.58801
201.339746952057	2.494317
201.355366945267	2.127827
201.370996952057	1.572214
201.386626958847	0.954191
201.402246952057	0.3952065
201.417876958847	-0.007488012
201.433496952057	-0.1893077
201.449126958847	-0.1267891
201.464746952057	0.1755414
201.480376958847	0.6399181
201.496006965637	1.139191
201.511626958847	1.517801
201.527256965637	1.659942
201.542876958847	1.52459
201.558506965637	1.175722
201.574126958847	0.7542386
201.589756965637	0.3991578
201.605386972427	0.2311347
201.621006965637	0.2703233
201.636636972427	0.4538634
201.652256965637	0.6617627
201.667886972427	0.7677469
201.683506965637	0.7002811
201.699136972427	0.4690349
201.714766979218	0.1518383
201.730386972427	-0.1584487
201.746016979218	-0.3860245
201.761636972427	-0.5327713
201.777266979218	-0.6356483
201.792886972427	-0.7420087
201.808516979218	-0.8657234
201.824146986008	-0.980098
201.839766979218	-1.037663
201.855396986008	-1.006788
201.871016979218	-0.919909
201.886646986008	-0.8500969
201.902266979218	-0.8709943
201.917896986008	-0.9982357
201.933526992798	-1.185357
201.949146986008	-1.337751
201.964776992798	-1.375981
201.980396986008	-1.276521
201.996026992798	-1.079933
202.011646986008	-0.8796144
202.027276992798	-0.7634859
202.042906999588	-0.7722261
202.058526992798	-0.884043
202.074156999588	-1.009532
202.089776992798	-1.047474
202.105406999588	-0.9288275
202.121026992798	-0.6420383
202.136656999588	-0.2330711
202.152287006378	0.2224214
202.167906999588	0.6472778
202.183537006378	1.006477
202.199156999588	1.2959
202.214787006378	1.548135
202.230406999588	1.794147
202.246037006378	2.055078
202.261667013168	2.28794
202.277287006378	2.423822
202.292917013168	2.393747
202.308537006378	2.184895
202.324167013168	1.866511
202.339797019958	1.562158
202.355417013168	1.393269
202.371047019958	1.403537
202.386667013168	1.53044
202.402297019958	1.637623
202.417917013168	1.598155
202.433547019958	1.357082
202.449177026749	0.9768243
202.464797019958	0.5636058
202.480427026749	0.1899791
202.496047019958	-0.148159
202.511677026749	-0.5036602
202.527297019958	-0.9069512
202.542927026749	-1.306115
202.558557033539	-1.577702
202.574177026749	-1.598266
202.589807033539	-1.331586
202.605427026749	-0.8728378
202.621057033539	-0.41506
202.636677026749	-0.1566517
202.652307033539	-0.1978025
202.667937040329	-0.5122187
202.683557033539	-0.9570746
202.699187040329	-1.346756
202.714807033539	-1.535907
202.730437040329	-1.47807
202.746057033539	-1.232127
202.761687040329	-0.9236836
202.777317047119	-0.6929786
202.792937040329	-0.629158
202.808567047119	-0.7403402
202.824187040329	-0.9820578
202.839817047119	-1.28027
202.855437040329	-1.56952
202.871067047119	-1.812757
202.886697053909	-1.997906
202.902317047119	-2.107844
202.917947053909	-2.120631
202.933567047119	-2.006383
202.949197053909	-1.751143
202.964817047119	-1.380569
202.980447053909	-0.9450839
202.996077060699	-0.5010731
203.011697053909	-0.07037854
203.027327060699	0.3642807
203.042947053909	0.8361857
203.058577060699	1.35087
203.074197053909	1.864081
203.089827060699	2.285083
203.10545706749	2.517595
203.121077060699	2.505646
203.13670706749	2.264223
203.152327060699	1.876874
203.16795706749	1.46189
203.183577060699	1.119536
203.19920706749	0.8926506
203.21483707428	0.7824981
203.23045706749	0.7658129
203.24608707428	0.8327308
203.26170706749	0.9895225
203.27733707428	1.227391
203.29295706749	1.498366
203.30858707428	1.727765
203.32421708107	1.834637
203.33983707428	1.784328
203.35546708107	1.606431
203.37108707428	1.372519
203.38671708107	1.139696
203.40233707428	0.9187818
203.41796708107	0.6609064
203.43359708786	0.3208971
203.44921708107	-0.08487332
203.46484708786	-0.4730101
203.48046708107	-0.7219183
203.49609708786	-0.750977
203.51171708107	-0.5717876
203.52734708786	-0.2916677
203.54297709465	-0.05744195
203.55859708786	0.005672574
203.57422709465	-0.1400979
203.58984708786	-0.4425802
203.60547709465	-0.7930772
203.62109708786	-1.076994
203.63672709465	-1.234674
203.65235710144	-1.261215
203.66797709465	-1.202449
203.68360710144	-1.111995
203.69922709465	-1.028999
203.71485710144	-0.9450848
203.73047709465	-0.842474
203.74610710144	-0.7163048
203.761737108231	-0.6166341
203.77735710144	-0.6351936
203.792987108231	-0.8615692
203.80860710144	-1.302055
203.824237108231	-1.846786
203.83985710144	-2.283736
203.855487108231	-2.375562
203.871117115021	-1.985475
203.886737108231	-1.137519
203.902367115021	-0.02111387
203.917987108231	1.076954
203.933617115021	1.883451
203.949237108231	2.235435
203.964867115021	2.137741
203.980497121811	1.730036
203.996117115021	1.236271
204.011747121811	0.8536551
204.027367115021	0.6976357
204.042997121811	0.7624595
204.058617115021	0.937319
204.074247121811	1.082375
204.089877128601	1.097111
204.105497121811	0.976723
204.121127128601	0.8181882
204.136747121811	0.7483141
204.152377128601	0.8424404
204.167997121811	1.054098
204.183627128601	1.239219
204.199256896973	1.22378
204.214877128601	0.9370849
204.230506896973	0.4578304
204.246127128601	0.0001809597
204.261756896973	-0.2106032
204.277377128601	-0.07133532
204.293006896973	0.3450201
204.308636903763	0.8234081
204.324256896973	1.138629
204.339886903763	1.161276
204.355506896973	0.9367549
204.371136903763	0.6052854
204.386756896973	0.3211265
204.402386903763	0.1508651
204.418016910553	0.0568409
204.433636903763	-0.0457027
204.449266910553	-0.2366886
204.464886903763	-0.5182397
204.480516910553	-0.8471751
204.496136903763	-1.154261
204.511766910553	-1.412584
204.527396917343	-1.628612
204.543016910553	-1.818639
204.558646917343	-1.994421
204.574266910553	-2.135921
204.589896917343	-2.214174
204.605516910553	-2.213887
204.621146917343	-2.147761
204.636776924133	-2.036341
204.652396917343	-1.907738
204.668026924133	-1.78851
204.683646917343	-1.706543
204.699276924133	-1.691121
204.714896917343	-1.738121
204.730526924133	-1.794406
204.746156930923	-1.754339
204.761776924133	-1.500587
204.777406930923	-0.9750276
204.793026924133	-0.2297444
204.808656930923	0.5799561
204.824276924133	1.271608
204.839906930923	1.70903
204.855536937714	1.887277
204.871156930923	1.889534
204.886786937714	1.828383
204.902406930923	1.763119
204.918036937714	1.689169
204.933656930923	1.572917
204.949286937714	1.405635
204.964916944504	1.24006
204.980536937714	1.157896
204.996166944504	1.214524
205.011786937714	1.393229
205.027416944504	1.605396
205.043046951294	1.747128
205.058666944504	1.740565
205.074296951294	1.583147
205.089916944504	1.320498
205.105546951294	1.042866
205.121166944504	0.8200483
205.136796951294	0.7008605
205.152426958084	0.6791964
205.168046951294	0.7330761
205.183676958084	0.8099685
205.199296951294	0.8618269
205.214926958084	0.8521752
205.230546951294	0.768373
205.246176958084	0.6076822
205.261806964874	0.3859491
205.277426958084	0.1201568
205.293056964874	-0.1812854
205.308676958084	-0.5109043
205.324306964874	-0.8372569
205.339926958084	-1.145185
205.355556964874	-1.3982
205.371186971664	-1.573648
205.386806964874	-1.669738
205.402436971664	-1.718113
205.418056964874	-1.757008
205.433686971664	-1.819318
205.449306964874	-1.915991
205.464936971664	-2.030429
205.480566978455	-2.149243
205.496186971664	-2.244211
205.511816978455	-2.305844
205.527436971664	-2.304317
205.543066978455	-2.212327
205.558686971664	-2.01444
205.574316978455	-1.737971
205.589946985245	-1.456109
205.605566978455	-1.252316
205.621196985245	-1.196857
205.636816978455	-1.271941
205.652446985245	-1.38773
205.668066978455	-1.404381
205.683696985245	-1.204925
205.699326992035	-0.7371593
205.714946985245	-0.04878426
205.730576992035	0.7663574
205.746196985245	1.599567
205.761826992035	2.367702
205.777446985245	3.016623
205.793076992035	3.492066
205.808706998825	3.724874
205.824326992035	3.649254
205.839956998825	3.231618
205.855576992035	2.514259
205.871206998825	1.620052
205.886826992035	0.7469807
205.902456998825	0.1061034
205.918087005615	-0.1496191
205.933706998825	0.04264688
205.949337005615	0.5893822
205.964956998825	1.291478
205.980587005615	1.903691
205.996206998825	2.232646
206.011837005615	2.18575
206.027467012405	1.805182
206.043087005615	1.227643
206.058717012405	0.601481
206.074337005615	0.0443511
206.089967012405	-0.3819342
206.105587005615	-0.6391912
206.121217012405	-0.7075429
206.136847019196	-0.5912395
206.152467012405	-0.3213148
206.168097019196	0.0008101463
206.183717012405	0.2409062
206.199347019196	0.2696867
206.214967012405	0.03494358
206.230597019196	-0.4208312
206.246227025986	-0.9573693
206.261847019196	-1.398386
206.277477025986	-1.615455
206.293097019196	-1.570573
206.308727025986	-1.323873
206.324347019196	-1.011069
206.339977025986	-0.7759151
206.355607032776	-0.7163887
206.371227025986	-0.8630629
206.386857032776	-1.162264
206.402477025986	-1.513925
206.418107032776	-1.828172
206.433727025986	-2.025632
206.449357032776	-2.100016
206.464987039566	-2.080689
206.480607032776	-2.038126
206.496237039566	-2.048643
206.511857032776	-2.181196
206.527487039566	-2.443108
206.543107032776	-2.75864
206.558737039566	-2.972426
206.574367046356	-2.887531
206.589987039566	-2.361975
206.605617046356	-1.374368
206.621237039566	-0.06445837
206.636867046356	1.297064
206.652487039566	2.431508
206.668117046356	3.127338
206.683747053146	3.324069
206.699367046356	3.096359
206.714997053146	2.606932
206.730617046356	2.030787
206.746247053146	1.516773
206.761867046356	1.158849
206.777497053146	0.9826608
206.793127059937	0.9639826
206.808747053146	1.053974
206.824377059937	1.199404
206.839997053146	1.361963
206.855627059937	1.509345
206.871247053146	1.605777
206.886877059937	1.610085
206.902507066727	1.499958
206.918127059937	1.281658
206.933757066727	1.015738
206.949377059937	0.7756777
206.965007066727	0.6269765
206.980627059937	0.562767
206.996257066727	0.5232787
207.011887073517	0.4237809
207.027507066727	0.2160521
207.043137073517	-0.066576
207.058757066727	-0.318893
207.074387073517	-0.4219069
207.090007066727	-0.3217344
207.105637073517	-0.06328106
207.121267080307	0.2200122
207.136887073517	0.3819237
207.152517080307	0.3537054
207.168137073517	0.1527672
207.183767080307	-0.1141858
207.199397087097	-0.3320689
207.215017080307	-0.4420204
207.230647087097	-0.4847455
207.246267080307	-0.5603991
207.261897087097	-0.7547235
207.277517080307	-1.070531
207.293147087097	-1.41198
207.308777093887	-1.633257
207.324397087097	-1.64809
207.340027093887	-1.476067
207.355647087097	-1.248909
207.371277093887	-1.119833
207.386897087097	-1.18394
207.402527093887	-1.410649
207.418157100677	-1.684417
207.433777093887	-1.875151
207.449407100677	-1.935873
207.465027093887	-1.916521
207.480657100677	-1.922534
207.496277093887	-2.014857
207.511907100677	-2.15635
207.527537107468	-2.206813
207.543157100677	-2.012038
207.558787107468	-1.495872
207.574407100677	-0.7175269
207.590037107468	0.1615577
207.605657100677	0.9553399
207.621287107468	1.554969
207.636917114258	1.956143
207.652537107468	2.240147
207.668167114258	2.47541
207.683787107468	2.692181
207.699417114258	2.842213
207.715037107468	2.861729
207.730667114258	2.707931
207.746297121048	2.410662
207.761917114258	2.047061
207.777547121048	1.701763
207.793167114258	1.413945
207.808797121048	1.167435
207.824417114258	0.9311996
207.840047121048	0.6681089
207.855677127838	0.3877745
207.871297121048	0.1466303
207.886927127838	0.01499462
207.902547121048	0.04630089
207.918177127838	0.2353268
207.933797121048	0.5377359
207.949427127838	0.8693986
207.96505689621	1.157265
207.980677127838	1.333908
207.99630689621	1.38108
208.011927127838	1.290881
208.02755689621	1.091301
208.043177127838	0.8090248
208.05880689621	0.493175
208.074436903	0.2109418
208.09005689621	0.01890945
208.105686903	-0.04453802
208.12130689621	-0.01147127
208.136936903	0.02137756
208.15255689621	-0.05391836
208.168186903	-0.3114195
208.18381690979	-0.7369628
208.199436903	-1.248597
208.21506690979	-1.732021
208.230686903	-2.115692
208.24631690979	-2.36559
208.261936903	-2.497843
208.27756690979	-2.513582
208.29319691658	-2.413948
208.30881690979	-2.20719
208.32444691658	-1.932395
208.34006690979	-1.675638
208.35569691658	-1.526412
208.37131690979	-1.531771
208.38694691658	-1.645311
208.40257692337	-1.748339
208.41819691658	-1.73585
208.43382692337	-1.581219
208.44944691658	-1.383747
208.46507692337	-1.286608
208.48069691658	-1.385272
208.49632692337	-1.635973
208.511956930161	-1.858386
208.52757692337	-1.822586
208.543206930161	-1.397269
208.55882692337	-0.6189661
208.574456930161	0.3106813
208.59007692337	1.132198
208.605706930161	1.669551
208.621336936951	1.896779
208.636956930161	1.899862
208.652586936951	1.820043
208.668206930161	1.7376
208.683836936951	1.663531
208.699456930161	1.548305
208.715086936951	1.359408
208.730716943741	1.11229
208.746336936951	0.884943
208.761966943741	0.7545972
208.777586936951	0.7651458
208.793216943741	0.9035156
208.808836936951	1.092103
208.824466943741	1.238407
208.840096950531	1.26645
208.855716943741	1.159227
208.871346950531	0.9645917
208.886966943741	0.7832971
208.902596950531	0.7078323
208.918216943741	0.7526495
208.933846950531	0.8644009
208.949476957321	0.9128478
208.965096950531	0.8146126
208.980726957321	0.5753026
208.996346950531	0.3045461
209.011976957321	0.1308048
209.027596950531	0.1173358
209.043226957321	0.2024157
209.058856964111	0.2311761
209.074476957321	0.08293009
209.090106964111	-0.2812629
209.105726957321	-0.7457914
209.121356964111	-1.132063
209.136976957321	-1.294751
209.152606964111	-1.191876
209.168236970901	-0.9118321
209.183856964111	-0.5964088
209.199486970901	-0.3619936
209.215106964111	-0.2313538
209.230736970901	-0.1697726
209.246356964111	-0.1142514
209.261986970901	-0.05544376
209.277616977692	-0.04603362
209.293236970901	-0.1734891
209.308866977692	-0.4850638
209.324486970901	-0.942651
209.340116977692	-1.408095
209.355736970901	-1.701939
209.371366977692	-1.723355
209.386996984482	-1.499162
209.402616977692	-1.185847
209.418246984482	-0.9743247
209.433866977692	-0.9716918
209.449496984482	-1.12395
209.465116977692	-1.264368
209.480746984482	-1.214052
209.496376991272	-0.8867831
209.511996984482	-0.3472784
209.527626991272	0.2473314
209.543246984482	0.7703724
209.558876991272	1.150357
209.574496984482	1.408276
209.590126991272	1.587249
209.605756998062	1.69466
209.621376991272	1.697785
209.637006998062	1.575989
209.652626991272	1.355693
209.668256998062	1.121749
209.683876991272	0.9656248
209.699506998062	0.9223642
209.715137004852	0.9561787
209.730756998062	0.9934754
209.746387004852	0.9826512
209.762006998062	0.9455087
209.777637004852	0.9420621
209.793256998062	1.009933
209.808887004852	1.138122
209.824517011642	1.244948
209.840137004852	1.240787
209.855767011642	1.116517
209.871387004852	0.962476
209.887017011642	0.9224219
209.902647018433	1.097172
209.918267011642	1.464256
209.933897018433	1.866763
209.949517011642	2.103197
209.965147018433	2.028572
209.980767011642	1.622272
209.996397018433	1.006615
210.012027025223	0.3670835
210.027647018433	-0.1639855
210.043277025223	-0.5331841
210.058897018433	-0.7836044
210.074527025223	-0.9886532
210.090147018433	-1.172409
210.105777025223	-1.293983
210.121407032013	-1.296387
210.137027025223	-1.146667
210.152657032013	-0.9055974
210.168277025223	-0.714071
210.183907032013	-0.7193921
210.199527025223	-0.9807117
210.215157032013	-1.438741
210.230787038803	-1.924347
210.246407032013	-2.252425
210.262037038803	-2.311924
210.277657032013	-2.129522
210.293287038803	-1.837802
210.308907032013	-1.577043
210.324537038803	-1.414325
210.340167045593	-1.318485
210.355787038803	-1.222977
210.371417045593	-1.0789
210.387037038803	-0.9065993
210.402667045593	-0.7598495
210.418287038803	-0.647804
210.433917045593	-0.5145845
210.449547052383	-0.2532597
210.465167045593	0.2024994
210.480797052383	0.8178926
210.496417045593	1.448304
210.512047052383	1.911147
210.527667045593	2.082999
210.543297052383	1.958747
210.558927059174	1.622562
210.574547052383	1.183357
210.590177059174	0.7347028
210.605797052383	0.3276696
210.621427059174	0.001536369
210.637047052383	-0.1955492
210.652677059174	-0.2231088
210.668307065964	-0.07140136
210.683927059174	0.2111177
210.699557065964	0.5502055
210.715177059174	0.8571444
210.730807065964	1.074191
210.746427059174	1.169715
210.762057065964	1.132317
210.777687072754	0.9515367
210.793307065964	0.6311793
210.808937072754	0.2168512
210.824557065964	-0.1956155
210.840187072754	-0.4768698
210.855807065964	-0.5488722
210.871437072754	-0.3998008
210.887067079544	-0.1305065
210.902687072754	0.117557
210.918317079544	0.2343235
210.933937072754	0.1846087
210.949567079544	0.02227926
210.965187072754	-0.1748028
210.980817079544	-0.3401504
210.996447086334	-0.4636178
211.012067079544	-0.5560586
211.027697086334	-0.6395025
211.043317079544	-0.7112832
211.058947086334	-0.7572644
211.074567079544	-0.7819011
211.090197086334	-0.7992442
211.105827093124	-0.8617072
211.121447086334	-1.006825
211.137077093124	-1.253761
211.152697086334	-1.572678
211.168327093124	-1.889373
211.183947086334	-2.104513
211.199577093124	-2.131594
211.215207099915	-1.934376
211.230827093124	-1.552862
211.246457099915	-1.131192
211.262077093124	-0.8509672
211.277707099915	-0.866704
211.293327093124	-1.204837
211.308957099915	-1.73827
211.324587106705	-2.21062
211.340207099915	-2.353916
211.355837106705	-2.02223
211.371457099915	-1.250326
211.387087106705	-0.2425973
211.402707099915	0.7756796
211.418337106705	1.622681
211.433967113495	2.237761
211.449587106705	2.645694
211.465217113495	2.880671
211.480837106705	2.951994
211.496467113495	2.821003
211.512087106705	2.479726
211.527717113495	1.967185
211.543347120285	1.391994
211.558967113495	0.8920195
211.574597120285	0.574047
211.590217113495	0.4594268
211.605847120285	0.4804872
211.621467113495	0.55232
211.637097120285	0.5985889
211.652727127075	0.5931492
211.668347120285	0.5579072
211.683977127075	0.5241179
211.699597120285	0.4966776
211.715227127075	0.4557934
211.730847120285	0.3774179
211.746477127075	0.2451035
211.762106895447	0.09095263
211.777727127075	-0.03875577
211.793356895447	-0.09648025
211.808977127075	-0.07799757
211.824606895447	-0.001271367
211.840227127075	0.09453082
211.855856895447	0.1961824
211.871486902237	0.3227915
211.887106895447	0.4884642
211.902736902237	0.7032847
