onset	BVP
1.26140213012695	-98.26129
1.27702212333679	-90.90717
1.29265213012695	-82.49231
1.30827212333679	-73.64813
1.32390213012695	-64.98181
1.33952212333679	-56.8006
1.35515213012695	-49.08289
1.37078213691711	-41.65118
1.38640213012695	-34.39026
1.40203213691711	-27.39996
1.41765213012695	-20.95917
1.43328213691711	-15.39221
1.44890213012695	-10.87726
1.46453213691711	-7.296326
1.48016214370728	-4.19165
1.49578213691711	-0.7350464
1.51141214370728	4.053711
1.52703213691711	11.00128
1.54266214370728	20.38977
1.55828213691711	31.73035
1.57391214370728	43.8006
1.58954215049744	54.96484
1.60516214370728	63.71899
1.62079215049744	69.16235
1.63641214370728	71.26233
1.65204215049744	70.75714
1.66766214370728	68.85559
1.68329215049744	66.7959
1.6989221572876	65.47083
1.71454215049744	65.19922
1.7301721572876	65.7287
1.74579215049744	66.40173
1.7614221572876	66.46704
1.77704215049744	65.45917
1.7926721572876	63.42041
1.80830192565918	60.90887
1.8239221572876	58.73468
1.83955192565918	57.57147
1.8551721572876	57.62537
1.87080192565918	58.53015
1.8864221572876	59.53088
1.90205192565918	59.77228
1.91768193244934	58.56989
1.93330192565918	55.59167
1.94893193244934	50.8764
1.96455192565918	44.81354
1.98018193244934	38.09924
1.99580192565918	31.66461
2.01143193244934	26.48053
2.0270619392395	23.31207
2.04268193244934	22.40753
2.0583119392395	23.34399
2.07393193244934	25.15234
2.0895619392395	26.64069
2.10518193244934	26.86298
2.1208119392395	25.4494
2.13644194602966	22.62549
2.1520619392395	18.9621
2.16769194602966	15.00671
2.1833119392395	11.06519
2.19894194602966	7.165344
2.2145619392395	3.254395
2.23019194602966	-0.5742798
2.24582195281982	-4.014526
2.26144194602966	-6.673828
2.27707195281982	-8.314697
2.29269194602966	-9.053711
2.32394194602966	-9.847229
2.33957195281982	-10.92871
2.35520195960999	-12.56171
2.37082195281982	-14.28442
2.38645195960999	-15.45905
2.40207195281982	-15.62292
2.41770195960999	-14.69598
2.43332195281982	-12.96527
2.44895195960999	-10.77893
2.46458196640015	-8.249023
2.48020195960999	-5.226379
2.49583196640015	-1.557129
2.51145195960999	2.473206
2.52708196640015	5.918213
2.54270195960999	7.474854
2.55833196640015	6.213562
2.57396197319031	2.392334
2.58958196640015	-2.260193
2.60521197319031	-5.147522
2.62083196640015	-4.031067
2.63646197319031	1.750366
2.65208196640015	10.80139
2.66771197319031	20.28302
2.68334197998047	27.25043
2.69896197319031	29.97437
2.71459197998047	28.53748
2.73021197319031	24.46173
2.74584197998047	19.68427
2.76146197319031	15.57104
2.77709197998047	12.51038
2.79272198677063	10.18677
2.80834197998047	8.181091
2.82397198677063	6.400269
2.83959197998047	5.140808
2.85522198677063	4.788269
2.87084197998047	5.488342
2.88647198677063	6.899536
2.90210199356079	8.310913
2.91772198677063	8.935181
2.93335199356079	8.173218
2.94897198677063	5.845581
2.96460199356079	2.197754
2.98022198677063	-2.194336
2.99585199356079	-6.710693
3.01148200035095	-10.82635
3.02710199356079	-14.31165
3.04273200035095	-17.20905
3.05835199356079	-19.72644
3.07398200035095	-22.07037
3.08961200714111	-24.27332
3.10523200035095	-26.14612
3.12086200714111	-27.27795
3.13648200035095	-27.23395
3.15211200714111	-25.73535
3.16773200035095	-22.81171
3.18336200714111	-18.83185
3.19899201393127	-14.38617
3.21461200714111	-10.09668
3.23024201393127	-6.397217
3.24586200714111	-3.440857
3.26149201393127	-1.07373
3.27711200714111	0.9352417
3.29274201393127	2.753906
3.30837202072144	4.352478
3.32399201393127	5.5047
3.33962202072144	5.969177
3.35524201393127	5.634644
3.37087202072144	4.604614
3.38649201393127	3.124451
3.40212202072144	1.500916
3.4177520275116	-0.03924561
3.43337202072144	-1.372986
3.4490020275116	-2.465942
3.46462202072144	-3.365295
3.4802520275116	-4.139709
3.49587202072144	-4.888306
3.5115020275116	-5.71344
3.52713203430176	-6.676025
3.5427520275116	-7.75354
3.55838203430176	-8.856873
3.5740020275116	-9.84137
3.58963203430176	-10.55786
3.6052520275116	-10.95844
3.62088203430176	-11.08203
3.63651204109192	-11.07159
3.65213203430176	-11.14465
3.66776204109192	-11.52222
3.68338203430176	-12.38037
3.69901204109192	-13.73413
3.71463203430176	-15.42554
3.73026204109192	-17.05774
3.74589204788208	-18.12177
3.76151204109192	-18.13373
3.77714204788208	-16.84656
3.79276204109192	-14.33264
3.80839204788208	-10.97241
3.82401204109192	-7.242249
3.83964204788208	-3.550964
3.85527205467224	-0.156311
3.87089204788208	2.865906
3.88652205467224	5.480225
3.90214204788208	7.622864
3.91777205467224	9.212891
3.93339204788208	10.21271
3.94902205467224	10.72339
3.9646520614624	10.9693
3.98027205467224	11.22546
3.9959020614624	11.65588
4.01152205467224	12.27002
4.0271520614624	12.88943
4.04277205467224	13.26605
4.0584020614624	13.18826
4.07403206825256	12.57745
4.0896520614624	11.47168
4.10528206825256	10.01636
4.1209020614624	8.405762
4.13653206825256	6.834473
4.1521520614624	5.498199
4.16778206825256	4.563995
4.18341207504272	4.05191
4.19903206825256	3.851807
4.21466207504272	3.697601
4.23028206825256	3.259094
4.24591207504272	2.283051
4.26153206825256	0.7084656
4.27716207504272	-1.348511
4.29279208183289	-3.690735
4.30841207504272	-6.22403
4.32404208183289	-9.005463
4.33966207504272	-12.21188
4.35529208183289	-15.96106
4.37091207504272	-20.14182
4.38654208183289	-24.33679
4.40217208862305	-27.90878
4.41779208183289	-30.20871
4.43342208862305	-30.81601
4.44904208183289	-29.65323
4.46467208862305	-26.96164
4.48029208183289	-23.16766
4.49592208862305	-18.7243
4.51155209541321	-13.9808
4.52717208862305	-9.206726
4.54280209541321	-4.605408
4.55842208862305	-0.3945313
4.57405209541321	3.213837
4.58967208862305	5.995544
4.60530209541321	7.788177
4.62093210220337	8.537659
4.65218210220337	7.474915
4.66780209541321	6.281189
4.68343210220337	5.132202
4.69905209541321	4.285248
4.71468210220337	3.792694
4.73031210899353	3.512604
4.74593210220337	3.206085
4.76156210899353	2.654175
4.77718210220337	1.812836
4.79281210899353	0.8038635
4.80843210220337	-0.159729
4.82406210899353	-0.9235535
4.83969211578369	-1.516022
4.85531210899353	-2.084076
4.87094211578369	-2.842194
4.88656210899353	-3.87381
4.90219211578369	-5.082367
4.91781210899353	-6.209015
4.93344211578369	-6.960175
4.94907212257385	-7.172821
4.96469211578369	-6.861511
4.98032212257385	-6.23233
4.99594211578369	-5.608063
5.01157212257385	-5.300385
5.02719211578369	-5.532166
5.04282212257385	-6.387573
5.05845212936401	-7.784363
5.07407212257385	-9.511169
5.08970212936401	-11.2919
5.10532212257385	-12.83386
5.12095212936401	-13.86935
5.13657212257385	-14.23215
5.15220212936401	-13.84399
5.16783213615417	-12.73083
5.18345212936401	-11.03247
5.19908213615417	-8.89502
5.21470212936401	-6.491211
5.23033213615417	-3.95163
5.24595212936401	-1.352539
5.26158213615417	1.258453
5.27721214294434	3.818268
5.29283213615417	6.207855
5.30846214294434	8.275482
5.32408213615417	9.85672
5.33971214294434	10.88226
5.3553421497345	11.38055
5.37096214294434	11.47198
5.3865921497345	11.29681
5.40221214294434	10.95316
5.4178421497345	10.50595
5.43346214294434	10.03503
5.4490921497345	9.673615
5.46472215652466	9.575012
5.4803421497345	9.859924
5.49597215652466	10.51669
5.5115921497345	11.35104
5.52722215652466	12.06799
5.5428421497345	12.38461
5.55847215652466	12.14462
5.57410192489624	11.40323
5.58972215652466	10.34732
5.60535192489624	9.182831
5.62097215652466	8.048523
5.63660192489624	6.959137
5.65222215652466	5.856506
5.66785192489624	4.697815
5.6834819316864	3.484985
5.69910192489624	2.290985
5.7147319316864	1.195831
5.73035192489624	0.2374268
5.7459819316864	-0.5895691
5.76160192489624	-1.334717
5.7772319316864	-2.080536
5.79286193847656	-2.913879
5.8084819316864	-3.909973
5.82411193847656	-5.141815
5.8397319316864	-6.651917
5.85536193847656	-8.42395
5.8709819316864	-10.30984
5.88661193847656	-12.05524
5.90224194526672	-13.27924
5.91786193847656	-13.61258
5.93349194526672	-12.80148
5.94911193847656	-10.81918
5.96474194526672	-7.916931
5.98036193847656	-4.593994
5.99599194526672	-1.439453
6.01162195205688	1.012421
6.02724194526672	2.493958
6.04287195205688	3.044464
6.05849194526672	2.959625
6.07412195205688	2.671112
6.08974194526672	2.516968
6.10537195205688	2.651031
6.12100195884705	3.015778
6.13662195205688	3.450562
6.15225195884705	3.78949
6.16787195205688	3.994965
6.18350195884705	4.098602
6.19912195205688	4.162292
6.21475195884705	4.176697
6.23038196563721	4.053955
6.24600195884705	3.676697
6.26163196563721	3.008942
6.27725195884705	2.148651
6.29288196563721	1.315155
6.30850195884705	0.7650757
6.32413196563721	0.6385193
6.33976197242737	0.8809814
6.35538196563721	1.278992
6.37101197242737	1.581146
6.38663196563721	1.597839
6.40226197242737	1.312897
6.41788196563721	0.8301086
6.43351197242737	0.2793274
6.44914197921753	-0.2762756
6.46476197242737	-0.8770752
6.48039197921753	-1.619934
6.49601197242737	-2.555481
6.51164197921753	-3.674896
6.52726197242737	-4.887115
6.54289197921753	-6.130096
6.55852198600769	-7.427307
6.57414197921753	-8.882416
6.58977198600769	-10.61746
6.60539197921753	-12.62158
6.62102198600769	-14.68835
6.63664197921753	-16.4393
6.65227198600769	-17.4389
6.66790199279785	-17.38739
6.68352198600769	-16.21005
6.69915199279785	-14.09027
6.71477198600769	-11.39047
6.73040199279785	-8.486816
6.74602198600769	-5.675507
6.76165199279785	-3.099762
6.77728199958801	-0.8008728
6.79290199279785	1.212555
6.80853199958801	2.888672
6.82415199279785	4.13324
6.83978199958801	4.848328
6.85540199279785	5.02121
6.87103199958801	4.764832
6.88666200637817	4.271973
6.91791200637817	3.508575
6.93353199958801	3.503693
6.94916200637817	3.76181
6.96478199958801	4.179962
6.98041200637817	4.593658
6.99604201316833	4.857727
7.01166200637817	4.861786
7.02729201316833	4.570221
7.04291200637817	4.048218
7.05854201316833	3.42804
7.07416200637817	2.838684
7.08979201316833	2.332214
7.1054220199585	1.856445
7.12104201316833	1.264496
7.1366720199585	0.4126892
7.15229201316833	-0.7578125
7.1679220199585	-2.171539
7.18354201316833	-3.653656
7.1991720199585	-5.036591
7.21480202674866	-6.218964
7.2304220199585	-7.208527
7.24605202674866	-8.099152
7.2616720199585	-9.017517
7.27730202674866	-10.04352
7.2929220199585	-11.19543
7.30855202674866	-12.4079
7.32418203353882	-13.48627
7.33980202674866	-14.18091
7.35543203353882	-14.20831
7.37105202674866	-13.37366
7.38668203353882	-11.6232
7.40230202674866	-9.091919
7.41793203353882	-6.064331
7.43356204032898	-2.871582
7.44918203353882	0.1799316
7.46481204032898	2.867615
7.48043203353882	5.073181
7.49606204032898	6.749329
7.51169204711914	7.893372
7.52731204032898	8.546936
7.54294204711914	8.794708
7.55856204032898	8.774292
7.57419204711914	8.6315
7.58981204032898	8.492035
7.60544204711914	8.426147
7.6210720539093	8.450592
7.63669204711914	8.534424
7.6523220539093	8.627533
7.66794204711914	8.670837
7.6835720539093	8.630859
7.69919204711914	8.502136
7.7148220539093	8.300323
7.73045206069946	8.046997
7.7460720539093	7.758484
7.76170206069946	7.411896
7.7773220539093	6.954834
7.79295206069946	6.295959
7.8085720539093	5.382263
7.82420206069946	4.2099
7.83983206748962	2.854675
7.85545206069946	1.443329
7.87108206748962	0.09854126
7.88670206069946	-1.105896
7.90233206748962	-2.176544
7.91795206069946	-3.182129
7.93358206748962	-4.168396
7.94921207427979	-5.195679
7.96483206748962	-6.302856
7.98046207427979	-7.544128
7.99608206748962	-8.964905
8.01171207427979	-10.56763
8.02733206748962	-12.22189
8.04296207427979	-13.63495
8.05859208106995	-14.44296
8.07421207427979	-14.32529
8.08984208106995	-13.16333
8.10546207427979	-11.09021
8.12109208106995	-8.421631
8.13671207427979	-5.54245
8.15234208106995	-2.774597
8.16797208786011	-0.3295288
8.18359208106995	1.698883
8.19922208786011	3.252106
8.21484208106995	4.289551
8.23047208786011	4.796722
8.24609208106995	4.847748
8.26172208786011	4.619507
8.27735209465027	4.354584
8.29297208786011	4.260986
8.30860209465027	4.449463
8.32422208786011	4.87973
8.33985209465027	5.394318
8.35547208786011	5.812225
8.37110209465027	5.984924
8.38673210144043	5.864258
8.40235209465027	5.470795
8.41798210144043	4.865234
8.43360209465027	4.107697
8.44923210144043	3.250427
8.46485209465027	2.323914
8.48048210144043	1.381073
8.49611210823059	0.4804993
8.51173210144043	-0.3374939
8.52736210823059	-1.07428
8.54298210144043	-1.784576
8.55861210823059	-2.5336
8.57423210144043	-3.375458
8.58986210823059	-4.298431
8.60549211502075	-5.247284
8.62111210823059	-6.120331
8.63674211502075	-6.827209
8.65236210823059	-7.29361
8.66799211502075	-7.512665
8.68361210823059	-7.548462
8.69924211502075	-7.532715
8.71487212181091	-7.602081
8.73049211502075	-7.82254
8.74612212181091	-8.135468
8.76174211502075	-8.336914
8.77737212181091	-8.13559
8.79299211502075	-7.301208
8.80862212181091	-5.706848
8.82425212860107	-3.426056
8.83987212181091	-0.6677551
8.85550212860107	2.290253
8.87112212181091	5.167023
8.88675212860107	7.711151
8.90237212181091	9.74884
8.91800212860107	11.15491
8.93363213539124	11.90497
8.94925212860107	12.06982
8.96488213539124	11.78543
8.98050212860107	11.25787
8.99613213539124	10.66406
9.01175212860107	10.14487
9.02738213539124	9.810242
9.0430121421814	9.72644
9.05863213539124	9.959137
9.0742621421814	10.51477
9.08988213539124	11.34811
9.1055121421814	12.33478
9.12113213539124	13.27905
9.1367621421814	13.95056
9.15239214897156	14.18579
9.1680121421814	13.91382
9.18364214897156	13.19662
9.1992621421814	12.15723
9.21489214897156	10.92801
9.2305121421814	9.566895
9.24614214897156	8.045959
9.26177215576172	6.301208
9.27739214897156	4.302521
9.29302215576172	2.111298
9.30864214897156	-0.1018677
9.32427215576172	-2.130981
9.33989214897156	-3.828674
9.35552215576172	-5.172577
9.3711519241333	-6.271118
9.38677215576172	-7.31366
9.4024019241333	-8.47702
9.41802215576172	-9.912506
9.4336519241333	-11.66217
9.44927215576172	-13.70251
9.4649019241333	-15.90875
9.48053193092346	-18.04236
9.4961519241333	-19.75742
9.51178193092346	-20.68774
9.5274019241333	-20.50943
9.54303193092346	-19.09067
9.5586519241333	-16.58145
9.57428193092346	-13.40857
9.58991193771362	-10.14508
9.60553193092346	-7.339355
9.62116193771362	-5.31604
9.63678193092346	-4.113007
9.65241193771362	-3.510162
9.66803193092346	-3.186646
9.68366193771362	-2.874664
9.69929194450378	-2.432404
9.71491193771362	-1.831696
9.73054194450378	-1.11795
9.74616193771362	-0.3132629
9.76179194450378	0.5697632
9.77741193771362	1.504822
9.79304194450378	2.415955
9.80867195129395	3.194519
9.82429194450378	3.745575
9.83992195129395	4.056396
9.85554194450378	4.191711
9.87117195129395	4.2565
9.88679194450378	4.351501
9.90242195129395	4.529266
9.91805195808411	4.776062
9.93367195129395	5.0578
9.94930195808411	5.305847
9.96492195129395	5.43927
9.98055195808411	5.333038
9.99617195129395	4.865784
10.0118019580841	3.939148
10.0274319648743	2.579865
10.0430519580841	0.9042358
10.0586819648743	-0.8865662
10.0743019580841	-2.573334
10.0899319648743	-4.020752
10.1055519580841	-5.220398
10.1211819648743	-6.289215
10.1368119716644	-7.396088
10.1524319648743	-8.702789
10.1680619716644	-10.27631
10.1836819648743	-12.09512
10.1993119716644	-14.04492
10.2149419784546	-15.92365
10.2305619716644	-17.50327
10.2461919784546	-18.52905
10.2618119716644	-18.76996
10.2774419784546	-18.1001
10.2930619716644	-16.54129
10.3086919784546	-14.26392
10.3243219852448	-11.59702
10.3399419784546	-8.893616
10.3555719852448	-6.431854
10.3711919784546	-4.389435
10.3868219852448	-2.808411
10.4024419784546	-1.659454
10.4180719852448	-0.8726807
10.4337019920349	-0.3714905
10.4493219852448	-0.06689453
10.4649519920349	0.1591797
10.4805719852448	0.4490662
10.4962019920349	0.9436951
10.5118219852448	1.733429
10.5274519920349	2.862183
10.5430819988251	4.292542
10.5587019920349	5.911194
10.5743319988251	7.560303
10.5899519920349	9.050323
10.6055819988251	10.22839
10.6212019920349	10.99509
10.6368319988251	11.34494
10.6524620056152	11.32874
10.6680819988251	11.00949
10.6837120056152	10.46552
10.6993319988251	9.751617
10.7149620056152	8.910706
10.7305819988251	8.000549
10.7462120056152	7.035522
10.7618420124054	5.980042
10.7774620056152	4.727692
10.7930920124054	3.1987
10.8087120056152	1.413239
10.8243420124054	-0.459137
10.8399620056152	-2.202148
10.8555920124054	-3.660583
10.8712220191956	-4.891418
10.8868420124054	-6.151947
10.9024720191956	-7.754486
10.9180920124054	-9.883392
10.9337220191956	-12.45636
10.9493420124054	-15.19885
10.9649720191956	-17.74377
10.9806020259857	-19.82666
10.9962220191956	-21.28207
11.0118520259857	-22.00314
11.0274720191956	-21.84555
11.0431020259857	-20.62494
11.0587220191956	-18.23694
11.0743520259857	-14.80124
11.0899820327759	-10.72189
11.1056020259857	-6.568481
11.1212320327759	-2.876648
11.1368520259857	0.05853271
11.1524820327759	2.237457
11.1681020259857	3.851379
11.1837320327759	5.156128
11.199362039566	6.324707
11.2149820327759	7.385803
11.230612039566	8.284454
11.2462320327759	8.965393
11.261862039566	9.40564
11.2774820327759	9.657043
11.293112039566	9.828278
11.3087420463562	10.03464
11.324362039566	10.35989
11.3399920463562	10.8179
11.355612039566	11.32901
11.3712420463562	11.73331
11.386862039566	11.84784
11.4024920463562	11.53848
11.4181220531464	10.78802
11.4337420463562	9.706604
11.4493720531464	8.489349
11.4649920463562	7.297882
11.4806220531464	6.234863
11.4962420463562	5.294952
11.5118720531464	4.421478
11.5275020599365	3.552521
11.5431220531464	2.652374
11.5587520599365	1.721161
11.5743720531464	0.7555542
11.5900020599365	-0.2781372
11.6056220531464	-1.42865
11.6212520599365	-2.716461
11.6368820667267	-4.114807
11.6525020599365	-5.568848
11.6681320667267	-7.024963
11.6837520599365	-8.483734
11.6993820667267	-10.01553
11.7150020599365	-11.70352
11.7306320667267	-13.5488
11.7462620735168	-15.3848
11.7618820667267	-16.8588
11.7775120735168	-17.52625
11.7931320667267	-16.9978
11.8087620735168	-15.10986
11.8243820667267	-12.02417
11.8400120735168	-8.184753
11.855642080307	-4.158295
11.8712620735168	-0.4361877
11.886892080307	2.697266
11.9025120735168	5.215424
11.918142080307	7.240662
11.9337620735168	8.935547
11.949392080307	10.38959
11.9650220870972	11.5834
11.980642080307	12.46249
11.9962720870972	13.01285
12.011892080307	13.31366
12.0275220870972	13.57526
12.043142080307	14.03726
12.0587720870972	14.88806
12.0744020938873	16.16852
12.0900220870972	17.7504
12.1056520938873	19.36801
12.1212720870972	20.72446
12.1369020938873	21.59253
12.1525220870972	21.89169
12.1681520938873	21.66235
12.1837821006775	21.07404
12.1994020938873	20.27042
12.2150321006775	19.37109
12.2306520938873	18.42151
12.2462821006775	17.42441
12.2619020938873	16.35574
12.2775321006775	15.1741
12.2931621074677	13.8251
12.3087821006775	12.24707
12.3244121074677	10.40656
12.3400321006775	8.331635
12.3556621074677	6.115387
12.3712921142578	3.897888
12.3869121074677	1.770844
12.4025421142578	-0.2932129
12.4181621074677	-2.457916
12.4337921142578	-4.957916
12.4494121074677	-7.967316
12.4650421142578	-11.46939
12.480672121048	-15.18356
12.4962921142578	-18.62839
12.511922121048	-21.28214
12.5275421142578	-22.74744
12.543172121048	-22.85345
12.5587921142578	-21.63705
12.574422121048	-19.31403
12.5900521278381	-16.15836
12.605672121048	-12.45514
12.6213021278381	-8.540619
12.636922121048	-4.750214
12.6525521278381	-1.403381
12.668172121048	1.265045
12.6838021278381	3.172455
12.6994321346283	4.405151
12.7150521278381	5.126556
12.7306821346283	5.50708
12.7463021278381	5.663025
12.7619321346283	5.68222
12.7775521278381	5.625366
12.7931821346283	5.575348
12.8088121414185	5.595459
12.8244321346283	5.757996
12.8400621414185	6.113159
12.8556821346283	6.690674
12.8713121414185	7.504974
12.8869321346283	8.486511
12.9025621414185	9.451233
12.9181921482086	10.10211
12.9338121414185	10.08481
12.9494421482086	9.136444
12.9650621414185	7.196533
12.9806921482086	4.475006
12.9963121414185	1.38382
13.0119421482086	-1.641998
13.0275721549988	-4.265015
13.0431921482086	-6.363373
13.0588221549988	-7.921906
13.0744421482086	-9.006744
13.0900721549988	-9.669952
13.1056921482086	-9.968231
13.1213221549988	-10.02811
13.1369519233704	-10.05289
13.1525721549988	-10.30161
13.1682019233704	-10.99167
13.1838221549988	-12.19989
13.1994519233704	-13.79453
13.2150721549988	-15.44693
13.2307019233704	-16.73743
13.2463319301605	-17.2684
13.2619519233704	-16.79584
13.2775819301605	-15.27417
13.2932019233704	-12.8858
13.3088319301605	-9.943268
13.3244519233704	-6.827759
13.3400819301605	-3.848816
13.3557119369507	-1.230713
13.3713319301605	0.9248047
13.3869619369507	2.639343
13.4025819301605	3.986084
13.4182119369507	5.090485
13.4338319301605	6.051514
13.4494619369507	6.945526
13.4650919437408	7.799438
13.4807119369507	8.571198
13.4963419437408	9.188385
13.5119619369507	9.582245
13.5275919437408	9.766357
13.5432119369507	9.838287
13.5588419437408	9.96637
13.574471950531	10.27481
13.5900919437408	10.76807
13.605721950531	11.29013
13.6213419437408	11.60553
13.636971950531	11.49484
13.6525919437408	10.86591
13.668221950531	9.753174
13.6838519573212	8.272095
13.699471950531	6.557129
13.7151019573212	4.67749
13.730721950531	2.681519
13.7463519573212	0.6177979
13.761971950531	-1.438171
13.7776019573212	-3.3974
13.7932319641113	-5.208069
13.8088519573212	-6.895325
13.8244819641113	-8.556396
13.8401019573212	-10.33179
13.8557319641113	-12.34839
13.8713519573212	-14.67279
13.8869819641113	-17.26996
13.9026119709015	-19.99945
13.9182319641113	-22.56903
13.9338619709015	-24.60059
13.9494819641113	-25.66693
13.9651119709015	-25.40527
13.9807319641113	-23.64008
13.9963619709015	-20.45612
14.0119919776917	-16.17487
14.0276119709015	-11.28381
14.0432419776917	-6.327576
14.0588619709015	-1.798706
14.0744919776917	1.929199
14.0901119709015	4.655396
14.1057419776917	6.365295
14.1213719844818	7.222534
14.1369919776917	7.533203
14.1526219844818	7.659912
14.1682419776917	7.938416
14.1838719844818	8.552124
14.1994919776917	9.503662
14.2151219844818	10.60938
14.230751991272	11.57666
14.2463719844818	12.13477
14.262001991272	12.10364
14.2776219844818	11.46552
14.293251991272	10.3136
14.3088719844818	8.814697
14.324501991272	7.141663
14.3401319980621	5.428406
14.355751991272	3.749512
14.3713819980621	2.139038
14.387001991272	0.6257935
14.4026319980621	-0.7697144
14.418251991272	-2.042847
14.4338819980621	-3.215576
14.4495120048523	-4.348145
14.4651319980621	-5.505676
14.4807620048523	-6.764465
14.4963819980621	-8.18335
14.5120120048523	-9.781921
14.5276319980621	-11.53619
14.5432620048523	-13.32031
14.5588920116425	-14.8465
14.5745120048523	-15.67432
14.5901420116425	-15.27856
14.6057620048523	-13.19836
14.6213920116425	-9.240906
14.6370120048523	-3.595764
14.6526420116425	3.174622
14.6682720184326	10.30676
14.6838920116425	17.01636
14.6995220184326	22.70331
14.7151420116425	26.99622
14.7307720184326	29.78229
14.7463920116425	31.16101
14.7620220184326	31.41174
14.7776520252228	30.93671
14.7932720184326	30.17834
14.8089020252228	29.49908
14.8245220184326	29.03943
14.8401520252228	28.70679
14.8557720184326	28.2511
14.8714020252228	27.45288
14.8870320320129	26.25519
14.9026520252228	24.7572
14.9182820320129	23.12854
14.9339020252228	21.42908
14.9495320320129	19.57336
14.9651520252228	17.38556
14.9807820320129	14.75989
14.9964120388031	11.74414
15.0120320320129	8.564026
15.0276620388031	5.448669
15.0432820320129	2.532166
15.0589120388031	-0.194397
15.0745420455933	-2.824646
15.0901620388031	-5.434021
15.1057920455933	-7.982056
15.1214120388031	-10.33093
15.1370420455933	-12.35059
15.1526620388031	-14.02179
15.1682920455933	-15.45367
15.1839220523834	-16.84302
15.1995420455933	-18.32654
15.2151720523834	-19.90204
15.2307920455933	-21.36841
15.2464220523834	-22.37628
15.2620420455933	-22.50647
15.2776720523834	-21.43555
15.2933020591736	-19.03473
15.3089220523834	-15.4483
15.3245520591736	-11.06329
15.3401720523834	-6.421021
15.3558020591736	-2.060608
15.3714220523834	1.628357
15.3870520591736	4.48645
15.4026820659637	6.583862
15.4183020591736	8.139771
15.4339320659637	9.380005
15.4495520591736	10.50739
15.4651820659637	11.62811
15.4808020591736	12.76648
15.4964320659637	13.90424
15.5120620727539	14.99634
15.5276820659637	15.99652
15.5433120727539	16.84021
15.5589320659637	17.48682
15.5745620727539	17.9173
15.5901820659637	18.1225
15.6058120727539	18.11462
15.6214420795441	17.88055
15.6370620727539	17.3913
15.6526920795441	16.58496
15.6683120727539	15.41492
15.6839420795441	13.85413
15.6995620727539	11.95056
15.7151920795441	9.771057
15.7308220863342	7.423309
15.7464420795441	5.01944
15.7620720863342	2.652191
15.7776920795441	0.3649597
15.7933220863342	-1.855164
15.8089420795441	-4.072327
15.8245720863342	-6.385376
15.8402020931244	-8.859711
15.8558220863342	-11.46527
15.8714520931244	-14.0065
15.8870720863342	-16.13232
15.9027020931244	-17.39011
15.9183220863342	-17.35791
15.9339520931244	-15.8389
15.9495820999146	-12.86972
15.9652020931244	-8.817047
15.9808320999146	-4.229218
15.9964520931244	0.3029785
16.0120820999146	4.283875
16.0277020931244	7.424255
16.0433320999146	9.638947
16.0589621067047	10.96561
16.0745820999146	11.51443
16.0902121067047	11.43701
16.1058320999146	10.97736
16.1214621067047	10.46967
16.1370820999146	10.30048
16.1527121067047	10.74835
16.1683421134949	11.81259
16.1839621067047	13.13113
16.1995921134949	14.14716
16.2152121067047	14.31653
16.2308421134949	13.42313
16.2464621067047	11.66037
16.2620921134949	9.550537
16.277722120285	7.608582
16.2933421134949	6.092529
16.308972120285	4.883606
16.3245921134949	3.675537
16.340222120285	2.274658
16.3558421134949	0.809021
16.371472120285	-0.2766418
16.3871021270752	-0.4591064
16.402722120285	0.5509033
16.4183521270752	2.661896
16.433972120285	5.418274
16.4496021270752	8.227844
16.465222120285	10.58783
16.4808521270752	12.27466
16.4964821338654	13.34464
16.5121021270752	14.11725
16.5277321338654	15.07904
16.5433521270752	16.8017
16.5589821338654	19.76059
16.5746021270752	24.11618
16.5902321338654	29.42206
16.6058621406555	34.56464
16.6214821338654	37.92392
16.6371121406555	37.8045
16.6527321338654	33.09183
16.6683621406555	23.63943
16.6839821338654	10.39243
16.6996121406555	-4.943115
16.7152421474457	-20.40848
16.7308621406555	-34.30206
16.7464921474457	-45.51294
16.7621121406555	-53.53082
16.7777421474457	-58.35123
16.7933621406555	-60.3038
16.8089921474457	-59.87643
16.8246221542358	-57.55084
16.8402421474457	-53.59122
16.8558721542358	-47.9169
16.8714921474457	-40.13245
16.8871221542358	-29.76569
16.9027421474457	-16.6181
16.9183721542358	-1.057434
16.9340019226074	15.94406
16.9496221542358	33.07324
16.9652519226074	49.05942
16.9808721542358	62.96301
16.9965019226074	74.25189
17.0121221542358	82.62961
17.0277519226074	87.8912
17.0433819293976	89.96097
17.0590019226074	89.03906
17.0746319293976	85.79791
17.0902519226074	81.32288
17.1058819293976	76.74503
17.1215019226074	72.73291
17.1371319293976	69.13123
17.1527619361877	64.99603
17.1683819293976	59.01758
17.1840119361877	50.14206
17.1996319293976	38.01321
17.2152619361877	23.12073
17.2308919429779	6.694214
17.2465119361877	-9.558975
17.2621419429779	-23.72328
17.2777619361877	-34.00111
17.2933919429779	-39.08122
17.3090119361877	-38.56361
17.3246419429779	-33.22459
17.3402719497681	-24.93968
17.3558919429779	-16.19057
17.3715219497681	-9.274185
17.3871419429779	-5.614883
17.4027719497681	-5.472717
17.4183919429779	-8.154907
17.4340219497681	-12.61
17.4496519565582	-17.93402
17.4652719497681	-23.64873
17.4809019565582	-29.56728
17.4965219497681	-35.50941
17.5121519565582	-41.12163
17.5277719497681	-45.92732
17.5434019565582	-49.54398
17.5590319633484	-51.86813
17.5746519565582	-53.13548
17.5902819633484	-53.74113
17.6059019565582	-54.00662
17.6215319633484	-54.01126
17.6371519565582	-53.55413
17.6527819633484	-52.26469
17.6684119701385	-49.83965
17.6840319633484	-46.20152
17.6996619701385	-41.57256
17.7152819633484	-36.45104
17.7309119701385	-31.43629
17.7465319633484	-27.04225
17.7621619701385	-23.50733
17.7777919769287	-20.71998
17.7934119701385	-18.26612
17.8090419769287	-15.58823
17.8246619701385	-12.24574
17.8402919769287	-8.138832
17.8559119701385	-3.552681
17.8715419769287	0.9796143
17.8871719837189	4.933998
17.9027919769287	8.110817
17.9184219837189	10.69918
17.9340419769287	13.22328
17.9496719837189	16.21079
17.9652919769287	19.88815
17.9809219837189	24.01971
17.996551990509	27.96532
18.0121719837189	30.97979
18.027801990509	32.54425
18.0434219837189	32.5921
18.059051990509	31.61967
18.0746719837189	30.50575
18.090301990509	30.23966
18.1059319972992	31.6014
18.121551990509	34.86668
18.1371819972992	39.67402
18.152801990509	45.08667
18.1684319972992	49.81989
18.184051990509	52.59639
18.1996819972992	52.55236
18.2153120040894	49.45976
18.2309319972992	43.75462
18.2465620040894	36.3398
18.2621819972992	28.20917
18.2778120040894	20.19172
18.2934319972992	12.72774
18.3090620040894	5.856503
18.3246920108795	-0.6556454
18.3403120040894	-7.211609
18.3559420108795	-14.19879
18.3715620040894	-21.89627
18.3871920108795	-30.37652
18.4028120040894	-39.47327
18.4184420108795	-48.82248
18.4340720176697	-57.93085
18.4496920108795	-66.33069
18.4653220176697	-73.67308
18.4809420108795	-79.76207
18.4965720176697	-84.51555
18.5121920108795	-87.90669
18.5278220176697	-89.87674
18.5434520244598	-90.3661
18.5590720176697	-89.27942
18.5747020244598	-86.56892
18.5903220176697	-82.25976
18.6059520244598	-76.47262
18.6215720176697	-69.43562
18.6372020244598	-61.47006
18.65283203125	-52.96414
18.6684520244598	-44.30908
18.68408203125	-35.86823
18.6997020244598	-27.90417
18.71533203125	-20.58363
18.7309520244598	-13.9733
18.74658203125	-8.031685
18.7622120380402	-2.688171
18.77783203125	2.142006
18.7934620380402	6.491753
18.80908203125	10.30054
18.8247120380402	13.44838
18.84033203125	15.89815
18.8559620380402	17.82262
18.8715920448303	19.72308
18.8872120380402	22.32024
18.9028420448303	26.3453
18.9184620380402	32.22915
18.9340920448303	39.91312
18.9497120380402	48.82829
18.9653420448303	58.11797
18.9809720516205	66.92982
18.9965920448303	74.64011
19.0122220516205	80.96295
19.0278420448303	85.87727
19.0434720516205	89.45288
19.0590920448303	91.70879
19.0747220516205	92.56847
19.0903520584106	91.91148
19.1059720516205	89.62691
19.1216020584106	85.74838
19.1372220516205	80.49794
19.1528520584106	74.33318
19.1684720516205	67.91644
19.1841020584106	62.01917
19.1997320652008	57.36665
19.2153520584106	54.42395
19.2309820652008	53.22638
19.2466020584106	53.31784
19.2622320652008	53.8765
19.2778520584106	53.91608
19.2934820652008	52.60066
19.309112071991	49.42841
19.3247320652008	44.34035
19.340362071991	37.64314
19.3559820652008	29.81038
19.371612071991	21.25244
19.3872320652008	12.15962
19.402862071991	2.486099
19.4184920787811	-7.925888
19.434112071991	-19.15565
19.4497420787811	-31.04285
19.465362071991	-43.14828
19.4809920787811	-54.82727
19.4966220855713	-65.4516
19.5122420787811	-74.52957
19.5278720855713	-81.78354
19.5434920787811	-87.06699
19.5591220855713	-90.23883
19.5747420787811	-91.0921
19.5903720855713	-89.39337
19.6060020923615	-85.04373
19.6216220855713	-78.19366
19.6372520923615	-69.26089
19.6528720855713	-58.83179
19.6685020923615	-47.46927
19.6841220855713	-35.53531
19.6997520923615	-23.21875
19.7153820991516	-10.63019
19.7310020923615	2.139008
19.7466320991516	14.77109
19.7622520923615	26.81714
19.7778820991516	37.74359
19.7935020923615	46.97772
19.8091320991516	53.97205
19.8247621059418	58.22559
19.8403820991516	59.28394
19.8560121059418	56.79834
19.8716320991516	50.62332
19.8872621059418	40.88428
19.9028820991516	28.0636
19.9185121059418	13.02872
19.9341421127319	-3.001404
19.9497621059418	-18.54874
19.9653921127319	-32.0632
19.9810121059418	-42.23291
19.9966421127319	-48.26794
20.0122621059418	-50.12106
20.0278921127319	-48.45981
20.0435221195221	-44.44678
20.0591421127319	-39.33859
20.0747721195221	-34.1911
20.0903921127319	-29.69119
20.1060221195221	-26.19104
20.1216421127319	-23.90442
20.1372721195221	-22.95978
20.1529021263123	-23.38525
20.1685221195221	-25.03116
20.1841521263123	-27.46906
20.1997721195221	-30.06158
20.2154021263123	-32.11084
20.2310221195221	-32.95886
20.2466521263123	-32.16608
20.2622821331024	-29.54639
20.2779021263123	-25.11688
20.2935321331024	-19.11499
20.3091521263123	-11.92017
20.3247821331024	-3.988708
20.3404021263123	4.238098
20.3560321331024	12.38208
20.3716621398926	20.16974
20.3872821331024	27.37195
20.4029121398926	33.73322
20.4185321331024	38.8631
20.4341621398926	42.32025
20.4497821331024	43.71375
20.4654121398926	42.88031
20.4810421466827	39.97333
20.4966621398926	35.42523
20.5122921466827	29.77863
20.5279121398926	23.54199
20.5435421466827	17.04144
20.5591621398926	10.44135
20.5747921466827	3.687805
20.5904221534729	-3.452271
20.6060421466827	-11.35815
20.6216721534729	-20.40833
20.6372921466827	-30.73407
20.6529221534729	-41.90253
20.6685421466827	-52.81097
20.6841721534729	-61.84088
20.6998019218445	-67.34467
20.7154221534729	-68.27032
20.7310519218445	-64.66132
20.7466721534729	-57.66333
20.7623019218445	-49.21802
20.7779221534729	-41.34686
20.7935519218445	-35.49335
20.8091819286346	-32.17694
20.8248019218445	-31.03442
20.8404319286346	-31.16357
20.8560519218445	-31.59625
20.8716819286346	-31.61926
20.8873019218445	-30.87848
20.9029319286346	-29.22791
20.9185619354248	-26.6026
20.9341819286346	-22.84174
20.9498119354248	-17.68719
20.9654319286346	-11.02789
20.9810619354248	-2.990479
20.9966819286346	5.940796
21.0123119354248	14.94373
21.027941942215	23.06073
21.0435619354248	29.3988
21.059191942215	33.29547
21.0748119354248	34.36511
21.090441942215	32.47595
21.1060619354248	27.63031
21.121691942215	19.92438
21.1373219490051	9.547852
21.152941942215	-3.095154
21.1685719490051	-17.2475
21.184191942215	-31.67694
21.1998219490051	-44.76105
21.215441942215	-54.78351
21.2310719490051	-60.50018
21.2467019557953	-61.52411
21.2623219490051	-58.53424
21.2779519557953	-53.05896
21.2935719490051	-46.93591
21.3092019557953	-41.71069
21.3248219490051	-38.18915
21.3404519557953	-36.33881
21.3560819625854	-35.51324
21.3717019557953	-34.87042
21.3873319625854	-33.74426
21.4029519557953	-31.82544
21.4185819625854	-29.18359
21.4342019557953	-26.10083
21.4498319625854	-22.81299
21.4654619693756	-19.42462
21.4810819625854	-15.79974
21.4967119693756	-11.56403
21.5123319625854	-6.275085
21.5279619693756	0.4490967
21.5435819625854	8.834045
21.5592119693756	18.71692
21.5748419761658	29.63892
21.5904619693756	40.81219
21.6060919761658	51.15338
21.6217119693756	59.3924
21.6373419761658	64.21222
21.6529619693756	64.45563
21.6685919761658	59.44977
21.6842219829559	49.36847
21.6998419761658	35.43451
21.7154719829559	19.75555
21.7310919761658	4.769775
21.7467219829559	-7.545593
21.7623419761658	-16.32196
21.7779719829559	-21.95032
21.7936019897461	-25.64343
21.8092219829559	-28.68872
21.8248519897461	-31.71985
21.8404719829559	-34.54187
21.8561019897461	-36.46216
21.8717219829559	-36.95685
21.8873519897461	-36.19031
21.9029819965363	-35.02747
21.9186019897461	-34.57941
21.9342319965363	-35.55139
21.9498519897461	-37.83502
21.9654819965363	-40.55597
21.9811019897461	-42.57892
21.9967319965363	-43.09625
22.0123620033264	-42.05377
22.0279819965363	-40.13599
22.0436120033264	-38.31525
22.0592319965363	-37.4585
22.0748620033264	-37.85474
22.0904920101166	-39.12384
22.1061120033264	-40.43829
22.1217420101166	-40.84216
22.1373620033264	-39.54364
22.1529920101166	-36.06769
22.1686120033264	-30.26276
22.1842420101166	-22.23047
22.1998720169067	-12.315
22.2154920101166	-1.124023
22.2311220169067	10.43219
22.2467420101166	21.18256
22.2623720169067	29.8374
22.2779920101166	35.36346
22.2936220169067	37.2627
22.3092520236969	35.76331
22.3248720169067	31.74969
22.3405020236969	26.44116
22.3561220169067	21.04877
22.3717520236969	16.47723
22.3873720169067	13.20526
22.4030020236969	11.32159
22.4186320304871	10.64789
22.4342520236969	10.84534
22.4498820304871	11.49097
22.4655020236969	12.15564
22.4811320304871	12.49341
22.4967520236969	12.37305
22.5123820304871	11.90576
22.5280120372772	11.40674
22.5436320304871	11.22028
22.5592620372772	11.52881
22.5748820304871	12.23511
22.5905120372772	13.04501
22.6061320304871	13.62958
22.6217620372772	13.79163
22.6373920440674	13.56052
22.6530120372772	13.10019
22.6686420440674	12.54483
22.6842620372772	11.94824
22.6998920440674	11.21417
22.7155120372772	10.23511
22.7311420440674	8.987946
22.7467720508575	7.664276
22.7623920440674	6.592102
22.7780220508575	6.116119
22.7936420440674	6.486603
22.8092720508575	7.758179
22.8248920440674	9.830872
22.8405220508575	12.52985
22.8561520576477	15.65378
22.8717720508575	19.03018
22.8874020576477	22.49634
22.9030220508575	25.95114
22.9186520576477	29.43845
22.9342720508575	33.18039
22.9499020576477	37.60834
22.9655320644379	43.20285
22.9811520576477	50.21582
22.9967820644379	58.45193
23.0124020576477	67.16891
23.0280320644379	75.23474
23.0436520576477	81.45605
23.0592820644379	84.99496
23.074912071228	85.59747
23.0905320644379	83.58258
23.106162071228	79.58841
23.1217820644379	74.21893
23.137412071228	67.74106
23.1530320644379	60.08563
23.168662071228	50.9534
23.1842920780182	40.134
23.199912071228	27.68445
23.2155420780182	14.00195
23.231162071228	-0.2966919
23.2467920780182	-14.54016
23.262412071228	-28.16205
23.2780420780182	-40.81696
23.2936720848083	-52.33527
23.3092920780182	-62.68524
23.3249220848083	-71.87274
23.3405420780182	-79.87286
23.3561720848083	-86.59476
23.3717920780182	-91.84106
23.3874220848083	-95.41092
23.4030520915985	-97.17508
23.4186720848083	-97.12167
23.4343020915985	-95.44247
23.4499220848083	-92.48499
23.4655520915985	-88.64746
23.4811720848083	-84.26028
23.4968020915985	-79.57248
23.5124320983887	-74.74002
23.5280520915985	-69.92291
23.5436820983887	-65.35349
23.5593020915985	-61.31787
23.5749320983887	-58.08496
23.5905520915985	-55.80133
23.6061820983887	-54.41577
23.6218121051788	-53.68488
23.6374320983887	-53.29138
23.6530621051788	-52.88446
23.6686820983887	-52.19028
23.6843121051788	-50.96735
23.6999320983887	-48.97888
23.7155621051788	-45.99783
23.731192111969	-41.84192
23.7468121051788	-36.48074
23.762442111969	-30.10181
23.7780621051788	-23.12784
23.793692111969	-16.06897
23.8093121051788	-9.397247
23.824942111969	-3.371948
23.8405721187592	1.990784
23.856192111969	6.831299
23.8718221187592	11.37997
23.887442111969	15.83899
23.9030721187592	20.32986
23.918692111969	24.94012
23.9343221187592	29.75903
23.9499521255493	34.85562
23.9655721187592	40.26706
23.9812021255493	45.97754
23.9968221187592	51.86075
24.0124521255493	57.68594
24.0280721187592	63.15857
24.0437021255493	67.92773
24.0593321323395	71.68863
24.0749521255493	74.23322
24.0905821323395	75.49277
24.1062021255493	75.57324
24.1218321323395	74.75214
24.1374521255493	73.4054
24.1530821323395	71.92044
24.1687121391296	70.63974
24.1843321323395	69.74518
24.1999621391296	69.26932
24.2155821323395	69.07596
24.2312121391296	68.88849
24.2468321323395	68.30786
24.2624621391296	66.92068
24.2780921459198	64.35306
24.2937121391296	60.37112
24.3093421459198	55.01648
24.3249621391296	48.55304
24.3405921459198	41.53186
24.35622215271	34.61841
24.3718421459198	28.48074
24.38747215271	23.60654
24.4030921459198	20.17404
24.41872215271	18.02216
24.4343421459198	16.67752
24.44997215271	15.56598
24.4656019210815	14.0903
24.48122215271	11.81522
24.4968519210815	8.490173
24.51247215271	4.082886
24.5281019210815	-1.228271
24.54372215271	-7.104401
24.5593519210815	-13.1033
24.5749819278717	-18.77945
24.5906019210815	-23.74579
24.6062319278717	-27.82855
24.6218519210815	-31.05908
24.6374819278717	-33.71198
24.6531019210815	-36.26877
24.6687319278717	-39.26746
24.6843619346619	-43.13083
24.6999819278717	-47.92456
24.7156119346619	-53.18063
24.7312319278717	-57.8927
24.7468619346619	-60.80664
24.7624819278717	-60.82806
24.7781119346619	-57.53256
24.793741941452	-51.409
24.8093619346619	-43.73969
24.824991941452	-36.17151
24.8406119346619	-30.11304
24.856241941452	-26.33759
24.8718619346619	-24.8519
24.887491941452	-25.13983
24.9031219482422	-26.46182
24.918741941452	-28.16742
24.9343719482422	-29.80374
24.949991941452	-31.11456
24.9656219482422	-31.99939
24.981241941452	-32.47198
24.9968719482422	-32.60788
25.0125019550323	-32.48366
25.0281219482422	-32.04585
25.0437519550323	-31.0258
25.0593719482422	-28.91058
25.0750019550323	-25.10033
25.0906219482422	-19.12358
25.1062519550323	-10.85498
25.1218819618225	-0.610672
25.1375019550323	10.92958
25.1531319618225	22.87837
25.1687519550323	34.33275
25.1843819618225	44.53218
25.2000019550323	52.91692
25.2156319618225	59.13351
25.2312619686127	63.06232
25.2468819618225	64.76799
25.2625119686127	64.46924
25.2781319618225	62.47781
25.2937619686127	59.14981
25.3093819618225	54.86819
25.3250119686127	50.02231
25.3406419754028	45.04251
25.3562619686127	40.33424
25.3718919754028	36.22842
25.3875119686127	32.85461
25.4031419754028	30.10045
25.4187619686127	27.62524
25.4343919754028	24.95624
25.450021982193	21.60442
25.4656419754028	17.20728
25.481271982193	11.66629
25.4968919754028	5.230682
25.512521982193	-1.472122
25.5281419754028	-7.507736
25.543771982193	-11.8593
25.5594019889832	-13.70053
25.575021982193	-12.68251
25.5906519889832	-9.069427
25.606271982193	-3.65889
25.6219019889832	2.498978
25.637521982193	8.408951
25.6531519889832	13.42789
25.6687819957733	17.35957
25.6844019889832	20.36533
25.7000319957733	22.78027
25.7156519889832	24.90569
25.7312819957733	26.89351
25.7469019889832	28.72722
25.7625319957733	30.31248
25.7781620025635	31.57684
25.7937819957733	32.56857
25.8094120025635	33.52348
25.8250319957733	34.8018
25.8406620025635	36.77284
25.8562819957733	39.63239
25.8719120025635	43.24803
25.8875420093536	47.164
25.9031620025635	50.69455
25.9187920093536	53.1386
25.9344120025635	53.99156
25.9500420093536	53.06474
25.9656620025635	50.457
25.9812920093536	46.44574
25.9969220161438	41.38188
26.0125420093536	35.50867
26.0281720161438	28.94987
26.0437920093536	21.65184
26.0594220161438	13.47928
26.0750420093536	4.229187
26.0906720161438	-6.262909
26.106302022934	-18.05295
26.1219220161438	-30.9762
26.137552022934	-44.63333
26.1531720161438	-58.39944
26.168802022934	-71.52856
26.1844220161438	-83.33807
26.200052022934	-93.38666
26.2156820297241	-101.5627
26.231302022934	-108.0779
26.2469320297241	-113.321
26.262552022934	-117.6652
26.2781820297241	-121.2821
26.293802022934	-124.1016
26.3094320297241	-125.8343
26.3250620365143	-126.1078
26.3406820297241	-124.6088
26.3563120365143	-121.1468
26.3719320297241	-115.6676
26.3875620365143	-108.2662
26.4031820297241	-99.21686
26.4188120365143	-89.04288
26.4344420433044	-78.51633
26.4500620365143	-68.55202
26.4656920433044	-60.02452
26.4813120365143	-53.54643
26.4969420433044	-49.28445
26.5125720500946	-46.97414
26.5281920433044	-45.97978
26.5438220500946	-45.51353
26.5594420433044	-44.76308
26.5750720500946	-43.05455
26.5906920433044	-39.89995
26.6063220500946	-35.09334
26.6219520568848	-28.66153
26.6375720500946	-20.86606
26.6532020568848	-12.17867
26.6688220500946	-3.170837
26.6844520568848	5.522278
26.7000720500946	13.24492
26.7157020568848	19.41148
26.7313320636749	23.59238
26.7469520568848	25.60799
26.7625820636749	25.54579
26.7782020568848	23.73669
26.7938320636749	20.65523
26.8094520568848	16.90817
26.8250820636749	13.28284
26.8407120704651	10.75526
26.8563320636749	10.31745
26.8719620704651	12.74477
26.8875820636749	18.20409
26.9032120704651	26.04823
26.9188320636749	34.91451
26.9344620704651	43.16691
26.9500920772552	49.39157
26.9657120704651	52.80628
26.9813420772552	53.32209
26.9969620704651	51.33192
27.0125920772552	47.36518
27.0282120704651	41.89409
27.0438420772552	35.28899
27.0594720840454	27.92417
27.0750920772552	20.27361
27.0907220840454	12.885
27.1063420772552	6.229837
27.1219720840454	0.6131897
27.1375920772552	-3.900122
27.1532220840454	-7.470198
27.1688520908356	-10.26509
27.1844720840454	-12.4081
27.2001020908356	-13.82906
27.2157220840454	-14.27607
27.2313520908356	-13.50001
27.2469720840454	-11.37807
27.2626020908356	-8.161957
27.2782320976257	-4.512772
27.2938520908356	-1.484108
27.3094820976257	-0.2865601
27.3251020908356	-1.973434
27.3407320976257	-7.156319
27.3563520908356	-15.79823
27.3719820976257	-27.10713
27.3876121044159	-39.61391
27.4032320976257	-51.39098
27.4188621044159	-60.42233
27.4344820976257	-65.05589
27.4501121044159	-64.4343
27.4657320976257	-58.72299
27.4813621044159	-49.0858
27.4969921112061	-37.32628
27.5126121044159	-25.39824
27.5282421112061	-14.89597
27.5438621044159	-6.755997
27.5594921112061	-1.169281
27.5751121044159	2.201599
27.5907421112061	3.994522
27.6063721179962	4.834213
27.6219921112061	5.227234
27.6376221179962	5.486206
27.6532421112061	5.82869
27.6688721179962	6.516983
27.6844921112061	7.768112
27.7001221179962	9.785645
27.7157521247864	12.67331
27.7313721179962	16.26318
27.7470021247864	20.1936
27.7626221179962	23.99414
27.7782521247864	27.24719
27.7938721179962	29.74719
27.8095021247864	31.55676
27.8251321315765	32.90564
27.8407521247864	34.05212
27.8563821315765	35.11261
27.8720021247864	36.00751
27.8876321315765	36.4783
27.9032521247864	36.18158
27.9188821315765	34.80844
27.9345121383667	32.16696
27.9501321315765	28.26532
27.9657621383667	23.28503
27.9813821315765	17.57312
27.9970121383667	11.55072
28.0126321315765	5.615662
28.0282621383667	0.08889771
28.0438921451569	-4.823151
28.0595121383667	-9.013733
28.0751421451569	-12.49207
28.0907621383667	-15.32245
28.1063921451569	-17.60098
28.1220121383667	-19.43597
28.1376421451569	-20.9516
28.153272151947	-22.30905
28.1688921451569	-23.7023
28.184522151947	-25.37573
28.2001421451569	-27.55939
28.215772151947	-30.34784
28.2313921451569	-33.60059
28.247022151947	-36.87476
28.2626519203186	-39.47827
28.278272151947	-40.60541
28.2939019203186	-39.61975
28.309522151947	-36.22144
28.3251519203186	-30.58221
28.340772151947	-23.25262
28.3564019203186	-14.99384
28.3720319271088	-6.530579
28.3876519203186	1.609131
28.4032819271088	9.142212
28.4189019203186	15.98236
28.4345319271088	22.11603
28.4501519203186	27.53442
28.4657819271088	32.18793
28.4814119338989	36.05518
28.4970319271088	39.17999
28.5126619338989	41.7168
28.5282819271088	43.8717
28.5439119338989	45.82977
28.5595319271088	47.66626
28.5751619338989	49.33307
28.5907919406891	50.72937
28.6064119338989	51.80597
28.6220419406891	52.61176
28.6376619338989	53.22601
28.6532919406891	53.66663
28.6689119338989	53.84094
28.6845419406891	53.52325
28.7001719474792	52.53357
28.7157919406891	50.81714
28.7314219474792	48.48615
28.7470419406891	45.73938
28.7626719474792	42.74689
28.7782919406891	39.56982
28.7939219474792	36.17633
28.8095519542694	32.56683
28.8251719474792	28.82379
28.8408019542694	25.14124
28.8564219474792	21.71661
28.8720519542694	18.65948
28.8876719474792	15.88458
28.9033019542694	13.20074
28.9189319610596	10.43488
28.9345519542694	7.518005
28.9501819610596	4.54187
28.9658019542694	1.686584
28.9814319610596	-0.8364258
28.9970519542694	-2.873291
29.0126819610596	-4.408997
29.0283119678497	-5.549988
29.0439319610596	-6.5354
29.0595619678497	-7.686951
29.0751819610596	-9.339417
29.0908119678497	-11.70001
29.1064319610596	-14.81525
29.1220619678497	-18.45978
29.1376919746399	-22.16644
29.1533119678497	-25.31427
29.1689419746399	-27.25983
29.1845619678497	-27.55078
29.2001919746399	-26.0686
29.2158219814301	-23.09393
29.2314419746399	-19.26343
29.2470719814301	-15.32611
29.2626919746399	-11.94226
29.2783219814301	-9.444885
29.2939419746399	-7.805237
29.3095719814301	-6.703125
29.3252019882202	-5.737549
29.3408219814301	-4.556641
29.3564519882202	-2.995178
29.3720719814301	-1.041992
29.3877019882202	1.131592
29.4033219814301	3.262451
29.4189519882202	5.08551
29.4345819950104	6.440674
29.4502019882202	7.365356
29.4658319950104	8.110291
29.4814519882202	9.008972
29.4970819950104	10.33508
29.5127019882202	12.09967
29.5283319950104	14.04938
29.5439620018005	15.84595
29.5595819950104	17.27539
29.5752120018005	18.36945
29.5908319950104	19.40802
29.6064620018005	20.66101
29.6220819950104	22.20496
29.6377120018005	23.81683
29.6533420085907	25.11487
29.6689620018005	25.7865
29.6845920085907	25.75964
29.7002120018005	25.21985
29.7158420085907	24.4364
29.7314620018005	23.58026
29.7470920085907	22.71332
29.7627220153809	21.76245
29.7783420085907	20.6745
29.7939720153809	19.46362
29.8095920085907	18.20508
29.8252220153809	16.94928
29.8408420085907	15.71497
29.8564720153809	14.49933
29.872102022171	13.3327
29.8877220153809	12.26843
29.903352022171	11.29462
29.9189720153809	10.22382
29.934602022171	8.640747
29.9502220153809	5.987061
29.965852022171	1.793701
29.9814820289612	-4.083374
29.997102022171	-11.28137
30.0127320289612	-18.97656
30.028352022171	-26.0946
30.0439820289612	-31.59717
30.059602022171	-34.72937
30.0752320289612	-35.14685
30.0908620357513	-32.95837
30.1064820289612	-28.63147
30.1221120357513	-22.84973
30.1377320289612	-16.37903
30.1533620357513	-9.919312
30.1689820289612	-4.012573
30.1846120357513	1.013428
30.2002420425415	5.052246
30.2158620357513	8.15979
30.2314920425415	10.45911
30.2471120357513	12.1333
30.2627420425415	13.36646
30.2783620357513	14.35571
30.2939920425415	15.29663
30.3096220493317	16.37146
30.3252420425415	17.68225
30.3408720493317	19.22021
30.3564920425415	20.86633
30.3721220493317	22.4093
30.3877420425415	23.62122
30.4033720493317	24.34888
30.4190020561218	24.56848
30.4346220493317	24.43262
30.4502520561218	24.20813
30.4658720493317	24.19446
30.4815020561218	24.56958
30.4971220493317	25.35083
30.5127520561218	26.37683
30.528382062912	27.39099
30.5440020561218	28.15076
30.559632062912	28.495
30.5752520561218	28.39819
30.590882062912	27.93445
30.6065020561218	27.23328
30.622132062912	26.44397
30.6377620697021	25.72449
30.653382062912	25.22961
30.6690120697021	25.0553
30.684632062912	25.20996
30.7002620697021	25.53796
30.715882062912	25.7196
30.7315120697021	25.30103
30.7471420764923	23.87305
30.7627620697021	21.13147
30.7783920764923	17.00317
30.7940120697021	11.63757
30.8096420764923	5.370361
30.8252620697021	-1.336304
30.8408920764923	-7.956055
30.8565220832825	-14.02112
30.8721420764923	-19.1748
30.8877720832825	-23.20776
30.9033920764923	-26.08411
30.9190220832825	-27.87439
30.9346420764923	-28.66699
30.9502720832825	-28.54285
30.9659020900726	-27.54077
30.9815220832825	-25.71509
30.9971520900726	-23.18787
31.0127720832825	-20.15356
31.0284020900726	-16.87146
31.0440220832825	-13.61072
31.0596520900726	-10.57776
31.0752820968628	-7.911499
31.0909020900726	-5.689697
31.1065320968628	-3.963745
31.1221520900726	-2.757935
31.1377820968628	-2.021973
31.1534020900726	-1.573853
31.1690320968628	-1.098022
31.184662103653	-0.2001953
31.2002820968628	1.440674
31.215912103653	3.953979
31.2315320968628	7.200806
31.247162103653	10.85779
31.2627820968628	14.53918
31.278412103653	17.97119
31.2940421104431	21.07239
31.309662103653	23.93115
31.3252921104431	26.70667
31.340912103653	29.51306
31.3565421104431	32.29224
31.3721721172333	34.84766
31.3877921104431	36.88721
31.4034221172333	38.12036
31.4190421104431	38.35022
31.4346721172333	37.54016
31.4502921104431	35.82153
31.4659221172333	33.49109
31.4815521240234	30.91064
31.4971721172333	28.41443
31.5128021240234	26.2179
31.5284221172333	24.35767
31.5440521240234	22.7312
31.5596721172333	21.16577
31.5753021240234	19.50964
31.5909321308136	17.6803
31.6065521240234	15.68762
31.6221821308136	13.60571
31.6378021240234	11.54395
31.6534321308136	9.633179
31.6690521240234	7.968872
31.6846821308136	6.593506
31.7003121376038	5.446289
31.7159321308136	4.393433
31.7315621376038	3.233521
31.7471821308136	1.76062
31.7628121376038	-0.182373
31.7784321308136	-2.661743
31.7940621376038	-5.610107
31.8096921443939	-8.797852
31.8253121376038	-11.84924
31.8409421443939	-14.28357
31.8565621376038	-15.65015
31.8721921443939	-15.65234
31.8878121376038	-14.24866
31.9034421443939	-11.67932
31.9190721511841	-8.38916
31.9346921443939	-4.901733
31.9503221511841	-1.674805
31.9659421443939	1.008545
31.9815721511841	3.075439
31.9971921443939	4.629883
32.0128221511841	5.868164
32.0284519195557	6.987793
32.0440721511841	8.09375
32.0597019195557	9.176392
32.0753221511841	10.10156
32.0909519195557	10.68518
32.1065721511841	10.78748
32.1222019195557	10.39648
32.1378319263458	9.634766
32.1534519195557	8.709351
32.1690819263458	7.836182
32.1847019195557	7.141235
32.2003319263458	6.628906
32.2159519195557	6.203857
32.2315819263458	5.703735
32.247211933136	4.995483
32.2628319263458	3.998901
32.278461933136	2.720337
32.2940819263458	1.224609
32.309711933136	-0.3929443
32.3253319263458	-2.047852
32.340961933136	-3.661499
32.3565919399261	-5.202393
32.372211933136	-6.661499
32.3878419399261	-8.06543
32.403461933136	-9.466187
32.4190919399261	-10.93518
32.434711933136	-12.53503
32.4503419399261	-14.29297
32.4659719467163	-16.18121
32.4815919399261	-18.08435
32.4972219467163	-19.81519
32.5128419399261	-21.15039
32.5284719467163	-21.90747
32.5440919399261	-22.04706
32.5597219467163	-21.70166
32.5753519535065	-21.16547
32.5909719467163	-20.79932
32.6066019535065	-20.88593
32.6222219467163	-21.48785
32.6378519535065	-22.37897
32.6534719467163	-23.07233
32.6691019535065	-22.98138
32.6847319602966	-21.62097
32.7003519535065	-18.78058
32.7159819602966	-14.58014
32.7316019535065	-9.419312
32.7472319602966	-3.837891
32.7628519535065	1.640381
32.7784819602966	6.62384
32.7941119670868	10.90521
32.8097319602966	14.43372
32.8253619670868	17.25873
32.8409819602966	19.4953
32.8566119670868	21.30896
32.8722319602966	22.86041
32.8878619670868	24.31708
32.903491973877	25.82019
32.9191119670868	27.43457
32.934741973877	29.15582
32.9503619670868	30.90344
32.965991973877	32.54004
32.9816119670868	33.90125
32.997241973877	34.8576
33.0128719806671	35.37091
33.028491973877	35.51666
33.0441219806671	35.46912
33.059741973877	35.41565
33.0753719806671	35.45721
33.090991973877	35.52777
33.1066219806671	35.43433
33.1222519874573	34.92261
33.1378719806671	33.79663
33.1535019874573	31.99146
33.1691219806671	29.58405
33.1847519874573	26.7179
33.2003719806671	23.53357
33.2160019874573	20.08685
33.2316319942474	16.37396
33.2472519874573	12.34485
33.2628819942474	8.000061
33.2785019874573	3.428101
33.2941319942474	-1.188782
33.3097519874573	-5.571167
33.3253819942474	-9.395569
33.3410120010376	-12.37885
33.3566319942474	-14.3349
33.3722620010376	-15.25812
33.3878819942474	-15.31128
33.4035120010376	-14.79816
33.4191319942474	-14.11212
33.4347620010376	-13.61523
33.4503920078278	-13.53485
33.4660120010376	-13.88428
33.4816420078278	-14.42468
33.4972620010376	-14.72174
33.5128920078278	-14.29993
33.5285120010376	-12.80341
33.5441420078278	-10.11133
33.5597720146179	-6.417603
33.5753920078278	-2.164001
33.5910220146179	2.068237
33.6066420078278	5.706604
33.6222720146179	8.31958
33.6378920078278	9.678162
33.6535220146179	9.783203
33.6691520214081	8.848022
33.6847720146179	7.2229
33.7004020214081	5.320618
33.7160220146179	3.531982
33.7316520214081	2.196716
33.7472720146179	1.526489
33.7629020214081	1.629395
33.7785320281982	2.483459
33.7941520214081	3.917236
33.8097820281982	5.633301
33.8254020214081	7.262329
33.8410320281982	8.463684
33.8566520214081	9.051086
33.8722820281982	9.032654
33.8879120349884	8.60376
33.9035320281982	8.025818
33.9191620349884	7.519287
33.9347820281982	7.149231
33.9504120349884	6.84729
33.9660420417786	6.486694
33.9816620349884	6.006165
33.9972920417786	5.486267
34.0129120349884	5.112427
34.0285420417786	5.04303
34.0441620349884	5.303162
34.0597920417786	5.699829
34.0754220485687	5.87146
34.0910420417786	5.408447
34.1066720485687	4.031738
34.1222920417786	1.713562
34.1379220485687	-1.329712
34.1535420417786	-4.741577
34.1691720485687	-8.218384
34.1848020553589	-11.62903
34.2004220485687	-15.0448
34.2160520553589	-18.64978
34.2316720485687	-22.56171
34.2473020553589	-26.72809
34.2629220485687	-30.90875
34.2785520553589	-34.74274
34.294182062149	-37.88818
34.3098020553589	-40.08905
34.325432062149	-41.23657
34.3410520553589	-41.30469
34.356682062149	-40.29572
34.3723020553589	-38.24915
34.387932062149	-35.25647
34.4035620689392	-31.53632
34.419182062149	-27.41101
34.4348120689392	-23.26129
34.450432062149	-19.44208
34.4660620689392	-16.16119
34.481682062149	-13.46716
34.4973120689392	-11.25824
34.5129420757294	-9.349854
34.5285620689392	-7.549072
34.5441920757294	-5.720154
34.5598120689392	-3.791626
34.5754420757294	-1.735535
34.5910620689392	0.4266357
34.6066920757294	2.679199
34.6223220825195	4.983948
34.6379420757294	7.296448
34.6535720825195	9.56311
34.6691920757294	11.71014
34.6848220825195	13.65088
34.7004420757294	15.32153
34.7160720825195	16.6936
34.7317020893097	17.77423
34.7473220825195	18.59808
34.7629520893097	19.18958
34.7785720825195	19.53287
34.7942020893097	19.53711
34.8098220825195	19.09439
34.8254520893097	18.10388
34.8410820960999	16.53445
34.8567020893097	14.46011
34.8723320960999	12.02609
34.8879520893097	9.423981
34.9035820960999	6.805206
34.9192020893097	4.221802
34.9348320960999	1.608887
34.95046210289	-1.174591
34.9660820960999	-4.276794
34.98171210289	-7.777985
34.9973320960999	-11.61575
35.01296210289	-15.60785
35.0285820960999	-19.50928
35.04421210289	-23.1297
35.0598421096802	-26.42722
35.07546210289	-29.50702
35.0910921096802	-32.5441
35.10671210289	-35.59833
35.1223421096802	-38.51367
35.13796210289	-40.87271
35.1535921096802	-42.15237
35.1692221164703	-41.90277
35.1848421096802	-39.95752
35.2004721164703	-36.46277
35.2160921096802	-31.79553
35.2317221164703	-26.40576
35.2473421096802	-20.66068
35.2629721164703	-14.82388
35.2786021232605	-9.075134
35.2942221164703	-3.557343
35.3098521232605	1.612518
35.3254721164703	6.442657
35.3411021232605	11.14676
35.3567221164703	16.13535
35.3723521232605	21.84113
35.3879821300507	28.48987
35.4036021232605	35.92169
35.4192321300507	43.57104
35.4348521232605	50.63443
35.4504821300507	56.36884
35.4661021232605	60.30646
35.4817321300507	62.34235
35.4973621368408	62.64301
35.5129821300507	61.51669
35.5286121368408	59.28149
35.5442321300507	56.21713
35.5598621368408	52.58475
35.5754821300507	48.6358
35.5911121368408	44.60605
35.606742143631	40.61093
35.6223621368408	36.60275
35.637992143631	32.39716
35.6536121368408	27.78143
35.669242143631	22.68695
35.6848621368408	17.25262
35.700492143631	11.80984
35.7161221504211	6.739807
35.731742143631	2.305695
35.7473721504211	-1.39566
35.762992143631	-4.437805
35.7786221504211	-6.975525
35.794242143631	-9.175079
35.8098721504211	-11.21893
35.8255021572113	-13.33649
35.8411221504211	-15.80942
35.8567521572113	-18.91037
35.8723721504211	-22.78897
35.8880021572113	-27.3783
35.9036221504211	-32.42447
35.9192521572113	-37.57439
35.9348819255829	-42.55127
35.9505021572113	-47.2708
35.9661319255829	-51.84279
35.9817521572113	-56.40755
35.9973819255829	-60.95714
36.0130021572113	-65.19179
36.0286319255829	-68.53157
36.044261932373	-70.30348
36.0598819255829	-69.98099
36.075511932373	-67.47298
36.0911319255829	-63.17796
36.106761932373	-57.87209
36.1223819255829	-52.45169
36.138011932373	-47.58369
36.1536419391632	-43.53055
36.169261932373	-40.11496
36.1848919391632	-36.91803
36.200511932373	-33.52187
36.2161419391632	-29.66302
36.231761932373	-25.27402
36.2473919391632	-20.42618
36.2630219459534	-15.19423
36.2786419391632	-9.638443
36.2942719459534	-3.8181
36.3098919391632	2.20076
36.3255219459534	8.265823
36.3411519527435	14.13014
36.3567719459534	19.44905
36.3724019527435	23.8181
36.3880219459534	26.86511
36.4036519527435	28.37921
36.4192719459534	28.44586
36.4349019527435	27.47194
36.4505319595337	26.09178
36.4661519527435	24.88274
36.4817819595337	24.08653
36.4974019527435	23.48331
36.5130319595337	22.5038
36.5286519527435	20.50227
36.5442819595337	17.14325
36.5599119663239	12.58269
36.5755319595337	7.34877
36.5911619663239	2.147537
36.6067819595337	-2.406158
36.6224119663239	-5.953598
36.6380319595337	-8.306015
36.6536619663239	-9.345734
36.669291973114	-8.949356
36.6849119663239	-7.073441
36.700541973114	-3.947144
36.7161619663239	-0.1721344
36.731791973114	3.348022
36.7474119663239	5.654892
36.763041973114	6.093857
36.7786719799042	4.520157
36.794291973114	1.261475
36.8099219799042	-3.071518
36.825541973114	-7.906464
36.8411719799042	-12.86336
36.856791973114	-17.8018
36.8724219799042	-22.64716
36.8880519866943	-27.222
36.9036719799042	-31.15943
36.9193019866943	-33.98988
36.9349219799042	-35.35887
36.9505519866943	-35.20038
36.9661719799042	-33.80242
36.9818019866943	-31.67636
36.9974319934845	-29.32867
37.0130519866943	-27.08111
37.0286819934845	-25.07764
37.0443019866943	-23.3126
37.0599319934845	-21.79234
37.0755519866943	-20.64961
37.0911819934845	-20.10976
37.1068120002747	-20.3261
37.1224319934845	-21.25009
37.1380620002747	-22.56361
37.1536819934845	-23.76686
37.1693120002747	-24.39063
37.1849319934845	-24.18253
37.2005620002747	-23.19204
37.2161920070648	-21.6801
37.2318120002747	-19.90587
37.2474420070648	-17.92254
37.2630620002747	-15.50832
37.2786920070648	-12.26466
37.2943120002747	-7.856674
37.3099420070648	-2.2827
37.325572013855	4.035263
37.3411920070648	10.35587
37.356822013855	15.89989
37.3724420070648	20.161
37.388072013855	23.06689
37.4036920070648	24.90614
37.419322013855	26.12078
37.4349520206451	27.04638
37.450572013855	27.78992
37.4662020206451	28.27915
37.481822013855	28.3765
37.4974520206451	27.9856
37.513072013855	27.07749
37.5287020206451	25.64543
37.5443320274353	23.64822
37.5599520206451	21.0489
37.5755820274353	17.89319
37.5912020206451	14.36797
37.6068320274353	10.8188
37.6224520206451	7.588028
37.6380820274353	4.861877
37.6537120342255	2.555573
37.6693320274353	0.347168
37.6849620342255	-2.17453
37.7005820274353	-5.307449
37.7162120342255	-9.153885
37.7318320274353	-13.57835
37.7474620342255	-18.28169
37.7630920410156	-22.87109
37.7787120342255	-26.9071
37.7943420410156	-29.9321
37.8099620342255	-31.56204
37.8255920410156	-31.57338
37.8412120342255	-30.0162
37.8568420410156	-27.26711
37.8724720478058	-23.93724
37.8880920410156	-20.66394
37.9037220478058	-17.89603
37.9193420410156	-15.71797
37.9349720478058	-13.90401
37.9505920410156	-12.09024
37.9662220478058	-10.01225
37.9818520545959	-7.660431
37.9974720478058	-5.261353
38.0131020545959	-3.13623
38.0287220478058	-1.473709
38.0443520545959	-0.2268982
38.0599720478058	0.8752441
38.0756020545959	2.132095
38.0912320613861	3.679077
38.1068520545959	5.416061
38.1224820613861	7.044937
38.1381020545959	8.234543
38.1537320613861	8.783737
38.1693520545959	8.678055
38.1849820613861	8.037201
38.2006120681763	7.05545
38.2162320613861	5.883942
38.2318620681763	4.659927
38.2474820613861	3.539703
38.2631120681763	2.743881
38.2787320613861	2.515625
38.2943620681763	3.066254
38.3099920749664	4.446854
38.3256120681763	6.498154
38.3412420749664	8.843781
38.3568620681763	11.00357
38.3724920749664	12.52043
38.3881120681763	13.12801
38.4037420749664	12.84172
38.4193720817566	11.95728
38.4349920749664	10.95474
38.4506220817566	10.30647
38.4662420749664	10.31563
38.4818720817566	11.00732
38.4975020885468	12.17271
38.5131220817566	13.45181
38.5287520885468	14.46214
38.5443720817566	14.86345
38.5600020885468	14.43922
38.5756220817566	13.12219
38.5912520885468	11.0302
38.6068820953369	8.506622
38.6225020885468	6.084366
38.6381320953369	4.363205
38.6537520885468	3.827057
38.6693820953369	4.689896
38.6850020885468	6.85907
38.7006320953369	10.01962
38.7162621021271	13.78
38.7318820953369	17.81963
38.7475121021271	21.91795
38.7631320953369	25.87445
38.7787621021271	29.46968
38.7943820953369	32.40254
38.8100121021271	34.41068
38.8256421089172	35.43657
38.8412621021271	35.67847
38.8568921089172	35.61975
38.8725121021271	35.89008
38.8881421089172	37.07256
38.9037621021271	39.51996
38.9193921089172	43.25058
38.9350221157074	47.82219
38.9506421089172	52.31145
38.9662721157074	55.44156
38.9818921089172	55.80321
38.9975221157074	52.33443
39.0131421089172	44.77679
39.0287721157074	33.95334
39.0444021224976	21.66866
39.0600221157074	10.20086
39.0756521224976	1.551254
39.0912721157074	-3.219574
39.1069021224976	-4.268402
39.1225221157074	-2.766968
39.1381521224976	-0.2937317
39.1537821292877	1.79335
39.1694021224976	2.8349
39.1850321292877	2.859856
39.2006521224976	2.338409
39.2162821292877	1.752274
39.2319021224976	1.344826
39.2475321292877	1.056778
39.2631621360779	0.6956482
39.2787821292877	0.1623764
39.2944121360779	-0.4489136
39.3100321292877	-0.890358
39.3256621360779	-0.9543114
39.3412821292877	-0.6976929
39.3569121360779	-0.5044899
39.372542142868	-0.9816742
39.3881621360779	-2.732048
39.403792142868	-6.041355
39.4194121360779	-10.80713
39.435042142868	-16.54904
39.4506621360779	-22.62939
39.466292142868	-28.53705
39.4819221496582	-34.02155
39.497542142868	-39.0613
39.5131721496582	-43.6726
39.528792142868	-47.7191
39.5444221496582	-50.82637
39.560042142868	-52.51769
39.5756721496582	-52.43063
39.5913021564484	-50.51741
39.6069221496582	-47.06159
39.6225521564484	-42.51584
39.6381721496582	-37.31132
39.6538021564484	-31.70446
39.6694221496582	-25.80758
39.6850521564484	-19.72196
39.7006819248199	-13.66454
39.7163021564484	-8.008223
39.7319319248199	-3.173225
39.7475521564484	0.5025539
39.7631819248199	2.887894
39.7788021564484	4.102306
39.7944319248199	4.454865
39.8100619316101	4.390572
39.8256819248199	4.42445
39.8413119316101	5.093811
39.8569319248199	6.841373
39.8725619316101	9.968506
39.8881819248199	14.47838
39.9038119316101	20.10086
39.9194419384003	26.25013
39.9350619316101	32.18968
39.9506919384003	37.1899
39.9663119316101	40.72587
39.9819419384003	42.63587
39.9975619316101	43.16796
40.0131919384003	42.90709
40.0288219451904	42.56168
40.0444419384003	42.72983
40.0600719451904	43.6694
40.0756919384003	45.16985
40.0913219451904	46.52487
40.1069419384003	46.70152
40.1225719451904	44.63791
40.1382019519806	39.56297
40.1538219451904	31.29281
40.1694519519806	20.32027
40.1850719451904	7.683922
40.2007019519806	-5.360214
40.2163219451904	-17.72874
40.2319519519806	-28.77412
40.2475819587708	-38.34338
40.2632019519806	-46.62062
40.2788319587708	-53.82385
40.2944519519806	-59.98418
40.3100819587708	-64.86037
40.3257019519806	-68.04095
40.3413319587708	-69.13387
40.3569619655609	-67.97289
40.3725819587708	-64.71115
40.3882119655609	-59.73015
40.4038319587708	-53.54997
40.4194619655609	-46.64029
40.4350819587708	-39.38161
40.4507119655609	-32.04646
40.4663419723511	-24.93866
40.4819619655609	-18.40837
40.4975919723511	-12.82373
40.5132119655609	-8.491577
40.5288419723511	-5.456985
40.5444619655609	-3.487686
40.5600919723511	-2.109436
40.5757219791412	-0.8031921
40.5913419723511	0.7840118
40.6069719791412	2.75946
40.6225919723511	4.993683
40.6382219791412	7.29541
40.6538419723511	9.52356
40.6694719791412	11.65736
40.6851019859314	13.75572
40.7007219791412	15.87509
40.7163519859314	17.98689
40.7319719791412	20.00218
40.7476019859314	21.82622
40.7632219791412	23.41936
40.7788519859314	24.85507
40.7944819927216	26.2744
40.8101019859314	27.8158
40.8257319927216	29.48474
40.8413519859314	31.07117
40.8569819927216	32.15582
40.8726019859314	32.19186
40.8882319927216	30.6369
40.9038619995117	27.15984
40.9194819927216	21.73566
40.9351119995117	14.65857
40.9507319927216	6.414841
40.9663619995117	-2.492767
40.9819819927216	-11.71854
40.9976119995117	-21.12526
41.0132420063019	-30.6834
41.0288619995117	-40.33839
41.0444920063019	-49.8166
41.0601119995117	-58.58562
41.0757420063019	-65.93358
41.0913619995117	-71.15981
41.1069920063019	-73.74791
41.122622013092	-73.56857
41.1382420063019	-70.90326
41.153872013092	-66.35143
41.1694920063019	-60.66119
41.185122013092	-54.5428
41.2007520198822	-48.5323
41.216372013092	-42.95757
41.2320020198822	-37.99411
41.247622013092	-33.74786
41.2632520198822	-30.2903
41.278872013092	-27.63628
41.2945020198822	-25.68559
41.3101320266724	-24.20514
41.3257520198822	-22.87163
41.3413820266724	-21.43703
41.3570020198822	-19.81747
41.3726320266724	-18.16151
41.3882520198822	-16.76952
41.4038820266724	-15.9294
41.4195120334625	-15.73097
41.4351320266724	-15.99463
41.4507620334625	-16.33704
41.4663820266724	-16.3241
41.4820120334625	-15.65982
41.4976320266724	-14.29134
41.5132620334625	-12.4205
41.5288920402527	-10.36169
41.5445120334625	-8.404373
41.5601420402527	-6.691925
41.5757620334625	-5.166458
41.5913920402527	-3.668396
41.6070120334625	-2.020096
41.6226420402527	-0.1478882
41.6382720470428	1.880524
41.6538920402527	3.886627
41.6695220470428	5.660904
41.6851420402527	7.008453
41.7007720470428	7.826675
41.7163920402527	8.084152
41.7320220470428	7.90123
41.747652053833	7.495438
41.7632720470428	7.214172
41.778902053833	7.412048
41.7945220470428	8.320328
41.810152053833	9.884644
41.8257720470428	11.69687
41.841402053833	13.07021
41.8570320606232	13.24345
41.872652053833	11.68079
41.8882820606232	8.29435
41.903902053833	3.515968
41.9195320606232	-1.82325
41.935152053833	-6.726952
41.9507820606232	-10.35589
41.9664120674133	-12.20081
41.9820320606232	-12.17613
41.9976620674133	-10.52811
42.0132820606232	-7.662384
42.0289120674133	-3.9608
42.0445320606232	0.2768784
42.0601620674133	4.860451
42.0757920742035	9.611427
42.0914120674133	14.29846
42.1070420742035	18.66135
42.1226620674133	22.46764
42.1382920742035	25.60794
42.1539120674133	28.1614
42.1695420742035	30.3374
42.1851720809937	32.38024
42.2007920742035	34.43784
42.2164220809937	36.4995
42.2320420742035	38.42986
42.2476720809937	40.04251
42.2632920742035	41.18768
42.2789220809937	41.81559
42.2945520877838	41.9972
42.3101720809937	41.86035
42.3258020877838	41.57661
42.3414220809937	41.24908
42.3570520877838	40.9124
42.3726720809937	40.4679
42.3883020877838	39.72301
42.403932094574	38.43932
42.4195520877838	36.40964
42.435182094574	33.51774
42.4508020877838	29.75412
42.466432094574	25.22605
42.4820520877838	20.10446
42.497682094574	14.60509
42.5133121013641	8.985409
42.528932094574	3.552513
42.5445621013641	-1.374405
42.560182094574	-5.527275
42.5758121013641	-8.753098
42.591432094574	-11.13848
42.6070621013641	-12.91378
42.6226921081543	-14.4338
42.6383121013641	-16.06356
42.6539421081543	-18.10966
42.6695621013641	-20.78728
42.6851921081543	-24.21645
42.7008121013641	-28.41425
42.7164421081543	-33.2091
42.7320721149445	-38.25257
42.7476921081543	-42.98803
42.7633221149445	-46.77497
42.7789421081543	-49.06554
42.7945721149445	-49.54333
42.8101921081543	-48.23319
42.8258221149445	-45.49236
42.8414521217346	-41.8701
42.8570721149445	-37.94968
42.8727021217346	-34.16156
42.8883221149445	-30.68371
42.9039521217346	-27.42595
42.9195721149445	-24.12967
42.9352021217346	-20.52306
42.9508321285248	-16.48614
42.9664521217346	-12.10931
42.9820821285248	-7.648178
42.9977021217346	-3.364967
43.0133321285248	0.5978966
43.0289521217346	4.282494
43.0445821285248	7.857117
43.0602121353149	11.46243
43.0758321285248	15.11816
43.0914621353149	18.65874
43.1070821285248	21.8359
43.1227121353149	24.38697
43.1383321285248	26.16413
43.1539621353149	27.13771
43.1695921421051	27.38654
43.1852121353149	27.02453
43.2008421421051	26.13271
43.2164621353149	24.75212
43.2320921421051	22.89115
43.2477121353149	20.56781
43.2633421421051	17.89155
43.2789721488953	15.03402
43.2945921421051	12.26833
43.3102221488953	9.847561
43.3258421421051	7.881718
43.3414721488953	6.308802
43.3571021556854	4.874432
43.3727221488953	3.24592
43.3883521556854	1.168678
43.4039721488953	-1.463938
43.4196021556854	-4.564978
43.4352221488953	-7.944842
43.4508521556854	-11.37583
43.466481924057	-14.69376
43.4821021556854	-17.82875
43.497731924057	-20.8082
43.5133521556854	-23.75269
43.528981924057	-26.83251
43.5446021556854	-30.23141
43.560231924057	-34.05444
43.5758619308472	-38.27249
43.591481924057	-42.63985
43.6071119308472	-46.70698
43.622731924057	-49.89819
43.6383619308472	-51.62511
43.653981924057	-51.44514
43.6696119308472	-49.17807
43.6852419376373	-45.00453
43.7008619308472	-39.39
43.7164919376373	-33.04469
43.7321119308472	-26.63824
43.7477419376373	-20.67634
43.7633619308472	-15.34126
43.7789919376373	-10.55154
43.7946219444275	-6.073936
43.8102419376373	-1.693611
43.8258719444275	2.662502
43.8414919376373	6.91732
43.8571219444275	10.91432
43.8727419376373	14.52291
43.8883719444275	17.70156
43.9040019512177	20.4685
43.9196219444275	22.8973
43.9352519512177	25.0304
43.9508719444275	26.9037
43.9665019512177	28.53664
43.9821219444275	29.96844
43.9977519512177	31.25416
44.0133819580078	32.46638
44.0290019512177	33.6338
44.0446319580078	34.76456
44.0602519512177	35.83801
44.0758819580078	36.80917
44.0915019512177	37.62475
44.1071319580078	38.21973
44.122761964798	38.53559
44.1383819580078	38.51923
44.154011964798	38.14616
44.1696319580078	37.38196
44.185261964798	36.13863
44.2008819580078	34.24704
44.216511964798	31.46407
44.2321419715881	27.54308
44.247761964798	22.32722
44.2633919715881	15.85381
44.279011964798	8.390152
44.2946419715881	0.4201508
44.310261964798	-7.476616
44.3258919715881	-14.71034
44.3415219783783	-20.7952
44.3571419715881	-25.39256
44.3727719783783	-28.368
44.3883919715881	-29.76865
44.4040219783783	-29.84093
44.4196419715881	-28.97874
44.4352719783783	-27.6599
44.4509019851685	-26.32591
44.4665219783783	-25.29498
44.4821519851685	-24.66435
44.4977719783783	-24.30194
44.5134019851685	-23.86086
44.5290219783783	-22.89491
44.5446519851685	-20.96446
44.5602819919586	-17.80251
44.5759019851685	-13.3864
44.5915319919586	-7.964584
44.6071519851685	-1.963028
44.6227819919586	4.122482
44.6384019851685	9.907944
44.6540319919586	15.18843
44.6696619987488	19.97969
44.6852819919586	24.43445
44.7009119987488	28.70164
44.7165319919586	32.75066
44.7321619987488	36.36205
44.7477819919586	39.14011
44.7634119987488	40.741
44.7790420055389	41.02478
44.7946619987488	40.19402
44.8102920055389	38.69691
44.8259119987488	37.04791
44.8415420055389	35.599
44.8571619987488	34.41145
44.8727920055389	33.28241
44.8884220123291	31.8893
44.9040420055389	30.01114
44.9196720123291	27.6364
44.9352920055389	24.96611
44.9509220123291	22.30899
44.9665420055389	19.93575
44.9821720123291	18.01662
44.9978020191193	16.56918
45.0134220123291	15.50815
45.0290520191193	14.668
45.0446720123291	13.87732
45.0603020191193	12.98331
45.0759220123291	11.93349
45.0915520191193	10.75627
45.1071820259094	9.588593
45.1228020191193	8.567123
45.1384320259094	7.78067
45.1540520191193	7.219849
45.1696820259094	6.792343
45.1853020191193	6.37941
45.2009320259094	5.966003
45.2165620326996	5.676071
45.2321820259094	5.762695
45.2478120326996	6.486877
45.2634320259094	7.954041
45.2790620326996	10.02174
45.2946820259094	12.31334
45.3103120326996	14.35895
45.3259420394897	15.75226
45.3415620326996	16.27887
45.3571920394897	15.95485
45.3728120326996	14.99867
45.3884420394897	13.78551
45.4040620326996	12.80593
45.4196920394897	12.63052
45.4353220462799	13.76413
45.4509420394897	16.48049
45.4665720462799	20.59563
45.4821920394897	25.38194
45.4978220462799	29.63534
45.5134420394897	31.99875
45.5290720462799	31.38507
45.5447020530701	27.32427
45.5603220462799	20.13602
45.5759520530701	10.79224
45.5915720462799	0.6148071
45.6072020530701	-9.074883
45.6228320598602	-17.23209
45.6384520530701	-23.22532
45.6540820598602	-26.83906
45.6697020530701	-28.24818
45.6853320598602	-27.95002
45.7009520530701	-26.60503
45.7165820598602	-24.90667
45.7322120666504	-23.38869
45.7478320598602	-22.29903
45.7634620666504	-21.58928
45.7790820598602	-20.97546
45.7947120666504	-20.14312
45.8103320598602	-18.86782
45.8259620666504	-17.10573
45.8415920734406	-14.94356
45.8572120666504	-12.50824
45.8728420734406	-9.90427
45.8884620666504	-7.184139
45.9040920734406	-4.414852
45.9197120666504	-1.707954
45.9353420734406	0.758934
45.9509720802307	2.816971
45.9665920734406	4.345318
45.9822220802307	5.300129
45.9978420734406	5.690323
46.0134720802307	5.537588
46.0290920734406	4.825891
46.0447220802307	3.515202
46.0603520870209	1.560116
46.0759720802307	-1.027439
46.0916020870209	-4.138519
46.1072220802307	-7.585249
46.1228520870209	-11.13888
46.1384720802307	-14.63761
46.1541020870209	-17.98808
46.169732093811	-21.18242
46.1853520870209	-24.26078
46.200982093811	-27.2213
46.2166020870209	-30.05032
46.232232093811	-32.71926
46.2478520870209	-35.25671
46.263482093811	-37.755
46.2791121006012	-40.32993
46.294732093811	-43.00767
46.3103621006012	-45.60717
46.325982093811	-47.70544
46.3416121006012	-48.71004
46.357232093811	-48.10367
46.3728621006012	-45.66188
46.3884921073914	-41.59091
46.4041121006012	-36.47282
46.4197421073914	-31.05649
46.4353621006012	-26.01458
46.4509921073914	-21.73016
46.4666121006012	-18.27533
46.4822421073914	-15.47153
46.4978721141815	-13.07296
46.5134921073914	-10.84881
46.5291221141815	-8.639627
46.5447421073914	-6.304657
46.5603721141815	-3.723526
46.5759921073914	-0.7772923
46.5916221141815	2.564467
46.6072521209717	6.235271
46.6228721141815	10.07085
46.6385021209717	13.8695
46.6541221141815	17.45386
46.6697521209717	20.71446
46.6853721141815	23.58826
46.7010021209717	26.02556
46.7166321277618	27.97259
46.7322521209717	29.35631
46.7478821277618	30.10046
46.7635021209717	30.15257
46.7791321277618	29.48311
46.7947521209717	28.12583
46.8103821277618	26.17544
46.826012134552	23.77861
46.8416321277618	21.12829
46.857262134552	18.40094
46.8728821277618	15.69194
46.888512134552	13.0021
46.9041321277618	10.2499
46.919762134552	7.334288
46.9353921413422	4.257877
46.951012134552	1.117245
46.9666421413422	-1.919186
46.982262134552	-4.711048
46.9978921413422	-7.21521
47.013512134552	-9.529472
47.0291421413422	-11.82756
47.0447721481323	-14.3094
47.0603921413422	-17.15508
47.0760221481323	-20.4738
47.0916421413422	-24.31311
47.1072721481323	-28.57998
47.1228921413422	-32.98687
47.1385221481323	-37.02869
47.1541521549225	-40.07608
47.1697721481323	-41.54736
47.1854021549225	-41.11894
47.2010221481323	-38.87711
47.2166521549225	-35.2886
47.2322721481323	-31.00664
47.2479021549225	-26.64668
47.2635319232941	-22.60548
47.2791521549225	-19.0341
47.2947819232941	-15.90841
47.3104021549225	-13.13509
47.3260319232941	-10.61978
47.3416521549225	-8.243645
47.3572819232941	-5.844379
47.3729119300842	-3.18919
47.3885319232941	-0.05137634
47.4041619300842	3.695404
47.4197819232941	7.99794
47.4354119300842	12.61985
47.4510319232941	17.2328
47.4666619300842	21.54494
47.4822919368744	25.37788
47.4979119300842	28.70476
47.5135419368744	31.55238
47.5291619300842	33.88768
47.5447919368744	35.59805
47.5604119300842	36.50704
47.5760419368744	36.4959
47.5916719436646	35.59616
47.6072919368744	34.03188
47.6229219436646	32.11254
47.6385419368744	30.0966
47.6541719436646	28.09041
47.6697919368744	26.01818
47.6854219436646	23.76614
47.7010519504547	21.29226
47.7166719436646	18.67318
47.7323019504547	16.05407
47.7479219436646	13.47937
47.7635519504547	10.81229
47.7791719436646	7.804482
47.7948019504547	4.228928
47.8104319572449	0.09187317
47.8260519504547	-4.338272
47.8416819572449	-8.652504
47.8573019504547	-12.48539
47.8729319572449	-15.72879
47.8885519504547	-18.54691
47.9041819572449	-21.28812
47.919811964035	-24.28004
47.9354319572449	-27.68217
47.951061964035	-31.39853
47.9666819572449	-35.08735
47.982311964035	-38.25773
47.9979319572449	-40.37312
48.013561964035	-40.99336
48.0291919708252	-39.90654
48.044811964035	-37.20873
48.0604419708252	-33.28561
48.076061964035	-28.69093
48.0916919708252	-23.99017
48.107311964035	-19.58286
48.1229419708252	-15.6423
48.1385719776154	-12.16895
48.1541919708252	-9.079414
48.1698219776154	-6.333939
48.1854419708252	-3.933365
48.2010719776154	-1.870293
48.2167019844055	-0.08640289
48.2323219776154	1.575256
48.2479519844055	3.316574
48.2635719776154	5.315079
48.2792019844055	7.658081
48.2948219776154	10.32021
48.3104519844055	13.19626
48.3260819911957	16.14888
48.3417019844055	19.04408
48.3573319911957	21.77098
48.3729519844055	24.24712
48.3885819911957	26.39874
48.4042019844055	28.17735
48.4198319911957	29.54701
48.4354619979858	30.51256
48.4510819911957	31.10466
48.4667119979858	31.38615
48.4823319911957	31.44543
48.4979619979858	31.37862
48.5135819911957	31.28149
48.5292119979858	31.20505
48.544842004776	31.13408
48.5604619979858	30.9749
48.576092004776	30.56721
48.5917119979858	29.75499
48.607342004776	28.46214
48.6229619979858	26.72322
48.638592004776	24.66141
48.6542220115662	22.45876
48.669842004776	20.23347
48.6854720115662	18.03954
48.701092004776	15.80797
48.7167220115662	13.40067
48.732342004776	10.59999
48.7479720115662	7.175278
48.7636020183563	2.959839
48.7792220115662	-2.070435
48.7948520183563	-7.670258
48.8104720115662	-13.31787
48.8261020183563	-18.26157
48.8417220115662	-21.77274
48.8573520183563	-23.34314
48.8729820251465	-22.88098
48.8886020183563	-20.71501
48.9042320251465	-17.44093
48.9198520183563	-13.70074
48.9354820251465	-9.969879
48.9511020183563	-6.49794
48.9667320251465	-3.362762
48.9823620319366	-0.5704498
48.9979820251465	1.857483
49.0136120319366	3.884155
49.0292320251465	5.502625
49.0448620319366	6.785034
49.0604820251465	7.903122
49.0761120319366	9.088394
49.0917420387268	10.56087
49.1073620319366	12.47816
49.1229920387268	14.88094
49.1386120319366	17.67926
49.1542420387268	20.69342
49.1698620319366	23.7023
49.1854920387268	26.52142
49.201122045517	29.03261
49.2167420387268	31.18959
49.232372045517	32.97356
49.2479920387268	34.31018
49.263622045517	35.07233
49.2792420387268	35.10381
49.294872045517	34.30188
49.3105020523071	32.7258
49.326122045517	30.64222
49.3417520523071	28.47306
49.357372045517	26.65338
49.3730020523071	25.46075
49.388622045517	24.88597
49.4042520523071	24.59434
49.4198820590973	24.02905
49.4355020523071	22.61228
49.4511320590973	19.95446
49.4667520523071	15.9837
49.4823820590973	10.98322
49.4980020523071	5.441376
49.5136320590973	-0.1350784
49.5292620658875	-5.421417
49.5448820590973	-10.37906
49.5605120658875	-15.17662
49.5761320590973	-20.08786
49.5917620658875	-25.32146
49.6073820590973	-30.93703
49.6230120658875	-36.80085
49.6386420726776	-42.59842
49.6542620658875	-47.8814
49.6698920726776	-52.1279
49.6855120658875	-54.85595
49.7011420726776	-55.76527
49.7167620658875	-54.84732
49.7323920726776	-52.41005
49.7480220794678	-49.02102
49.7636420726776	-45.28537
49.7792720794678	-41.6572
49.7948920726776	-38.31668
49.8105220794678	-35.16934
49.8261420726776	-31.98411
49.8417720794678	-28.56799
49.8574020862579	-24.8684
49.8730220794678	-20.97835
49.8886520862579	-17.009
49.9042720794678	-13.01479
49.9199020862579	-8.953278
49.9355220794678	-4.75219
49.9511520862579	-0.4046555
49.9667820930481	3.921715
49.9824020862579	7.931427
49.9980320930481	11.29971
50.0136520862579	13.82507
50.0292820930481	15.49899
50.0449020862579	16.47953
50.0605320930481	16.97218
50.0761620998383	17.09372
50.0917820930481	16.85895
50.1074120998383	16.23101
50.1230320930481	15.23504
50.1386620998383	14.0232
50.1542820930481	12.82494
50.1699120998383	11.85616
50.1855421066284	11.21223
50.2011620998383	10.83284
50.2167921066284	10.55359
50.2324120998383	10.21746
50.2480421066284	9.698158
50.2636620998383	8.900078
50.2792921066284	7.775478
50.2949221134186	6.269444
50.3105421066284	4.363853
50.3261721134186	2.117626
50.3417921066284	-0.3034363
50.3574221134186	-2.652901
50.3730421066284	-4.704472
50.3886721134186	-6.351009
50.4043021202087	-7.681389
50.4199221134186	-8.957279
50.4355521202087	-10.51787
50.4511721134186	-12.63428
50.4668021202087	-15.41841
50.4824321269989	-18.76891
50.4980521202087	-22.39571
50.5136821269989	-25.84604
50.5293021202087	-28.61575
50.5449321269989	-30.19273
50.5605521202087	-30.20445
50.5761821269989	-28.50867
50.5918121337891	-25.26311
50.6074321269989	-20.90242
50.6230621337891	-16.04478
50.6386821269989	-11.29917
50.6543121337891	-7.113583
50.6699321269989	-3.662319
50.6855621337891	-0.8963089
50.7011921405792	1.364719
50.7168121337891	3.294991
50.7324421405792	5.006756
50.7480621337891	6.565559
50.7636921405792	8.027679
50.7793121337891	9.491756
50.7949421405792	11.0785
50.8105721473694	12.86689
50.8261921405792	14.82895
50.8418221473694	16.77736
50.8574421405792	18.42104
50.8730721473694	19.48766
50.8886921405792	19.84265
50.9043221473694	19.57735
50.9199521541595	18.95976
50.9355721473694	18.33492
50.9512021541595	17.94223
50.9668221473694	17.81137
50.9824521541595	17.75831
50.9980721473694	17.49806
51.0137021541595	16.77057
51.0293319225311	15.4935
51.0449521541595	13.80955
51.0605819225311	12.02674
51.0762021541595	10.47565
51.0918319225311	9.375317
51.1074521541595	8.740967
51.1230819225311	8.391663
51.1387119293213	8.050571
51.1543319225311	7.464691
51.1699619293213	6.520187
51.1855819225311	5.268024
51.2012119293213	3.861118
51.2168319225311	2.461498
51.2324619293213	1.151283
51.2480919361115	-0.09621048
51.2637119293213	-1.373722
51.2793419361115	-2.774345
51.2949619293213	-4.36182
51.3105919361115	-6.181225
51.3262119293213	-8.288357
51.3418419361115	-10.75285
51.3574719429016	-13.58603
51.3730919361115	-16.62134
51.3887219429016	-19.44079
51.4043419361115	-21.42688
51.4199719429016	-21.93823
51.4355919361115	-20.53705
51.4512219429016	-17.21407
51.4668519496918	-12.36749
51.4824719429016	-6.701174
51.4981019496918	-0.9355106
51.5137219429016	4.374996
51.5293519496918	8.958282
51.5449719429016	12.75967
51.5606019496918	15.82738
51.5762319564819	18.20985
51.5918519496918	19.94299
51.6074819564819	21.09116
51.6231019496918	21.79273
51.6387319564819	22.26794
51.6543519496918	22.75332
51.6699819564819	23.43584
51.6856119632721	24.41496
51.7012319564819	25.66514
51.7168619632721	27.04018
51.7324819564819	28.31936
51.7481119632721	29.25727
51.7637319564819	29.65554
51.7793619632721	29.46676
51.7949919700623	28.80263
51.8106119632721	27.91133
51.8262419700623	27.07014
51.8418619632721	26.45026
51.8574919700623	26.03826
51.8731119632721	25.68042
51.8887419700623	25.21413
51.9043719768524	24.59387
51.9199919700623	23.9529
51.9356219768524	23.51431
51.9512419700623	23.40919
51.9668719768524	23.53753
51.9824919700623	23.56243
51.9981219768524	23.05383
52.0137519836426	21.6521
52.0293719768524	19.25954
52.0450019836426	15.99067
52.0606219768524	12.11096
52.0762519836426	7.849548
52.0918719768524	3.338146
52.1075019836426	-1.404041
52.1231319904327	-6.356018
52.1387519836426	-11.45143
52.1543819904327	-16.59538
52.1700019836426	-21.72009
52.1856319904327	-26.83875
52.2012519836426	-32.02903
52.2168819904327	-37.34934
52.2325119972229	-42.71572
52.2481319904327	-47.85175
52.2637619972229	-52.31065
52.2793819904327	-55.61594
52.2950119972229	-57.41366
52.3106319904327	-57.58707
52.3262619972229	-56.34589
52.3418920040131	-54.14339
52.3575119972229	-51.57799
52.3731420040131	-49.19279
52.3887619972229	-47.35686
52.4043920040131	-46.17982
52.4200119972229	-45.57775
52.4356420040131	-45.34315
52.4512720108032	-45.25061
52.4668920040131	-45.10233
52.4825220108032	-44.73613
52.4981420040131	-43.98132
52.5137720108032	-42.71442
52.5293920040131	-40.85547
52.5450220108032	-38.4627
52.5606520175934	-35.73466
52.5762720108032	-32.95133
52.5919020175934	-30.36559
52.6075220108032	-28.10405
52.6231520175934	-26.07912
52.6387720108032	-24.0061
52.6544020175934	-21.47579
52.6700320243835	-18.1152
52.6856520175934	-13.68178
52.7012820243835	-8.169693
52.7169020175934	-1.787552
52.7325320243835	5.112221
52.7481520175934	12.15788
52.7637820243835	19.03497
52.7794120311737	25.5249
52.7950320243835	31.44731
52.8106620311737	36.63827
52.8262820243835	40.91584
52.8419120311737	44.13204
52.8575320243835	46.21283
52.8731620311737	47.20648
52.8887920379639	47.20035
52.9044120311737	46.26518
52.9200420379639	44.35076
52.9356620311737	41.28416
52.9512920379639	36.81622
52.966922044754	30.76048
52.9825420379639	23.10072
52.998172044754	14.07233
53.0137920379639	4.161766
53.029422044754	-5.925591
53.0450420379639	-15.39933
53.060672044754	-23.48245
53.0763020515442	-29.59823
53.091922044754	-33.47471
53.1075520515442	-35.20222
53.123172044754	-35.17255
53.1388020515442	-33.97404
53.154422044754	-32.20169
53.1700520515442	-30.33771
53.1856820583344	-28.69514
53.2013020515442	-27.43198
53.2169320583344	-26.60809
53.2325520515442	-26.20245
53.2481820583344	-26.12505
53.2638020515442	-26.16541
53.2794320583344	-26.00866
53.2950620651245	-25.25559
53.3106820583344	-23.54642
53.3263120651245	-20.67982
53.3419320583344	-16.70447
53.3575620651245	-11.9403
53.3731820583344	-6.870651
53.3888120651245	-2.004101
53.4044420719147	2.322689
53.4200620651245	6.032318
53.4356920719147	9.307487
53.4513120651245	12.48883
53.4669420719147	15.872
53.4825620651245	19.5835
53.4981920719147	23.4916
53.5138220787048	27.31577
53.5294420719147	30.74986
53.5450720787048	33.61048
53.5606920719147	35.90182
53.5763220787048	37.76361
53.5919420719147	39.35653
53.6075720787048	40.73783
53.623202085495	41.85377
53.6388220787048	42.56673
53.654452085495	42.74218
53.6700720787048	42.29182
53.685702085495	41.18235
53.7013220787048	39.37188
53.716952085495	36.77065
53.7325820922852	33.27251
53.748202085495	28.8311
53.7638320922852	23.60571
53.779452085495	18.01477
53.7950820922852	12.70703
53.810702085495	8.347786
53.8263320922852	5.352421
53.8419620990753	3.705078
53.8575820922852	2.948936
53.8732120990753	2.401642
53.8888320922852	1.453831
53.9044620990753	-0.1712036
53.9200820922852	-2.380241
53.9357120990753	-4.839085
53.9513421058655	-7.235218
53.9669620990753	-9.455601
53.9825921058655	-11.60746
53.9982120990753	-13.85939
54.0138421058655	-16.26519
54.0294620990753	-18.65765
54.0450921058655	-20.73629
54.0607221126556	-22.22115
54.0763421058655	-23.03556
54.0919721126556	-23.35572
54.1075921058655	-23.54185
54.1232221126556	-23.95252
54.1388421058655	-24.77905
54.1544721126556	-25.9519
54.1701021194458	-27.18723
54.1857221126556	-28.1041
54.2013521194458	-28.3699
54.2169721126556	-27.7981
54.2326021194458	-26.37534
54.2482221126556	-24.22133
54.2638521194458	-21.54097
54.279482126236	-18.54
54.2951021194458	-15.36721
54.310732126236	-12.08698
54.3263521194458	-8.707184
54.341982126236	-5.232964
54.3576021194458	-1.749889
54.373232126236	1.55003
54.3888621330261	4.357944
54.404482126236	6.331608
54.4201121330261	7.205166
54.435732126236	6.856071
54.4513621330261	5.396492
54.466982126236	3.156471
54.4826121330261	0.6182747
54.4982421398163	-1.690414
54.5138621330261	-3.303551
54.5294921398163	-3.922176
54.5451121330261	-3.512772
54.5607421398163	-2.312397
54.5763621330261	-0.7607498
54.5919921398163	0.6367073
54.6076221466064	1.464031
54.6232421398163	1.537243
54.6388721466064	0.8893242
54.6544921398163	-0.2678185
54.6701221466064	-1.714657
54.6857421398163	-3.290672
54.7013721466064	-4.930679
54.7170021533966	-6.625412
54.7326221466064	-8.341253
54.7482521533966	-9.971394
54.7638721466064	-11.31749
54.7795021533966	-12.17606
54.7951221466064	-12.4324
54.8107521533966	-12.12922
54.8263819217682	-11.48461
54.8420021533966	-10.79535
54.8576319217682	-10.2916
54.8732521533966	-10.02201
54.8888819217682	-9.819962
54.9045021533966	-9.386158
54.9201319217682	-8.466705
54.9357619285583	-6.996141
54.9513819217682	-5.167966
54.9670119285583	-3.332034
54.9826319217682	-1.853431
54.9982619285583	-0.9349232
55.0138819217682	-0.5207038
55.0295119285583	-0.3511059
55.0451419353485	-0.08270478
55.0607619285583	0.5070664
55.0763919353485	1.442575
55.0920119285583	2.49619
55.1076419353485	3.300122
55.1232619285583	3.474244
55.1388919353485	2.770145
55.1545219421387	1.180597
55.1701419353485	-1.029906
55.1857719421387	-3.367692
55.2013919353485	-5.18378
55.2170219421387	-5.846741
55.2326419353485	-4.901346
55.2482719421387	-2.187244
55.2639019489288	2.087755
55.2795219421387	7.403572
55.2951519489288	13.10328
55.3107719421387	18.5523
55.3264019489288	23.32797
55.342031955719	27.26855
55.3576519489288	30.43756
55.373281955719	32.99851
55.3889019489288	35.11427
55.404531955719	36.88717
55.4201519489288	38.32936
55.435781955719	39.4383
55.4514119625092	40.19611
55.467031955719	40.62508
55.4826619625092	40.78844
55.498281955719	40.74661
55.5139119625092	40.5184
55.529531955719	40.04919
55.5451619625092	39.16231
55.5607919692993	37.61503
55.5764119625092	35.18466
55.5920419692993	31.73531
55.6076619625092	27.30224
55.6232919692993	22.08788
55.6389119625092	16.39865
55.6545419692993	10.56917
55.6701719760895	4.89715
55.6857919692993	-0.3985844
55.7014219760895	-5.173527
55.7170419692993	-9.384199
55.7326719760895	-13.09285
55.7482919692993	-16.48954
55.7639219760895	-19.82693
55.7795519828796	-23.34562
55.7951719760895	-27.15613
55.8108019828796	-31.1636
55.8264219760895	-35.10442
55.8420519828796	-38.63361
55.8576719760895	-41.49163
55.8733019828796	-43.61886
55.8889319896698	-45.18362
55.9045519828796	-46.48116
55.9201819896698	-47.8019
55.9358019828796	-49.28741
55.9514319896698	-50.8764
55.9670519828796	-52.29255
55.9826819896698	-53.12802
55.99831199646	-52.93525
56.0139319896698	-51.33412
56.02956199646	-48.07848
56.0451819896698	-43.14786
56.06081199646	-36.75698
56.0764319896698	-29.31876
56.09206199646	-21.3777
56.1076920032501	-13.44967
56.12331199646	-5.89756
56.1389420032501	1.128956
56.15456199646	7.661526
56.1701920032501	13.80387
56.18581199646	19.62626
56.2014420032501	25.07969
56.2170720100403	30.06178
56.2326920032501	34.50055
56.2483220100403	38.43967
56.2639420032501	42.04093
56.2795720100403	45.49058
56.2951920032501	48.82444
56.3108220100403	51.85754
56.3264520168304	54.21844
56.3420720100403	55.54448
56.3577020168304	55.64643
56.3733220100403	54.60953
56.3889520168304	52.74139
56.4045720100403	50.37615
56.4202020168304	47.77173
56.4358320236206	45.02858
56.4514520168304	42.1786
56.4670820236206	39.286
56.4827020168304	36.45204
56.4983320236206	33.77583
56.5139520168304	31.23492
56.5295820236206	28.6575
56.5452120304108	25.75883
56.5608320236206	22.26541
56.5764620304108	18.05051
56.5920820236206	13.19378
56.6077120304108	7.911743
56.6233320236206	2.478745
56.6389620304108	-2.866161
56.6545920372009	-7.931389
56.6702120304108	-12.56305
56.6858420372009	-16.63986
56.7014620304108	-20.10724
56.7170920372009	-22.9948
56.7327120304108	-25.46604
56.7483420372009	-27.78107
56.7639720439911	-30.21283
56.7795920372009	-32.91831
56.7952220439911	-35.83187
56.8108420372009	-38.60939
56.8264720439911	-40.67867
56.8420920372009	-41.39055
56.8577220439911	-40.21353
56.8733520507812	-36.93946
56.8889720439911	-31.73751
56.9046020507812	-25.13443
56.9202220439911	-17.84697
56.9358520507812	-10.63036
56.9514720439911	-4.102308
56.9671020507812	1.344574
56.9827320575714	5.534359
56.9983520507812	8.474461
57.0139820575714	10.28943
57.0296020507812	11.17761
57.0452320575714	11.36842
57.0608520507812	11.13258
57.0764820575714	10.73103
57.0921120643616	10.39425
57.1077320575714	10.2486
57.1233620643616	10.28674
57.1389820575714	10.32848
57.1546120643616	10.08453
57.1702320575714	9.25651
57.1858620643616	7.65304
57.2014920711517	5.247128
57.2171120643616	2.160275
57.2327420711517	-1.431019
57.2483620643616	-5.398901
57.2639920711517	-9.722809
57.2796120643616	-14.45403
57.2952420711517	-19.62726
57.3108720779419	-25.16787
57.3264920711517	-30.87749
57.3421220779419	-36.51144
57.3577420711517	-41.881
57.3733720779419	-46.91388
57.3889920711517	-51.68739
57.4046220779419	-56.35557
57.4202520847321	-61.03349
57.4358720779419	-65.71736
57.4515020847321	-70.28171
57.4671220779419	-74.48424
57.4827520847321	-78.02112
57.4983820915222	-80.58757
57.5140020847321	-81.91846
57.5296320915222	-81.84011
57.5452520847321	-80.32332
57.5608820915222	-77.52489
57.5765020847321	-73.77328
57.5921320915222	-69.52661
57.6077620983124	-65.28574
57.6233820915222	-61.45757
57.6390120983124	-58.25181
57.6546320915222	-55.59289
57.6702620983124	-53.09096
57.6858820915222	-50.15776
57.7015120983124	-46.15254
57.7171421051025	-40.62282
57.7327620983124	-33.47743
57.7483921051025	-25.02466
57.7640120983124	-15.89043
57.7796421051025	-6.780151
57.7952620983124	1.740295
57.8108921051025	9.371185
57.8265221118927	16.10728
57.8421421051025	22.07643
57.8577721118927	27.39146
57.8733921051025	32.05835
57.8890221118927	36.03911
57.9046421051025	39.35512
57.9202721118927	42.22385
57.9359021186829	45.04391
57.9515221118927	48.28586
57.9671521186829	52.2618
57.9827721118927	56.9724
57.9984021186829	62.06256
58.0140221118927	66.93973
58.0296521186829	71.01939
58.045282125473	73.94792
58.0609021186829	75.71138
58.076532125473	76.60158
58.0921521186829	77.06497
58.107782125473	77.49478
58.1234021186829	78.1698
58.139032125473	79.23788
58.1546621322632	80.74448
58.170282125473	82.67931
58.1859121322632	84.94073
58.201532125473	87.34885
58.2171621322632	89.61832
58.232782125473	91.43338
58.2484121322632	92.54117
58.2640421390533	92.83701
58.2796621322632	92.36737
58.2952921390533	91.27713
58.3109121322632	89.66901
58.3265421390533	87.49948
58.3421621322632	84.5397
58.3577921390533	80.4606
58.3734221458435	74.96185
58.3890421390533	67.94547
58.4046721458435	59.58539
58.4202921390533	50.28409
58.4359221458435	40.55615
58.4515421390533	30.87898
58.4671721458435	21.60638
58.4828021526337	12.9825
58.4984221458435	5.192474
58.5140521526337	-1.557098
58.5296721458435	-7.091248
58.5453021526337	-11.31221
58.5609221458435	-14.31807
58.5765521526337	-16.4158
58.5921819210052	-18.0872
58.6078021526337	-19.83583
58.6234319210052	-22.0715
58.6390521526337	-24.96577
58.6546819210052	-28.43881
58.6703021526337	-32.18233
58.6859319210052	-35.7645
58.7015619277954	-38.78288
58.7171819210052	-40.94112
58.7328119277954	-42.10999
58.7484319210052	-42.29381
58.7640619277954	-41.53729
58.7796819210052	-39.85231
58.7953119277954	-37.17326
58.8109419345856	-33.46107
58.8265619277954	-28.79347
58.8421919345856	-23.48642
58.8578119277954	-18.0737
58.8734419345856	-13.20236
58.8890619277954	-9.45755
58.9046919345856	-7.170349
58.9203219413757	-6.337753
58.9359419345856	-6.654785
58.9515719413757	-7.627106
58.9671919345856	-8.760101
58.9828219413757	-9.722519
58.9984419345856	-10.42181
59.0140719413757	-10.95081
59.0297019481659	-11.50278
59.0453219413757	-12.21965
59.0609519481659	-13.13319
59.0765719413757	-14.13443
59.0922019481659	-15.05644
59.1078219413757	-15.71077
59.1234519481659	-15.98964
59.1390819549561	-15.84409
59.1547019481659	-15.3044
59.1703319549561	-14.49455
59.1859519481659	-13.58435
59.2015819549561	-12.82509
59.2172019481659	-12.48743
59.2328319549561	-12.80309
59.2484619617462	-13.85096
59.2640819549561	-15.46754
59.2797119617462	-17.20735
59.2953319549561	-18.3464
59.3109619617462	-18.08023
59.3265819549561	-15.73412
59.3422119617462	-11.03813
59.3578419685364	-4.290977
59.3734619617462	3.667587
59.3890919685364	11.69409
59.4047119617462	18.71412
59.4203419685364	24.0416
59.4359619617462	27.51154
59.4515919685364	29.37797
59.4672219753265	30.09005
59.4828419685364	30.02213
59.4984719753265	29.3662
59.5140919685364	28.15002
59.5297219753265	26.38743
59.5453419685364	24.18221
59.5609719753265	21.75713
59.5766019821167	19.39177
59.5922219753265	17.25407
59.6078519821167	15.36088
59.6234719753265	13.54588
59.6391019821167	11.56406
59.6547219753265	9.182465
59.6703519821167	6.271606
59.6859819889069	2.839973
59.7016019821167	-0.9878998
59.7172319889069	-5.008545
59.7328519821167	-9.012657
59.7484819889069	-12.82591
59.7641019821167	-16.35221
59.7797319889069	-19.53793
59.795361995697	-22.33926
59.8109819889069	-24.68918
59.826611995697	-26.51971
59.8422319889069	-27.8179
59.857861995697	-28.67276
59.8734819889069	-29.33545
59.889111995697	-30.12637
59.9047420024872	-31.32639
59.920361995697	-33.07669
59.9359920024872	-35.29546
59.951611995697	-37.76537
59.9672420024872	-40.24385
59.982861995697	-42.59512
59.9984920024872	-44.83852
60.0141220092773	-47.12309
60.0297420024872	-49.60918
60.0453720092773	-52.37949
60.0609920024872	-55.35291
60.0766220092773	-58.27383
60.0922420024872	-60.74004
60.1078720092773	-62.28472
60.1235020160675	-62.45761
60.1391220092773	-60.93842
60.1547520160675	-57.63575
60.1703720092773	-52.73789
60.1860020160675	-46.6912
60.2016320228577	-40.12534
60.2172520160675	-33.70466
60.2328820228577	-27.97216
60.2485020160675	-23.24478
60.2641320228577	-19.59435
60.2797520160675	-16.86923
60.2953820228577	-14.82251
60.3110120296478	-13.20689
60.3266320228577	-11.83674
60.3422620296478	-10.60538
60.3578820228577	-9.443558
60.3735120296478	-8.291397
60.3891320228577	-7.080261
60.4047620296478	-5.758408
60.420392036438	-4.344498
60.4360120296478	-2.927979
60.451642036438	-1.661057
60.4672620296478	-0.691452
60.482892036438	-0.09368896
60.4985120296478	0.1585846
60.514142036438	0.2090759
60.5297720432281	0.2222443
60.545392036438	0.3161926
60.5610220432281	0.5106659
60.576642036438	0.7307434
60.5922720432281	0.8782043
60.607892036438	0.9207764
60.6235220432281	0.906723
60.6391520500183	0.9410706
60.6547720432281	1.114471
60.6704020500183	1.420456
60.6860220432281	1.784988
60.7016520500183	2.090286
60.7172720432281	2.23584
60.7329020500183	2.190613
60.7485320568085	1.955963
60.7641520500183	1.572357
60.7797820568085	1.084366
60.7954020500183	0.5267792
60.8110320568085	-0.1107178
60.8266520500183	-0.8978882
60.8422820568085	-1.961975
60.8579120635986	-3.422424
60.8735320568085	-5.31308
60.8891620635986	-7.439972
60.9047820568085	-9.354553
60.9204120635986	-10.43094
60.9360320568085	-10.05347
60.9516620635986	-7.848969
60.9672920703888	-3.86615
60.9829120635986	1.424835
60.9985420703888	7.274109
61.0141620635986	12.892
61.0297920703888	17.65948
61.0454120635986	21.28809
61.0610420703888	23.79608
61.076672077179	25.41531
61.0922920703888	26.44992
61.107922077179	27.17929
61.1235420703888	27.79898
61.139172077179	28.40979
61.1547920703888	29.0683
61.170422077179	29.7735
61.1860520839691	30.52536
61.201672077179	31.30826
61.2173020839691	32.07904
61.232922077179	32.7879
61.2485520839691	33.40955
61.264172077179	33.87125
61.2798020839691	34.12793
61.2954320907593	34.13205
61.3110520839691	33.78622
61.3266820907593	33.01636
61.3423020839691	31.7471
61.3579320907593	29.90421
61.3735520839691	27.42526
61.3891820907593	24.33029
61.4048120975494	20.83713
61.4204320907593	17.43906
61.4360620975494	14.78143
61.4516820907593	13.37424
61.4673120975494	13.25781
61.4829320907593	13.86993
61.4985620975494	14.23792
61.5141921043396	13.4599
61.5298120975494	11.1571
61.5454421043396	7.674957
61.5610620975494	3.85968
61.5766921043396	0.5774536
61.5923120975494	-1.731873
61.6079421043396	-3.206116
61.6235721111298	-4.355072
61.6391921043396	-5.703888
61.6548221111298	-7.475861
61.6704421043396	-9.566101
61.6860721111298	-11.6951
61.7016921043396	-13.58292
61.7173221111298	-15.04483
61.7329521179199	-15.93109
61.7485721111298	-16.0361
61.7642021179199	-15.19763
61.7798221111298	-13.33786
61.7954521179199	-10.54089
61.8110721111298	-7.102966
61.8267021179199	-3.412567
61.8423321247101	0.149353
61.8579521179199	3.280731
61.8735821247101	5.808197
61.8892021179199	7.670135
61.9048321247101	8.908142
61.9204521179199	9.671661
61.9360821247101	10.19385
61.9517121315002	10.74313
61.9673321247101	11.54001
61.9829621315002	12.66974
61.9985821247101	14.04834
62.0142121315002	15.46466
62.0298321247101	16.65854
62.0454621315002	17.4075
62.0610921382904	17.60922
62.0767121315002	17.29047
62.0923421382904	16.61194
62.1079621315002	15.79758
62.1235921382904	15.04608
62.1392121315002	14.41949
62.1548421382904	13.81226
62.1704721450806	12.9487
62.1860921382904	11.55066
62.2017221450806	9.495483
62.2173421382904	6.898987
62.2329721450806	4.096436
62.2485921382904	1.467346
62.2642221450806	-0.73703
62.2798521518707	-2.507172
62.2954721450806	-4.020172
62.3111021518707	-5.503448
62.3267221450806	-7.085205
62.3423521518707	-8.708008
62.3579819202423	-10.24033
62.3736021518707	-11.59464
62.3892319202423	-12.82318
62.4048521518707	-14.13556
62.4204819202423	-15.78931
62.4361021518707	-17.9422
62.4517319202423	-20.59631
62.4673619270325	-23.54779
62.4829819202423	-26.43317
62.4986119270325	-28.81006
62.5142319202423	-30.22333
62.5298619270325	-30.2998
62.5454819202423	-28.83191
62.5611119270325	-25.83099
62.5767419338226	-21.55536
62.5923619270325	-16.4364
62.6079919338226	-10.96979
62.6236119270325	-5.59613
62.6392419338226	-0.618103
62.6548619270325	3.793152
62.6704919338226	7.561279
62.6861219406128	10.64636
62.7017419338226	13.00262
62.7173719406128	14.62695
62.7329919338226	15.60565
62.7486219406128	16.12006
62.7642419338226	16.40326
62.7798719406128	16.69714
62.795501947403	17.18982
62.8111219406128	17.98553
62.826751947403	19.06171
62.8423719406128	20.26569
62.858001947403	21.30426
62.8736219406128	21.81543
62.889251947403	21.49677
62.9048819541931	20.24646
62.920501947403	18.224
62.9361319541931	15.84485
62.951751947403	13.60059
62.9673819541931	11.86816
62.983001947403	10.7536
62.9986319541931	10.10486
63.0142619609833	9.615051
63.0298819541931	9.008667
63.0455119609833	8.152466
63.0611319541931	7.061646
63.0767619609833	5.817871
63.0923819541931	4.490356
63.1080119609833	3.089355
63.1236419677734	1.6073
63.1392619609833	0.04949951
63.1548919677734	-1.570129
63.1705119609833	-3.223328
63.1861419677734	-4.894409
63.2017619609833	-6.640747
63.2173919677734	-8.598511
63.2330219745636	-10.91681
63.2486419677734	-13.68866
63.2642719745636	-16.82648
63.2798919677734	-20.00708
63.2955219745636	-22.7041
63.3111419677734	-24.30133
63.3267719745636	-24.2951
63.3424019813538	-22.4726
63.3580219745636	-18.9975
63.3736519813538	-14.37262
63.3892719745636	-9.269531
63.4049019813538	-4.295837
63.4205219745636	0.1733398
63.4361519813538	4.0578
63.4517819881439	7.477539
63.4674019813538	10.60034
63.4830319881439	13.50824
63.4986519813538	16.17212
63.5142819881439	18.48578
63.5299019813538	20.37512
63.5455319881439	21.83679
63.5611619949341	22.97693
63.5767819881439	23.914
63.5924119949341	24.70844
63.6080319881439	25.29034
63.6236619949341	25.54224
63.6392819881439	25.3844
63.6549119949341	24.89557
63.6705420017242	24.27283
63.6861619949341	23.73993
63.7017920017242	23.38751
63.7174119949341	23.11755
63.7330420017242	22.70251
63.7486619949341	21.90961
63.7642920017242	20.64514
63.7799220085144	19.008
63.7955420017242	17.22687
63.8111720085144	15.5415
63.8267920017242	14.10138
63.8424220085144	12.95526
63.8580420017242	12.06165
63.8736720085144	11.36951
63.8893020153046	10.80304
63.9049220085144	10.25616
63.9205520153046	9.55957
63.9361720085144	8.522217
63.9518020153046	7.002197
63.9674220085144	4.974976
63.9830520153046	2.545898
63.9986820220947	-0.1153564
64.0143020153046	-2.827332
64.0299320220947	-5.451843
64.0455520153046	-7.96344
64.0611820220947	-10.41791
64.0768020153046	-12.9408
64.0924320220947	-15.64844
64.1080620288849	-18.55646
64.1236820220947	-21.48688
64.1393120288849	-24.07147
64.1549320220947	-25.76563
64.1705620288849	-26.04608
64.1861820220947	-24.57971
64.2018120288849	-21.39771
64.217442035675	-16.91852
64.2330620288849	-11.82648
64.248692035675	-6.825806
64.2643120288849	-2.404419
64.279942035675	1.261047
64.2955620288849	4.290405
64.311192035675	6.91571
64.3268220424652	9.296936
64.342442035675	11.43188
64.3580720424652	13.18976
64.373692035675	14.45099
64.3893220424652	15.20459
64.404942035675	15.5918
64.4205720424652	15.84131
64.4362020492554	16.14978
64.4518220424652	16.59406
64.4674520492554	17.11725
64.4830720424652	17.58954
64.4987020492554	17.88214
64.5143220424652	17.94196
64.5299520492554	17.80316
64.5455820560455	17.54242
64.5612020492554	17.25378
64.5768320560455	16.97687
64.5924520492554	16.69916
64.6080820560455	16.33759
64.6237120628357	15.80975
64.6393320560455	15.02209
64.6549620628357	13.94861
64.6705820560455	12.61426
64.6862120628357	11.11212
64.7018320560455	9.561401
64.7174620628357	8.075867
64.7330920696259	6.704956
64.7487120628357	5.433044
64.7643420696259	4.179871
64.7799620628357	2.832214
64.7955920696259	1.290222
64.8112120628357	-0.4797363
64.8268420696259	-2.433167
64.842472076416	-4.443787
64.8580920696259	-6.375854
64.873722076416	-8.137268
64.8893420696259	-9.728149
64.904972076416	-11.26361
64.9205920696259	-12.91095
64.936222076416	-14.82275
64.9518520832062	-17.10431
64.967472076416	-19.74884
64.9831020832062	-22.63281
64.998722076416	-25.52997
65.0143520832062	-28.10791
65.029972076416	-29.95093
65.0456020832062	-30.6369
65.0612320899963	-29.82715
65.0768520832062	-27.4173
65.0924820899963	-23.5874
65.1081020832062	-18.81903
65.1237320899963	-13.75012
65.1393520832062	-8.97345
65.1549820899963	-4.852295
65.1706120967865	-1.443298
65.1862320899963	1.416687
65.2018620967865	3.952698
65.2174820899963	6.333313
65.2331120967865	8.573059
65.2487320899963	10.60211
65.2643620967865	12.34277
65.2799921035767	13.81982
65.2956120967865	15.13605
65.3112421035767	16.44232
65.3268620967865	17.81055
65.3424921035767	19.2038
65.3581120967865	20.46875
65.3737421035767	21.43683
65.3893721103668	21.99396
65.4049921035767	22.14771
65.4206221103668	22.01801
65.4362421035767	21.76636
65.4518721103668	21.5332
65.4674921035767	21.34552
65.4831221103668	21.1109
65.498752117157	20.66376
65.5143721103668	19.85132
65.530002117157	18.63733
65.5456221103668	17.14069
65.561252117157	15.61575
65.5768721103668	14.30795
65.592502117157	13.35114
65.6081321239471	12.67377
65.623752117157	12.02182
65.6393821239471	11.06946
65.655002117157	9.556763
65.6706321239471	7.399933
65.686252117157	4.715179
65.7018821239471	1.768219
65.7175121307373	-1.175385
65.7331321239471	-3.911926
65.7487621307373	-6.352783
65.7643821239471	-8.570892
65.7800121307373	-10.69772
65.7956321239471	-12.86838
65.8112621307373	-15.21518
65.8268921375275	-17.84891
65.8425121307373	-20.81638
65.8581421375275	-24.00433
65.8737621307373	-27.01889
65.8893921375275	-29.24005
65.9050121307373	-29.99188
65.9206421375275	-28.8331
65.9362721443176	-25.81897
65.9518921375275	-21.53015
65.9675221443176	-16.84207
65.9831421375275	-12.53152
65.9987721443176	-8.960938
66.0143921375275	-5.990875
66.0300221443176	-3.194794
66.0456521511078	-0.2084656
66.0612721443176	3.025635
66.0769021511078	6.206207
66.0925221443176	8.908447
66.1081521511078	10.85336
66.1237721443176	12.03552
66.1394021511078	12.6824
66.1550319194794	13.12048
66.1706521511078	13.54678
66.1862819194794	14.01959
66.2019021511078	14.51056
66.2175319194794	14.9277
66.2331521511078	15.21436
66.2487819194794	15.39389
66.2644119262695	15.4733
66.2800319194794	15.42194
66.2956619262695	15.15698
66.3112819194794	14.55353
66.3269119262695	13.53143
66.3425319194794	12.10706
66.3581619262695	10.39377
66.3737919330597	8.579926
66.3894119262695	6.852844
66.4050419330597	5.351624
66.4206619262695	4.142181
66.4362919330597	3.237793
66.4519119262695	2.605682
66.4675419330597	2.160492
66.4831719398499	1.768188
66.4987919330597	1.22699
66.5144219398499	0.3527832
66.5300419330597	-0.9599915
66.5456719398499	-2.676483
66.5612919330597	-4.618866
66.5769219398499	-6.565247
66.59255194664	-8.337341
66.6081719398499	-9.859131
66.62380194664	-11.18665
66.6394219398499	-12.44766
66.65505194664	-13.77875
66.6706719398499	-15.30603
66.68630194664	-17.13412
66.7019319534302	-19.31628
66.71755194664	-21.81659
66.7331819534302	-24.4537
66.74880194664	-26.87128
66.7644319534302	-28.58801
66.78005194664	-29.14316
66.7956819534302	-28.26526
66.8113119602203	-25.99451
66.8269319534302	-22.69263
66.8425619602203	-18.89774
66.8581819534302	-15.13611
66.8738119602203	-11.76834
66.8894319534302	-8.930237
66.9050619602203	-6.55896
66.9206919670105	-4.491821
66.9363119602203	-2.565002
66.9519419670105	-0.6875916
66.9675619602203	1.151428
66.9831919670105	2.904053
66.9988119602203	4.506927
67.0144419670105	5.942017
67.0300719738007	7.263611
67.0456919670105	8.557739
67.0613219738007	9.905457
67.0769419670105	11.29037
67.0925719738007	12.57889
67.1081919670105	13.55264
67.1238219738007	14.02417
67.1394519805908	13.9306
67.1550719738007	13.40656
67.1707019805908	12.72586
67.1863219738007	12.1633
67.2019519805908	11.85056
67.2175719738007	11.73038
67.2332019805908	11.60455
67.248831987381	11.28043
67.2644519805908	10.67636
67.280081987381	9.855194
67.2957019805908	8.973816
67.311331987381	8.163666
67.3269619941711	7.433746
67.342581987381	6.648132
67.3582119941711	5.612213
67.373831987381	4.151489
67.3894619941711	2.214569
67.405081987381	-0.1055298
67.4207119941711	-2.60498
67.4363420009613	-5.060577
67.4519619941711	-7.333069
67.4675920009613	-9.42691
67.4832119941711	-11.47949
67.4988420009613	-13.6777
67.5144619941711	-16.17905
67.5300920009613	-19.00775
67.5457220077515	-22.09024
67.5613420009613	-25.27463
67.5769720077515	-28.39536
67.5925920009613	-31.27414
67.6082220077515	-33.69919
67.6238420009613	-35.41095
67.6394720077515	-36.11423
67.6551020145416	-35.58484
67.6707220077515	-33.74884
67.6863520145416	-30.76514
67.7019720077515	-26.95377
67.7176020145416	-22.70905
67.7332220077515	-18.39182
67.7488520145416	-14.21417
67.7644820213318	-10.3064
67.7801020145416	-6.762024
67.7957320213318	-3.670593
67.8113520145416	-1.119934
67.8269820213318	0.7962341
67.8426020145416	2.043671
67.8582320213318	2.720795
67.8738620281219	3.134674
67.8894820213318	3.774994
67.9051120281219	5.124939
67.9207320213318	7.403625
67.9363620281219	10.36914
67.9519820213318	13.33344
67.9676120281219	15.46332
67.9832420349121	16.17715
67.9988620281219	15.46967
68.0144920349121	13.88382
68.0301120281219	12.24026
68.0457420349121	11.17429
68.0613620281219	10.84854
68.0769920349121	10.94431
68.0926220417023	10.93253
68.1082420349121	10.44019
68.1238720417023	9.436035
68.1394920349121	8.198212
68.1551220417023	7.061279
68.1707420349121	6.227722
68.1863720417023	5.628448
68.2020020484924	5.051559
68.2176220417023	4.256165
68.2332520484924	3.080597
68.2488720417023	1.546234
68.2645020484924	-0.164566
68.2801220417023	-1.826721
68.2957520484924	-3.267273
68.3113820552826	-4.46199
68.3270020484924	-5.567657
68.3426320552826	-6.805923
68.3582520484924	-8.343933
68.3738820552826	-10.20538
68.3895020484924	-12.24911
68.4051320552826	-14.248
68.4207620620728	-16.05708
68.4363820552826	-17.69476
68.4520120620728	-19.20984
68.4676320552826	-20.63525
68.4832620620728	-21.7822
68.4988820552826	-22.24478
68.5145120620728	-21.59099
68.5301420688629	-19.62744
68.5457620620728	-16.6147
68.5613920688629	-13.1367
68.5770120620728	-9.768555
68.5926420688629	-6.723206
68.6082620620728	-3.776321
68.6238920688629	-0.5020294
68.6395220756531	3.316605
68.6551420688629	7.405975
68.6707720756531	11.07845
68.6863920688629	13.61771
68.7020220756531	14.71611
68.7176420688629	14.65787
68.7332720756531	14.14377
68.7489020824432	13.85155
68.7645220756531	14.10698
68.7801520824432	14.78563
68.7957720756531	15.52748
68.8114020824432	16.04947
68.8270220756531	16.30322
68.8426520824432	16.42828
68.8582820892334	16.56537
68.8739020824432	16.70229
68.8895320892334	16.66196
68.9051520824432	16.26482
68.9207820892334	15.41959
68.9364020824432	14.15997
68.9520320892334	12.66055
68.9676620960236	11.08699
68.9832820892334	9.58226
68.9989120960236	8.223679
69.0145320892334	7.04068
69.0301620960236	6.054611
69.0457820892334	5.220276
69.0614120960236	4.38562
69.0770421028137	3.307602
69.0926620960236	1.80188
69.1082921028137	-0.08459473
69.1239120960236	-1.993912
69.1395421028137	-3.377884
69.1551620960236	-3.786377
69.1707921028137	-3.188202
69.1864221096039	-2.069733
69.2020421028137	-1.266815
69.2176721096039	-1.546967
69.2332921028137	-3.241211
69.2489221096039	-6.122772
69.2645421028137	-9.576508
69.2801721096039	-12.94582
69.295802116394	-15.79507
69.3114221096039	-17.97061
69.327052116394	-19.45039
69.3426721096039	-20.18234
69.358302116394	-20.00826
69.3739221096039	-18.77548
69.389552116394	-16.51373
69.4051821231842	-13.51866
69.420802116394	-10.29533
69.4364321231842	-7.329681
69.452052116394	-4.926102
69.4676821231842	-3.127701
69.4833121299744	-1.735687
69.4989321231842	-0.4915619
69.5145621299744	0.7795563
69.5301821231842	2.088303
69.5458121299744	3.299942
69.5614321231842	4.237732
69.5770621299744	4.825378
69.5926921367645	5.098801
69.6083121299744	5.198074
69.6239421367645	5.273361
69.6395621299744	5.402237
69.6551921367645	5.570007
69.6708121299744	5.717407
69.6864421367645	5.79071
69.7020721435547	5.75827
69.7176921367645	5.611145
69.7333221435547	5.337189
69.7489421367645	4.916626
69.7645721435547	4.3461
69.7801921367645	3.671249
69.7958221435547	2.981064
69.8114521503448	2.36853
69.8270721435547	1.890579
69.8427021503448	1.518188
69.8583221435547	1.147461
69.8739521503448	0.6571198
69.8895721435547	-0.03178406
69.9052021503448	-0.9287415
69.920832157135	-1.97757
69.9364521503448	-3.097595
69.952082157135	-4.214111
69.9677021503448	-5.273499
69.983332157135	-6.251038
69.9989521503448	-7.1586
70.014582157135	-8.031982
70.0302119255066	-8.942581
70.045832157135	-9.979507
70.0614619255066	-11.25066
70.077082157135	-12.82718
70.0927119255066	-14.68823
70.108332157135	-16.67265
70.1239619255066	-18.45265
70.1395919322968	-19.59329
70.1552119255066	-19.69696
70.1708419322968	-18.51178
70.1864619255066	-16.06494
70.2020919322968	-12.64035
70.2177119255066	-8.700027
70.2333419322968	-4.730698
70.2489719390869	-1.08989
70.2645919322968	2.048752
70.2802219390869	4.680313
70.2958419322968	6.876114
70.3114719390869	8.691254
70.3270919322968	10.13727
70.3427219390869	11.19417
70.3583519458771	11.8399
70.3739719390869	12.11684
70.3896019458771	12.12122
70.4052219390869	11.99051
70.4208519458771	11.86873
70.4364719390869	11.85156
70.4521019458771	11.981
70.4677319526672	12.20782
70.4833519458771	12.4482
70.4989819526672	12.57245
70.5146019458771	12.48395
70.5302319526672	12.12077
70.5458519458771	11.4821
70.5614819526672	10.60902
70.5771119594574	9.570404
70.5927319526672	8.441147
70.6083619594574	7.273651
70.6239819526672	6.098877
70.6396119594574	4.944351
70.6552319526672	3.820389
70.6708619594574	2.746994
70.6864919662476	1.739075
70.7021119594574	0.8174438
70.7177419662476	-0.02627563
70.7333619594574	-0.8143616
70.7489919662476	-1.633835
70.7646119594574	-2.571091
70.7802419662476	-3.733322
70.7958719730377	-5.17012
70.8114919662476	-6.887115
70.8271219730377	-8.816132
70.8427419662476	-10.83374
70.8583719730377	-12.7746
70.8739919662476	-14.41402
70.8896219730377	-15.49681
70.9052519798279	-15.75337
70.9208719730377	-14.97945
70.9365019798279	-13.12263
70.9521219730377	-10.34052
70.9677519798279	-6.964615
70.9833719730377	-3.413742
70.9990019798279	-0.05651855
71.014631986618	2.901184
71.0302519798279	5.405319
71.045881986618	7.491257
71.0615019798279	9.182388
71.077131986618	10.43135
71.0927519798279	11.16698
71.108381986618	11.40372
71.1240119934082	11.30312
71.139631986618	11.17461
71.1552619934082	11.33498
71.170881986618	11.96153
71.1865119934082	12.96513
71.202131986618	14.02409
71.2177619934082	14.7001
71.2333920001984	14.69499
71.2490119934082	13.93021
71.2646420001984	12.60889
71.2802619934082	11.05586
71.2958920001984	9.595383
71.3115119934082	8.405182
71.3271420001984	7.42215
71.3427720069885	6.478516
71.3583920001984	5.338058
71.3740220069885	3.84082
71.3896420001984	1.999634
71.4052720069885	-0.03091431
71.4208920001984	-2.090302
71.4365220069885	-4.134308
71.4521520137787	-6.259567
71.4677720069885	-8.569214
71.4834020137787	-11.02293
71.4990220069885	-13.39693
71.5146520137787	-15.41682
71.5302720069885	-17.00475
71.5459020137787	-18.40393
71.5615320205688	-20.06067
71.5771520137787	-22.27769
71.5927820205688	-24.88791
71.6084020137787	-27.18918
71.6240320205688	-28.24576
71.6396520137787	-27.39082
71.6552820205688	-24.64307
71.670912027359	-20.68172
71.6865320205688	-16.47989
71.702162027359	-12.77304
71.7177820205688	-9.767334
71.733412027359	-7.20784
71.7490320205688	-4.720703
71.764662027359	-2.151718
71.7802920341492	0.3164978
71.795912027359	2.368958
71.8115420341492	3.806351
71.827162027359	4.671616
71.8427920341492	5.264862
71.8584220409393	5.928513
71.8740420341492	6.867142
71.8896720409393	8.062927
71.9052920341492	9.320511
71.9209220409393	10.40073
71.9365420341492	11.09447
71.9521720409393	11.25471
71.9678020477295	10.7933
71.9834220409393	9.731979
71.9990520477295	8.26889
72.0146720409393	6.799042
72.0303020477295	5.773605
72.0459220409393	5.477371
72.0615520477295	5.798737
72.0771820545197	6.205246
72.0928020477295	6.010803
72.1084320545197	4.731842
72.1240520477295	2.386993
72.1396820545197	-0.464035
72.1553020477295	-3.0569
72.1709320545197	-4.844681
72.1865620613098	-5.798126
72.2021820545197	-6.368393
72.2178120613098	-7.213135
72.2334320545197	-8.802185
72.2490620613098	-11.20622
72.2646820545197	-14.1032
72.2803120613098	-16.99538
72.2959420681	-19.42305
72.3115620613098	-21.08643
72.3271920681	-21.81892
72.3428120613098	-21.54465
72.3584420681	-20.31216
72.3740620613098	-18.21988
72.3896920681	-15.44859
72.4053220748901	-12.24951
72.4209420681	-8.857559
72.4365720748901	-5.488693
72.4521920681	-2.279663
72.4678220748901	0.6895142
72.4834420681	3.352524
72.4990720748901	5.648056
72.5147020816803	7.533295
72.5303220748901	9.014572
72.5459520816803	10.17567
72.5615720748901	11.15173
72.5772020816803	12.08438
72.5928220748901	13.05721
72.6084520816803	14.02196
72.6240820884705	14.8488
72.6397020816803	15.38565
72.6553320884705	15.53371
72.6709520816803	15.33281
72.6865820884705	14.90698
72.7022020816803	14.38939
72.7178320884705	13.80173
72.7334620952606	13.1015
72.7490820884705	12.26093
72.7647120952606	11.37782
72.7803320884705	10.65514
72.7959620952606	10.26898
72.8115820884705	10.19098
72.8272120952606	10.1322
72.8428421020508	9.668289
72.8584620952606	8.485855
72.8740921020508	6.581497
72.8897120952606	4.256393
72.9053421020508	1.934052
72.9209620952606	-0.09352112
72.9365921020508	-1.811661
72.9522221088409	-3.426788
72.9678421020508	-5.178909
72.9834721088409	-7.137207
72.9990921020508	-9.179398
73.0147221088409	-11.10246
73.0303421020508	-12.81
73.0459721088409	-14.39049
73.0616021156311	-16.08139
73.0772221088409	-18.07294
73.0928521156311	-20.3042
73.1084721088409	-22.45703
73.1241021156311	-23.99005
73.1397221088409	-24.34003
73.1553521156311	-23.19423
73.1709821224213	-20.60622
73.1866021156311	-16.98431
73.2022321224213	-12.94952
73.2178521156311	-9.065109
73.2334821224213	-5.635864
73.2491021156311	-2.681168
73.2647321224213	-0.05403137
73.2803621292114	2.376755
73.2959821224213	4.634384
73.3116121292114	6.663269
73.3272321224213	8.444427
73.3428621292114	10.02293
73.3584821224213	11.4993
73.3741121292114	12.9223
73.3897421360016	14.21805
73.4053621292114	15.22423
73.4209921360016	15.78685
73.4366121292114	15.88882
73.4522421360016	15.64717
73.4678621292114	15.25729
73.4834921360016	14.85487
73.4991221427917	14.47736
73.5147421360016	14.07457
73.5303721427917	13.60764
73.5459921360016	13.11795
73.5616221427917	12.69438
73.5772421360016	12.38747
73.5928721427917	12.12531
73.6085021495819	11.71811
73.6241221427917	10.98132
73.6397521495819	9.843384
73.6553721427917	8.390503
73.6710021495819	6.810211
73.6866221427917	5.31395
73.7022521495819	3.990677
73.7178821563721	2.77652
73.7335021495819	1.501144
73.7491321563721	-0.00617218
73.7647521495819	-1.811707
73.7803821563721	-3.83255
73.7960021495819	-5.868851
73.8116321563721	-7.683037
73.8272619247437	-9.101357
73.8428821563721	-10.1151
73.8585119247437	-10.8896
73.8741321563721	-11.74774
73.8897619247437	-13.04348
73.9053821563721	-15.0062
73.9210119247437	-17.61869
73.9366419315338	-20.53625
73.9522619247437	-23.10203
73.9678919315338	-24.57501
73.9835119247437	-24.41281
73.9991419315338	-22.40099
74.0147619247437	-18.83138
74.0303919315338	-14.31866
74.046021938324	-9.55719
74.0616419315338	-5.136162
74.077271938324	-1.437927
74.0928919315338	1.360275
74.108521938324	3.2388
74.1241419315338	4.357269
74.139771938324	5.049309
74.1554019451141	5.758194
74.171021938324	6.87822
74.1866519451141	8.559265
74.202271938324	10.60781
74.2179019451141	12.57603
74.233521938324	14.00718
74.2491519451141	14.71282
74.2647819519043	14.84971
74.2804019451141	14.81063
74.2960319519043	14.92377
74.3116519451141	15.27324
74.3272819519043	15.64468
74.3429119586945	15.68688
74.3585319519043	15.17997
74.3741619586945	14.14447
74.3897819519043	12.83033
74.4054119586945	11.56095
74.4210319519043	10.56705
74.4366619586945	9.885338
74.4522919654846	9.40242
74.4679119586945	8.917488
74.4835419654846	8.221092
74.4991619586945	7.273834
74.5147919654846	6.138039
74.5304119586945	4.938484
74.5460419654846	3.80941
74.5616719722748	2.773544
74.5772919654846	1.719078
74.5929219722748	0.520607
74.6085419654846	-0.912674
74.6241719722748	-2.549202
74.6397919654846	-4.18718
74.6554219722748	-5.614128
74.6710519790649	-6.756531
74.6866719722748	-7.78672
74.7023019790649	-9.051155
74.7179219722748	-10.85257
74.7335519790649	-13.23692
74.7491719722748	-15.88898
74.7648019790649	-18.25663
74.7804319858551	-19.78769
74.7960519790649	-20.1697
74.8116819858551	-19.39078
74.8273019790649	-17.63783
74.8429319858551	-15.13605
74.8585519790649	-12.02262
74.8741819858551	-8.401634
74.8898119926453	-4.43737
74.9054319858551	-0.4292297
74.9210619926453	3.272224
74.9366819858551	6.390877
74.9523119926453	8.907181
74.9679319858551	11.04453
74.9835619926453	13.13143
74.9991919994354	15.42696
75.0148119926453	17.98983
75.0304419994354	20.69418
75.0460619926453	23.38007
75.0616919994354	25.92887
75.0773119926453	28.24683
75.0929419994354	30.32652
75.1085720062256	32.16532
75.1241919994354	33.74787
75.1398220062256	35.1025
75.1554419994354	36.29282
75.1710720062256	37.40052
75.1866919994354	38.51803
75.2023220062256	39.68375
75.2179520130157	40.91272
75.2335720062256	42.22268
75.2492020130157	43.64453
75.2648220062256	45.24536
75.2804520130157	47.09591
75.2960720062256	49.23227
75.3117020130157	51.60917
75.3273320198059	54.13705
75.3429520130157	56.71436
75.3585820198059	59.28654
75.3742020130157	61.8473
75.3898320198059	64.36001
75.4054520130157	66.66726
75.4210820198059	68.47169
75.4367120265961	69.39607
75.4523320198059	69.13924
75.4679620265961	67.63021
75.4835820198059	65.08941
75.4992120265961	61.94995
75.5148320198059	58.67238
75.5304620265961	55.53722
75.5460920333862	52.53768
75.5617120265961	49.41317
75.5773420333862	45.79072
75.5929620265961	41.37044
75.6085920333862	36.07552
75.6242120265961	30.07059
75.6398420333862	23.69321
75.6554720401764	17.34798
75.6710920333862	11.36674
75.6867220401764	5.901779
75.7023420333862	0.8834534
75.7179720401764	-3.949371
75.7335920333862	-8.981888
75.7492220401764	-14.58629
75.7648520469666	-20.98492
75.7804720401764	-28.14932
75.7961020469666	-35.74904
75.8117220401764	-43.15726
75.8273520469666	-49.55057
75.8429720401764	-54.09715
75.8586020469666	-56.2263
75.8742320537567	-55.82906
75.8898520469666	-53.35895
75.9054820537567	-49.73866
75.9211020469666	-46.10774
75.9367320537567	-43.48685
75.9523520469666	-42.55888
75.9679820537567	-43.58711
75.9836120605469	-46.46417
75.9992320537567	-50.83789
76.0148620605469	-56.19431
76.0304820537567	-61.91196
76.0461120605469	-67.29767
76.0617320537567	-71.67517
76.0773620605469	-74.57019
76.092992067337	-75.84518
76.1086120605469	-75.75027
76.124242067337	-74.83395
76.1398620605469	-73.69699
76.155492067337	-72.75674
76.1711120605469	-72.10739
76.186742067337	-71.55743
76.2023720741272	-70.78232
76.217992067337	-69.51846
76.2336220741272	-67.72702
76.249242067337	-65.59979
76.2648720741272	-63.4707
76.280492067337	-61.66354
76.2961220741272	-60.3587
76.3117520809174	-59.55637
76.3273720741272	-59.11212
76.3430020809174	-58.81079
76.3586220741272	-58.43176
76.3742520809174	-57.82831
76.3898720741272	-56.91086
76.4055020809174	-55.702
76.4211320877075	-54.32278
76.4367520809174	-53.01895
76.4523820877075	-52.06796
76.4680020809174	-51.66525
76.4836320877075	-51.74869
76.4992520809174	-51.92749
76.5148820877075	-51.55487
76.5305120944977	-49.93793
76.5461320877075	-46.61554
76.5617620944977	-41.53177
76.5773820877075	-35.07803
76.5930120944977	-27.91528
76.6086421012878	-20.75275
76.6242620944977	-14.13916
76.6398921012878	-8.378815
76.6555120944977	-3.570282
76.6711421012878	0.3380432
76.6867620944977	3.445831
76.7023921012878	5.877441
76.718022108078	7.765472
76.7336421012878	9.258118
76.749272108078	10.51682
76.7648921012878	11.70477
76.780522108078	12.96515
76.7961421012878	14.3757
76.811772108078	15.95151
76.8274021148682	17.58829
76.843022108078	19.14972
76.8586521148682	20.48965
76.874272108078	21.49411
76.8899021148682	22.10944
76.905522108078	22.34161
76.9211521148682	22.25189
76.9367821216583	21.93295
76.9524021148682	21.51349
76.9680321216583	21.11301
76.9836521148682	20.80907
76.9992821216583	20.60493
77.0149021148682	20.4142
77.0305321216583	20.12003
77.0461621284485	19.62628
77.0617821216583	18.94463
77.0774121284485	18.15573
77.0930321216583	17.36919
77.1086621284485	16.60176
77.1242821216583	15.77007
77.1399121284485	14.70978
77.1555421352386	13.30264
77.1711621284485	11.5721
77.1867921352386	9.681229
77.2024121284485	7.872421
77.2180421352386	6.346008
77.2336621284485	5.152161
77.2492921352386	4.160004
77.2649221420288	3.117767
77.2805421352386	1.739136
77.2961721420288	-0.1953888
77.3117921352386	-2.735931
77.3274221420288	-5.758591
77.3430421352386	-8.961212
77.3586721420288	-11.93794
77.374302148819	-14.27893
77.3899221420288	-15.67221
77.405552148819	-15.93802
77.4211721420288	-15.07945
77.436802148819	-13.25531
77.4524221420288	-10.71861
77.468052148819	-7.794937
77.4836821556091	-4.815964
77.499302148819	-2.049484
77.5149321556091	0.3539429
77.530552148819	2.390976
77.5461821556091	4.168427
77.561802148819	5.837891
77.5774321556091	7.488892
77.5930619239807	9.128159
77.6086821556091	10.68625
77.6243119239807	12.08305
77.6399321556091	13.30446
77.6555619239807	14.39368
77.6711821556091	15.42046
77.6868119239807	16.41197
77.7024419307709	17.3313
77.7180619239807	18.09218
77.7336919307709	18.62637
77.7493119239807	18.91159
77.7649419307709	18.96552
77.7805619239807	18.83331
77.7961919307709	18.5394
77.811821937561	18.09933
77.8274419307709	17.53365
77.843071937561	16.89657
77.8586919307709	16.23367
77.874321937561	15.59656
77.8899419307709	14.96596
77.905571937561	14.30487
77.9212019443512	13.5704
77.936821937561	12.7224
77.9524519443512	11.73197
77.968071937561	10.56267
77.9837019443512	9.168358
77.999321937561	7.502762
78.0149519443512	5.599167
78.0305819511414	3.582733
78.0462019443512	1.636032
78.0618319511414	-0.06425476
78.0774519443512	-1.485947
78.0930819511414	-2.778061
78.1087019443512	-4.244011
78.1243319511414	-6.200813
78.1399619579315	-8.8479
78.1555819511414	-12.13362
78.1712119579315	-15.76144
78.1868319511414	-19.22728
78.2024619579315	-21.9445
78.2180819511414	-23.42496
78.2337119579315	-23.38329
78.2493419647217	-21.85449
78.2649619579315	-19.15844
78.2805919647217	-15.8097
78.2962119579315	-12.33815
78.3118419647217	-9.122963
78.3274619579315	-6.327179
78.3430919647217	-3.897949
78.3587219715118	-1.713844
78.3743419647217	0.320488
78.3899719715118	2.202934
78.4055919647217	3.866806
78.4212219715118	5.274342
78.4368419647217	6.500374
78.4524719715118	7.700958
78.468101978302	9.052479
78.4837219715118	10.6401
78.499351978302	12.40371
78.5149719715118	14.1778
78.530601978302	15.78259
78.5462219715118	17.08008
78.561851978302	18.03737
78.5774819850922	18.66707
78.593101978302	18.95691
78.6087319850922	18.82657
78.624351978302	18.17033
78.6399819850922	16.91585
78.655601978302	15.11808
78.6712319850922	12.94204
78.6868619918823	10.62357
78.7024819850922	8.348236
78.7181119918823	6.187248
78.7337319850922	4.100212
78.7493619918823	1.98605
78.7649819850922	-0.2423668
78.7806119918823	-2.640053
78.7962419986725	-5.229893
78.8118619918823	-8.028656
78.8274919986725	-11.03916
78.8431119918823	-14.1857
78.8587419986725	-17.2988
78.8743619918823	-20.11255
78.8899919986725	-22.36502
78.9056220054626	-23.90272
78.9212419986725	-24.77512
78.9368720054626	-25.20955
78.9524919986725	-25.49517
78.9681220054626	-25.82581
78.9837419986725	-26.15563
78.9993720054626	-26.17141
79.0150020122528	-25.3879
79.0306220054626	-23.30689
79.0462520122528	-19.62599
79.0618720054626	-14.34991
79.0775020122528	-7.819693
79.0931220054626	-0.5824871
79.1087520122528	6.754889
79.124382019043	13.72239
79.1400020122528	20.0682
79.155632019043	25.74534
79.1712520122528	30.78238
79.186882019043	35.15058
79.2025120258331	38.74575
79.218132019043	41.42576
79.2337620258331	43.14589
79.249382019043	44.04422
79.2650120258331	44.4143
79.280632019043	44.60524
79.2962620258331	44.84785
79.3118920326233	45.16423
79.3275120258331	45.40223
79.3431420326233	45.38042
79.3587620258331	45.0263
79.3743920326233	44.45201
79.3900120258331	43.87557
79.4056420326233	43.46371
79.4212720394135	43.22457
79.4368920326233	42.97646
79.4525220394135	42.44496
79.4681420326233	41.41356
79.4837720394135	39.84475
79.4993920326233	37.89521
79.5150220394135	35.84837
79.5306520462036	33.96762
79.5462720394135	32.40868
79.5619020462036	31.18565
79.5775220394135	30.19389
79.5931520462036	29.27373
79.6087720394135	28.27266
79.6244020462036	27.07828
79.6400320529938	25.6313
79.6556520462036	23.91812
79.6712820529938	21.91822
79.6869020462036	19.54151
79.7025320529938	16.6283
79.7181520462036	12.97029
79.7337820529938	8.412064
79.7494120597839	2.982197
79.7650320529938	-3.037983
79.7806620597839	-9.150646
79.7962820529938	-14.74776
79.8119120597839	-19.28314
79.8275320529938	-22.38448
79.8431620597839	-23.87314
79.8587920665741	-23.72839
79.8744120597839	-22.04414
79.8900420665741	-18.99236
79.9056620597839	-14.87486
79.9212920665741	-10.15379
79.9369120597839	-5.41922
79.9525420665741	-1.292747
79.9681720733643	1.712379
79.9837920665741	3.299026
79.9994220733643	3.416321
80.0150420665741	2.228813
80.0306720733643	0.04181671
80.0462920665741	-2.762329
80.0619220733643	-5.777458
80.0775520801544	-8.624092
80.0931720733643	-10.99262
80.1088020801544	-12.72607
80.1244220733643	-13.83443
80.1400520801544	-14.51205
80.1556720733643	-15.04915
80.1713020801544	-15.72174
80.1869320869446	-16.72577
80.2025520801544	-18.12794
80.2181820869446	-19.88324
80.2338020801544	-21.90414
80.2494320869446	-24.09174
80.2650520801544	-26.38498
80.2806820869446	-28.73914
80.2963120937347	-31.14142
80.3119320869446	-33.57613
80.3275620937347	-36.0135
80.3431820869446	-38.39748
80.3588120937347	-40.62936
80.3744320869446	-42.58295
80.3900620937347	-44.12149
80.4056921005249	-45.14914
80.4213120937347	-45.67183
80.4369421005249	-45.79794
80.4525620937347	-45.72319
80.4681921005249	-45.66243
80.4838120937347	-45.7963
80.4994421005249	-46.22302
80.5150721073151	-46.95461
80.5306921005249	-47.91771
80.5463221073151	-48.95142
80.5619421005249	-49.77338
80.5775721073151	-49.98375
80.5931921005249	-49.11066
80.6088221073151	-46.7334
80.6244521141052	-42.63409
80.6400721073151	-36.9361
80.6557021141052	-30.09268
80.6713221073151	-22.77353
80.6869521141052	-15.63368
80.7025721073151	-9.118713
80.7182021141052	-3.392578
80.7338321208954	1.612839
80.7494521141052	6.042999
80.7650821208954	9.98172
80.7807021141052	13.44803
80.7963321208954	16.4144
80.8119521141052	18.92659
80.8275821208954	21.11659
80.8432121276855	23.17604
80.8588321208954	25.22482
80.8744621276855	27.27428
80.8900821208954	29.18466
80.9057121276855	30.78502
80.9213321208954	31.94812
80.9369621276855	32.66786
80.9525921344757	33.03653
80.9682121276855	33.164
80.9838421344757	33.12131
80.9994621276855	32.88258
81.0150921344757	32.36324
81.0307121276855	31.44759
81.0463421344757	30.04034
81.0619721412659	28.08521
81.0775921344757	25.57951
81.0932221412659	22.56304
81.1088421344757	19.11669
81.1244721412659	15.36663
81.1400921344757	11.42775
81.1557221412659	7.386871
81.171352148056	3.261269
81.1869721412659	-0.9834137
81.202602148056	-5.415237
81.2182221412659	-10.0722
81.233852148056	-14.87549
81.2494721412659	-19.59454
81.265102148056	-23.81567
81.2807321548462	-27.04736
81.296352148056	-28.82322
81.3119821548462	-28.88335
81.327602148056	-27.26768
81.3432321548462	-24.31963
81.358852148056	-20.59373
81.3744821548462	-16.64726
81.3901119232178	-12.93971
81.4057321548462	-9.72139
81.4213619232178	-7.058594
81.4369821548462	-4.906204
81.4526119232178	-3.184586
81.4682419300079	-1.818947
81.4838619232178	-0.7257004
81.4994919300079	0.1891861
81.5151119232178	1.054092
81.5307419300079	1.983475
81.5463619232178	3.037468
81.5619919300079	4.18457
81.5776219367981	5.318428
81.5932419300079	6.303215
81.6088719367981	7.006325
81.6244919300079	7.345444
81.6401219367981	7.282402
81.6557419300079	6.825142
81.6713719367981	6.006302
81.6870019435883	4.886864
81.7026219367981	3.549316
81.7182519435883	2.079132
81.7338719367981	0.5405197
81.7495019435883	-1.028244
81.7651219367981	-2.641006
81.7807519435883	-4.311081
81.7963819503784	-6.045174
81.8120019435883	-7.828865
81.8276319503784	-9.636345
81.8432519435883	-11.47729
81.8588819503784	-13.44764
81.8745019435883	-15.69226
81.8901319503784	-18.35293
81.9057619571686	-21.4519
81.9213819503784	-24.78934
81.9370119571686	-27.92124
81.9526319503784	-30.24641
81.9682619571686	-31.14988
81.9838819503784	-30.21348
81.9995119571686	-27.36994
82.0151419639587	-22.92682
82.0307619571686	-17.46014
82.0463919639587	-11.62374
82.0620119571686	-5.900734
82.0776419639587	-0.5316811
82.0932619571686	4.471764
82.1088919639587	9.18343
82.1245219707489	13.59599
82.1401419639587	17.55453
82.1557719707489	20.7911
82.1713919639587	23.0538
82.1870219707489	24.24956
82.2026419639587	24.49304
82.2182719707489	24.06487
82.2339019775391	23.29481
82.2495219707489	22.44
82.2651519775391	21.62221
82.2807719707489	20.87087
82.2964019775391	20.16812
82.3120219707489	19.50281
82.3276519775391	18.90959
82.3432819843292	18.45729
82.3589019775391	18.2226
82.3745319843292	18.28914
82.3901519775391	18.69473
82.4057819843292	19.42212
82.4214019775391	20.35545
82.4370319843292	21.31772
82.4526619911194	22.1146
82.4682819843292	22.62703
82.4839119911194	22.86696
82.4995319843292	22.96918
82.5151619911194	23.11712
82.5307819843292	23.41592
82.5464119911194	23.78358
82.5620419979095	23.98444
82.5776619911194	23.72834
82.5932919979095	22.79122
82.6089119911194	21.12074
82.6245419979095	18.83858
82.6401619911194	16.16613
82.6557919979095	13.372
82.6714220046997	10.71283
82.6870419979095	8.479948
82.7026720046997	6.965317
82.7182919979095	6.434717
82.7339220046997	7.040155
82.7495419979095	8.715668
82.7651720046997	11.1621
82.7808020114899	13.89931
82.7964220046997	16.44423
82.8120520114899	18.43967
82.8276720046997	19.746
82.8433020114899	20.39424
82.8589220046997	20.48278
82.8745520114899	20.06093
82.89018201828	19.09796
82.9058020114899	17.5435
82.92143201828	15.40166
82.9370520114899	12.79157
82.95268201828	9.931259
82.9683020114899	7.05611
82.98393201828	4.338177
82.9995620250702	1.840061
83.01518201828	-0.4521141
83.0308120250702	-2.557293
83.04643201828	-4.423664
83.0620620250702	-5.968143
83.07768201828	-7.102612
83.0933120250702	-7.857105
83.1089420318604	-8.396515
83.1245620250702	-8.987309
83.1401920318604	-9.903294
83.1558120250702	-11.27677
83.1714420318604	-13.07101
83.1870620250702	-15.07887
83.2026920318604	-17.04548
83.2183220386505	-18.75539
83.2339420318604	-20.12489
83.2495720386505	-21.18761
83.2651920318604	-22.07214
83.2808220386505	-22.95354
83.2964420318604	-23.97486
83.3120720386505	-25.24101
83.3277020454407	-26.77349
83.3433220386505	-28.52475
83.3589520454407	-30.37585
83.3745720386505	-32.17968
83.3902020454407	-33.81389
83.4058220386505	-35.22526
83.4214520454407	-36.44138
83.4370820522308	-37.57936
83.4527020454407	-38.77261
83.4683320522308	-40.11375
83.4839520454407	-41.55956
83.4995820522308	-42.86846
83.5152020454407	-43.616
83.5308320522308	-43.28223
83.546462059021	-41.4285
83.5620820522308	-37.88861
83.577712059021	-32.88644
83.5933320522308	-26.98911
83.608962059021	-20.92326
83.6245920658112	-15.30099
83.640212059021	-10.42701
83.6558420658112	-6.250801
83.671462059021	-2.512695
83.6870920658112	1.05439
83.702712059021	4.528069
83.7183420658112	7.775639
83.7339720726013	10.54261
83.7495920658112	12.66464
83.7652220726013	14.16815
83.7808420658112	15.2716
83.7964720726013	16.25008
83.8120920658112	17.27723
83.8277220726013	18.33548
83.8433520793915	19.24515
83.8589720726013	19.81145
83.8746020793915	19.95406
83.8902220726013	19.76062
83.9058520793915	19.43542
83.9214720726013	19.17728
83.9371020793915	19.03954
83.9527320861816	18.92596
83.9683520793915	18.62578
83.9839820861816	17.95815
83.9996020793915	16.84948
84.0152320861816	15.40083
84.0308520793915	13.83307
84.0464820861816	12.39272
84.0621120929718	11.25564
84.0777320861816	10.45673
84.0933620929718	9.88229
84.1089820861816	9.27264
84.1246120929718	8.334745
84.1402320861816	6.831631
84.1558620929718	4.689243
84.171492099762	2.023653
84.1871120929718	-0.9050674
84.202742099762	-3.785137
84.2183620929718	-6.394159
84.233992099762	-8.675713
84.2496120929718	-10.75697
84.265242099762	-12.84988
84.2808721065521	-15.14411
84.296492099762	-17.72173
84.3121221065521	-20.5101
84.327742099762	-23.31201
84.3433721065521	-25.83595
84.358992099762	-27.72539
84.3746221065521	-28.59457
84.3902521133423	-28.07828
84.4058721065521	-25.95885
84.4215021133423	-22.27123
84.4371221065521	-17.36047
84.4527521133423	-11.83275
84.4683721065521	-6.365523
84.4840021133423	-1.493219
84.4996321201324	2.534304
84.5152521133423	5.762926
84.5308821201324	8.430041
84.5465021133423	10.80759
84.5621321201324	13.09709
84.5777521133423	15.41121
84.5933821201324	17.83883
84.6090121269226	20.44402
84.6246321201324	23.28848
84.6402621269226	26.37092
84.6558821201324	29.57587
84.6715121269226	32.70406
84.6871321201324	35.49738
84.7027621269226	37.76386
84.7183921337128	39.45506
84.7340121269226	40.64805
84.7496421337128	41.49784
84.7652621269226	42.14089
84.7808921337128	42.61054
84.7965121269226	42.7957
84.8121421337128	42.50213
84.8277721405029	41.52701
84.8433921337128	39.76864
84.8590221405029	37.29557
84.8746421337128	34.36591
84.8902721405029	31.30185
84.9058921337128	28.37475
84.9215221405029	25.67291
84.9371521472931	23.05451
84.9527721405029	20.25332
84.9684021472931	17.02786
84.9840221405029	13.30031
84.9996521472931	9.217856
85.0152721405029	5.055895
85.0309021472931	1.091377
85.0465321540833	-2.562461
85.0621521472931	-5.999167
85.0777821540833	-9.441513
85.0934021472931	-13.08631
85.1090321540833	-16.99915
85.1246521472931	-21.08088
85.1402821540833	-25.15885
85.1559119224548	-29.0882
85.1715321540833	-32.78467
85.1871619224548	-36.20266
85.2027821540833	-39.22401
85.2184119224548	-41.58447
85.2340321540833	-42.91215
85.2496619224548	-42.84
85.265291929245	-41.17144
85.2809119224548	-37.98917
85.296541929245	-33.65861
85.3121619224548	-28.68575
85.327791929245	-23.58566
85.3434119224548	-18.75247
85.359041929245	-14.42866
85.3746719360352	-10.71974
85.390291929245	-7.672081
85.4059219360352	-5.273872
85.421541929245	-3.494102
85.4371719360352	-2.24827
85.452791929245	-1.402308
85.4684219360352	-0.7865944
85.4840519428253	-0.2256508
85.4996719360352	0.4199371
85.5153019428253	1.208323
85.5309219360352	2.109146
85.5465519428253	2.993607
85.5621719360352	3.715496
85.5778019428253	4.146946
85.5934319496155	4.240232
85.6090519428253	4.045338
85.6246819496155	3.665672
85.6403019428253	3.208675
85.6559319496155	2.725286
85.6715519428253	2.195236
85.6871819496155	1.565683
85.7028119564056	0.7879143
85.7184319496155	-0.1190624
85.7340619564056	-1.065741
85.7496819496155	-1.919949
85.7653119564056	-2.575342
85.7809319496155	-3.005728
85.7965619564056	-3.311823
85.8121919631958	-3.675703
85.8278119564056	-4.278305
85.8434419631958	-5.187963
85.8590619564056	-6.30674
85.8746919631958	-7.404705
85.8903119564056	-8.236288
85.9059419631958	-8.667147
85.921571969986	-8.79434
85.9371919631958	-8.880453
85.952821969986	-9.24786
85.9684419631958	-10.10278
85.984071969986	-11.46032
85.9996919631958	-13.14911
86.015321969986	-14.89559
86.0309519767761	-16.45125
86.046571969986	-17.62637
86.0622019767761	-18.27961
86.077821969986	-18.27278
86.0934519767761	-17.46324
86.109071969986	-15.72832
86.1247019767761	-13.05424
86.1403319835663	-9.576796
86.1559519767761	-5.585507
86.1715819835663	-1.455323
86.1872019767761	2.43749
86.2028319835663	5.776486
86.2184519767761	8.370757
86.2340819835663	10.13719
86.2497119903564	11.11297
86.2653319835663	11.42634
86.2809619903564	11.29589
86.2965819835663	10.96907
86.3122119903564	10.67849
86.3278419971466	10.62067
86.3434619903564	10.89331
86.3590919971466	11.52636
86.3747119903564	12.48328
86.3903419971466	13.65801
86.4059619903564	14.91577
86.4215919971466	16.07077
86.4372220039368	16.96803
86.4528419971466	17.51956
86.4684720039368	17.8165
86.4840919971466	18.08861
86.4997220039368	18.64497
86.5153419971466	19.70136
86.5309720039368	21.26325
86.5466020107269	23.05038
86.5622220039368	24.59756
86.5778520107269	25.43305
86.5934720039368	25.27289
86.6091020107269	24.08821
86.6247220039368	22.07968
86.6403520107269	19.54776
86.6559820175171	16.76646
86.6716020107269	13.90042
86.6872320175171	11.027
86.7028520107269	8.145961
86.7184820175171	5.243262
86.7341020107269	2.274903
86.7497320175171	-0.8024817
86.7653620243073	-4.06172
86.7809820175171	-7.50246
86.7966120243073	-11.02113
86.8122320175171	-14.35649
86.8278620243073	-17.09759
86.8434820175171	-18.7897
86.8591120243073	-19.07452
86.8747420310974	-17.81515
86.8903620243073	-15.18425
86.9059920310974	-11.60637
86.9216120243073	-7.646121
86.9372420310974	-3.82129
86.9528620243073	-0.4783626
86.9684920310974	2.284127
86.9841220378876	4.539898
86.9997420310974	6.433153
87.0153720378876	8.046014
87.0309920310974	9.370901
87.0466220378876	10.33544
87.0622420310974	10.89376
87.0778720378876	11.07724
87.0935020446777	11.00928
87.1091220378876	10.84001
87.1247520446777	10.67215
87.1403720378876	10.49472
87.1560020446777	10.22153
87.1716220378876	9.744885
87.1872520446777	9.041349
87.2028820514679	8.195728
87.2185020446777	7.384469
87.2341320514679	6.78656
87.2497520446777	6.45728
87.2653820514679	6.289663
87.2810020446777	6.053028
87.2966320514679	5.488277
87.3122620582581	4.429472
87.3278820514679	2.866327
87.3435120582581	0.924262
87.3591320514679	-1.217048
87.3747620582581	-3.433834
87.3903820514679	-5.705747
87.4060120582581	-8.140379
87.4216420650482	-10.87417
87.4372620582581	-14.00549
87.4528920650482	-17.51986
87.4685120582581	-21.28249
87.4841420650482	-25.05287
87.4997620582581	-28.52071
87.5153920650482	-31.34051
87.5310220718384	-33.19296
87.5466420650482	-33.81366
87.5622720718384	-33.06116
87.5778920650482	-30.93603
87.5935220718384	-27.6369
87.6091420650482	-23.4653
87.6247720718384	-18.80707
87.6404020786285	-14.02713
87.6560220718384	-9.449434
87.6716520786285	-5.300982
87.6872720718384	-1.739029
87.7029020786285	1.165014
87.7185220718384	3.417868
87.7341520786285	5.136292
87.7497820854187	6.505547
87.7654020786285	7.73978
87.7810320854187	9.00873
87.7966520786285	10.35814
87.8122820854187	11.74032
87.8279020786285	13.02042
87.8435320854187	14.0603
87.8591620922089	14.74896
87.8747820854187	15.01744
87.8904120922089	14.8616
87.9060320854187	14.33497
87.9216620922089	13.55399
87.9372820854187	12.66947
87.9529120922089	11.81888
87.968542098999	11.05844
87.9841620922089	10.32951
87.999792098999	9.493252
88.0154120922089	8.40308
88.031042098999	6.977331
88.0466620922089	5.256256
88.062292098999	3.362347
88.0779221057892	1.449394
88.093542098999	-0.3891602
88.1091721057892	-2.118422
88.124792098999	-3.771837
88.1404221057892	-5.389822
88.156042098999	-7.016636
88.1716721057892	-8.698517
88.1873021125793	-10.47875
88.2029221057892	-12.32879
88.2185521125793	-14.12621
88.2341721057892	-15.59521
88.2498021125793	-16.37671
88.2654221057892	-16.14926
88.2810521125793	-14.7662
88.2966821193695	-12.35909
88.3123021125793	-9.276363
88.3279321193695	-5.987671
88.3435521125793	-2.901018
88.3591821193695	-0.2818184
88.3748021125793	1.787315
88.3904321193695	3.341848
88.4060621261597	4.45689
88.4216821193695	5.214489
88.4373121261597	5.692654
88.4529321193695	5.979692
88.4685621261597	6.196402
88.4841921329498	6.476271
88.4998121261597	6.921793
88.5154421329498	7.586226
88.5310621261597	8.441256
88.5466921329498	9.384451
88.5623121261597	10.25013
88.5779421329498	10.84057
88.59357213974	10.99609
88.6091921329498	10.65146
88.62482213974	9.86129
88.6404421329498	8.780212
88.65607213974	7.617199
88.6716921329498	6.541742
88.68732213974	5.609892
88.7029521465302	4.780739
88.71857213974	3.947145
88.7342021465302	3.004448
88.74982213974	1.909794
88.7654521465302	0.7023258
88.78107213974	-0.5180244
88.7967021465302	-1.614594
88.8123321533203	-2.4776
88.8279521465302	-3.07538
88.8435821533203	-3.48941
88.8592021465302	-3.893526
88.8748321533203	-4.53871
88.8904521465302	-5.614565
88.9060821533203	-7.196589
88.9217119216919	-9.195585
88.9373321533203	-11.35102
88.9529619216919	-13.2895
88.9685821533203	-14.62475
88.9842119216919	-15.03632
88.9998321533203	-14.34134
89.0154619216919	-12.55081
89.0310919284821	-9.866247
89.0467119216919	-6.640268
89.0623419284821	-3.290169
89.0779619216919	-0.1844692
89.0935919284821	2.435474
89.1092119216919	4.479559
89.1248419284821	5.997746
89.1404719352722	7.089575
89.1560919284821	7.855143
89.1717219352722	8.371387
89.1873419284821	8.670645
89.2029719352722	8.821405
89.2185919284821	8.931252
89.2342219352722	9.116243
89.2498519420624	9.469719
89.2654719352722	9.998838
89.2811019420624	10.60665
89.2967219352722	11.13312
89.3123519420624	11.42844
89.3279719352722	11.4055
89.3436019420624	11.05629
89.3592319488525	10.42946
89.3748519420624	9.572571
89.3904819488525	8.494894
89.4061019420624	7.18619
89.4217319488525	5.644192
89.4373519420624	3.913776
89.4529819488525	2.091772
89.4686119556427	0.2896671
89.4842319488525	-1.421629
89.4998619556427	-3.046682
89.5154819488525	-4.651545
89.5311119556427	-6.31908
89.5467319488525	-8.108936
89.5623619556427	-10.04564
89.5779919624329	-12.11468
89.5936119556427	-14.29043
89.6092419624329	-16.53661
89.6248619556427	-18.84492
89.6404919624329	-21.23895
89.6561119556427	-23.80086
89.6717419624329	-26.63128
89.687371969223	-29.83321
89.7029919624329	-33.41161
89.718621969223	-37.22181
89.7342419624329	-40.93002
89.749871969223	-44.06747
89.7654919624329	-46.13887
89.781121969223	-46.76416
89.7967519760132	-45.78259
89.812371969223	-43.28074
89.8280019760132	-39.52999
89.843621969223	-34.89327
89.8592519760132	-29.71529
89.874871969223	-24.25532
89.8905019760132	-18.70731
89.9061319828033	-13.2353
89.9217519760132	-7.996849
89.9373819828033	-3.147839
89.9530019760132	1.202415
89.9686319828033	4.984685
89.9842519760132	8.23947
89.9998819828033	11.06113
90.0155119895935	13.58968
90.0311319828033	15.96815
90.0467619895935	18.29098
90.0623819828033	20.60557
90.0780119895935	22.89117
90.0936319828033	25.07285
90.1092619895935	27.05105
90.1248919963837	28.74368
90.1405119895935	30.11128
90.1561419963837	31.19058
90.1717619895935	32.06177
90.1873919963837	32.83838
90.2030119895935	33.64108
90.2186419963837	34.56309
90.2342720031738	35.68262
90.2498919963837	37.02823
90.2655220031738	38.59048
90.2811419963837	40.31566
90.2967720031738	42.19407
90.3123919963837	44.27898
90.3280220031738	46.69056
90.343652009964	49.57874
90.3592720031738	52.98006
90.374902009964	56.75975
90.3905220031738	60.56246
90.406152009964	63.87924
90.4217720031738	66.16753
90.437402009964	66.98449
90.4530320167542	66.08968
90.468652009964	63.43541
90.4842820167542	59.18215
90.499902009964	53.67409
90.5155320167542	47.44092
90.531152009964	41.16446
90.5467820167542	35.57841
90.5624120235443	31.30019
90.5780320167542	28.6912
90.5936620235443	27.72276
90.6092820167542	28.0298
90.6249120235443	29.02814
90.6405320167542	30.11445
90.6561620235443	30.82473
90.6717920303345	30.91296
90.6874120235443	30.31829
90.7030420303345	29.04969
90.7186620235443	27.09596
90.7342920303345	24.36726
90.7499120235443	20.75902
90.7655420303345	16.2427
90.7811720371246	10.88634
90.7967920303345	4.911369
90.8124220371246	-1.410721
90.8280420303345	-7.851021
90.8436720371246	-14.29632
90.8593020439148	-20.78754
90.8749220371246	-27.45557
90.8905520439148	-34.43088
90.9061720371246	-41.73053
90.9218020439148	-49.22279
90.9374220371246	-56.61504
90.9530520439148	-63.4948
90.968682050705	-69.4577
90.9843020439148	-74.16785
90.999932050705	-77.44164
91.0155520439148	-79.24124
91.031182050705	-79.62321
91.0468020439148	-78.68338
91.062432050705	-76.52975
91.0780620574951	-73.29277
91.093682050705	-69.20078
91.1093120574951	-64.61288
91.124932050705	-60.00743
91.1405620574951	-55.8522
91.156182050705	-52.49469
91.1718120574951	-50.0553
91.1874420642853	-48.42314
91.2030620574951	-47.3519
91.2186920642853	-46.60661
91.2343120574951	-46.09016
91.2499420642853	-45.84891
91.2655620574951	-46.00104
91.2811920642853	-46.59363
91.2968220710754	-47.47807
91.3124420642853	-48.25195
91.3280720710754	-48.3364
91.3436920642853	-47.1521
91.3593220710754	-44.31746
91.3749420642853	-39.81583
91.3905720710754	-34.01897
91.4062020778656	-27.57515
91.4218220710754	-21.19408
91.4374520778656	-15.43216
91.4530720710754	-10.52562
91.4687020778656	-6.406174
91.4843220710754	-2.783615
91.4999520778656	0.6407623
91.5155820846558	4.04361
91.5312020778656	7.40123
91.5468320846558	10.56522
91.5624520778656	13.35802
91.5780820846558	15.70625
91.5937020778656	17.67535
91.6093320846558	19.41785
91.6249620914459	21.05977
91.6405820846558	22.59676
91.6562120914459	23.88005
91.6718320846558	24.69649
91.6874620914459	24.91167
91.7030820846558	24.55363
91.7187120914459	23.82983
91.7343420982361	23.03067
91.7499620914459	22.38116
91.7655920982361	21.97528
91.7812120914459	21.74868
91.7968420982361	21.58397
91.8124620914459	21.40089
91.8280920982361	21.22784
91.8437221050262	21.14197
91.8593420982361	21.21848
91.8749721050262	21.45166
91.8905920982361	21.75553
91.9062221050262	22.02685
91.9218420982361	22.21817
91.9374721050262	22.36986
91.9531021118164	22.55955
91.9687221050262	22.85128
91.9843521118164	23.23536
91.9999721050262	23.64793
92.0156021118164	24.02588
92.0312221050262	24.34804
92.0468521118164	24.63414
92.0624821186066	24.86774
92.0781021118164	24.9507
92.0937321186066	24.67206
92.1093521118164	23.79718
92.1249821186066	22.18993
92.1406021118164	19.951
92.1562321186066	17.42367
92.1718621253967	15.1385
92.1874821186066	13.62777
92.2031121253967	13.27756
92.2187321186066	14.20467
92.2343621253967	16.26498
92.2499821186066	19.12397
92.2656121253967	22.40142
92.2812421321869	25.75124
92.2968621253967	28.88998
92.3124921321869	31.59066
92.3281121253967	33.62683
92.3437421321869	34.76114
92.3593621253967	34.8098
92.3749921321869	33.70619
92.3906221389771	31.5779
92.4062421321869	28.72314
92.4218721389771	25.54283
92.4374921321869	22.41624
92.4531221389771	19.62657
92.4687421321869	17.30042
92.4843721389771	15.48708
92.5000021457672	14.18977
92.5156221389771	13.38759
92.5312521457672	13.04875
92.5468721389771	13.08488
92.5625021457672	13.31554
92.5781221389771	13.49171
92.5937521457672	13.3465
92.6093821525574	12.68605
92.6250021457672	11.45174
92.6406321525574	9.749603
92.6562521457672	7.803314
92.6718821525574	5.872482
92.6875021457672	4.151276
92.7031321525574	2.70726
92.718761920929	1.44838
92.7343821525574	0.1652832
92.750011920929	-1.374069
92.7656321525574	-3.346451
92.781261920929	-5.827225
92.7968821525574	-8.787155
92.812511920929	-12.12335
92.8281419277191	-15.70419
92.843761920929	-19.41896
92.8593919277191	-23.18829
92.875011920929	-27.00903
92.8906419277191	-30.93195
92.906261920929	-35.09897
92.9218919277191	-39.67877
92.9375219345093	-44.83923
92.9531419277191	-50.60312
92.9687719345093	-56.82307
92.9843919277191	-63.1346
93.0000219345093	-68.9991
93.0156419277191	-73.82413
93.0312719345093	-77.07602
93.0469019412994	-78.43312
93.0625219345093	-77.85115
93.0781519412994	-75.5724
93.0937719345093	-72.04376
93.1094019412994	-67.79535
93.1250219345093	-63.29408
93.1406519412994	-58.84836
93.1562819480896	-54.60567
93.1719019412994	-50.60976
93.1875319480896	-46.86865
93.2031519412994	-43.39822
93.2187819480896	-40.19814
93.2344019412994	-37.21074
93.2500319480896	-34.293
93.2656619548798	-31.24663
93.2812819480896	-27.93875
93.2969119548798	-24.36325
93.3125319480896	-20.66376
93.3281619548798	-17.05045
93.3437819480896	-13.71405
93.3594119548798	-10.72542
93.3750419616699	-8.045685
93.3906619548798	-5.582687
93.4062919616699	-3.261444
93.4219119548798	-1.048538
93.4375419616699	1.016113
93.4531719684601	2.888977
93.4687919616699	4.551346
93.4844219684601	6.073196
93.5000419616699	7.602173
93.5156719684601	9.32402
93.5312919616699	11.3914
93.5469219684601	13.8141
93.5625519752502	16.405
93.5781719684601	18.80334
93.5938019752502	20.59491
93.6094219684601	21.47653
93.6250519752502	21.38724
93.6406719684601	20.56642
93.6563019752502	19.41505
93.6719319820404	18.33641
93.6875519752502	17.5437
93.7031819820404	17.00612
93.7188019752502	16.50183
93.7344319820404	15.7664
93.7500519752502	14.59038
93.7656819820404	12.90091
93.7813119888306	10.74603
93.7969319820404	8.29631
93.8125619888306	5.821838
93.8281819820404	3.684525
93.8438119888306	2.265732
93.8594319820404	1.883133
93.8750619888306	2.664566
93.8906919956207	4.46582
93.9063119888306	6.891373
93.9219419956207	9.408798
93.9375619888306	11.52039
93.9531919956207	12.90836
93.9688119888306	13.4769
93.9844419956207	13.29938
94.0000720024109	12.53488
94.0156919956207	11.33923
94.0313220024109	9.85582
94.0469419956207	8.227859
94.0625720024109	6.606369
94.0781919956207	5.155991
94.0938220024109	3.990402
94.109452009201	3.132401
94.1250720024109	2.550598
94.140702009201	2.180511
94.1563220024109	1.977631
94.171952009201	1.953087
94.1875720024109	2.144363
94.203202009201	2.547676
94.2188320159912	3.079514
94.234452009201	3.566948
94.2500820159912	3.84536
94.265702009201	3.848427
94.2813320159912	3.658981
94.296952009201	3.493492
94.3125820159912	3.590309
94.3282120227814	4.115456
94.3438320159912	5.047913
94.3594620227814	6.205299
94.3750820159912	7.277458
94.3907120227814	7.956902
94.4063320159912	8.009422
94.4219620227814	7.345421
94.4375920295715	6.057014
94.4532120227814	4.364052
94.4688420295715	2.562546
94.4844620227814	0.9548645
94.5000920295715	-0.2059631
94.5157120227814	-0.7817841
94.5313420295715	-0.7588501
94.5469720363617	-0.2614594
94.5625920295715	0.4483948
94.5782220363617	1.003242
94.5938420295715	0.9955521
94.6094720363617	0.1216965
94.6250920295715	-1.698318
94.6407220363617	-4.223396
94.6563520431519	-6.898224
94.6719720363617	-9.004005
94.6876020431519	-9.892685
94.7032220363617	-9.21701
94.7188520431519	-7.03344
94.7344720363617	-3.781563
94.7501020431519	-0.1223602
94.765732049942	3.275612
94.7813520431519	5.921883
94.796982049942	7.588875
94.8126020431519	8.315666
94.828232049942	8.337097
94.8438520431519	7.958435
94.859482049942	7.489777
94.8751120567322	7.166649
94.890732049942	7.161865
94.9063620567322	7.570633
94.921982049942	8.424812
94.9376120567322	9.668053
94.953232049942	11.16148
94.9688620567322	12.68043
94.9844920635223	13.97631
95.0001120567322	14.8953
95.0157420635223	15.39791
95.0313620567322	15.57703
95.0469920635223	15.55456
95.0626120567322	15.3958
95.0782420635223	15.06947
95.0938720703125	14.47456
95.1094920635223	13.56416
95.1251220703125	12.40282
95.1407420635223	11.21601
95.1563720703125	10.30038
95.1719920635223	9.923729
95.1876220703125	10.18287
95.2032520771027	10.95496
95.2188720703125	11.93512
95.2345020771027	12.73501
95.2501220703125	13.00883
95.2657520771027	12.56605
95.2813720703125	11.38119
95.2970020771027	9.561508
95.3126320838928	7.293221
95.3282520771027	4.777237
95.3438820838928	2.187813
95.3595020771027	-0.3505325
95.3751320838928	-2.78933
95.3907520771027	-5.167549
95.4063820838928	-7.62529
95.422012090683	-10.35146
95.4376320838928	-13.5162
95.453262090683	-17.10879
95.4688820838928	-20.88633
95.484512090683	-24.36226
95.5001320838928	-26.93118
95.515762090683	-28.06838
95.5313920974731	-27.49607
95.547012090683	-25.28678
95.5626420974731	-21.81248
95.578262090683	-17.63609
95.5938920974731	-13.33543
95.6095221042633	-9.347626
95.6251420974731	-5.918266
95.6407721042633	-3.0895
95.6563920974731	-0.7758713
95.6720221042633	1.154907
95.6876420974731	2.79586
95.7032721042633	4.179916
95.7189021110535	5.296829
95.7345221042633	6.149582
95.7501521110535	6.773232
95.7657721042633	7.260841
95.7814021110535	7.742287
95.7970221042633	8.358109
95.8126521110535	9.236359
95.8282821178436	10.46996
95.8439021110535	12.06966
95.8595321178436	13.91539
95.8751521110535	15.76015
95.8907821178436	17.24418
95.9064021110535	18.02905
95.9220321178436	17.94598
95.9376621246338	17.07514
95.9532821178436	15.70795
95.9689121246338	14.21143
95.9845321178436	12.83694
96.0001621246338	11.60909
96.0157821178436	10.38161
96.0314121246338	8.961082
96.047042131424	7.279182
96.0626621246338	5.448891
96.078292131424	3.688568
96.0939121246338	2.150307
96.109542131424	0.8070602
96.1251621246338	-0.5489502
96.140792131424	-2.215508
96.1564221382141	-4.440887
96.172042131424	-7.313782
96.1876721382141	-10.77557
96.203292131424	-14.64792
96.2189221382141	-18.71796
96.234542131424	-22.74787
96.2501721382141	-26.4741
96.2658021450043	-29.594
96.2814221382141	-31.75379
96.2970521450043	-32.6023
96.3126721382141	-31.87283
96.3283021450043	-29.52878
96.3439221382141	-25.80818
96.3595521450043	-21.223
96.3751821517944	-16.44174
96.3908021450043	-12.08904
96.4064321517944	-8.587074
96.4220521450043	-6.08149
96.4376821517944	-4.495827
96.4533021450043	-3.660934
96.4689321517944	-3.423889
96.484561920166	-3.659359
96.5001821517944	-4.250854
96.515811920166	-4.998837
96.5314321517944	-5.635685
96.547061920166	-5.893505
96.5626821517944	-5.639061
96.578311920166	-4.926514
96.5939419269562	-3.994171
96.609561920166	-3.150745
96.6251919269562	-2.639854
96.640811920166	-2.543045
96.6564419269562	-2.799416
96.672061920166	-3.268517
96.6876919269562	-3.822552
96.7033219337463	-4.421432
96.7189419269562	-5.10664
96.7345719337463	-5.947468
96.7501919269562	-6.965717
96.7658219337463	-8.11853
96.7814419269562	-9.278885
96.7970719337463	-10.32719
96.8127019405365	-11.20338
96.8283219337463	-11.93195
96.8439519405365	-12.60862
96.8595719337463	-13.31017
96.8752019405365	-14.07074
96.8908219337463	-14.87359
96.9064519405365	-15.69387
96.9220819473267	-16.54066
96.9377019405365	-17.48139
96.9533319473267	-18.6104
96.9689519405365	-20.03029
96.9845819473267	-21.79367
97.0002019405365	-23.88656
97.0158319473267	-26.16267
97.0314619541168	-28.30668
97.0470819473267	-29.85309
97.0627119541168	-30.24924
97.0783319473267	-29.01097
97.0939619541168	-25.9029
97.1095819473267	-21.05409
97.1252119541168	-14.9284
97.140841960907	-8.19405
97.1564619541168	-1.505751
97.172091960907	4.616852
97.1877119541168	9.86657
97.203341960907	14.09126
97.2189619541168	17.24966
97.234591960907	19.39333
97.2502219676971	20.66819
97.265841960907	21.34858
97.2814719676971	21.80553
97.297091960907	22.42363
97.3127219676971	23.46256
97.328341960907	25.00106
97.3439719676971	26.91768
97.3596019744873	28.96278
97.3752219676971	30.85787
97.3908519744873	32.37197
97.4064719676971	33.37073
97.4221019744873	33.83778
97.4377219676971	33.84215
97.4533519744873	33.5188
97.4689819812775	33.03391
97.4846019744873	32.53004
97.5002319812775	32.08572
97.5158519744873	31.71099
97.5314819812775	31.34847
97.5471019744873	30.9261
97.5627319812775	30.38407
97.5783619880676	29.69722
97.5939819812775	28.85677
97.6096119880676	27.86893
97.6252319812775	26.74643
97.6408619880676	25.49807
97.6564819812775	24.11738
97.6721119880676	22.56423
97.6877419948578	20.75342
97.7033619880676	18.53699
97.7189919948578	15.77071
97.7346119880676	12.35762
97.7502419948578	8.32431
97.7658619880676	3.851074
97.7814919948578	-0.7465057
97.7971220016479	-5.070717
97.8127419948578	-8.686813
97.8283720016479	-11.20908
97.8439919948578	-12.36027
97.8596220016479	-12.0294
97.8752419948578	-10.29306
97.8908720016479	-7.409439
97.9065020084381	-3.757919
97.9221220016479	0.2276917
97.9377520084381	4.1474
97.9533720016479	7.669807
97.9690020084381	10.55921
97.9846220016479	12.67764
98.0002520084381	14.01207
98.0158820152283	14.67918
98.0315020084381	14.88818
98.0471320152283	14.87756
98.0627520084381	14.82312
98.0783820152283	14.78431
98.0940020084381	14.72142
98.1096320152283	14.53831
98.1252620220184	14.16987
98.1408820152283	13.60322
98.1565120220184	12.90198
98.1721320152283	12.15869
98.1877620220184	11.46535
98.2033820152283	10.89951
98.2190120220184	10.53872
98.2346420288086	10.47483
98.2502620220184	10.78932
98.2658920288086	11.50574
98.2815120220184	12.53807
98.2971420288086	13.66953
98.3127720355988	14.56025
98.3283920288086	14.8677
98.3440220355988	14.33197
98.3596420288086	12.84688
98.3752720355988	10.47782
98.3908920288086	7.398846
98.4065220355988	3.847988
98.4221520423889	0.02386475
98.4377720355988	-3.922268
98.4534020423889	-7.900616
98.4690220355988	-11.84777
98.4846520423889	-15.71044
98.5002720355988	-19.43645
98.5159020423889	-23.0101
98.5315320491791	-26.48191
98.5471520423889	-29.94339
98.5627820491791	-33.49463
98.5784020423889	-37.15683
98.5940320491791	-40.81606
98.6096520423889	-44.18045
98.6252820491791	-46.85386
98.6409120559692	-48.42638
98.6565320491791	-48.60597
98.6721620559692	-47.32547
98.6877820491791	-44.75407
98.7034120559692	-41.27331
98.7190320491791	-37.34073
98.7346620559692	-33.35147
98.7502920627594	-29.57267
98.7659120559692	-26.13334
98.7815420627594	-23.07193
98.7971620559692	-20.36472
98.8127920627594	-18.00266
98.8284120559692	-15.94916
98.8440420627594	-14.12598
98.8596720695496	-12.39391
98.8752920627594	-10.5873
98.8909220695496	-8.582817
98.9065420627594	-6.364643
98.9221720695496	-4.049831
98.9377920627594	-1.834198
98.9534220695496	0.06336212
98.9690520763397	1.494415
98.9846720695496	2.418213
99.0003020763397	2.880062
99.0159220695496	2.959991
99.0315520763397	2.759098
99.0471720695496	2.347313
99.0628020763397	1.782032
99.0784320831299	1.114346
99.0940520763397	0.3892212
99.1096820831299	-0.3535118
99.1253020763397	-1.075058
99.1409320831299	-1.763107
99.1565520763397	-2.401199
99.1721820831299	-2.984177
99.18781208992	-3.529984
99.2034320831299	-4.070183
99.21906208992	-4.679489
99.2346820831299	-5.432304
99.25031208992	-6.403526
99.2659320831299	-7.622734
99.28156208992	-9.090149
99.2971920967102	-10.73766
99.31281208992	-12.44305
99.3284420967102	-14.03253
99.34406208992	-15.26419
99.3596920967102	-15.85285
99.37531208992	-15.53069
99.3909420967102	-14.12288
99.4065721035004	-11.61987
99.4221920967102	-8.22303
99.4378221035004	-4.273895
99.4534420967102	-0.177742
99.4690721035004	3.687363
99.4846920967102	7.065033
99.5003221035004	9.819069
99.5159521102905	11.88757
99.5315721035004	13.27359
99.5472021102905	14.02869
99.5628221035004	14.28041
99.5784521102905	14.25621
99.5940721035004	14.23006
99.6097021102905	14.46254
99.6253321170807	15.09143
99.6409521102905	16.05435
99.6565821170807	17.13562
99.6722021102905	18.02985
99.6878321170807	18.45377
99.7034521102905	18.26384
99.7190821170807	17.49409
99.7347121238708	16.31931
99.7503321170807	14.96466
99.7659621238708	13.64061
99.7815821170807	12.46227
99.7972121238708	11.44475
99.8128321170807	10.52385
99.8284621238708	9.624268
99.844092130661	8.669189
99.8597121238708	7.646774
99.875342130661	6.578766
99.8909621238708	5.508591
99.906592130661	4.440201
99.9222121238708	3.324341
99.937842130661	2.07048
99.9534721374512	0.575058
99.969092130661	-1.22757
99.9847221374512	-3.36171
100.000342130661	-5.792053
100.015972137451	-8.436722
100.031592130661	-11.14528
100.047222137451	-13.69208
100.062852144241	-15.76346
100.078472137451	-16.97687
100.094102144241	-16.98238
100.109722137451	-15.56534
100.125352144241	-12.77116
100.140972137451	-8.922455
100.156602144241	-4.530396
100.172232151031	-0.1360016
100.187852144241	3.835892
100.203482151031	7.160706
100.219102144241	9.793686
100.234732151031	11.79041
100.250352144241	13.23152
100.265982151031	14.19943
100.281611919403	14.78638
100.297232151031	15.117
100.312861919403	15.32759
100.328482151031	15.55316
100.344111919403	15.86215
100.359732151031	16.26976
100.375361919403	16.72443
100.390991926193	17.16949
100.406611919403	17.53714
100.422241926193	17.7718
100.437861919403	17.8091
100.453491926193	17.57175
100.469121932983	16.99966
100.484741926193	16.05795
100.500371932983	14.78313
100.515991926193	13.26115
100.531621932983	11.61868
100.547241926193	9.985321
100.562871932983	8.454376
100.578501939774	7.074875
100.594121932983	5.807098
100.609751939774	4.548462
100.625371932983	3.16217
100.641001939774	1.549133
100.656621932983	-0.3045807
100.672251939774	-2.298111
100.687881946564	-4.30719
100.703501939774	-6.256302
100.719131946564	-8.175873
100.734751939774	-10.18716
100.750381946564	-12.40376
100.766001939774	-14.80817
100.781631946564	-17.19739
100.797261953354	-19.2037
100.812881946564	-20.41452
100.828511953354	-20.51225
100.844131946564	-19.37451
100.859761953354	-17.09848
100.875381946564	-13.9402
100.891011953354	-10.23689
100.906641960144	-6.320328
100.922261953354	-2.447998
100.937891960144	1.184769
100.953511953354	4.447189
100.969141960144	7.237442
100.984761953354	9.483368
101.000391960144	11.16896
101.016021966934	12.36548
101.031641960144	13.2162
101.047271966934	13.90886
101.062891960144	14.58572
101.078521966934	15.31078
101.094141960144	16.037
101.109771966934	16.6657
101.125401973724	17.11324
101.141021966934	17.35104
101.156651973724	17.394
101.172271966934	17.26678
101.187901973724	16.9758
101.203521966934	16.47255
101.219151973724	15.69106
101.234781980515	14.59589
101.250401973724	13.20624
101.266031980515	11.6319
101.281651973724	10.02467
101.297281980515	8.544296
101.312901973724	7.29483
101.328531980515	6.286057
101.344161987305	5.395126
101.359781980515	4.425186
101.375411987305	3.188538
101.391031980515	1.600418
101.406661987305	-0.2684784
101.422281980515	-2.221848
101.437911987305	-4.050323
101.453541994095	-5.622559
101.469161987305	-6.944977
101.484791994095	-8.141571
101.500411987305	-9.382782
101.516041994095	-10.80496
101.531661987305	-12.4864
101.547291994095	-14.43593
101.562922000885	-16.58694
101.578541994095	-18.77269
101.594172000885	-20.70583
101.609791994095	-21.99091
101.625422000885	-22.21567
101.641041994095	-21.06706
101.656672000885	-18.47662
101.672302007675	-14.68825
101.687922000885	-10.19174
101.703552007675	-5.593918
101.719172000885	-1.397659
101.734802007675	2.133301
101.750422000885	4.97345
101.766052007675	7.287506
101.781682014465	9.25943
101.797302007675	10.98817
101.812932014465	12.4514
101.828552007675	13.56087
101.844182014465	14.27275
101.859802007675	14.64502
101.875432014465	14.83513
101.891062021255	15.00258
101.906682014465	15.23718
101.922312021255	15.48508
101.937932014465	15.61424
101.953562021255	15.49377
101.969182014465	15.08548
101.984812021255	14.45767
102.000442028046	13.7254
102.016062021255	12.98802
102.031692028046	12.24304
102.047312021255	11.40678
102.062942028046	10.37871
102.078562021255	9.122345
102.094192028046	7.715378
102.109822034836	6.339813
102.125442028046	5.223129
102.141072034836	4.525406
102.156692028046	4.253876
102.172322034836	4.269699
102.187942028046	4.322891
102.203572034836	4.178101
102.219202041626	3.696823
102.234822034836	2.901062
102.250452041626	1.921005
102.266072034836	0.9211121
102.281702041626	-0.01766968
102.297322034836	-0.9514618
102.312952041626	-2.014709
102.328582048416	-3.369263
102.344202041626	-5.108902
102.359832048416	-7.249207
102.375452041626	-9.730438
102.391082048416	-12.4572
102.406702041626	-15.2478
102.422332048416	-17.8064
102.437962055206	-19.71149
102.453582048416	-20.5014
102.469212055206	-19.84918
102.484832048416	-17.73135
102.500462055206	-14.48929
102.516082048416	-10.69145
102.531712055206	-6.924408
102.547342061996	-3.577911
102.562962055206	-0.7339783
102.578592061996	1.753021
102.594212055206	4.066803
102.609842061996	6.266647
102.625462055206	8.235504
102.641092061996	9.784317
102.656722068787	10.77338
102.672342061996	11.24687
102.687972068787	11.40669
102.703592061996	11.54677
102.719222068787	11.89444
102.734852075577	12.53604
102.750472068787	13.37097
102.766102075577	14.18887
102.781722068787	14.77547
102.797352075577	15.0031
102.812972068787	14.88446
102.828602075577	14.53886
102.844232082367	14.12988
102.859852075577	13.77312
102.875482082367	13.4977
102.891102075577	13.23857
102.906732082367	12.90825
102.922352075577	12.43005
102.937982082367	11.79143
102.953612089157	11.04478
102.969232082367	10.27484
102.984862089157	9.551208
103.000482082367	8.8992
103.016112089157	8.315552
103.031732082367	7.75145
103.047362089157	7.128326
103.062992095947	6.361008
103.078612089157	5.36235
103.094242095947	4.085983
103.109862089157	2.534531
103.125492095947	0.7688293
103.141112089157	-1.112381
103.156742095947	-3.009125
103.172372102737	-4.864502
103.187992095947	-6.668594
103.203622102737	-8.477676
103.219242095947	-10.38942
103.234872102737	-12.51117
103.250492095947	-14.9207
103.266122102737	-17.59766
103.281752109528	-20.37256
103.297372102737	-22.88672
103.313002109528	-24.67633
103.328622102737	-25.28029
103.344252109528	-24.42177
103.359872102737	-22.10959
103.375502109528	-18.64168
103.391132116318	-14.50537
103.406752109528	-10.20087
103.422382116318	-6.132568
103.438002109528	-2.553268
103.453632116318	0.4210052
103.469252109528	2.769043
103.484882116318	4.517265
103.500512123108	5.735504
103.516132116318	6.521027
103.531762123108	6.998123
103.547382116318	7.319023
103.563012123108	7.621208
103.578632116318	8.035225
103.594262123108	8.641281
103.609892129898	9.437614
103.625512123108	10.30647
103.641142129898	11.0748
103.656762123108	11.55335
103.672392129898	11.64053
103.688012123108	11.37154
103.703642129898	10.88746
103.719272136688	10.35954
103.734892129898	9.890594
103.750522136688	9.480774
103.766142129898	9.037125
103.781772136688	8.459038
103.797392129898	7.695648
103.813022136688	6.762756
103.828652143478	5.744713
103.844272136688	4.730774
103.859902143478	3.784592
103.875522136688	2.930046
103.891152143478	2.136154
103.906772136688	1.33519
103.922402143478	0.4630203
103.938032150269	-0.5389786
103.953652143478	-1.702477
103.969282150269	-3.029549
103.984902143478	-4.48951
104.000532150269	-6.048615
104.016152143478	-7.678711
104.031782150269	-9.379951
104.047412157059	-11.17598
104.063032150269	-13.13264
104.078662157059	-15.34382
104.094282150269	-17.88158
104.109912157059	-20.72695
104.125532150269	-23.71039
104.141162157059	-26.47687
104.15679192543	-28.57483
104.172412157059	-29.54296
104.18804192543	-29.09993
104.203662157059	-27.20247
104.21929192543	-24.0853
104.234912157059	-20.16969
104.25054192543	-15.95219
104.26617193222	-11.86123
104.28179192543	-8.211151
104.29742193222	-5.156803
104.31304192543	-2.72678
104.32867193222	-0.886631
104.34429192543	0.4466515
104.35992193222	1.351871
104.375551939011	1.93734
104.39117193222	2.323669
104.406801939011	2.654461
104.42242193222	3.055744
104.438051939011	3.595551
104.45367193222	4.262352
104.469301939011	4.972458
104.484931945801	5.612358
104.500551939011	6.111145
104.516181945801	6.459641
104.531801939011	6.712563
104.547431945801	6.930359
104.563051939011	7.118172
104.578681945801	7.205929
104.594311952591	7.093868
104.609931945801	6.692131
104.625561952591	6.004436
104.641181945801	5.104729
104.656811952591	4.126514
104.672431945801	3.181046
104.688061952591	2.309441
104.703691959381	1.488155
104.719311952591	0.6305122
104.734941959381	-0.3468742
104.750561952591	-1.518604
104.766191959381	-2.887085
104.781811952591	-4.405239
104.797441959381	-5.986355
104.813071966171	-7.519493
104.828691959381	-8.941021
104.844321966171	-10.24505
104.859941959381	-11.51682
104.875571966171	-12.90325
104.891191959381	-14.57953
104.906821966171	-16.68321
104.922451972961	-19.2491
104.938071966171	-22.18642
104.953701972961	-25.26587
104.969321966171	-28.14312
104.984951972961	-30.4002
105.000571966171	-31.64751
105.016201972961	-31.60344
105.031831979752	-30.19546
105.047451972961	-27.56178
105.063081979752	-24.01829
105.078701972961	-19.97134
105.094331979752	-15.79343
105.109951972961	-11.75549
105.125581979752	-7.986412
105.141211986542	-4.547115
105.156831979752	-1.462925
105.172461986542	1.213757
105.188081979752	3.425903
105.203711986542	5.169842
105.219331979752	6.507393
105.234961986542	7.584442
105.250591993332	8.537457
105.266211986542	9.464115
105.281841993332	10.38287
105.297461986542	11.25576
105.313091993332	12.04833
105.328722000122	12.77836
105.344341993332	13.4839
105.359972000122	14.18942
105.375591993332	14.86793
105.391222000122	15.43982
105.406841993332	15.81519
105.422472000122	15.94914
105.438102006912	15.84753
105.453722000122	15.54165
105.469352006912	15.04568
105.484972000122	14.33564
105.500602006912	13.38211
105.516222000122	12.21564
105.531852006912	10.93963
105.547482013702	9.688278
105.563102006912	8.559891
105.578732013702	7.534416
105.594352006912	6.476906
105.609982013702	5.230804
105.625602006912	3.710617
105.641232013702	1.955307
105.656862020493	0.1337509
105.672482013702	-1.54068
105.688112020493	-2.895752
105.703732013702	-3.895149
105.719362020493	-4.640144
105.734982013702	-5.35759
105.750612020493	-6.317711
105.766242027283	-7.749428
105.781862020493	-9.756477
105.797492027283	-12.27733
105.813112020493	-15.06456
105.828742027283	-17.67164
105.844362020493	-19.5795
105.859992027283	-20.28017
105.875622034073	-19.46676
105.891242027283	-17.10982
105.906872034073	-13.52368
105.922492027283	-9.244751
105.938122034073	-4.86039
105.953742027283	-0.8312759
105.969372034073	2.641861
105.985002040863	5.590179
106.000622034073	8.176865
106.016252040863	10.54711
106.031872034073	12.7382
106.047502040863	14.68257
106.063122034073	16.29804
106.078752040863	17.57259
106.094382047653	18.58669
106.110002040863	19.48936
106.125632047653	20.40339
106.141252040863	21.38165
106.156882047653	22.38435
106.172502040863	23.33101
106.188132047653	24.11657
106.203762054443	24.67012
106.219382047653	24.95873
106.235012054443	25.01689
106.250632047653	24.95332
106.266262054443	24.90244
106.281882047653	25.00073
106.297512054443	25.33144
106.313142061234	25.8701
106.328762054443	26.50358
106.344392061234	27.08018
106.360012054443	27.50539
106.375642061234	27.78269
106.391262054443	28.07338
106.406892061234	28.62715
106.422522068024	29.67538
106.438142061234	31.32579
106.453772068024	33.51171
106.469392061234	35.98312
106.485022068024	38.34695
106.500642061234	40.15669
106.516272068024	40.98763
106.531902074814	40.54225
106.547522068024	38.73426
106.563152074814	35.72074
106.578772068024	31.85988
106.594402074814	27.64259
106.610022068024	23.53421
106.625652074814	19.82665
106.641282081604	16.57109
106.656902074814	13.60076
106.672532081604	10.64796
106.688152074814	7.509676
106.703782081604	4.209909
106.719402074814	1.020898
106.735032081604	-1.599363
106.750662088394	-3.232865
106.766282081604	-3.698103
106.781912088394	-3.217131
106.797532081604	-2.377613
106.813162088394	-1.988771
106.828782081604	-2.798931
106.844412088394	-5.274271
106.860042095184	-9.477848
106.875662088394	-15.11213
106.891292095184	-21.68251
106.906912088394	-28.63021
106.922542095184	-35.4524
106.938162088394	-41.75171
106.953792095184	-47.22647
106.969422101974	-51.68615
106.985042095184	-55.04467
107.000672101974	-57.35294
107.016292095184	-58.77365
107.031922101974	-59.54467
107.047542095184	-59.87968
107.063172101974	-59.90612
107.078802108765	-59.62357
107.094422101974	-58.93096
107.110052108765	-57.67216
107.125672101974	-55.74846
107.141302108765	-53.15783
107.156922101974	-50.03862
107.172552108765	-46.61448
107.188182115555	-43.15263
107.203802108765	-39.87311
107.219432115555	-36.89368
107.235052108765	-34.18755
107.250682115555	-31.64303
107.266302108765	-29.12344
107.281932115555	-26.55545
107.297562122345	-23.96443
107.313182115555	-21.4954
107.328812122345	-19.31977
107.344432115555	-17.57256
107.360062122345	-16.29209
107.375682115555	-15.3776
107.391312122345	-14.65837
107.406942129135	-13.95508
107.422562122345	-13.16425
107.438192129135	-12.31392
107.453812122345	-11.55174
107.469442129135	-11.09122
107.485062122345	-11.14385
107.500692129135	-11.78974
107.516322135925	-12.91884
107.531942129135	-14.21491
107.547572135925	-15.19013
107.563192129135	-15.32797
107.578822135925	-14.26022
107.594452142715	-11.88245
107.610072135925	-8.411957
107.625702142715	-4.328606
107.641322135925	-0.2223854
107.656952142715	3.384319
107.672572135925	6.165466
107.688202142715	8.039471
107.703832149506	9.12299
107.719452142715	9.656155
107.735082149506	9.907944
107.750702142715	10.10924
107.766332149506	10.43758
107.781952142715	11.00396
107.797582149506	11.87054
107.813212156296	13.03528
107.828832149506	14.44898
107.844462156296	16.0067
107.860082149506	17.56925
107.875712156296	19.00551
107.891332149506	20.19864
107.906962156296	21.10746
107.922591924667	21.74325
107.938212156296	22.16395
107.953841924667	22.44231
107.969462156296	22.62884
107.985091924667	22.71725
108.000712156296	22.6587
108.016341924667	22.41195
108.031971931458	21.97902
108.047591924667	21.47954
108.063221931458	21.10455
108.078841924667	21.03273
108.094471931458	21.28469
108.110091924667	21.69057
108.125721931458	21.88708
108.141351938248	21.49356
108.156971931458	20.25492
108.172601938248	18.19382
108.188221931458	15.59051
108.203851938248	12.85624
108.219471931458	10.36361
108.235101938248	8.281848
108.250731945038	6.545982
108.266351938248	4.886704
108.281981945038	2.961986
108.297601938248	0.4574025
108.313231945038	-2.806451
108.328851938248	-6.830499
108.344481945038	-11.41674
108.360111951828	-16.18553
108.375731945038	-20.61551
108.391361951828	-24.13845
108.406981945038	-26.23539
108.422611951828	-26.58311
108.438231945038	-25.1366
108.453861951828	-22.1871
108.469491958618	-18.27993
108.485111951828	-14.0856
108.500741958618	-10.20435
108.516361951828	-7.006795
108.531991958618	-4.572587
108.547611951828	-2.719043
108.563241958618	-1.138254
108.578871965408	0.4700966
108.594491958618	2.2995
108.610121965408	4.418417
108.625741958618	6.817125
108.641371965408	9.45906
108.656991958618	12.29917
108.672621965408	15.2928
108.688251972198	18.36939
108.703871965408	21.43774
108.719501972198	24.39435
108.735121965408	27.13476
108.750751972198	29.56695
108.766371965408	31.5918
108.782001972198	33.09164
108.797631978989	33.95321
108.813251972198	34.08005
108.828881978989	33.43921
108.844501972198	32.09154
108.860131978989	30.18961
108.875751972198	27.94098
108.891381978989	25.53281
108.907011985779	23.10739
108.922631978989	20.72834
108.938261985779	18.4185
108.953881978989	16.16671
108.969511985779	13.95302
108.985131978989	11.75722
109.000761985779	9.546973
109.016391992569	7.281817
109.032011985779	4.913038
109.047641992569	2.379053
109.063261985779	-0.3567157
109.078891992569	-3.316646
109.094511985779	-6.499583
109.110141992569	-9.934267
109.125771999359	-13.6578
109.141391992569	-17.70447
109.157021999359	-22.03201
109.172641992569	-26.4195
109.188271999359	-30.44604
109.203891992569	-33.58601
109.219521999359	-35.37766
109.235152006149	-35.62304
109.250771999359	-34.46957
109.266402006149	-32.35999
109.282021999359	-29.84894
109.297652006149	-27.37806
109.313271999359	-25.1553
109.328902006149	-23.17331
109.344532012939	-21.32755
109.360152006149	-19.54244
109.375782012939	-17.82743
109.391402006149	-16.23316
109.407032012939	-14.76144
109.422652006149	-13.29565
109.438282012939	-11.6443
109.45391201973	-9.633451
109.469532012939	-7.222172
109.48516201973	-4.527672
109.500782012939	-1.806629
109.51641201973	0.637598
109.532032012939	2.588747
109.54766201973	3.945629
109.56329202652	4.754374
109.57891201973	5.130886
109.59454202652	5.22191
109.61016201973	5.121267
109.62579202652	4.867355
109.64141201973	4.4643
109.65704202652	3.890984
109.67267203331	3.154936
109.68829202652	2.281885
109.70392203331	1.314993
109.71954202652	0.2995596
109.73517203331	-0.731741
109.7508020401	-1.732517
109.76642203331	-2.679196
109.7820520401	-3.579943
109.79767203331	-4.494014
109.8133020401	-5.524733
109.82892203331	-6.809662
109.8445520401	-8.467588
109.86018204689	-10.52528
109.8758020401	-12.8398
109.89143204689	-15.09611
109.9070520401	-16.85738
109.92268204689	-17.68372
109.9383020401	-17.2477
109.95393204689	-15.44115
109.96956205368	-12.37841
109.98518204689	-8.334906
110.00081205368	-3.681969
110.01643204689	1.211841
110.03206205368	6.020679
110.04768204689	10.48844
110.06331205368	14.43758
110.078942060471	17.75788
110.09456205368	20.40816
110.110192060471	22.41048
110.12581205368	23.81864
110.141442060471	24.70888
110.15706205368	25.14219
110.172692060471	25.18774
110.188322067261	24.90725
110.203942060471	24.36533
110.219572067261	23.61449
110.235192060471	22.66594
110.250822067261	21.48498
110.266442060471	20.02353
110.282072067261	18.24705
110.297702074051	16.16909
110.313322067261	13.85771
110.328952074051	11.41318
110.344572067261	8.919368
110.360202074051	6.39431
110.375822067261	3.756278
110.391452074051	0.8562341
110.407082080841	-2.424256
110.422702074051	-6.105961
110.438332080841	-10.03032
110.453952074051	-13.90408
110.469582080841	-17.40896
110.485202074051	-20.3206
110.500832080841	-22.62779
110.516462087631	-24.50365
110.532082080841	-26.24772
110.547712087631	-28.15878
110.563332080841	-30.44128
110.578962087631	-33.14487
110.594582080841	-36.18674
110.610212087631	-39.33946
110.625842094421	-42.25971
110.641462087631	-44.47689
110.657092094421	-45.46471
110.672712087631	-44.75988
110.688342094421	-42.10829
110.703962087631	-37.59706
110.719592094421	-31.67587
110.735222101212	-25.01601
110.750842094421	-18.30609
110.766472101212	-12.07837
110.782092094421	-6.595974
110.797722101212	-1.898233
110.813342094421	2.095261
110.828972101212	5.463507
110.844602108002	8.23173
110.860222101212	10.38128
110.875852108002	11.91066
110.891472101212	12.88845
110.907102108002	13.44039
110.922722101212	13.71854
110.938352108002	13.84299
110.953982114792	13.90564
110.969602108002	13.98482
110.985232114792	14.16111
111.000852108002	14.51008
111.016482114792	15.10027
111.032102108002	15.94462
111.047732114792	17.00812
111.063362121582	18.21298
111.078982114792	19.44697
111.094612121582	20.59055
111.110232114792	21.52581
111.125862121582	22.13119
111.141482114792	22.31439
111.157112121582	22.04902
111.172742128372	21.38791
111.188362121582	20.43567
111.203992128372	19.3265
111.219612121582	18.15475
111.235242128372	16.95486
111.250862121582	15.72384
111.266492128372	14.44967
111.282122135162	13.14398
111.297742128372	11.8418
111.313372135162	10.56844
111.328992128372	9.294327
111.344622135162	7.933739
111.360242128372	6.363586
111.375872135162	4.46125
111.391502141953	2.216843
111.407122135162	-0.2102127
111.422752141953	-2.454735
111.438372135162	-4.009926
111.454002141953	-4.372452
111.469622135162	-3.210449
111.485252141953	-0.5018234
111.500882148743	3.454842
111.516502141953	8.16291
111.532132148743	13.11263
111.547752141953	17.9524
111.563382148743	22.53206
111.579002141953	26.83985
111.594632148743	30.85988
111.610262155533	34.49018
111.625882148743	37.52841
111.641512155533	39.74075
111.657132148743	40.99377
111.672762155533	41.33259
111.688382148743	40.96205
111.704012155533	40.2014
111.719641923904	39.36059
111.735262155533	38.6298
111.750891923904	38.01742
111.766512155533	37.32394
111.782141923904	36.24961
111.797762155533	34.51007
111.813391923904	32.01777
111.829021930695	28.90539
111.844641923904	25.47633
111.860271930695	22.04379
111.875891923904	18.77894
111.891521930695	15.6357
111.907141923904	12.40345
111.922771930695	8.851076
111.938401937485	4.852514
111.954021930695	0.4525776
111.969651937485	-4.189495
111.985271930695	-8.885878
112.000901937485	-13.48451
112.016521930695	-17.90453
112.032151937485	-22.07948
112.047781944275	-25.92015
112.063401937485	-29.33886
112.079031944275	-32.28102
112.094651937485	-34.76838
112.110281944275	-36.87994
112.125901937485	-38.70825
112.141531944275	-40.31827
112.157161951065	-41.70699
112.172781944275	-42.85683
112.188411951065	-43.80749
112.204031944275	-44.6973
112.219661951065	-45.76021
112.235281944275	-47.23161
112.250911951065	-49.21231
112.266541957855	-51.57128
112.282161951065	-53.88454
112.297791957855	-55.53953
112.313411951065	-55.86262
112.329041957855	-54.36753
112.344661951065	-50.89503
112.360291957855	-45.68037
112.375921964645	-39.2799
112.391541957855	-32.39145
112.407171964645	-25.67266
112.422791957855	-19.55882
112.438421964645	-14.23631
112.454051971436	-9.681313
112.469671964645	-5.791075
112.485301971436	-2.463669
112.500921964645	0.3470459
112.516551971436	2.657017
112.532171964645	4.527761
112.547801971436	6.092161
112.563431978226	7.54348
112.579051971436	9.040451
112.594681978226	10.6211
112.610301971436	12.15944
112.625931978226	13.42593
112.641551971436	14.20244
112.657181978226	14.41673
112.672811985016	14.21998
112.688431978226	13.89252
112.704061985016	13.69275
112.719681978226	13.68174
112.735311985016	13.67028
112.750931978226	13.29117
112.766561985016	12.21161
112.782191991806	10.29929
112.797811985016	7.731623
112.813441991806	4.916646
112.829061985016	2.304783
112.844691991806	0.2066174
112.860311985016	-1.308384
112.875941991806	-2.383954
112.891571998596	-3.246943
112.907191991806	-4.089753
112.922821998596	-5.00023
112.938441991806	-5.973884
112.954071998596	-6.970464
112.969691991806	-7.974089
112.985321998596	-8.990989
113.000952005386	-10.04716
113.016571998596	-11.1776
113.032202005386	-12.43659
113.047821998596	-13.9341
113.063452005386	-15.83906
113.079071998596	-18.33005
113.094702005386	-21.51469
113.110332012177	-25.30008
113.125952005386	-29.29219
113.141582012177	-32.80438
113.157202005386	-35.00111
113.172832012177	-35.11776
113.188452005386	-32.72654
113.204082012177	-27.93646
113.219712018967	-21.41063
113.235332012177	-14.20655
113.250962018967	-7.464962
113.266582012177	-2.060284
113.282212018967	1.652626
113.297832012177	3.905529
113.313462018967	5.349098
113.329092025757	6.799553
113.344712018967	8.922371
113.360342025757	12.01791
113.375962018967	15.99516
113.391592025757	20.46461
113.407212018967	24.93754
113.422842025757	29.00703
113.438472032547	32.43161
113.454092025757	35.15489
113.469722032547	37.21487
113.485342025757	38.68384
113.500972032547	39.65319
113.516592025757	40.24082
113.532222032547	40.62854
113.547852039337	41.02588
113.563472032547	41.60343
113.579102039337	42.41275
113.594722032547	43.33355
113.610352039337	44.06805
113.625972032547	44.24084
113.641602039337	43.51102
113.657232046127	41.67711
113.672852039337	38.72479
113.688482046127	34.83923
113.704102039337	30.32222
113.719732046127	25.47984
113.735352039337	20.55834
113.750982046127	15.68088
113.766612052917	10.86237
113.782232046127	6.093971
113.797862052917	1.414852
113.813482046127	-3.075188
113.829112052917	-7.215488
113.844732046127	-10.8656
113.860362052917	-13.94694
113.875992059708	-16.4445
113.891612052917	-18.39901
113.907242059708	-19.88499
113.922862052917	-21.03809
113.938492059708	-22.04382
113.954112052917	-23.15208
113.969742059708	-24.56789
113.985372066498	-26.33461
114.000992059708	-28.2384
114.016622066498	-29.7946
114.032242059708	-30.38884
114.047872066498	-29.48538
114.063492059708	-26.84802
114.079122066498	-22.6287
114.094752073288	-17.33065
114.110372066498	-11.62177
114.126002073288	-6.125755
114.141622066498	-1.244606
114.157252073288	2.896397
114.172872066498	6.384041
114.188502073288	9.384632
114.204132080078	12.00717
114.219752073288	14.24551
114.235382080078	16.02297
114.251002073288	17.30007
114.266632080078	18.15382
114.282252073288	18.77596
114.297882080078	19.37527
114.313512086868	20.06036
114.329132080078	20.78153
114.344762086868	21.36099
114.360382080078	21.60951
114.376012086868	21.44195
114.391632080078	20.9226
114.407262086868	20.18522
114.422892093658	19.34302
114.438512086868	18.40751
114.454142093658	17.30972
114.469762086868	16.00624
114.485392093658	14.56956
114.501012086868	13.18885
114.516642093658	12.11404
114.532272100449	11.52531
114.547892093658	11.47065
114.563522100449	11.8879
114.579142093658	12.66605
114.594772100449	13.7087
114.610402107239	14.93117
114.626022100449	16.22577
114.641652107239	17.41897
114.657272100449	18.29403
114.672902107239	18.69681
114.688522100449	18.60752
114.704152107239	18.17128
114.719782114029	17.58717
114.735402107239	17.00466
114.751032114029	16.38948
114.766652107239	15.53057
114.782282114029	14.091
114.797902107239	11.75686
114.813532114029	8.333031
114.829162120819	3.81691
114.844782114029	-1.576376
114.860412120819	-7.43425
114.876032114029	-13.19142
114.891662120819	-18.16825
114.907282114029	-21.75571
114.922912120819	-23.52774
114.938542127609	-23.36687
114.954162120819	-21.52239
114.969792127609	-18.51489
114.985412120819	-14.96098
115.001042127609	-11.4212
115.016662120819	-8.263084
115.032292127609	-5.648022
115.047922134399	-3.603138
115.063542127609	-2.077953
115.079172134399	-1.006691
115.094792127609	-0.3170242
115.110422134399	0.11689
115.126042127609	0.4800873
115.141672134399	1.022385
115.15730214119	1.990494
115.172922134399	3.572449
115.18855214119	5.83725
115.204172134399	8.717827
115.21980214119	12.03446
115.235422134399	15.52747
115.25105214119	18.9342
115.26668214798	22.00654
115.28230214119	24.56213
115.29793214798	26.51678
115.31355214119	27.87973
115.32918214798	28.73792
115.34480214119	29.22125
115.36043214798	29.45827
115.37606215477	29.52928
115.39168214798	29.5244
115.40731215477	29.49237
115.42293214798	29.48859
115.43856215477	29.5466
115.45418214798	29.64961
115.46981215477	29.7193
115.485441923141	29.62305
115.50106215477	29.19206
115.516691923141	28.27745
115.53231215477	26.78839
115.547941923141	24.72505
115.56356215477	22.16176
115.579191923141	19.22806
115.594821929932	16.04277
115.610441923141	12.67169
115.626071929932	9.069122
115.641691923141	5.118195
115.657321929932	0.65625
115.672941923141	-4.437256
115.688571929932	-10.22687
115.704201936722	-16.70015
115.719821929932	-23.77455
115.735451936722	-31.28693
115.751071929932	-38.95924
115.766701936722	-46.36902
115.782321929932	-52.99005
115.797951936722	-58.3101
115.813581943512	-61.99219
115.829201936722	-64.04733
115.844831943512	-64.83565
115.860451936722	-64.95174
115.876081943512	-64.98637
115.891701936722	-65.29779
115.907331943512	-65.92691
115.922961950302	-66.65857
115.938581943512	-67.2067
115.954211950302	-67.39841
115.969831943512	-67.22391
115.985461950302	-66.77475
116.001081943512	-66.10284
116.016711950302	-65.10233
116.032341957092	-63.52634
116.047961950302	-61.09137
116.063591957092	-57.63895
116.079211950302	-53.2485
116.094841957092	-48.23767
116.110461950302	-43.02023
116.126091957092	-37.92502
116.141721963882	-33.10559
116.157341957092	-28.49924
116.172971963882	-23.93634
116.188591957092	-19.26492
116.204221963882	-14.46207
116.219841957092	-9.641968
116.235471963882	-5.003601
116.251101970673	-0.7307434
116.266721963882	3.083435
116.282351970673	6.477539
116.297971963882	9.596802
116.313601970673	12.65869
116.329221963882	15.85373
116.344851970673	19.29364
116.360481977463	22.95996
116.376101970673	26.69296
116.391731977463	30.24084
116.407351970673	33.31961
116.422981977463	35.7309
116.438601970673	37.42291
116.454231977463	38.49057
116.469861984253	39.11472
116.485481977463	39.46103
116.501111984253	39.59628
116.516731977463	39.47086
116.532361984253	38.93152
116.547981977463	37.78836
116.563611984253	35.90546
116.579241991043	33.29819
116.594861984253	30.17804
116.610491991043	26.99371
116.626111984253	24.35529
116.641741991043	22.89413
116.657361984253	23.05621
116.672991991043	24.94632
116.688621997833	28.26718
116.704241991043	32.39209
116.719871997833	36.56644
116.735491991043	40.11923
116.751121997833	42.6217
116.766741991043	43.9111
116.782371997833	44.07162
116.798002004623	43.30374
116.813621997833	41.90152
116.829252004623	40.16656
116.844871997833	38.38403
116.860502004623	36.7804
116.876121997833	35.46878
116.891752004623	34.45572
116.907382011414	33.65454
116.923002004623	32.95081
116.938632011414	32.26199
116.954252004623	31.52246
116.969882011414	30.68433
116.985502004623	29.65411
117.001132011414	28.32413
117.016762018204	26.60559
117.032382011414	24.47772
117.048012018204	21.97314
117.063632011414	19.17648
117.079262018204	16.14078
117.094882011414	12.85992
117.110512018204	9.295074
117.126142024994	5.429169
117.141762018204	1.362061
117.157392024994	-2.703918
117.173012018204	-6.511292
117.188642024994	-9.876953
117.204262018204	-12.7569
117.219892024994	-15.27954
117.235522031784	-17.6843
117.251142024994	-20.20682
117.266772031784	-23.03876
117.282392024994	-26.24139
117.298022031784	-29.79034
117.313652038574	-33.5766
117.329272031784	-37.45776
117.344902038574	-41.29245
117.360522031784	-44.95184
117.376152038574	-48.3739
117.391772031784	-51.56946
117.407402038574	-54.66159
117.423032045364	-57.86734
117.438652038574	-61.41315
117.454282045364	-65.43179
117.469902038574	-69.80789
117.485532045364	-74.13129
117.501152038574	-77.73834
117.516782045364	-79.87048
117.532412052155	-79.87766
117.548032045364	-77.43161
117.563662052155	-72.63904
117.579282045364	-66.02335
117.594912052155	-58.37759
117.610532045364	-50.56198
117.626162052155	-43.2998
117.641792058945	-37.03696
117.657412052155	-31.9025
117.673042058945	-27.77081
117.688662052155	-24.32724
117.704292058945	-21.20358
117.719912052155	-18.04593
117.735542058945	-14.58154
117.751172065735	-10.65295
117.766792058945	-6.250732
117.782422065735	-1.515533
117.798042058945	3.292511
117.813672065735	7.854828
117.829292058945	11.89001
117.844922065735	15.22375
117.860552072525	17.79904
117.876172065735	19.66635
117.891802072525	20.92688
117.907422065735	21.67932
117.923052072525	22.00385
117.938672065735	21.95517
117.954302072525	21.59793
117.969932079315	20.98969
117.985552072525	20.2063
118.001182079315	19.29758
118.016802072525	18.3045
118.032432079315	17.23413
118.048052072525	16.0657
118.063682079315	14.75909
118.079312086105	13.27063
118.094932079315	11.5737
118.110562086105	9.642548
118.126182079315	7.47171
118.141812086105	5.040344
118.157432079315	2.338196
118.173062086105	-0.6404419
118.188692092896	-3.838989
118.204312086105	-7.125763
118.219942092896	-10.31393
118.235562086105	-13.2193
118.251192092896	-15.76981
118.266812086105	-18.04108
118.282442092896	-20.26953
118.298072099686	-22.73898
118.313692092896	-25.6868
118.329322099686	-29.17844
118.344942092896	-33.08368
118.360572099686	-37.08307
118.376192092896	-40.72064
118.391822099686	-43.47418
118.407452106476	-44.82257
118.423072099686	-44.3522
118.438702106476	-41.84604
118.454322099686	-37.37833
118.469952106476	-31.33444
118.485572099686	-24.35501
118.501202106476	-17.23126
118.516832113266	-10.71753
118.532452106476	-5.379761
118.548082113266	-1.513031
118.563702106476	0.8593445
118.579332113266	1.943085
118.594952106476	2.096863
118.610582113266	1.764954
118.626212120056	1.402283
118.641832113266	1.427216
118.657462120056	2.13446
118.673082113266	3.636108
118.688712120056	5.850616
118.704332113266	8.514099
118.719962120056	11.26196
118.735592126846	13.71371
118.751212120056	15.56812
118.766842126846	16.66293
118.782462120056	16.98672
118.798092126846	16.63992
118.813712120056	15.7933
118.829342126846	14.62512
118.844972133636	13.27814
118.860592126846	11.87195
118.876222133636	10.50058
118.891842126846	9.243561
118.907472133636	8.163025
118.923092126846	7.282715
118.938722133636	6.574921
118.954352140427	5.964539
118.969972133636	5.366455
118.985602140427	4.697174
119.001222133636	3.912903
119.016852140427	2.976074
119.032472133636	1.870758
119.048102140427	0.5645447
119.063732147217	-0.9776917
119.079352140427	-2.781677
119.094982147217	-4.851593
119.110602140427	-7.165833
119.126232147217	-9.731323
119.141852140427	-12.55972
119.173112154007	-19.17017
119.188732147217	-22.8678
119.204362154007	-26.534
119.219982147217	-29.70901
119.235612154007	-31.81158
119.251232147217	-32.27576
119.266862154007	-30.7233
119.282491922379	-27.06918
119.298112154007	-21.60345
119.313741922379	-14.88477
119.329362154007	-7.625824
119.344991922379	-0.5105896
119.360612154007	5.951752
119.376241922379	11.4964
119.391871929169	16.07013
119.407491922379	19.74802
119.423121929169	22.69101
119.438741922379	25.06223
119.454371929169	27.05643
119.470001935959	28.90561
119.485621929169	30.83133
119.501251935959	33.03851
119.516871929169	35.62247
119.532501935959	38.54526
119.548121929169	41.61313
119.563751935959	44.54715
119.579381942749	47.0423
119.595001935959	48.86948
119.610631942749	49.93945
119.626251935959	50.30212
119.641881942749	50.1066
119.657501935959	49.50079
119.673131942749	48.56577
119.688761949539	47.28122
119.704381942749	45.59534
119.720011949539	43.49139
119.735631942749	41.09869
119.751261949539	38.66815
119.766881942749	36.47345
119.782511949539	34.65997
119.798141956329	33.11029
119.813761949539	31.44812
119.829391956329	29.16101
119.845011949539	25.80518
119.860641956329	21.17258
119.876261949539	15.32965
119.891891956329	8.540924
119.90752196312	1.093933
119.923141956329	-6.764313
119.93877196312	-14.89764
119.954391956329	-23.19452
119.97002196312	-31.53452
119.985641956329	-39.78879
120.00127196312	-47.84119
120.01690196991	-55.60901
120.03252196312	-62.9747
120.04815196991	-69.67584
120.06377196312	-75.21133
120.07940196991	-78.88318
120.09502196312	-79.98819
120.11065196991	-78.1015
120.1262819767	-73.27924
120.14190196991	-66.08722
120.1575319767	-57.43234
120.17315196991	-48.27945
120.1887819767	-39.39865
120.20440196991	-31.25439
120.2200319767	-24.05185
120.23566198349	-17.83771
120.2512819767	-12.56503
120.26691198349	-8.106476
120.2825319767	-4.232574
120.29816198349	-0.6164551
120.3137819767	3.075653
120.32941198349	7.052124
120.34504199028	11.30469
120.36066198349	15.62708
120.37629199028	19.68991
120.39191198349	23.18381
120.40754199028	25.91428
120.42316198349	27.8204
120.43879199028	28.96855
120.45442199707	29.46924
120.47004199028	29.4529
120.48567199707	29.03418
120.50129199028	28.29497
120.51692199707	27.3084
120.53254199028	26.13564
120.54817199707	24.82066
120.56380200386	23.39769
120.57942199707	21.89444
120.59505200386	20.34496
120.61067199707	18.78918
120.62630200386	17.26102
120.64192199707	15.77492
120.65755200386	14.33714
120.673182010651	12.93399
120.68880200386	11.54483
120.704432010651	10.13231
120.72005200386	8.645157
120.735682010651	7.03566
120.75130200386	5.289093
120.766932010651	3.404007
120.782562017441	1.374802
120.798182010651	-0.8479614
120.813812017441	-3.359543
120.829432010651	-6.248291
120.845062017441	-9.49054
120.860682010651	-12.87088
120.876312017441	-15.95697
120.891942024231	-18.18114
120.907562017441	-19.02267
120.923192024231	-18.21051
120.938812017441	-15.82155
120.954442024231	-12.30325
120.970062017441	-8.303192
120.985692024231	-4.494919
121.001322031021	-1.427658
121.016942024231	0.5624084
121.032572031021	1.333298
121.048192024231	0.8862152
121.063822031021	-0.6653748
121.079442024231	-3.085815
121.095072031021	-6.027496
121.110702037811	-9.062393
121.126322031021	-11.75624
121.141952037811	-13.8264
121.157572031021	-15.19363
121.173202037811	-16.00784
121.188822031021	-16.52095
121.204452037811	-16.94402
121.220082044601	-17.32837
121.235702037811	-17.59198
121.251332044601	-17.58705
121.266952037811	-17.23265
121.282582044601	-16.56358
121.298202037811	-15.6985
121.313832044601	-14.77155
121.329462051392	-13.86958
121.345082044601	-13.00021
121.360712051392	-12.16434
121.376332044601	-11.40565
121.391962051392	-10.83257
121.407582044601	-10.55807
121.423212051392	-10.64743
121.438842058182	-11.05374
121.454462051392	-11.63187
121.470092058182	-12.17558
121.485712051392	-12.50116
121.501342058182	-12.46858
121.516962051392	-12.0182
121.532592058182	-11.15141
121.548222064972	-9.936295
121.563842058182	-8.542282
121.579472064972	-7.197418
121.595092058182	-6.144379
121.610722064972	-5.583176
121.626342058182	-5.539581
121.641972064972	-5.794449
121.657602071762	-5.882767
121.673222064972	-5.215942
121.688852071762	-3.25563
121.704472064972	0.2289352
121.720102071762	5.101387
121.735732078552	10.86089
121.751352071762	16.82919
121.766982078552	22.38336
121.782602071762	27.12691
121.798232078552	30.93364
121.813852071762	33.86757
121.829482078552	36.04677
121.845112085342	37.57995
121.860732078552	38.50549
121.876362085342	38.83546
121.891982078552	38.58111
121.907612085342	37.8166
121.923232078552	36.71438
121.938862085342	35.55737
121.954492092133	34.69467
121.970112085342	34.4598
121.985742092133	35.02288
122.001362085342	36.33781
122.016992092133	38.12022
122.032612085342	39.96025
122.048242092133	41.46317
122.063872098923	42.33112
122.079492092133	42.37017
122.095122098923	41.4595
122.110742092133	39.52157
122.126372098923	36.55926
122.141992092133	32.73197
122.157622098923	28.36606
122.173252105713	23.84731
122.188872098923	19.45744
122.204502105713	15.19598
122.220122098923	10.80244
122.235752105713	5.932472
122.251372098923	0.4131241
122.267002105713	-5.578156
122.282632112503	-11.50471
122.298252105713	-16.69653
122.313882112503	-20.58615
122.329502105713	-22.88539
122.345132112503	-23.60847
122.360752105713	-23.01116
122.376382112503	-21.48685
122.392012119293	-19.50303
122.407632112503	-17.53999
122.423262119293	-16.00134
122.438882112503	-15.03096
122.454512119293	-14.37336
122.470132112503	-13.35657
122.485762119293	-11.06767
122.501392126083	-6.698143
122.517012119293	0.08096313
122.532642126083	8.905624
122.548262119293	18.81426
122.563892126083	28.57825
122.579512119293	37.1333
122.595142126083	43.87341
122.610772132874	48.70123
122.626392126083	51.88152
122.642022132874	53.85023
122.657642126083	55.04144
122.673272132874	55.88094
122.688892126083	56.76376
122.704522132874	58.01814
122.720152139664	59.81761
122.735772132874	62.04309
122.751402139664	64.27425
122.767022132874	65.9045
122.782652139664	66.36731
122.798272132874	65.37309
122.813902139664	62.9904
122.829532146454	59.57996
122.845152139664	55.60724
122.860782146454	51.40741
122.876402139664	47.0739
122.892032146454	42.46222
122.907652139664	37.32521
122.923282146454	31.44904
122.938912153244	24.78531
122.954532146454	17.44666
122.970162153244	9.681183
122.985782146454	1.768661
123.001412153244	-6.05632
123.017032146454	-13.6573
123.032662153244	-21.00996
123.048291921616	-28.14279
123.063912153244	-35.0963
123.079541921616	-41.86699
123.095162153244	-48.41701
123.110791921616	-54.65741
123.126412153244	-60.47086
123.142041921616	-65.70697
123.157671928406	-70.24796
123.173291921616	-74.10385
123.188921928406	-77.48758
123.204541921616	-80.8465
123.220171928406	-84.70511
123.235791921616	-89.38919
123.251421928406	-94.73022
123.267051935196	-99.89523
123.282671928406	-103.5216
123.298301935196	-104.1514
123.313921928406	-100.7721
123.329551935196	-93.21204
123.345171928406	-82.21246
123.360801935196	-69.11032
123.376431941986	-55.29218
123.392051935196	-41.76682
123.407681941986	-28.94022
123.423301935196	-16.74213
123.438931941986	-4.943604
123.454551935196	6.518402
123.470181941986	17.42795
123.485811948776	27.33304
123.501431941986	35.80493
123.517061948776	42.62393
123.532681941986	47.87976
123.548311948776	51.87878
123.563931941986	54.98279
123.579561948776	57.44696
123.595191955566	59.35449
123.610811948776	60.71045
123.626441955566	61.54459
123.642061948776	62.01141
123.657691955566	62.42175
123.673311948776	63.0975
123.688941955566	64.23367
123.704571962357	65.75262
123.720191955566	67.27402
123.735821962357	68.18607
123.751441955566	67.83527
123.767071962357	65.74249
123.782691955566	61.77322
123.798321962357	56.14749
123.813951969147	49.37256
123.829571962357	42.05103
123.845201969147	34.70715
123.860821962357	27.64191
123.876451969147	20.93076
123.892071962357	14.435
123.907701969147	7.958771
123.923331975937	1.388306
123.938951969147	-5.196045
123.954581975937	-11.53363
123.970201969147	-17.29517
123.985831975937	-22.3038
124.001451969147	-26.70914
124.017081975937	-31.06442
124.032711982727	-36.21182
124.048331975937	-42.98663
124.063961982727	-51.90735
124.079581975937	-62.93497
124.095211982727	-75.42841
124.110831975937	-88.31763
124.126461982727	-100.3258
124.142091989517	-110.2216
124.157711982727	-116.9636
124.173341989517	-119.8286
124.188961982727	-118.4913
124.204591989517	-113.1321
124.220211982727	-104.409
124.235841989517	-93.39499
124.251471996307	-81.3364
124.267091989517	-69.38724
124.282721996307	-58.38422
124.298341989517	-48.75314
124.313971996307	-40.50803
124.329591989517	-33.38129
124.345221996307	-26.88742
124.360852003098	-20.42209
124.376471996307	-13.3479
124.392102003098	-5.085571
124.407721996307	4.726074
124.423352003098	16.03522
124.438982009888	28.35892
124.454602003098	40.8399
124.470232009888	52.46643
124.485852003098	62.35602
124.501482009888	69.93558
124.517102003098	74.99384
124.532732009888	77.63138
124.548362016678	78.13425
124.563982009888	76.88138
124.579612016678	74.25128
124.595232009888	70.61026
124.610862016678	66.27753
124.626482009888	61.54779
124.642112016678	56.67413
124.657742023468	51.90634
124.673362016678	47.44693
124.688992023468	43.43082
124.704612016678	39.82687
124.720242023468	36.41455
124.735862016678	32.80768
124.751492023468	28.57031
124.767122030258	23.41156
124.782742023468	17.33987
124.798372030258	10.66852
124.813992023468	3.912689
124.829622030258	-2.456482
124.845242023468	-8.210938
124.860872030258	-13.44852
124.876502037048	-18.53241
124.892122030258	-23.86783
124.907752037048	-29.66055
124.923372030258	-35.76846
124.939002037048	-41.67975
124.954622030258	-46.65347
124.970252037048	-50.00662
124.985882043839	-51.34384
125.001502037048	-50.72989
125.017132043839	-48.6499
125.032752037048	-45.83612
125.048382043839	-43.05817
125.064002037048	-40.86523
125.079632043839	-39.56134
125.095262050629	-39.22067
125.110882043839	-39.81573
125.126512050629	-41.24002
125.142132043839	-43.25552
125.157762050629	-45.44116
125.173382043839	-47.19119
125.189012050629	-47.85114
125.204642057419	-46.95816
125.220262050629	-44.43088
125.235892057419	-40.59241
125.251512050629	-36.02817
125.267142057419	-31.30945
125.282762050629	-26.78436
125.298392057419	-22.53653
125.314022064209	-18.48956
125.329642057419	-14.56958
125.345272064209	-10.75299
125.360892057419	-7.036774
125.376522064209	-3.296326
125.392142057419	0.6994629
125.407772064209	5.228577
125.423402070999	10.44647
125.439022064209	16.26166
125.454652070999	22.34946
125.470272064209	28.29889
125.485902070999	33.8158
125.501522064209	38.75864
125.517152070999	43.16431
125.532782077789	47.13882
125.548402070999	50.69742
125.564032077789	53.73538
125.579652070999	56.02972
125.595282077789	57.30338
125.610902070999	57.35727
125.626532077789	56.1391
125.642162084579	53.78622
125.657782077789	50.6181
125.673412084579	47.02094
125.689032077789	43.31503
125.704662084579	39.61444
125.720282077789	35.77567
125.735912084579	31.43478
125.75154209137	26.18521
125.767162084579	19.78751
125.78279209137	12.25751
125.798412084579	3.962769
125.81404209137	-4.539764
125.829662084579	-12.68213
125.84529209137	-20.03778
125.86092209816	-26.47058
125.87654209137	-32.13196
125.89217209816	-37.39163
125.90779209137	-42.65656
125.92342209816	-48.1279
125.93904209137	-53.6973
125.95467209816	-58.93378
125.97030210495	-63.25027
125.98592209816	-66.12469
126.00155210495	-67.27551
126.01717209816	-66.74734
126.03280210495	-64.77054
126.04842209816	-61.64102
126.06405210495	-57.603
126.07968211174	-52.82855
126.09530210495	-47.47617
126.11093211174	-41.73965
126.12655210495	-35.82825
126.14218211174	-29.93042
126.15780210495	-24.13184
126.17343211174	-18.39655
126.18906211853	-12.59662
126.20468211174	-6.595245
126.22031211853	-0.326416
126.23593211174	6.185425
126.25156211853	12.88193
126.26718211174	19.72818
126.28281211853	26.68005
126.29844212532	33.72058
126.31406211853	40.79141
126.32969212532	47.65143
126.34531211853	53.92783
126.36094212532	59.11246
126.37656211853	62.75919
126.39219212532	64.60608
126.407822132111	64.7164
126.42344212532	63.4574
126.439072132111	61.34198
126.45469212532	58.83337
126.470322132111	56.16516
126.48594212532	53.31345
126.501572132111	50.00635
126.517202138901	45.84906
126.532822132111	40.46744
126.548452138901	33.62338
126.564072132111	25.36398
126.579702138901	16.13989
126.595332145691	6.809174
126.610952138901	-1.514221
126.626582145691	-7.742035
126.642202138901	-11.13773
126.657832145691	-11.6261
126.673452138901	-9.83017
126.689082145691	-6.897675
126.704712152481	-4.174286
126.720332145691	-2.876038
126.735962152481	-3.824707
126.751582145691	-7.271423
126.767212152481	-12.92365
126.782832145691	-20.07352
126.798462152481	-27.81116
126.814091920853	-35.25082
126.829712152481	-41.72922
126.845341920853	-46.85742
126.860962152481	-50.50946
126.876591920853	-52.72235
126.892212152481	-53.56955
126.907841920853	-53.15231
126.923471927643	-51.60208
126.939091920853	-49.19165
126.954721927643	-46.31912
126.970341920853	-43.47269
126.985971927643	-41.05304
127.001591920853	-39.24225
127.017221927643	-37.92325
127.032851934433	-36.69672
127.048471927643	-35.08096
127.064101934433	-32.66504
127.079721927643	-29.26251
127.095351934433	-24.91919
127.110971927643	-19.90762
127.126601934433	-14.59241
127.142231941223	-9.304077
127.157851934433	-4.2966
127.173481941223	0.2713318
127.189101934433	4.29187
127.204731941223	7.69223
127.220351934433	10.3967
127.235981941223	12.30176
127.251611948013	13.22382
127.267231941223	12.88135
127.282861948013	10.87057
127.298481941223	6.739044
127.314111948013	0.1946716
127.329731941223	-8.734711
127.345361948013	-19.51385
127.360991954803	-31.12836
127.376611948013	-42.25562
127.392241954803	-51.55087
127.407861948013	-57.98087
127.423491954803	-61.04016
127.439111948013	-60.82162
127.454741954803	-57.91571
127.470371961594	-53.2081
127.485991954803	-47.63403
127.501621961594	-41.99915
127.517241954803	-36.90933
127.532871961594	-32.69958
127.548491954803	-29.54022
127.564121961594	-27.4054
127.579751968384	-26.14032
127.595371961594	-25.4397
127.611001968384	-24.8829
127.626621961594	-24.06296
127.642251968384	-22.63098
127.657871961594	-20.44913
127.673501968384	-17.60919
127.689131975174	-14.35977
127.704751968384	-11.01953
127.720381975174	-7.845123
127.736001968384	-4.973785
127.751631975174	-2.440002
127.767251968384	-0.2302246
127.782881975174	1.654083
127.798511981964	3.145447
127.814131975174	4.170044
127.829761981964	4.6828
127.845381975174	4.749756
127.861011981964	4.519501
127.876631975174	4.216431
127.892261981964	4.038025
127.907891988754	4.098267
127.923511981964	4.387665
127.939141988754	4.802887
127.954761981964	5.21933
127.970391988754	5.529968
127.986011981964	5.693359
128.001641988754	5.715973
128.017271995544	5.600296
128.032891988754	5.309235
128.048521995544	4.774445
128.064141988754	3.912567
128.079771995544	2.641281
128.095391988754	0.886261
128.111021995544	-1.352539
128.126652002335	-4.034439
128.142271995544	-7.033081
128.157902002335	-10.07419
128.173521995544	-12.76823
128.189152002335	-14.59636
128.204771995544	-15.0154
128.220402002335	-13.60278
128.236032009125	-10.19482
128.251652002335	-4.973068
128.267282009125	1.541107
128.282902002335	8.620872
128.298532009125	15.48927
128.314152002335	21.50433
128.329782009125	26.23449
128.345412015915	29.52345
128.361032009125	31.44999
128.376662015915	32.35282
128.392282009125	32.85139
128.407912015915	33.83564
128.423532009125	36.34892
128.439162015915	41.29859
128.454792022705	49.10042
128.470412015915	59.39746
128.486042022705	70.99519
128.501662015915	82.20842
128.517292022705	91.37851
128.532912015915	97.43114
128.548542022705	100.1778
128.564172029495	100.2228
128.579792022705	98.59189
128.595422029495	96.19778
128.611042022705	93.53661
128.626672029495	90.62422
128.642292022705	87.20187
128.657922029495	83.034
128.673552036285	78.09438
128.689172029495	72.58932
128.704802036285	66.88599
128.720422029495	61.34492
128.736052036285	56.22031
128.751672029495	51.63665
128.767302036285	47.60409
128.782932043076	44.04596
128.798552036285	40.80623
128.814182043076	37.67899
128.829802036285	34.37513
128.845432043076	30.58868
128.861062049866	25.98657
128.876682043076	20.2429
128.892312049866	13.06708
128.907932043076	4.258179
128.923562049866	-6.182648
128.939182043076	-17.95477
128.954812049866	-30.41161
128.970442056656	-42.63117
128.986062049866	-53.55457
129.001692056656	-62.14399
129.017312049866	-67.58099
129.032942056656	-69.42982
129.048562049866	-67.8251
129.064192056656	-63.48867
129.079822063446	-57.61009
129.095442056656	-51.53849
129.111072063446	-46.4194
129.126692056656	-42.86007
129.142322063446	-40.87473
129.157942056656	-40.01514
129.173572063446	-39.67477
129.189202070236	-39.35056
129.204822063446	-38.71426
129.220452070236	-37.56205
129.236072063446	-35.70509
129.251702070236	-32.88812
129.267322063446	-28.89664
129.282952070236	-23.6861
129.298582077026	-17.52154
129.314202070236	-10.9359
129.329832077026	-4.591595
129.345452070236	0.9596939
129.361082077026	5.435776
129.376702070236	8.923248
129.392332077026	11.81601
129.407962083817	14.61159
129.423582077026	17.70256
129.439212083817	21.18534
129.454832077026	24.82968
129.470462083817	28.1536
129.486082077026	30.58847
129.501712083817	31.72429
129.517342090607	31.4172
129.532962083817	29.89508
129.548592090607	27.61239
129.564212083817	25.13497
129.579842090607	22.94997
129.595462083817	21.35505
129.611092090607	20.38876
129.626722097397	19.87146
129.642342090607	19.46157
129.657972097397	18.76174
129.673592090607	17.40999
129.689222097397	15.10382
129.704842090607	11.67416
129.720472097397	7.106342
129.736102104187	1.582317
129.751722097397	-4.464645
129.767352104187	-10.3835
129.782972097397	-15.44234
129.798602104187	-19.01618
129.814222097397	-20.7837
129.829852104187	-20.89797
129.845482110977	-19.94282
129.861102104187	-18.76325
129.876732110977	-18.17534
129.892352104187	-18.7047
129.907982110977	-20.48842
129.923602104187	-23.36285
129.939232110977	-27.02153
129.954862117767	-31.16509
129.970482110977	-35.51291
129.986112117767	-39.69382
130.001732110977	-43.13077
130.017362117767	-45.102
130.032982110977	-44.94628
130.048612117767	-42.3913
130.064242124557	-37.72848
130.079862117767	-31.75561
130.095492124557	-25.48417
130.111112117767	-19.76472
130.126742124557	-15.01925
130.142362117767	-11.19088
130.157992124557	-7.903818
130.173622131348	-4.654631
130.189242124557	-0.992074
130.204872131348	3.361598
130.220492124557	8.468661
130.236122131348	14.10688
130.251742124557	19.75473
130.267372131348	24.66998
130.283002138138	28.05953
130.298622131348	29.31127
130.314252138138	28.24452
130.329872131348	25.15409
130.345502138138	20.69152
130.361122131348	15.6094
130.376752138138	10.47499
130.392382144928	5.540597
130.408002138138	0.7419958
130.423632144928	-4.124235
130.439252138138	-9.216301
130.454882144928	-14.45665
130.470502138138	-19.47761
130.486132144928	-23.66159
130.501762151718	-26.27976
130.517382144928	-26.6664
130.533012151718	-24.40592
130.548632144928	-19.46238
130.564262151718	-12.20823
130.579882144928	-3.358086
130.595512151718	6.188206
130.61114192009	15.50096
130.626762151718	23.79338
130.64239192009	30.49829
130.658012151718	35.32633
130.67364192009	38.25817
130.689262151718	39.53799
130.70489192009	39.5929
130.72052192688	38.94308
130.73614192009	38.06159
130.75177192688	37.2513
130.76739192009	36.60064
130.78302192688	36.02151
130.79864192009	35.33843
130.81427192688	34.41327
130.82990193367	33.20169
130.84552192688	31.73202
130.86115193367	30.063
130.87677192688	28.25496
130.89240193367	26.3362
130.90802192688	24.34943
130.92365193367	22.3511
130.93928194046	20.39732
130.95490193367	18.50047
130.97053194046	16.58112
130.98615193367	14.51342
131.00178194046	12.19117
131.01740193367	9.635021
131.03303194046	7.052235
131.04866194725	4.797157
131.06428194046	3.190716
131.07991194725	2.375359
131.09553194046	2.19561
131.11116194725	2.231766
131.12678194046	1.962479
131.14241194725	0.9688606
131.158041954041	-0.9052124
131.17366194725	-3.474186
131.189291954041	-6.284088
131.20491194725	-8.755325
131.220541954041	-10.3211
131.23616194725	-10.56482
131.251791954041	-9.261765
131.267421960831	-6.453518
131.283041954041	-2.422981
131.298671960831	2.315109
131.314291954041	7.099995
131.329921960831	11.27821
131.345541954041	14.32582
131.361171960831	16.01667
131.376801967621	16.43114
131.392421960831	15.90796
131.408051967621	14.86503
131.423671960831	13.61545
131.439301967621	12.19142
131.454931974411	10.3721
131.470551967621	7.810047
131.486181974411	4.244902
131.501801967621	-0.3269005
131.517431974411	-5.696621
131.533051967621	-11.5902
131.548681974411	-17.81617
131.564311981201	-24.34379
131.579931974411	-31.14806
131.595561981201	-38.01589
131.611181974411	-44.44569
131.626811981201	-49.72646
131.642431974411	-53.23484
131.658061981201	-54.74046
131.673691987991	-54.55046
131.689311981201	-53.36659
131.704941987991	-51.96388
131.720561981201	-50.83975
131.736191987991	-50.06059
131.751811981201	-49.32551
131.767441987991	-48.24594
131.783071994781	-46.56701
131.798691987991	-44.28208
131.814321994781	-41.56718
131.829941987991	-38.61335
131.845571994781	-35.49959
131.861191987991	-32.16777
131.876821994781	-28.54744
131.892452001572	-24.74829
131.908071994781	-21.17194
131.923702001572	-18.46902
131.939321994781	-17.34529
131.954952001572	-18.23424
131.970571994781	-21.08449
131.986202001572	-25.27605
132.001832008362	-29.77446
132.017452001572	-33.44747
132.033082008362	-35.39903
132.048702001572	-35.17961
132.064332008362	-32.84422
132.079952001572	-28.88445
132.095582008362	-24.01856
132.111212015152	-18.99123
132.126832008362	-14.39752
132.142462015152	-10.62373
132.158082008362	-7.790367
132.173712015152	-5.817856
132.189332008362	-4.498512
132.204962015152	-3.57373
132.220592021942	-2.812584
132.236212015152	-2.027702
132.251842021942	-1.096573
132.267462015152	0.0606308
132.283092021942	1.459991
132.298712015152	3.062698
132.314342021942	4.752197
132.329972028732	6.3508
132.345592021942	7.689941
132.361222028732	8.667328
132.376842021942	9.304276
132.392472028732	9.728317
132.408092021942	10.11324
132.423722028732	10.59114
132.439352035522	11.1806
132.454972028732	11.80551
132.470602035522	12.33134
132.486222028732	12.64331
132.501852035522	12.71964
132.517472028732	12.62688
132.533102035522	12.45552
132.548732042313	12.25691
132.564352035522	12.00398
132.579982042313	11.58955
132.595602035522	10.88725
132.611232042313	9.838242
132.626852035522	8.482849
132.642482042313	6.980988
132.658112049103	5.540543
132.673732042313	4.353668
132.689362049103	3.511368
132.704982042313	2.962311
132.720612049103	2.512085
132.736232042313	1.880676
132.751862049103	0.7565918
132.767492055893	-1.097504
132.783112049103	-3.758636
132.798742055893	-7.038727
132.814362049103	-10.44119
132.829992055893	-13.22977
132.845612049103	-14.56866
132.861242055893	-13.76526
132.876872062683	-10.49722
132.892492055893	-4.946014
132.908122062683	2.225677
132.923742055893	10.04126
132.939372062683	17.45523
132.954992055893	23.61893
132.970622062683	28.04727
132.986252069473	30.63257
133.001872062683	31.57736
133.017502069473	31.24054
133.033122062683	29.9848
133.048752069473	28.11719
133.064372062683	25.88629
133.080002069473	23.51105
133.095632076263	21.24478
133.111252069473	19.37192
133.126882076263	18.11874
133.142502069473	17.55679
133.158132076263	17.53094
133.173752069473	17.71207
133.189382076263	17.70911
133.205012083054	17.26181
133.220632076263	16.33255
133.236262083054	15.10464
133.251882076263	13.8623
133.267512083054	12.81448
133.283132076263	11.98843
133.298762083054	11.21667
133.314392089844	10.27515
133.330012083054	9.020081
133.345642089844	7.532349
133.361262083054	6.075867
133.376892089844	4.985474
133.392512083054	4.484863
133.408142089844	4.583008
133.423772096634	5.122955
133.439392089844	5.868561
133.455022096634	6.674835
133.470642089844	7.556
133.486272096634	8.657745
133.501892089844	10.16458
133.517522096634	12.15771
133.533152103424	14.55978
133.548772096634	17.11249
133.564402103424	19.46777
133.580022096634	21.24319
133.595652103424	22.08963
133.611272096634	21.74319
133.626902103424	20.07086
133.642532110214	17.13739
133.658152103424	13.27029
133.673782110214	9.056458
133.689402103424	5.24585
133.705032110214	2.564453
133.720662117004	1.477844
133.736282110214	2.054199
133.751912117004	3.952545
133.767532110214	6.569489
133.783162117004	9.26062
133.798782110214	11.5495
133.814412117004	13.21616
133.830042123795	14.23169
133.845662117004	14.66214
133.861292123795	14.55597
133.876912117004	13.93399
133.892542123795	12.8652
133.908162117004	11.49161
133.923792123795	10.05865
133.939422130585	8.806183
133.955042123795	7.847687
133.970672130585	7.101624
133.986292123795	6.33075
134.001922130585	5.256653
134.017542123795	3.742371
134.033172130585	1.855103
134.048802137375	-0.1618042
134.064422130585	-2.030182
134.080052137375	-3.589325
134.095672130585	-4.862427
134.111302137375	-5.997009
134.126922130585	-7.147827
134.142552137375	-8.35141
134.158182144165	-9.51416
134.173802137375	-10.4469
134.189432144165	-10.98788
134.205052137375	-11.08688
134.220682144165	-10.80258
134.236302137375	-10.25204
134.251932144165	-9.550354
134.267562150955	-8.767548
134.283182144165	-7.993256
134.298812150955	-7.352844
134.314432144165	-7.013458
134.330062150955	-7.086395
134.345682144165	-7.562164
134.361312150955	-8.253632
134.376941919327	-8.88678
134.392562150955	-9.25296
134.408191919327	-9.345337
134.423812150955	-9.395508
134.439441919327	-9.745422
134.455062150955	-10.68817
134.470691919327	-12.31131
134.486321926117	-14.43204
134.501941919327	-16.67877
134.517571926117	-18.5817
134.533191919327	-19.71497
134.548821926117	-19.74402
134.564441919327	-18.47336
134.580071926117	-15.87491
134.595701932907	-12.11154
134.611321926117	-7.550812
134.626951932907	-2.695496
134.642571926117	1.923462
134.658201932907	5.885742
134.673821926117	8.955627
134.689451932907	11.10876
134.705081939697	12.45514
134.720701932907	13.17413
134.736331939697	13.41116
134.751951932907	13.30908
134.767581939697	13.00659
134.783201932907	12.6651
134.798831939697	12.44174
134.814461946487	12.43848
134.830081939697	12.66885
134.845711946487	13.01288
134.861331939697	13.28467
134.876961946487	13.34534
134.892581939697	13.15973
134.908211946487	12.84912
134.923841953278	12.58392
134.939461946487	12.49182
134.955091953278	12.55084
134.970711946487	12.599
134.986341953278	12.44214
135.001961946487	11.97772
135.017591953278	11.2735
135.033221960068	10.50519
135.048841953278	9.860535
135.064471960068	9.419983
135.080091953278	9.126282
135.095721960068	8.847534
135.111341953278	8.460449
135.126971960068	7.916687
135.142601966858	7.243408
135.158221960068	6.493347
135.173851966858	5.683411
135.189471960068	4.783142
135.205101966858	3.724243
135.220721960068	2.484436
135.236351966858	1.052612
135.251981973648	-0.5445557
135.267601966858	-2.308289
135.283231973648	-4.287109
135.298851966858	-6.529358
135.314481973648	-9.009705
135.330101966858	-11.54407
135.345731973648	-13.76245
135.361361980438	-15.17578
135.376981973648	-15.33331
135.392611980438	-13.97827
135.408231973648	-11.16541
135.423861980438	-7.270203
135.439481973648	-2.856628
135.455111980438	1.482239
135.470741987228	5.289124
135.486361980438	8.306885
135.501991987228	10.47235
135.517611980438	11.80634
135.533241987228	12.38141
135.548861980438	12.30658
135.564491987228	11.74042
135.580121994019	10.90845
135.595741987228	10.09613
135.611371994019	9.557617
135.626991987228	9.461487
135.642621994019	9.831909
135.658241987228	10.55328
135.673871994019	11.42993
135.689502000809	12.23212
135.705121994019	12.74591
135.720752000809	12.8186
135.736371994019	12.38098
135.752002000809	11.44635
135.767621994019	10.14453
135.783252000809	8.682922
135.798882007599	7.266541
135.814502000809	6.040955
135.830132007599	5.012939
135.845752000809	4.066467
135.861382007599	3.031982
135.877002000809	1.782776
135.892632007599	0.3058472
135.908262014389	-1.308411
135.923882007599	-2.908386
135.939512014389	-4.389282
135.955132007599	-5.730469
135.970762014389	-7.0047
135.986382007599	-8.32373
136.002012014389	-9.769653
136.017642021179	-11.38031
136.033262014389	-13.15887
136.048892021179	-15.11804
136.064512014389	-17.25275
136.080142021179	-19.48645
136.095762014389	-21.59058
136.111392021179	-23.16412
136.127022027969	-23.70703
136.142642021179	-22.79211
136.158272027969	-20.23865
136.173892021179	-16.20416
136.189522027969	-11.1698
136.205142021179	-5.77301
136.220772027969	-0.616394
136.23640203476	3.881897
136.252022027969	7.549438
136.26765203476	10.39813
136.283272027969	12.54395
136.29890203476	14.1001
136.31453204155	15.16907
136.33015203476	15.83856
136.34578204155	16.22479
136.36140203476	16.46631
136.37703204155	16.72412
136.39265203476	17.11401
136.40828204155	17.65839
136.42391204834	18.28064
136.43953204155	18.81213
136.45516204834	19.05194
136.47078204155	18.86108
136.48641204834	18.20642
136.50203204155	17.17841
136.51766204834	15.93134
136.53329205513	14.61731
136.54891204834	13.34064
136.56454205513	12.12616
136.58016204834	10.95483
136.59579205513	9.771606
136.61141204834	8.516663
136.62704205513	7.138062
136.64267206192	5.603943
136.65829205513	3.9505
136.67392206192	2.252136
136.68954205513	0.625
136.70517206192	-0.8688965
136.72079205513	-2.227234
136.73642206192	-3.572876
136.75205206871	-5.07074
136.76767206192	-6.864441
136.78330206871	-9.015442
136.79892206192	-11.46564
136.81455206871	-14.06824
136.83017206192	-16.62726
136.84580206871	-18.88867
136.8614320755	-20.5495
136.87705206871	-21.26501
136.8926820755	-20.71906
136.90830206871	-18.72974
136.9239320755	-15.383
136.93955206871	-11.03485
136.9551820755	-6.246704
136.970812082291	-1.59906
136.9864320755	2.471985
137.002062082291	5.754272
137.0176820755	8.246094
137.033312082291	10.05731
137.0489320755	11.31927
137.064562082291	12.13562
137.080192089081	12.60236
137.095812082291	12.82007
137.111442089081	12.91742
137.127062082291	13.02893
137.142692089081	13.242
137.158312082291	13.58008
137.173942089081	13.98825
137.189572095871	14.35657
137.205192089081	14.56409
137.220822095871	14.53537
137.236442089081	14.23502
137.252072095871	13.70703
137.267692089081	13.02457
137.283322095871	12.27466
137.298952102661	11.50134
137.314572095871	10.70236
137.330202102661	9.810944
137.345822095871	8.747406
137.361452102661	7.453705
137.377072095871	5.930115
137.392702102661	4.270325
137.408332109451	2.611298
137.423952102661	1.072449
137.439582109451	-0.2758484
137.455202102661	-1.467316
137.470832109451	-2.574097
137.486452102661	-3.676208
137.502082109451	-4.811493
137.517712116241	-6.009979
137.533332109451	-7.30603
137.548962116241	-8.798431
137.564582109451	-10.60745
137.580212116241	-12.7959
137.595832109451	-15.29172
137.611462116241	-17.80466
137.627092123032	-19.9025
137.642712116241	-21.11719
137.658342123032	-21.11401
137.673962116241	-19.78632
137.689592123032	-17.29276
137.705212116241	-13.98615
137.720842123032	-10.26929
137.736472129822	-6.530365
137.752092123032	-3.033234
137.767722129822	0.07266235
137.783342123032	2.740845
137.798972129822	4.988861
137.814592123032	6.864075
137.830222129822	8.394257
137.845852136612	9.600189
137.861472129822	10.5137
137.877102136612	11.18164
137.892722129822	11.70267
137.908352136612	12.17715
137.923972129822	12.69223
137.939602136612	13.26675
137.955232143402	13.85013
137.970852136612	14.33893
137.986482143402	14.60797
138.002102136612	14.57831
138.017732143402	14.23975
138.033352136612	13.66275
138.048982143402	12.95398
138.064612150192	12.20847
138.080232143402	11.4837
138.095862150192	10.74985
138.111482143402	9.938232
138.127112150192	8.967346
138.142732143402	7.823669
138.158362150192	6.556335
138.173992156982	5.269745
138.189612150192	4.051819
138.205242156982	2.887177
138.220862150192	1.67395
138.236492156982	0.2663269
138.252112150192	-1.406738
138.267742156982	-3.286957
138.283371925354	-5.194611
138.298992156982	-6.95285
138.314621925354	-8.475922
138.330242156982	-9.840759
138.345871925354	-11.29852
138.361492156982	-13.10507
138.377121925354	-15.43054
138.392751932144	-18.21545
138.408371925354	-21.17984
138.424001932144	-23.87631
138.439621925354	-25.82584
138.455251932144	-26.63025
138.470871925354	-26.06796
138.486501932144	-24.1087
138.502131938934	-20.91653
138.517751932144	-16.80826
138.533381938934	-12.20898
138.549001932144	-7.57782
138.564631938934	-3.350464
138.580261945724	0.1621399
138.595881938934	2.804413
138.611511945724	4.626007
138.627131938934	5.817261
138.642761945724	6.654236
138.658381938934	7.39267
138.674011945724	8.188904
138.689641952515	9.076874
138.705261945724	9.979126
138.720891952515	10.77698
138.736511945724	11.37073
138.752141952515	11.72104
138.767761945724	11.85965
138.783391952515	11.89832
138.799021959305	11.91443
138.814641952515	11.92587
138.830271959305	11.84921
138.845891952515	11.5018
138.861521959305	10.72446
138.877141952515	9.462616
138.892771959305	7.840973
138.908401966095	6.144318
138.924021959305	4.675934
138.939651966095	3.640198
138.955271959305	3.030762
138.970901966095	2.654175
138.986521959305	2.248962
139.002151966095	1.61908
139.017781972885	0.7167664
139.033401966095	-0.3830261
139.049031972885	-1.558929
139.064651966095	-2.732117
139.080281972885	-3.896118
139.095901966095	-5.094666
139.111531972885	-6.342255
139.127161979675	-7.63443
139.142781972885	-8.950775
139.158411979675	-10.33261
139.174031972885	-11.86319
139.189661979675	-13.64124
139.205281972885	-15.65326
139.220911979675	-17.6911
139.236541986465	-19.33054
139.252161979675	-20.05963
139.267791986465	-19.45444
139.283411979675	-17.35153
139.299041986465	-13.93451
139.314661979675	-9.675964
139.330291986465	-5.193817
139.345921993256	-1.067657
139.361541986465	2.300934
139.377171993256	4.743927
139.392791986465	6.292694
139.408421993256	7.119476
139.424041986465	7.456116
139.439671993256	7.543518
139.455302000046	7.594971
139.470921993256	7.768341
139.486552000046	8.144409
139.502171993256	8.755737
139.517802000046	9.565125
139.533421993256	10.49548
139.549052000046	11.45486
139.564682006836	12.32492
139.580302000046	12.98566
139.595932006836	13.31519
139.611552000046	13.24219
139.627182006836	12.77042
139.642802000046	12.02121
139.658432006836	11.16446
139.674062013626	10.39224
139.689682006836	9.815277
139.705312013626	9.421204
139.720932006836	9.099335
139.736562013626	8.719452
139.752182006836	8.181702
139.767812013626	7.450714
139.783442020416	6.530121
139.799062013626	5.433167
139.814692020416	4.156525
139.830312013626	2.732361
139.845942020416	1.232605
139.861562013626	-0.1981201
139.877192020416	-1.414764
139.892822027206	-2.337006
139.908442020416	-3.02774
139.924072027206	-3.678528
139.939692020416	-4.547913
139.955322027206	-5.851135
139.970942020416	-7.647552
139.986572027206	-9.791534
140.002202033997	-11.9566
140.017822027206	-13.67029
140.033452033997	-14.43985
140.049072027206	-13.87085
140.064702033997	-11.76886
140.080322027206	-8.205109
140.095952033997	-3.486893
140.111582040787	1.924377
140.127202033997	7.531082
140.142832040787	12.9375
140.158452033997	17.85069
140.174082040787	22.12244
140.189702033997	25.69194
140.205332040787	28.56233
140.220962047577	30.77908
140.236582040787	32.452
140.252212047577	33.72815
140.267832040787	34.76884
140.283462047577	35.71902
140.299082040787	36.65434
140.314712047577	37.58861
140.330342054367	38.50343
140.345962047577	39.35008
140.361592054367	40.08347
140.377212047577	40.62595
140.392842054367	40.87332
140.408462047577	40.70268
140.424092054367	40.0137
140.439722061157	38.76343
140.455342054367	36.98135
140.470972061157	34.73405
140.486592054367	32.08856
140.502222061157	29.05687
140.517842054367	25.64044
140.533472061157	21.88193
140.549102067947	17.89638
140.564722061157	13.89168
140.580352067947	10.08073
140.595972061157	6.638962
140.611602067947	3.60199
140.627222061157	0.9534607
140.642852067947	-1.346588
140.658482074738	-3.260628
140.674102067947	-4.689232
140.689732074738	-5.548378
140.705352067947	-5.889977
140.720982074738	-6.005478
140.736612081528	-6.368042
140.752232074738	-7.516205
140.767862081528	-9.815781
140.783482074738	-13.29725
140.799112081528	-17.60738
140.814732074738	-22.09088
140.830362081528	-25.94098
140.845992088318	-28.43111
140.861612081528	-29.05318
140.877242088318	-27.60799
140.892862081528	-24.18642
140.908492088318	-19.10468
140.924112081528	-12.77219
140.939742088318	-5.635118
140.955372095108	1.859836
140.970992088318	9.263002
140.986622095108	16.11547
141.002242088318	21.9728
141.017872095108	26.47147
141.033492088318	29.41634
141.049122095108	30.82669
141.064752101898	30.93084
141.080372095108	30.08362
141.096002101898	28.66961
141.111622095108	26.9625
141.127252101898	25.09542
141.142872095108	23.03487
141.158502101898	20.66342
141.174132108688	17.85011
141.189752101898	14.49075
141.205382108688	10.55381
141.221002101898	6.041626
141.236632108688	1.013939
141.252252101898	-4.475487
141.267882108688	-10.36222
141.283512115479	-16.57106
141.299132108688	-22.98784
141.314762115479	-29.46878
141.330382108688	-35.83643
141.346012115479	-41.92732
141.361632108688	-47.63425
141.377262115479	-52.9006
141.392892122269	-57.70612
141.408512115479	-62.04286
141.424142122269	-65.8873
141.439762115479	-69.22752
141.455392122269	-72.08229
141.471012115479	-74.50381
141.486642122269	-76.56807
141.502272129059	-78.33611
141.517892122269	-79.83905
141.533522129059	-81.06734
141.549142122269	-82.00116
141.564772129059	-82.60645
141.580392122269	-82.82899
141.596022129059	-82.54558
141.611652135849	-81.51657
141.627272129059	-79.43347
141.642902135849	-76.01657
141.658522129059	-71.13422
141.674152135849	-64.89488
141.689772129059	-57.65892
141.705402135849	-49.95078
141.721032142639	-42.33713
141.736652135849	-35.32513
141.752282142639	-29.25557
141.767902135849	-24.28201
141.783532142639	-20.37245
141.799152135849	-17.35204
141.814782142639	-14.96643
141.830412149429	-12.95413
141.846032142639	-11.09981
141.861662149429	-9.261261
141.877282142639	-7.362106
141.892912149429	-5.350601
141.908532142639	-3.212387
141.924162149429	-0.978241
141.939792156219	1.248978
141.955412149429	3.291702
141.971042156219	4.956818
141.986662149429	6.114853
142.002292156219	6.752701
142.017912149429	6.971298
142.033542156219	6.960449
142.049171924591	6.892868
142.064792156219	6.890701
142.080421924591	6.994858
142.096042156219	7.15509
142.111671924591	7.281784
142.127292156219	7.272766
142.142921924591	7.075012
142.158551931381	6.66832
142.174171924591	6.095764
142.189801931381	5.410126
142.205421924591	4.653763
142.221051931381	3.859802
142.236671924591	3.011429
142.252301931381	2.082428
142.267931938171	1.052017
142.283551931381	-0.09788513
142.299181938171	-1.406616
142.314801931381	-2.931061
142.330431938171	-4.725845
142.346051931381	-6.800323
142.361681938171	-9.018677
142.377311944962	-11.07571
142.392931938171	-12.50287
142.408561944962	-12.77827
142.424181938171	-11.47267
142.439811944962	-8.403122
142.455431938171	-3.725494
142.471061944962	2.084503
142.486691951752	8.363068
142.502311944962	14.44755
142.517941951752	19.84763
142.533561944962	24.36185
142.549191951752	28.01715
142.564811944962	30.97797
142.580441951752	33.40834
142.596071958542	35.43052
142.611691951752	37.10477
142.627321958542	38.46996
142.642941951752	39.59351
142.658571958542	40.56255
142.674191951752	41.46996
142.689821958542	42.36362
142.705451965332	43.26313
142.721071958542	44.15208
142.736701965332	44.99925
142.752321958542	45.78374
142.767951965332	46.48992
142.783571958542	47.09064
142.799201965332	47.53738
142.814831972122	47.76999
142.830451965332	47.71417
142.846081972122	47.2823
142.861701965332	46.39452
142.877331972122	45.01595
142.892951965332	43.14822
142.908581972122	40.87308
142.924211978912	38.31506
142.939831972122	35.60492
142.955461978912	32.83235
142.971081972122	30.00702
142.986711978912	27.10378
143.002331972122	24.08237
143.017961978912	20.95894
143.033591985703	17.82785
143.049211978912	14.83269
143.064841985703	12.13097
143.080461978912	9.779327
143.096091985703	7.728683
143.111711978912	5.817352
143.127341985703	3.847977
143.142971992493	1.680786
143.158591985703	-0.677536
143.174221992493	-3.064423
143.189841985703	-5.208023
143.205471992493	-6.784637
143.221091985703	-7.501511
143.236721992493	-7.140976
143.252351999283	-5.602844
143.267971992493	-2.95723
143.283601999283	0.5557404
143.299221992493	4.507599
143.314851999283	8.361038
143.330471992493	11.60803
143.346101999283	13.91196
143.361732006073	15.18047
143.377351999283	15.56718
143.392982006073	15.36914
143.408601999283	14.89081
143.424232006073	14.34145
143.439862012863	13.79817
143.455482006073	13.24928
143.471112012863	12.62634
143.486732006073	11.88757
143.502362012863	11.03094
143.517982006073	10.10144
143.533612012863	9.170349
143.549242019653	8.293945
143.564862012863	7.497925
143.580492019653	6.795441
143.596112012863	6.191162
143.611742019653	5.744141
143.627362012863	5.550201
143.642992019653	5.713837
143.658622026443	6.274506
143.674242019653	7.138794
143.689872026443	8.082123
143.705492019653	8.864868
143.721122026443	9.329041
143.736742019653	9.521393
143.752372026443	9.639465
143.768002033234	9.917908
143.783622026443	10.45084
143.799252033234	11.13388
143.814872026443	11.70691
143.830502033234	11.94437
143.846122026443	11.83197
143.861752033234	11.6048
143.877382040024	11.65848
143.893002033234	12.33063
143.908632040024	13.71008
143.924252033234	15.57809
143.939882040024	17.5079
143.955502033234	19.03546
143.971132040024	19.81506
143.986762046814	19.65561
144.002382040024	18.52319
144.018012046814	16.52261
144.033632040024	13.87323
144.049262046814	10.93839
144.064882040024	8.188019
144.080512046814	6.113953
144.096142053604	5.077515
144.111762046814	5.191925
144.127392053604	6.213867
144.143012046814	7.598938
144.158642053604	8.625183
144.174262046814	8.581238
144.189892053604	6.946716
144.205522060394	3.524048
144.221142053604	-1.548523
144.236772060394	-7.841553
144.252392053604	-14.80853
144.268022060394	-21.91125
144.283642053604	-28.73071
144.299272060394	-34.96259
144.314902067184	-40.40784
144.330522060394	-44.92834
144.346152067184	-48.4859
144.361772060394	-51.17883
144.377402067184	-53.27881
144.393022060394	-55.17029
144.408652067184	-57.22083
144.424282073975	-59.62671
144.439902067184	-62.37335
144.455532073975	-65.23755
144.471152067184	-67.93524
144.486782073975	-70.23029
144.502402067184	-72.0119
144.518032073975	-73.28015
144.533662080765	-74.09637
144.549282073975	-74.54608
144.564912080765	-74.69714
144.580532073975	-74.61072
144.596162080765	-74.33911
144.611782073975	-73.91492
144.627412080765	-73.34833
144.643042087555	-72.60602
144.658662080765	-71.61676
144.674292087555	-70.30591
144.689912080765	-68.64124
144.705542087555	-66.71075
144.721162080765	-64.76465
144.736792087555	-63.16779
144.752422094345	-62.27533
144.768042087555	-62.25226
144.783672094345	-62.93365
144.799292087555	-63.79126
144.814922094345	-64.03894
144.830542087555	-62.89252
144.846172094345	-59.77051
144.861802101135	-54.46857
144.877422094345	-47.17426
144.893052101135	-38.41418
144.908672094345	-28.92175
144.924302101135	-19.4939
144.939922094345	-10.87726
144.955552101135	-3.631104
144.971182107925	1.933533
144.986802101135	5.802856
145.002432107925	8.198364
145.018052101135	9.502563
145.033682107925	10.12152
145.049302101135	10.41278
145.064932107925	10.67401
145.080562114716	11.09631
145.096182107925	11.81354
145.111812114716	12.82513
145.127432107925	14.02032
145.143062114716	15.19928
145.158682107925	16.15527
145.174312114716	16.7453
145.189942121506	16.92169
145.205562114716	16.73236
145.221192121506	16.25574
145.236812114716	15.57257
145.252442121506	14.76257
145.268062114716	13.89337
145.283692121506	13.00122
145.299322128296	12.09021
145.314942121506	11.10358
145.330572128296	9.942505
145.346192121506	8.51123
145.361822128296	6.782227
145.377442121506	4.78833
145.393072128296	2.619629
145.408702135086	0.3330688
145.424322128296	-2.063416
145.439952135086	-4.644226
145.455572128296	-7.486145
145.471202135086	-10.62427
145.486822128296	-14.03131
145.502452135086	-17.63281
145.518082141876	-21.34888
145.533702135086	-25.1095
145.549332141876	-28.84912
145.564952135086	-32.4115
145.580582141876	-35.51828
145.596212148666	-37.73279
145.611832141876	-38.55609
145.627462148666	-37.58606
145.643082141876	-34.67242
145.658712148666	-30.03592
145.674332141876	-24.22781
145.689962148666	-17.97388
145.705592155457	-11.97314
145.721212148666	-6.70343
145.736842155457	-2.369324
145.752462148666	1.051453
145.768092155457	3.667755
145.783712148666	5.582886
145.799342155457	6.83139
145.814971923828	7.451538
145.830592155457	7.528595
145.846221923828	7.251984
145.861842155457	6.908447
145.877471923828	6.77533
145.893092155457	7.032013
145.908721923828	7.670013
145.924351930618	8.539856
145.939971923828	9.399261
145.955601930618	10.03088
145.971221923828	10.31625
145.986851930618	10.20425
146.002471923828	9.684631
146.018101930618	8.739899
146.033731937408	7.367645
146.049351930618	5.640961
146.064981937408	3.766846
146.080601930618	2.044952
146.096231937408	0.7471008
146.111851930618	-0.01046753
146.127481937408	-0.346283
146.143111944199	-0.5327759
146.158731937408	-0.8425598
146.174361944199	-1.378265
146.189981937408	-2.01947
146.205611944199	-2.528961
146.221231937408	-2.684082
146.236861944199	-2.436066
146.252491950989	-1.899384
146.268111944199	-1.282898
146.283741950989	-0.7568054
146.299361944199	-0.4334717
146.314991950989	-0.335556
146.330611944199	-0.4190826
146.346241950989	-0.6040344
146.361871957779	-0.6967163
146.377491950989	-0.4205627
146.393121957779	0.5991669
146.408741950989	2.684311
146.424371957779	6.016479
146.439991950989	10.50681
146.455621957779	15.81366
146.471251964569	21.43286
146.486871957779	26.81305
146.502501964569	31.47603
146.518121957779	35.10246
146.533751964569	37.54518
146.549371957779	38.81129
146.565001964569	39.04747
146.580631971359	38.49171
146.596251964569	37.44504
146.611881971359	36.23726
146.627501964569	35.1767
146.643131971359	34.4901
146.658751964569	34.25548
146.674381971359	34.39536
146.690011978149	34.6855
146.705631971359	34.8148
146.721261978149	34.49179
146.736881971359	33.54362
146.752511978149	31.91722
146.768131971359	29.72484
146.783761978149	27.14261
146.79939198494	24.3461
146.815011978149	21.42291
146.83064198494	18.3773
146.846261978149	15.18542
146.86189198494	11.89323
146.877511978149	8.641609
146.89314198494	5.648865
146.90877199173	3.105469
146.92439198494	1.08741
146.94002199173	-0.4846344
146.95564198494	-1.797714
146.97127199173	-3.020592
146.98689198494	-4.234009
147.00252199173	-5.40284
147.01815199852	-6.416115
147.03377199173	-7.225182
147.04940199852	-7.886971
147.06502199173	-8.564568
147.08065199852	-9.471703
147.09627199173	-10.80374
147.11190199852	-12.68552
147.12753200531	-15.15263
147.14315199852	-18.12015
147.15878200531	-21.32993
147.17440199852	-24.32465
147.19003200531	-26.4831
147.20565199852	-27.16052
147.22128200531	-25.90462
147.2369120121	-22.62785
147.25253200531	-17.6886
147.2681620121	-11.77058
147.28378200531	-5.682743
147.2994120121	-0.07077789
147.31503200531	4.739182
147.3306620121	8.779305
147.34629201889	12.32422
147.3619120121	15.68257
147.37754201889	19.04856
147.3931620121	22.43173
147.40879201889	25.70983
147.4244120121	28.7244
147.44004201889	31.36232
147.455672025681	33.5829
147.47129201889	35.40402
147.486922025681	36.89414
147.50254201889	38.14486
147.518172025681	39.30073
147.53379201889	40.53656
147.549422025681	41.98554
147.565052032471	43.66751
147.580672025681	45.42575
147.596302032471	46.94066
147.611922025681	47.8323
147.627552032471	47.84618
147.643172025681	46.96482
147.658802032471	45.44933
147.674432039261	43.70473
147.690052032471	42.11744
147.705682039261	40.90632
147.721302032471	40.07281
147.736932039261	39.47599
147.752552032471	38.94354
147.768182039261	38.41317
147.783812046051	37.94143
147.799432039261	37.6549
147.815062046051	37.61203
147.830682039261	37.71241
147.846312046051	37.66925
147.861942052841	37.10975
147.877562046051	35.69794
147.893192052841	33.31086
147.908812046051	30.07922
147.924442052841	26.39
147.940062046051	22.7622
147.955692052841	19.72539
147.971322059631	17.66927
147.986942052841	16.80293
148.002572059631	17.16824
148.018192052841	18.68412
148.033822059631	21.15871
148.049442052841	24.32543
148.065072059631	27.81615
148.080702066422	31.2039
148.096322059631	34.05197
148.111952066422	35.99811
148.127572059631	36.8074
148.143202066422	36.4317
148.158822059631	35.0018
148.174452066422	32.7811
148.190082073212	30.13147
148.205702066422	27.42256
148.221332073212	24.9771
148.236952066422	22.98759
148.252582073212	21.49538
148.268202066422	20.3927
148.283832073212	19.50458
148.299462080002	18.65967
148.315082073212	17.78241
148.330712080002	16.87573
148.346332073212	15.946
148.361962080002	14.93765
148.377582073212	13.69086
148.393212080002	11.99792
148.408842086792	9.685577
148.424462080002	6.697464
148.440092086792	3.100159
148.455712080002	-0.9460754
148.471342086792	-5.249756
148.486962080002	-9.63147
148.502592086792	-13.93347
148.518222093582	-18.02682
148.533842086792	-21.82565
148.549472093582	-25.33945
148.565092086792	-28.69882
148.580722093582	-32.15833
148.596342086792	-36.03043
148.611972093582	-40.58774
148.627602100372	-45.9693
148.643222093582	-52.08002
148.658852100372	-58.5744
148.674472093582	-64.87344
148.690102100372	-70.29092
148.705722093582	-74.1619
148.721352100372	-76.03067
148.736982107162	-75.75391
148.752602100372	-73.54556
148.768232107162	-69.92831
148.783852100372	-65.56702
148.799482107162	-61.17535
148.815102100372	-57.34268
148.830732107162	-54.47644
148.846362113953	-52.77789
148.861982107162	-52.23828
148.877612113953	-52.673
148.893232107162	-53.77869
148.908862113953	-55.19699
148.924482107162	-56.59967
148.940112113953	-57.75726
148.955742120743	-58.58899
148.971362113953	-59.16788
148.986992120743	-59.69604
149.002612113953	-60.43219
149.018242120743	-61.59338
149.033862113953	-63.23386
149.049492120743	-65.19339
149.065122127533	-67.08292
149.080742120743	-68.40524
149.096372127533	-68.69543
149.111992120743	-67.70987
149.127622127533	-65.49207
149.143242120743	-62.36368
149.158872127533	-58.78979
149.174502134323	-55.23105
149.190122127533	-51.97696
149.205752134323	-49.08307
149.221372127533	-46.4259
149.237002134323	-43.79572
149.252622127533	-41.03177
149.268252134323	-38.14163
149.283882141113	-35.30783
149.299502134323	-32.85791
149.315132141113	-31.15036
149.330752134323	-30.43381
149.346382141113	-30.71689
149.362002134323	-31.67404
149.377632141113	-32.67737
149.393262147903	-32.93491
149.408882141113	-31.7016
149.424512147903	-28.53854
149.440132141113	-23.45465
149.455762147903	-16.91006
149.471382141113	-9.632507
149.487012147903	-2.377258
149.502642154694	4.325562
149.518262147903	10.21008
149.533892154694	15.22833
149.549512147903	19.40836
149.565142154694	22.73706
149.580762147903	25.17593
149.596392154694	26.74773
149.612021923065	27.62077
149.627642154694	28.15167
149.643271923065	28.74464
149.658892154694	29.75029
149.674521923065	31.30396
149.690142154694	33.30232
149.705771923065	35.45435
149.721401929855	37.38887
149.737021923065	38.79114
149.752651929855	39.47417
149.768271923065	39.41428
149.783901929855	38.69662
149.799521923065	37.47995
149.815151929855	35.90584
149.830781936646	34.06079
149.846401929855	31.96547
149.862031936646	29.60295
149.877651929855	26.9671
149.893281936646	24.11562
149.908901929855	21.17896
149.924531936646	18.31027
149.940161943436	15.62057
149.955781936646	13.13249
149.971411943436	10.76747
149.987031936646	8.364983
150.002661943436	5.750748
150.018281936646	2.78566
150.033911943436	-0.5689621
150.049541950226	-4.181442
150.065161943436	-7.73291
150.080791950226	-10.75824
150.096411943436	-12.72872
150.112041950226	-13.21573
150.127661943436	-12.02353
150.143291950226	-9.28289
150.158921957016	-5.422676
150.174541950226	-1.040604
150.190171957016	3.285645
150.205791950226	7.138237
150.221421957016	10.30893
150.237041950226	12.78939
150.252671957016	14.68071
150.268301963806	16.12505
150.283921957016	17.26216
150.299551963806	18.21827
150.315171957016	19.08474
150.330801963806	19.91579
150.346421957016	20.70428
150.362051963806	21.40991
150.377681970596	21.98839
150.393301963806	22.40746
150.408931970596	22.70224
150.424551963806	22.91646
150.440181970596	23.06305
150.455811977386	23.07451
150.471431970596	22.83558
150.487061977386	22.20043
150.502681970596	21.12985
150.518311977386	19.71446
150.533931970596	18.15723
150.549561977386	16.69462
150.565191984177	15.47703
150.580811977386	14.53207
150.596441984177	13.7316
150.612061977386	12.90445
150.627691984177	11.91516
150.643311977386	10.75276
150.658941984177	9.539925
150.674571990967	8.473165
150.690191984177	7.700809
150.705821990967	7.26301
150.721441984177	7.020786
150.737071990967	6.708729
150.752691984177	6.018318
150.768321990967	4.719345
150.783951997757	2.740423
150.799571990967	0.2180614
150.815201997757	-2.500628
150.830821990967	-4.947083
150.846451997757	-6.608904
150.862071990967	-7.065823
150.877701997757	-6.054794
150.893332004547	-3.552341
150.908951997757	0.2048378
150.924582004547	4.769039
150.940201997757	9.613796
150.955832004547	14.23882
150.971451997757	18.32434
150.987082004547	21.7434
151.002712011337	24.51468
151.018332004547	26.65008
151.033962011337	28.03984
151.049582004547	28.39992
151.065212011337	27.35654
151.080832004547	24.64736
151.096462011337	20.35877
151.112092018127	15.03682
151.127712011337	9.612446
151.143342018127	5.096722
151.158962011337	2.231415
151.174592018127	1.220608
151.190212011337	1.726334
151.205842018127	3.05471
151.221472024918	4.487877
151.237092018127	5.543591
151.252722024918	6.057678
151.268342018127	6.107811
151.283972024918	5.876934
151.299592018127	5.496887
151.315222024918	5.069733
151.330852031708	4.670967
151.346472024918	4.408485
151.362102031708	4.358055
151.377722024918	4.502701
151.393352031708	4.662502
151.408972024918	4.528336
151.424602031708	3.757595
151.440232038498	2.117756
151.455852031708	-0.4509544
151.471482038498	-3.856007
151.487102031708	-7.944324
151.502732038498	-12.59878
151.518352031708	-17.72876
151.533982038498	-23.20877
151.549612045288	-28.79076
151.565232038498	-34.09181
151.580862045288	-38.67389
151.596482038498	-42.17626
151.612112045288	-44.46275
151.627732038498	-45.6296
151.643362045288	-45.94349
151.658992052078	-45.70508
151.674612045288	-45.13394
151.690242052078	-44.31052
151.705862045288	-43.2506
151.721492052078	-41.96535
151.737112045288	-40.53029
151.752742052078	-39.07944
151.768372058868	-37.74287
151.783992052078	-36.5631
151.799622058868	-35.4397
151.815242052078	-34.16228
151.830872058868	-32.46072
151.846492052078	-30.10793
151.862122058868	-26.97529
151.877752065659	-23.05257
151.893372058868	-18.41008
151.909002065659	-13.14954
151.924622058868	-7.395561
151.940252065659	-1.292076
151.955872058868	4.922539
151.971502065659	10.88881
151.987132072449	16.16887
152.002752065659	20.34861
152.018382072449	23.2019
152.034002065659	24.78729
152.049632072449	25.44691
152.065252065659	25.66136
152.080882072449	25.85966
152.096512079239	26.25134
152.112132072449	26.77258
152.127762079239	27.1461
152.143382072449	27.03416
152.159012079239	26.1962
152.174632072449	24.57683
152.190262079239	22.32814
152.205892086029	19.71616
152.221512079239	17.0134
152.237142086029	14.40424
152.252762079239	11.94334
152.268392086029	9.555222
152.284012079239	7.111954
152.299642086029	4.492828
152.315272092819	1.632965
152.330892086029	-1.433807
152.346522092819	-4.546753
152.362142086029	-7.435562
152.377772092819	-9.712433
152.393392086029	-10.93044
152.409022092819	-10.65939
152.424652099609	-8.628754
152.440272092819	-4.816055
152.455902099609	0.4929657
152.471522092819	6.74942
152.487152099609	13.24126
152.502772092819	19.22632
152.518402099609	24.09056
152.5340321064	27.44879
152.549652099609	29.21608
152.5652821064	29.6348
152.580902099609	29.1993
152.5965321064	28.50798
152.612152099609	28.0508
152.6277821064	28.02676
152.64341211319	28.27269
152.6590321064	28.38857
152.67466211319	27.95271
152.6902821064	26.76848
152.70591211319	24.96762
152.72154211998	22.91269
152.73716211319	20.97113
152.75279211998	19.34476
152.76841211319	17.98996
152.78404211998	16.7533
152.79966211319	15.53836
152.81529211998	14.39539
152.83092212677	13.47539
152.84654211998	12.9086
152.86217212677	12.65947
152.87779211998	12.54739
152.89342212677	12.36719
152.90904211998	12.0226
152.92467212677	11.59093
152.94030213356	11.24605
152.95592212677	11.1111
152.97155213356	11.17833
152.98717212677	11.29214
153.00280213356	11.26129
153.01842212677	10.93993
153.03405213356	10.2686
153.04968214035	9.222336
153.06530213356	7.771576
153.08093214035	5.843079
153.09655213356	3.349808
153.11218214035	0.2635956
153.12780213356	-3.347153
153.14343214035	-7.265533
153.159062147141	-11.14323
153.17468214035	-14.51352
153.190312147141	-16.8396
153.20593214035	-17.63383
153.221562147141	-16.57861
153.23718214035	-13.688
153.252812147141	-9.340714
153.268442153931	-4.210144
153.284062147141	0.9653625
153.299692153931	5.592896
153.315312147141	9.381012
153.330942153931	12.31252
153.346562147141	14.50819
153.362192153931	16.09381
153.377821922302	17.11668
153.393442153931	17.60693
153.409071922302	17.65198
153.424692153931	17.45193
153.440321922302	17.27115
153.455942153931	17.33394
153.471571922302	17.72105
153.487201929092	18.33051
153.502821922302	18.96204
153.518451929092	19.44232
153.534071922302	19.73106
153.549701929092	19.94347
153.565321922302	20.31258
153.580951929092	21.05505
153.596581935883	22.2518
153.612201929092	23.80006
153.627831935883	25.4019
153.643451929092	26.6676
153.659081935883	27.25755
153.674701929092	27.00787
153.690331935883	25.98608
153.705961942673	24.45525
153.721581935883	22.70554
153.737211942673	20.90541
153.752831935883	19.02245
153.768461942673	16.85725
153.784081935883	14.21663
153.799711942673	11.05212
153.815341949463	7.550278
153.830961942673	4.015182
153.846591949463	0.7303467
153.862211942673	-2.204117
153.877841949463	-4.909485
153.893461942673	-7.623032
153.909091949463	-10.54364
153.924721956253	-13.71794
153.940341949463	-17.02563
153.955971956253	-20.28201
153.971591949463	-23.31657
153.987221956253	-25.99211
154.002841949463	-28.17589
154.018471956253	-29.63998
154.034101963043	-30.06432
154.049721956253	-29.08769
154.065351963043	-26.46649
154.080971956253	-22.25591
154.096601963043	-16.81197
154.112221956253	-10.77915
154.127851963043	-4.900833
154.143481969833	0.2002945
154.159101963043	4.131493
154.174731969833	6.738396
154.190351963043	8.03463
154.205981969833	8.122078
154.221601963043	7.22567
154.237231969833	5.727936
154.252861976624	4.172607
154.268481969833	3.151588
154.284111976624	3.104523
154.299731969833	4.112648
154.315361976624	5.863602
154.330981969833	7.807014
154.346611976624	9.421883
154.362241983414	10.44923
154.377861976624	10.96478
154.393491983414	11.25195
154.409111976624	11.57355
154.424741983414	11.97555
154.440361976624	12.20538
154.455991983414	11.78348
154.471621990204	10.22059
154.487241983414	7.225918
154.502871990204	2.904987
154.518491983414	-2.21442
154.534121990204	-7.308456
154.549741983414	-11.53062
154.565371990204	-14.32831
154.581001996994	-15.71772
154.596621990204	-16.18581
154.612251996994	-16.4417
154.627871990204	-17.072
154.643501996994	-18.28798
154.659121990204	-19.90183
154.674751996994	-21.55839
154.690382003784	-23.0415
154.706001996994	-24.37678
154.721632003784	-25.86508
154.737251996994	-27.89142
154.752882003784	-30.72911
154.768501996994	-34.44531
154.784132003784	-38.90334
154.799762010574	-43.79954
154.815382003784	-48.6787
154.831012010574	-52.8898
154.846632003784	-55.60214
154.862262010574	-55.9821
154.877882003784	-53.45347
154.893512010574	-48.01022
154.909142017365	-40.33305
154.924762010574	-31.58935
154.940392017365	-23.02496
154.956012010574	-15.54017
154.971642017365	-9.455059
154.987262010574	-4.576918
155.002892017365	-0.496706
155.018522024155	3.123436
155.034142017365	6.409863
155.049772024155	9.336863
155.065392017365	11.88954
155.081022024155	14.168
155.096642017365	16.3937
155.112272024155	18.78538
155.127902030945	21.43788
155.143522024155	24.23866
155.159152030945	26.92804
155.174772024155	29.20407
155.190402030945	30.7535
155.206022024155	31.4424
155.221652030945	31.30382
155.237282037735	30.44909
155.252902030945	28.97981
155.268532037735	26.87455
155.284152030945	23.9957
155.299782037735	20.29283
155.315412044525	15.97768
155.331032037735	11.61298
155.346662044525	7.96833
155.362282037735	5.695937
155.377912044525	5.026852
155.393532037735	5.672872
155.409162044525	7.01526
155.424792051315	8.443819
155.440412044525	9.638454
155.456042051315	10.63693
155.471662044525	11.68798
155.487292051315	13.08523
155.502912044525	14.96817
155.518542051315	17.356
155.534172058105	20.229
155.549792051315	23.58493
155.565422058105	27.40754
155.581042051315	31.54467
155.596672058105	35.68338
155.612292051315	39.35728
155.627922058105	42.13564
155.643552064896	43.79374
155.659172058105	44.4258
155.674802064896	44.4378
155.690422058105	44.41803
155.706052064896	44.95145
155.721672058105	46.29282
155.737302064896	48.3539
155.752932071686	50.54913
155.768552064896	52.03407
155.784182071686	51.93513
155.799802064896	49.55734
155.815432071686	44.50186
155.831052064896	36.69702
155.846682071686	26.49641
155.862312078476	14.75727
155.877932071686	2.85817
155.893562078476	-7.611038
155.909182071686	-15.28716
155.924812078476	-19.58395
155.940432071686	-20.93768
155.956062078476	-20.59476
155.971692085266	-20.05118
155.987312078476	-20.36756
156.002942085266	-21.85081
156.018562078476	-24.13977
156.034192085266	-26.67906
156.049812078476	-29.16238
156.065442085266	-31.6971
156.081072092056	-34.5946
156.096692085266	-37.97729
156.112322092056	-41.58646
156.127942085266	-44.83974
156.143572092056	-47.16779
156.159192085266	-48.32455
156.174822092056	-48.48874
156.190452098846	-48.12062
156.206072092056	-47.65947
156.221702098846	-47.45638
156.237322092056	-47.54529
156.252952098846	-47.86714
156.268572092056	-48.34856
156.284202098846	-48.99449
156.299832105637	-49.88995
156.315452098846	-51.09354
156.331082105637	-52.55919
156.346702098846	-54.12788
156.362332105637	-55.5928
156.377952098846	-56.78046
156.393582105637	-57.65923
156.409212112427	-58.31929
156.424832105637	-58.90327
156.440462112427	-59.4693
156.456082105637	-59.90033
156.471712112427	-59.87471
156.487332105637	-58.96211
156.502962112427	-56.76291
156.518592119217	-53.03893
156.534212112427	-47.86699
156.549842119217	-41.59937
156.565462112427	-34.78571
156.581092119217	-28.01389
156.596712112427	-21.75197
156.612342119217	-16.30745
156.627972126007	-11.81056
156.643592119217	-8.264786
156.659222126007	-5.588745
156.674842119217	-3.649841
156.690472126007	-2.264755
156.706092119217	-1.219131
156.721722126007	-0.2962799
156.737352132797	0.7208252
156.752972126007	2.022202
156.768602132797	3.748535
156.784222126007	5.973053
156.799852132797	8.640488
156.815472126007	11.55438
156.831102132797	14.39404
156.846732139587	16.79388
156.862352132797	18.44121
156.877982139587	19.21866
156.893602132797	19.20995
156.909232139587	18.67659
156.924852132797	17.93344
156.940482139587	17.23978
156.956112146378	16.75424
156.971732139587	16.54546
156.987362146378	16.66047
157.002982139587	17.15523
157.018612146378	18.1152
157.034232139587	19.59557
157.049862146378	21.62323
157.065492153168	24.17895
157.081112146378	27.23853
157.096742153168	30.75531
157.112362146378	34.60164
157.127992153168	38.43593
157.143612146378	41.59742
157.159242153168	43.11395
157.174871921539	41.88548
157.190492153168	36.99402
157.206121921539	28.09517
157.221742153168	15.6352
157.237371921539	0.9167023
157.252992153168	-14.18653
157.268621921539	-27.66471
157.284251928329	-37.85348
157.299871921539	-43.8062
157.315501928329	-45.41052
157.331121921539	-43.2825
157.346751928329	-38.46481
157.362371921539	-32.16431
157.378001928329	-25.49706
157.39363193512	-19.40377
157.409251928329	-14.57951
157.42488193512	-11.44196
157.440501928329	-10.09781
157.45613193512	-10.30978
157.471751928329	-11.5917
157.48738193512	-13.31736
157.50301194191	-14.93467
157.51863193512	-16.07084
157.53426194191	-16.59134
157.54988193512	-16.49427
157.56551194191	-15.83652
157.5811419487	-14.64368
157.59676194191	-12.93954
157.6123919487	-10.7674
157.62801194191	-8.226723
157.6436419487	-5.45738
157.65926194191	-2.575729
157.6748919487	0.3655338
157.69052195549	3.361248
157.7061419487	6.391638
157.72177195549	9.38454
157.7373919487	12.18031
157.75302195549	14.5711
157.7686419487	16.37367
157.78427195549	17.474
157.79990196228	17.87088
157.81552195549	17.6506
157.83115196228	16.96216
157.84677195549	15.97173
157.86240196228	14.82686
157.87802195549	13.61136
157.89365196228	12.34547
157.90928196907	10.97492
157.92490196228	9.429398
157.94053196907	7.610331
157.95615196228	5.446594
157.97178196907	2.87965
157.98740196228	-0.1133595
158.00303196907	-3.479517
158.018661975861	-7.058525
158.03428196907	-10.52583
158.049911975861	-13.40605
158.06553196907	-15.1853
158.081161975861	-15.44028
158.09678196907	-14.00465
158.112411975861	-11.00791
158.128041982651	-6.817368
158.143661975861	-1.893433
158.159291982651	3.332104
158.174911975861	8.570232
158.190541982651	13.6438
158.206161975861	18.43041
158.221791982651	22.82756
158.237421989441	26.70757
158.253041982651	29.96495
158.268671989441	32.58963
158.284291982651	34.70972
158.299921989441	36.5321
158.315541982651	38.32653
158.331171989441	40.30534
158.346801996231	42.56664
158.362421989441	45.07632
158.378051996231	47.69337
158.393671989441	50.21332
158.409301996231	52.40206
158.424921989441	54.05488
158.440551996231	55.00121
158.456182003021	55.15595
158.471801996231	54.52951
158.487432003021	53.21013
158.503051996231	51.32236
158.518682003021	48.96009
158.534301996231	46.13738
158.549932003021	42.85479
158.565562009811	39.17149
158.581182003021	35.24298
158.596812009811	31.33596
158.612432003021	27.67968
158.628062009811	24.35728
158.643682003021	21.27669
158.659312009811	18.2287
158.674942016602	15.07024
158.690562009811	11.82499
158.706192016602	8.691849
158.721812009811	5.871868
158.737442016602	3.448429
158.753062009811	1.266693
158.768692016602	-0.961792
158.784322023392	-3.482334
158.799942016602	-6.317408
158.815572023392	-9.183279
158.831192016602	-11.55007
158.846822023392	-12.83386
158.862442016602	-12.60097
158.878072023392	-10.68323
158.893702030182	-7.268011
158.909322023392	-2.814927
158.924952030182	2.072711
158.940572023392	6.811856
158.956202030182	10.94868
158.971822023392	14.2123
158.987452030182	16.4894
159.003082036972	17.74948
159.018702030182	18.05542
159.034332036972	17.52282
159.049952030182	16.35693
159.065582036972	14.84718
159.081202030182	13.30122
159.096832036972	11.98054
159.112462043762	11.04676
159.128082036972	10.53554
159.143712043762	10.43512
159.159332036972	10.72803
159.174962043762	11.4053
159.190582036972	12.38183
159.206212043762	13.47317
159.221842050552	14.3108
159.237462043762	14.50017
159.253092050552	13.71572
159.268712043762	11.88205
159.284342050552	9.194504
159.299962043762	6.053795
159.315592050552	2.875046
159.331222057343	-0.06649017
159.346842050552	-2.748642
159.362472057343	-5.341888
159.378092050552	-8.072182
159.393722057343	-11.08977
159.409342050552	-14.38109
159.424972057343	-17.79472
159.440602064133	-21.18732
159.456222057343	-24.54379
159.471852064133	-28.01682
159.487472057343	-31.86154
159.503102064133	-36.33342
159.518722057343	-41.50343
159.534352064133	-47.19405
159.549982070923	-52.96819
159.565602064133	-58.22473
159.581232070923	-62.33421
159.596852064133	-64.78847
159.612482070923	-65.28348
159.628102064133	-63.79507
159.643732070923	-60.57903
159.659362077713	-56.12361
159.674982070923	-51.05028
159.690612077713	-45.98965
159.706232070923	-41.41875
159.721862077713	-37.63255
159.737482070923	-34.72296
159.753112077713	-32.65758
159.768742084503	-31.34358
159.784362077713	-30.681
159.799992084503	-30.52979
159.815612077713	-30.71706
159.831242084503	-30.99214
159.846872091293	-31.0834
159.862492084503	-30.75816
159.878122091293	-29.89761
159.893742084503	-28.56448
159.909372091293	-27.01653
159.924992084503	-25.6331
159.940622091293	-24.76945
159.956252098083	-24.62454
159.971872091293	-25.13757
159.987502098083	-25.9761
160.003122091293	-26.67848
160.018752098083	-26.82719
160.034372091293	-26.20561
160.050002098083	-24.84048
160.065632104874	-22.9283
160.081252098083	-20.72287
160.096882104874	-18.43643
160.112502098083	-16.21112
160.128132104874	-14.17815
160.143752098083	-12.48701
160.159382104874	-11.33269
160.175012111664	-10.89604
160.190632104874	-11.36104
160.206262111664	-12.84567
160.221882104874	-15.38393
160.237512111664	-18.88312
160.253132104874	-23.03738
160.268762111664	-27.2923
160.284392118454	-30.84887
160.300012111664	-32.85451
160.315642118454	-32.6301
160.331262111664	-29.90254
160.346892118454	-24.90032
160.362512111664	-18.29131
160.378142118454	-10.96996
160.393772125244	-3.802315
160.409392118454	2.531181
160.425022125244	7.664299
160.440642118454	11.50422
160.456272125244	14.18027
160.471892118454	15.95892
160.487522125244	17.13384
160.503152132034	17.96357
160.518772125244	18.6299
160.534402132034	19.22401
160.550022125244	19.77312
160.565652132034	20.26975
160.581272125244	20.68307
160.596902132034	20.95557
160.612532138824	21.02221
160.628152132034	20.79412
160.643782138824	20.20329
160.659402132034	19.20483
160.675032138824	17.85074
160.690652132034	16.25385
160.706282138824	14.56058
160.721912145615	12.881
160.737532138824	11.2628
160.753162145615	9.67261
160.768782138824	8.031989
160.784412145615	6.286235
160.800032138824	4.407341
160.815662145615	2.410594
160.831292152405	0.3093998
160.846912145615	-1.922423
160.862542152405	-4.381163
160.878162145615	-7.199085
160.893792152405	-10.45931
160.909412145615	-14.09902
160.925042152405	-17.80378
160.940671920776	-21.06282
160.956292152405	-23.26316
160.971921920776	-23.87172
160.987542152405	-22.61994
161.003171920776	-19.58635
161.018792152405	-15.16365
161.034421920776	-9.922554
161.050051927567	-4.438789
161.065671920776	0.8651924
161.081301927567	5.76239
161.096921920776	10.16121
161.112551927567	14.04879
161.128171920776	17.43082
161.143801927567	20.33315
161.159431934357	22.80165
161.175051927567	24.94011
161.190681934357	26.87594
161.206301927567	28.68784
161.221931934357	30.36807
161.237551927567	31.82398
161.253181934357	32.91119
161.268811941147	33.50639
161.284431934357	33.55609
161.300061941147	33.079
161.315681934357	32.17824
161.331311941147	31.01615
161.346931934357	29.80442
161.362561941147	28.78499
161.378191947937	28.15049
161.393811941147	27.92265
161.409441947937	27.90834
161.425061941147	27.72344
161.440691947937	26.95943
161.456311941147	25.35842
161.471941947937	22.94178
161.487571954727	20.0067
161.503191947937	16.95003
161.518821954727	14.07969
161.534441947937	11.49307
161.550071954727	9.048843
161.565691947937	6.470245
161.581321954727	3.506912
161.596951961517	0.02604675
161.612571954727	-3.940414
161.628201961517	-8.196014
161.643821954727	-12.39143
161.659451961517	-16.07002
161.675071954727	-18.72221
161.690701961517	-19.88046
161.706331968307	-19.26172
161.721951961517	-16.86847
161.737581968307	-13.01381
161.753201961517	-8.256821
161.768831968307	-3.209564
161.784451961517	1.588348
161.800081968307	5.789307
161.815711975098	9.264206
161.831331968307	12.02216
161.846961975098	14.12822
161.862581968307	15.64816
161.878211975098	16.63135
161.893831968307	17.14359
161.909461975098	17.29559
161.925091981888	17.20309
161.940711975098	16.97906
161.956341981888	16.66008
161.971961975098	16.22804
161.987591981888	15.62543
162.003211975098	14.8271
162.018841981888	13.87682
162.034471988678	12.87555
162.050091981888	11.93109
162.065721988678	11.05736
162.081341981888	10.17381
162.096971988678	9.113831
162.112591981888	7.727737
162.128221988678	5.986328
162.143851995468	4.013611
162.159471988678	2.034546
162.175101995468	0.2509155
162.190721988678	-1.250046
162.206351995468	-2.550156
162.221971988678	-3.835785
162.237601995468	-5.293991
162.253232002258	-7.035172
162.268851995468	-9.051376
162.284482002258	-11.24129
162.300101995468	-13.48508
162.315732002258	-15.66989
162.331351995468	-17.73044
162.346982002258	-19.63753
162.362612009048	-21.39836
162.378232002258	-23.05841
162.393862009048	-24.72316
162.409482002258	-26.51938
162.425112009048	-28.56961
162.440742015839	-30.90009
162.456362009048	-33.34583
162.471992015839	-35.49928
162.487612009048	-36.76399
162.503242015839	-36.50249
162.518862009048	-34.2675
162.534492015839	-29.99817
162.550122022629	-24.08124
162.565742015839	-17.24492
162.581372022629	-10.28714
162.596992015839	-3.830933
162.612622022629	1.816345
162.628242015839	6.628235
162.643872022629	10.69783
162.659502029419	14.11183
162.675122022629	16.88556
162.690752029419	19.06548
162.706372022629	20.82649
162.722002029419	22.47981
162.737622022629	24.39449
162.753252029419	26.82193
162.768882036209	29.76392
162.784502029419	32.97006
162.800132036209	36.04321
162.815752029419	38.62869
162.831382036209	40.51588
162.847002029419	41.66112
162.862632036209	42.12408
162.878262042999	41.95828
162.893882036209	41.19148
162.909512042999	39.83261
162.925132036209	37.88921
162.940762042999	35.39221
162.956382036209	32.35736
162.972012042999	28.73186
162.987642049789	24.39404
163.003262042999	19.20712
163.018892049789	13.1608
163.034512042999	6.466919
163.050142049789	-0.4406281
163.065762042999	-7.02037
163.081392049789	-12.85518
163.09702205658	-17.78424
163.112642049789	-21.93443
163.12827205658	-25.58365
163.143892049789	-28.93854
163.15952205658	-32.02313
163.175142049789	-34.6664
163.19077205658	-36.6442
163.20640206337	-37.87614
163.22202205658	-38.56784
163.23765206337	-39.19194
163.25327205658	-40.31932
163.26890206337	-42.37657
163.28452205658	-45.41417
163.30015206337	-49.03496
163.31578207016	-52.49095
163.33140206337	-54.9131
163.34703207016	-55.55359
163.36265206337	-53.97372
163.37828207016	-50.129
163.39390206337	-44.28893
163.40953207016	-36.9209
163.42516207695	-28.53911
163.44078207016	-19.65089
163.45641207695	-10.76443
163.47203207016	-2.382324
163.48766207695	5.025848
163.50328207016	11.09811
163.51891207695	15.72568
163.53454208374	19.10381
163.55016207695	21.68324
163.56579208374	24.0134
163.58141207695	26.55571
163.59704208374	29.55597
163.61266207695	32.99841
163.62829208374	36.7076
163.64392209053	40.48251
163.65954208374	44.19385
163.67517209053	47.81647
163.69079208374	51.36235
163.70642209053	54.81429
163.72204208374	58.05469
163.73767209053	60.89133
163.753302097321	63.09776
163.76892209053	64.4837
163.784552097321	64.91222
163.80017209053	64.32326
163.815802097321	62.71404
163.83142209053	60.16396
163.847052097321	56.8345
163.862682104111	52.96638
163.878302097321	48.85876
163.893932104111	44.76738
163.909552097321	40.81732
163.925182104111	36.92767
163.940802097321	32.84976
163.956432104111	28.21881
163.972062110901	22.75668
163.987682104111	16.39787
164.003312110901	9.35379
164.018932104111	2.025818
164.034562110901	-5.158295
164.050182104111	-11.94188
164.065812110901	-18.34897
164.081442117691	-24.63541
164.097062110901	-31.10629
164.112692117691	-37.94075
164.128312110901	-45.04976
164.143942117691	-52.03384
164.159562110901	-58.25749
164.175192117691	-62.94713
164.190822124481	-65.38007
164.206442117691	-65.04117
164.222072124481	-61.78731
164.237692117691	-55.96075
164.253322124481	-48.33261
164.268942117691	-39.9173
164.284572124481	-31.67049
164.300202131271	-24.18491
164.315822124481	-17.62381
164.331452131271	-11.78128
164.347072124481	-6.380905
164.362702131271	-1.299179
164.378322124481	3.362381
164.393952131271	7.391815
164.409582138062	10.64349
164.425202131271	13.1669
164.440832138062	15.21367
164.456452131271	17.05885
164.472082138062	18.88263
164.487702131271	20.67004
164.503332138062	22.26884
164.518962144852	23.53773
164.534582138062	24.43739
164.550212144852	25.09448
164.565832138062	25.71091
164.581462144852	26.46121
164.597082138062	27.35999
164.612712144852	28.24478
164.628342151642	28.80348
164.643962144852	28.68471
164.659592151642	27.58725
164.675212144852	25.34123
164.690842151642	21.92316
164.706471920013	17.45102
164.722092151642	12.16678
164.737721920013	6.358231
164.753342151642	0.3424988
164.768971920013	-5.616577
164.784592151642	-11.31802
164.800221920013	-16.60619
164.815851926804	-21.33267
164.831471920013	-25.30226
164.847101926804	-28.27048
164.862721920013	-29.99706
164.878351926804	-30.36928
164.893971920013	-29.50111
164.909601926804	-27.76563
164.925231933594	-25.74339
164.940851926804	-24.05431
164.956481933594	-23.17966
164.972101926804	-23.35031
164.987731933594	-24.49719
165.003351926804	-26.29579
165.018981933594	-28.27562
165.034611940384	-29.93529
165.050231933594	-30.82631
165.065861940384	-30.61574
165.081481933594	-29.11696
165.097111940384	-26.31178
165.112731933594	-22.35608
165.128361940384	-17.57495
165.143991947174	-12.42288
165.159611940384	-7.393921
165.175241947174	-2.922958
165.190861940384	0.7106476
165.206491947174	3.445984
165.222111940384	5.427521
165.237741947174	6.924698
165.253371953964	8.20314
165.268991947174	9.45752
165.284621953964	10.7294
165.300241947174	11.94827
165.315871953964	13.0322
165.331491947174	13.96097
165.347121953964	14.81081
165.362751960754	15.69388
165.378371953964	16.65302
165.394001960754	17.61267
165.409621953964	18.39639
165.425251960754	18.81219
165.440871953964	18.79094
165.456501960754	18.43834
165.472131967545	17.967
165.487751960754	17.56798
165.503381967545	17.2959
165.519001960754	17.03574
165.534631967545	16.56726
165.550251960754	15.71597
165.565881967545	14.45685
165.581511974335	12.91162
165.597131967545	11.32941
165.612761974335	9.945877
165.628381967545	8.893738
165.644011974335	8.161865
165.659631967545	7.594543
165.675261974335	6.970932
165.690891981125	6.086411
165.706511974335	4.865829
165.722141981125	3.383774
165.737761974335	1.845673
165.753391981125	0.4463806
165.769011974335	-0.7076263
165.784641981125	-1.64296
165.800271987915	-2.487656
165.815891981125	-3.38797
165.831521987915	-4.439667
165.847141981125	-5.687881
165.862771987915	-7.17067
165.878391981125	-8.903351
165.894021987915	-10.86427
165.909651994705	-12.87421
165.925271987915	-14.55746
165.940901994705	-15.39076
165.956521987915	-14.85284
165.972151994705	-12.6528
165.987771987915	-8.81929
166.003401994705	-3.752014
166.019032001495	1.931656
166.034651994705	7.548424
166.050282001495	12.53951
166.065901994705	16.57899
166.081532001495	19.5685
166.097151994705	21.62348
166.112782001495	22.95449
166.128412008286	23.80611
166.144032001495	24.37254
166.159662008286	24.80769
166.175282001495	25.22897
166.190912008286	25.73825
166.206532001495	26.41753
166.222162008286	27.28479
166.237792015076	28.26772
166.253412008286	29.18993
166.269042015076	29.84092
166.284662008286	30.02303
166.300292015076	29.64667
166.315912008286	28.70202
166.331542015076	27.25069
166.347172021866	25.36702
166.362792015076	23.12679
166.378422021866	20.61617
166.394042015076	17.94553
166.409672021866	15.25914
166.425292015076	12.68949
166.440922021866	10.32336
166.456552028656	8.143867
166.472172021866	6.036613
166.487802028656	3.866219
166.503422021866	1.527412
166.519052028656	-0.9907341
166.534672021866	-3.623257
166.550302028656	-6.247009
166.565932035446	-8.746151
166.581552028656	-11.02495
166.597182035446	-13.0091
166.612802028656	-14.60733
166.628432035446	-15.73389
166.644052028656	-16.34933
166.659682035446	-16.53613
166.675312042236	-16.52554
166.690932035446	-16.67393
166.706562042236	-17.37739
166.722182035446	-18.92107
166.737812042236	-21.34972
166.753432035446	-24.42881
166.769062042236	-27.68229
166.784692049026	-30.51795
166.800312042236	-32.40698
166.815942049026	-33.03962
166.831562042236	-32.42469
166.847192049026	-30.87718
166.862822055817	-28.8664
166.878442049026	-26.82077
166.894072055817	-24.89704
166.909692049026	-22.91136
166.925322055817	-20.38404
166.940942049026	-16.7569
166.956572055817	-11.63375
166.972202062607	-4.951401
166.987822055817	2.979313
167.003452062607	11.58185
167.019072055817	20.13987
167.034702062607	27.9471
167.050322055817	34.38454
167.065952062607	38.96248
167.081582069397	41.35864
167.097202062607	41.47895
167.112832069397	39.50184
167.128452062607	35.86986
167.144082069397	31.2249
167.159702062607	26.24815
167.175332069397	21.47624
167.190962076187	17.16096
167.206582069397	13.22576
167.222212076187	9.328228
167.237832069397	5.058311
167.253462076187	0.09975052
167.269082069397	-5.607388
167.284712076187	-11.82979
167.300342082977	-18.12177
167.315962076187	-23.98475
167.331592082977	-29.02097
167.347212076187	-33.02754
167.362842082977	-35.99102
167.378462076187	-38.02353
167.394092082977	-39.28693
167.409722089767	-39.93072
167.425342082977	-40.08881
167.440972089767	-39.91551
167.456592082977	-39.59954
167.472222089767	-39.3342
167.487842082977	-39.27722
167.503472089767	-39.51816
167.519102096558	-40.07858
167.534722089767	-40.92975
167.550352096558	-41.99168
167.565972089767	-43.13504
167.581602096558	-44.12849
167.597222089767	-44.62063
167.612852096558	-44.17424
167.628482103348	-42.38086
167.644102096558	-38.98625
167.659732103348	-34.01176
167.675352096558	-27.77507
167.690982103348	-20.78699
167.706602096558	-13.60395
167.722232103348	-6.677269
167.737862110138	-0.2573624
167.753482103348	5.589127
167.769112110138	10.88206
167.784732103348	15.63711
167.800362110138	19.8322
167.815982103348	23.40948
167.831612110138	26.32864
167.847242116928	28.61753
167.862862110138	30.36436
167.878492116928	31.69893
167.894112110138	32.75063
167.909742116928	33.61868
167.925362110138	34.38654
167.940992116928	35.09586
167.956622123718	35.74386
167.972242116928	36.24007
167.987872123718	36.39223
168.003492116928	35.92735
168.019122123718	34.58688
168.034742116928	32.24924
168.050372123718	28.99323
168.066002130508	25.09417
168.081622123718	20.90942
168.097252130508	16.74507
168.112872123718	12.73885
168.128502130508	8.848251
168.144122123718	4.922371
168.159752130508	0.7753372
168.175382137299	-3.738708
168.191002130508	-8.704315
168.206632137299	-14.12674
168.222252130508	-19.89995
168.237882137299	-25.75323
168.253502130508	-31.26315
168.269132137299	-35.91126
168.284762144089	-39.26134
168.300382137299	-41.10944
168.316012144089	-41.55833
168.331632137299	-40.97813
168.347262144089	-39.80201
168.362882137299	-38.34967
168.378512144089	-36.73055
168.394142150879	-34.89243
168.409762144089	-32.70695
168.425392150879	-30.07806
168.441012144089	-26.97503
168.456642150879	-23.37716
168.472262144089	-19.25909
168.487892150879	-14.61407
168.50352191925	-9.539421
168.519142150879	-4.322182
168.53477191925	0.5718079
168.550392150879	4.638077
168.56602191925	7.485695
168.581642150879	8.973381
168.59727191925	9.248329
168.612901926041	8.639198
168.62852191925	7.540939
168.644151926041	6.336601
168.65977191925	5.339417
168.675401926041	4.803497
168.69102191925	4.943558
168.706651926041	5.86116
168.722281932831	7.495392
168.737901926041	9.569824
168.753531932831	11.61987
168.769151926041	13.15221
168.784781932831	13.78703
168.800401926041	13.42624
168.816031932831	12.24859
168.831661939621	10.59674
168.847281932831	8.84375
168.862911939621	7.251343
168.878531932831	5.956978
168.894161939621	5.004852
168.909781932831	4.422821
168.925411939621	4.221336
168.941041946411	4.355553
168.956661939621	4.678955
168.972291946411	4.968323
168.987911939621	5.006882
169.003541946411	4.732483
169.019161939621	4.303856
169.034791946411	4.031136
169.050421953201	4.242645
169.066041946411	5.096626
169.081671953201	6.490299
169.097291946411	8.110672
169.112921953201	9.575462
169.128541946411	10.51952
169.144171953201	10.71641
169.159801959991	10.02463
169.175421953201	8.385017
169.191051959991	5.848457
169.206671953201	2.643425
169.222301959991	-0.7644844
169.237921953201	-3.686298
169.253551959991	-5.372982
169.269181966782	-5.229515
169.284801959991	-3.040527
169.300431966782	0.9601898
169.316051959991	6.143883
169.331681966782	11.70506
169.347301959991	16.90751
169.362931966782	21.25864
169.378561973572	24.58434
169.394181966782	26.95232
169.409811973572	28.53899
169.425431966782	29.532
169.441061973572	30.06139
169.456681966782	30.20567
169.472311973572	30.06499
169.487941980362	29.76561
169.503561973572	29.488
169.519191980362	29.39645
169.534811973572	29.60851
169.550441980362	30.18851
169.566071987152	31.17763
169.581691980362	32.63017
169.597321987152	34.65405
169.612941980362	37.38721
169.628571987152	40.90256
169.644191980362	45.15518
169.659821987152	49.93979
169.675451993942	54.88521
169.691071987152	59.50662
169.706701993942	63.28008
169.722321987152	65.67608
169.737951993942	66.24327
169.753571987152	64.65663
169.769201993942	60.79959
169.784832000732	54.81284
169.800451993942	47.14694
169.816082000732	38.49899
169.831701993942	29.67891
169.847332000732	21.4082
169.862951993942	14.11436
169.878582000732	7.815964
169.894212007523	2.176941
169.909832000732	-3.344894
169.925462007523	-9.25386
169.941082000732	-15.80974
169.956712007523	-22.91528
169.972332000732	-30.14278
169.987962007523	-36.83789
170.003592014313	-42.31831
170.019212007523	-46.05896
170.034842014313	-47.8476
170.050462007523	-47.84372
170.066092014313	-46.54173
170.081712007523	-44.62143
170.097342014313	-42.75217
170.112972021103	-41.39981
170.128592014313	-40.72823
170.144222021103	-40.64699
170.159842014313	-40.90479
170.175472021103	-41.25307
170.191092014313	-41.47552
170.206722021103	-41.40604
170.222352027893	-40.88867
170.237972021103	-39.76166
170.253602027893	-37.89041
170.269222021103	-35.20786
170.284852027893	-31.75772
170.300472021103	-27.67511
170.316102027893	-23.1478
170.331732034683	-18.37863
170.347352027893	-13.54605
170.362982034683	-8.777863
170.378602027893	-4.174225
170.394232034683	0.208374
170.409852027893	4.333282
170.425482034683	8.183533
170.441112041473	11.73096
170.456732034683	14.92245
170.472362041473	17.67484
170.487982034683	19.88898
170.503612041473	21.50406
170.519232034683	22.50638
170.534862041473	22.97476
170.550492048264	23.05621
170.566112041473	22.95255
170.581742048264	22.85355
170.597362041473	22.88818
170.612992048264	23.05222
170.628612041473	23.19339
170.644242048264	23.04468
170.659872055054	22.29489
170.675492048264	20.67233
170.691122055054	18.0271
170.706742048264	14.37769
170.722372055054	9.950287
170.737992048264	5.21228
170.753622055054	0.8503723
170.769252061844	-2.322571
170.784872055054	-3.546814
170.800502061844	-2.350372
170.816122055054	1.297089
170.831752061844	6.887726
170.847372055054	13.50085
170.863002061844	20.05209
170.878632068634	25.58377
170.894252061844	29.51694
170.909882068634	31.73764
170.925502061844	32.58017
170.941132068634	32.61227
170.956752061844	32.42422
170.972382068634	32.41507
170.988012075424	32.68237
171.003632068634	33.01212
171.019262075424	33.03683
171.034882068634	32.41833
171.050512075424	30.99384
171.066132068634	28.82852
171.081762075424	26.14157
171.097392082214	23.18408
171.113012075424	20.11951
171.128642082214	16.99863
171.144262075424	13.78131
171.159892082214	10.37659
171.175512075424	6.696503
171.191142082214	2.644348
171.206772089005	-1.909729
171.222392082214	-7.098938
171.238022089005	-13.04315
171.253642082214	-19.79205
171.269272089005	-27.3183
171.284892082214	-35.51477
171.300522089005	-44.2868
171.316152095795	-53.54999
171.331772089005	-63.26227
171.347402095795	-73.37219
171.363022089005	-83.73517
171.378652095795	-94.07965
171.394272089005	-104.0513
171.409902095795	-113.3154
171.425532102585	-121.6981
171.441152095795	-129.3159
171.456782102585	-136.5371
171.472402095795	-143.8641
171.488032102585	-151.6595
171.503652095795	-159.9199
171.519282102585	-168.1173
171.534912109375	-175.2108
171.550532102585	-179.8106
171.566162109375	-180.4967
171.581782102585	-176.1635
171.597412109375	-166.3443
171.613032102585	-151.3668
171.628662109375	-132.3144
171.644292116165	-110.7856
171.659912109375	-88.47058
171.675542116165	-66.7901
171.691162109375	-46.63739
171.706792116165	-28.43713
171.722422122955	-12.29456
171.738042116165	1.772583
171.753672122955	13.7149
171.769292116165	23.48663
171.784922122955	31.21252
171.800542116165	37.22894
171.816172122955	42.11295
171.831802129745	46.48935
171.847422122955	50.81961
171.863052129745	55.28009
171.878672122955	59.77362
171.894302129745	63.98108
171.909922122955	67.53436
171.925552129745	70.08051
171.941182136536	71.33957
171.956802129745	71.11603
171.972432136536	69.30173
171.988052129745	65.86511
172.003682136536	60.849
172.019302129745	54.36908
172.034932136536	46.61816
172.050562143326	37.90793
172.066182136536	28.64291
172.081812143326	19.29614
172.097432136536	10.32983
172.113062143326	2.11142
172.128682136536	-5.180298
172.144312143326	-11.53214
172.159942150116	-17.04929
172.175562143326	-21.86087
172.191192150116	-26.01825
172.206812143326	-29.48605
172.222442150116	-32.16666
172.238062143326	-33.99469
172.253692150116	-34.94876
172.269322156906	-35.09961
172.284942150116	-34.50824
172.300572156906	-33.19125
172.316192150116	-31.08505
172.331822156906	-28.04959
172.347442150116	-23.94153
172.363072156906	-18.72009
172.378701925278	-12.50436
172.394322156906	-5.574799
172.409951925278	1.677765
172.425572156906	8.887695
172.441201925278	15.74872
172.456822156906	22.02029
172.472451925278	27.47028
172.488081932068	31.80557
172.503701925278	34.70673
172.519331932068	35.94891
172.534951925278	35.58984
172.550581932068	34.01895
172.566201925278	31.95279
172.581831932068	30.16124
172.597461938858	29.20584
172.613081932068	29.27084
172.628711938858	30.11038
172.644331932068	31.22653
172.659961938858	32.10355
172.675581932068	32.39987
172.691211938858	32.02953
172.706841945648	31.1049
172.722461938858	29.81313
172.738091945648	28.28337
172.753711938858	26.58018
172.769341945648	24.70337
172.784961938858	22.68362
172.800591945648	20.62892
172.816221952438	18.70023
172.831841945648	17.00896
172.847471952438	15.50157
172.863091945648	13.90862
172.878721952438	11.8078
172.894341945648	8.801544
172.909971952438	4.709991
172.925601959229	-0.3043518
172.941221952438	-5.775848
172.956851959229	-11.11885
172.972471952438	-15.82951
172.988101959229	-19.62749
173.003721952438	-22.43927
173.019351959229	-24.2755
173.034981966019	-25.05862
173.050601959229	-24.59897
173.066231966019	-22.66808
173.081851959229	-19.18803
173.097481966019	-14.35909
173.113101959229	-8.642548
173.128731966019	-2.656204
173.144361972809	3.053101
173.159981966019	8.131477
173.175611972809	12.4651
173.191231966019	16.09402
173.206861972809	19.06966
173.222481966019	21.39089
173.238111972809	22.98062
173.253741979599	23.76388
173.269361972809	23.76778
173.284991979599	23.17542
173.300611972809	22.30547
173.316241979599	21.53291
173.331861972809	21.13929
173.347491979599	21.20847
173.363121986389	21.59069
173.378741979599	21.95911
173.394371986389	21.94869
173.409991979599	21.28767
173.425621986389	19.89173
173.441241979599	17.85138
173.456871986389	15.36492
173.472501993179	12.6405
173.488121986389	9.854744
173.503751993179	7.159203
173.519371986389	4.71048
173.535001993179	2.670013
173.550621986389	1.187546
173.566251993179	0.3196793
173.581881999969	0.003707886
173.597501993179	0.02235794
173.613131999969	0.05734253
173.628751993179	-0.2538872
173.644381999969	-1.226028
173.660001993179	-3.08012
173.675631999969	-5.878365
173.69126200676	-9.539696
173.706881999969	-13.84435
173.72251200676	-18.45325
173.738131999969	-22.94474
173.75376200676	-26.87229
173.769381999969	-29.799
173.78501200676	-31.39515
173.80064201355	-31.54286
173.81626200676	-30.38947
173.83189201355	-28.30627
173.84751200676	-25.74704
173.86314201355	-23.10523
173.87876200676	-20.55252
173.89439201355	-18.07885
173.91002202034	-15.60637
173.92564201355	-13.15965
173.94127202034	-10.92821
173.95689201355	-9.222473
173.97252202034	-8.307932
173.98814201355	-8.243642
174.00377202034	-8.815815
174.01940202713	-9.608747
174.03502202034	-10.17562
174.05065202713	-10.22513
174.06627202034	-9.664606
174.08190202713	-8.634499
174.09752202034	-7.400023
174.11315202713	-6.246149
174.12878203392	-5.409374
174.14440202713	-5.015862
174.16003203392	-5.073349
174.17565202713	-5.484409
174.19128203392	-6.09169
174.20691204071	-6.770851
174.22253203392	-7.475903
174.23816204071	-8.261719
174.25378203392	-9.24865
174.26941204071	-10.53625
174.28503203392	-12.1348
174.30066204071	-13.94582
174.316292047501	-15.807
174.33191204071	-17.57166
174.347542047501	-19.16968
174.36316204071	-20.62224
174.378792047501	-22.02817
174.39441204071	-23.50428
174.410042047501	-25.16158
174.425672054291	-27.06583
174.441292047501	-29.18485
174.456922054291	-31.35757
174.472542047501	-33.2225
174.488172054291	-34.2594
174.503792047501	-33.91293
174.519422054291	-31.72621
174.535052061081	-27.54309
174.550672054291	-21.56555
174.566302061081	-14.3199
174.581922054291	-6.502045
174.597552061081	1.20871
174.613172054291	8.314957
174.628802061081	14.57791
174.644432067871	19.97284
174.660052061081	24.6086
174.675682067871	28.62646
174.691302061081	32.1499
174.706932067871	35.2953
174.722552061081	38.21361
174.738182067871	41.08939
174.753812074661	44.1077
174.769432067871	47.36148
174.785062074661	50.7841
174.800682067871	54.16901
174.816312074661	57.22101
174.831932067871	59.70244
174.847562074661	61.46796
174.863192081451	62.50577
174.878812074661	62.81964
174.894442081451	62.34375
174.910062074661	60.91675
174.925692081451	58.29315
174.941312074661	54.27661
174.956942081451	48.759
174.972572088242	41.78
174.988192081451	33.50192
175.003822088242	24.18546
175.019442081451	14.16556
175.035072088242	3.888641
175.050692081451	-6.125427
175.066322088242	-15.2886
175.081952095032	-23.02948
175.097572088242	-28.88779
175.113202095032	-32.60965
175.128822088242	-34.23935
175.144452095032	-34.13193
175.160072088242	-32.92053
175.175702095032	-31.38458
175.191332101822	-30.24475
175.206952095032	-29.97272
175.222582101822	-30.60703
175.238202095032	-31.7402
175.253832101822	-32.58868
175.269452095032	-32.2493
175.285082101822	-29.97189
175.300712108612	-25.38651
175.316332101822	-18.6199
175.331962108612	-10.22763
175.347582101822	-0.9838257
175.363212108612	8.324921
175.378832101822	17.09476
175.394462108612	24.97107
175.410092115402	31.8205
175.425712108612	37.67059
175.441342115402	42.62186
175.456962108612	46.87811
175.472592115402	50.72247
175.488212108612	54.53403
175.503842115402	58.7247
175.519472122192	63.6076
175.535092115402	69.30234
175.550722122192	75.59769
175.566342115402	81.95801
175.581972122192	87.60379
175.597592115402	91.7522
175.613222122192	93.86606
175.628852128983	93.86703
175.644472122192	92.19308
175.660102128983	89.65112
175.675722122192	87.07947
175.691352128983	84.97787
175.706972122192	83.29398
175.722602128983	81.4342
175.738232135773	78.55768
175.753852128983	73.98175
175.769482135773	67.53748
175.785102128983	59.61575
175.800732135773	51.03299
175.816352128983	42.69144
175.831982135773	35.29642
175.847612142563	29.23761
175.863232135773	24.58853
175.878862142563	21.19165
175.894482135773	18.71387
175.910112142563	16.66049
175.925732135773	14.41739
175.941362142563	11.32306
175.956992149353	6.819763
175.972612142563	0.6515808
175.988242149353	-7.024384
176.003862142563	-15.60614
176.019492149353	-24.21851
176.035112142563	-31.9296
176.050742149353	-37.98004
176.066372156143	-41.93591
176.081992149353	-43.72955
176.097622156143	-43.57779
176.113242149353	-41.88644
176.128872156143	-39.12354
176.144492149353	-35.70982
176.160122156143	-31.98094
176.175751924515	-28.15169
176.191372156143	-24.32465
176.207001924515	-20.49695
176.222622156143	-16.60902
176.238251924515	-12.61179
176.253872156143	-8.547028
176.269501924515	-4.59491
176.285131931305	-1.05896
176.300751924515	1.704102
176.316381931305	3.430832
176.332001924515	4.075577
176.347631931305	3.823029
176.363251924515	3.009018
176.378881931305	1.967392
176.394511938095	0.8971405
176.410131931305	-0.1657562
176.425761938095	-1.247345
176.441381931305	-2.310989
176.457011938095	-3.168716
176.472631931305	-3.532349
176.488261938095	-3.177063
176.503891944885	-2.117096
176.519511938095	-0.6642151
176.535141944885	0.6475067
176.550761938095	1.279892
176.566391944885	0.8851318
176.582021951675	-0.5404205
176.597641944885	-2.731453
176.613271951675	-5.288818
176.628891944885	-7.86171
176.644521951675	-10.25706
176.660141944885	-12.45016
176.675771951675	-14.52402
176.691401958466	-16.59824
176.707021951675	-18.78903
176.722651958466	-21.17991
176.738271951675	-23.81443
176.753901958466	-26.65787
176.769521951675	-29.58865
176.785151958466	-32.32023
176.800781965256	-34.45255
176.816401958466	-35.50906
176.832031965256	-35.04816
176.847651958466	-32.80296
176.863281965256	-28.77633
176.878901958466	-23.26548
176.894531965256	-16.80432
176.910161972046	-10.03579
176.925781965256	-3.557068
176.941411972046	2.163837
176.957031965256	6.865021
176.972661972046	10.47622
176.988281965256	13.04478
177.003911972046	14.68975
177.019541978836	15.55747
177.035161972046	15.82817
177.050791978836	15.69823
177.066411972046	15.38342
177.082041978836	15.05173
177.097661972046	14.76962
177.113291978836	14.43515
177.128921985626	13.79899
177.144541978836	12.56008
177.160171985626	10.5225
177.175791978836	7.653316
177.191421985626	4.134632
177.207041978836	0.2804128
177.222671985626	-3.602271
177.238301992416	-7.329551
177.253921985626	-10.86661
177.269551992416	-14.31079
177.285171985626	-17.78688
177.300801992416	-21.39572
177.316421985626	-25.14827
177.332051992416	-28.98226
177.347681999207	-32.79223
177.363301992416	-36.47794
177.378931999207	-39.97456
177.394551992416	-43.28413
177.410181999207	-46.47589
177.425801992416	-49.62733
177.441431999207	-52.80373
177.457062005997	-55.95985
177.472681999207	-58.90739
177.488312005997	-61.30489
177.503931999207	-62.67487
177.519562005997	-62.51365
177.535181999207	-60.39105
177.550812005997	-56.1204
177.566442012787	-49.8479
177.582062005997	-42.08417
177.597692012787	-33.61508
177.613312005997	-25.27238
177.628942012787	-17.71947
177.644562005997	-11.26987
177.660192012787	-5.874725
177.675822019577	-1.273788
177.691442012787	2.761349
177.707072019577	6.271595
177.722692012787	9.079601
177.738322019577	10.93338
177.753942012787	11.7279
177.769572019577	11.67264
177.785202026367	11.26257
177.800822019577	11.08178
177.816452026367	11.53919
177.832072019577	12.65813
177.847702026367	14.04875
177.863322019577	15.10202
177.878952026367	15.25866
177.894582033157	14.28895
177.910202026367	12.35627
177.925832033157	9.912071
177.941452026367	7.451628
177.957082033157	5.30419
177.972702026367	3.482597
177.988332033157	1.719865
178.003962039948	-0.380662
178.019582033157	-3.14101
178.035212039948	-6.685843
178.050832033157	-10.85796
178.066462039948	-15.28779
178.082082033157	-19.50233
178.097712039948	-23.04291
178.113342046738	-25.54028
178.128962039948	-26.78435
178.144592046738	-26.80573
178.160212039948	-25.99432
178.175842046738	-25.12495
178.191462039948	-25.2282
178.207092046738	-27.24617
178.222722053528	-31.54813
178.238342046738	-37.59035
178.253972053528	-43.87138
178.269592046738	-48.37045
178.285222053528	-49.27471
178.300842046738	-45.70715
178.316472053528	-38.06887
178.332102060318	-27.85597
178.347722053528	-16.99614
178.363352060318	-7.121799
178.378972053528	0.890049
178.394602060318	6.961052
178.410222053528	11.48823
178.425852060318	14.92014
178.441482067108	17.52349
178.457102060318	19.39454
178.472732067108	20.62313
178.488352060318	21.45633
178.503982067108	22.30383
178.519602060318	23.59169
178.535232067108	25.50062
178.550862073898	27.82259
178.566482067108	30.02716
178.582112073898	31.50629
178.597732067108	31.82925
178.613362073898	30.94395
178.628982067108	29.13295
178.644612073898	26.84057
178.660242080688	24.44431
178.675862073898	22.10627
178.691492080688	19.7989
178.707112073898	17.41134
178.722742080688	14.89243
178.738362073898	12.30081
178.753992080688	9.773331
178.769622087479	7.43026
178.785242080688	5.291748
178.800872087479	3.287041
178.816492080688	1.284904
178.832122087479	-0.8218842
178.847752094269	-3.080292
178.863372087479	-5.468994
178.879002094269	-7.906242
178.894622087479	-10.28367
178.910252094269	-12.46026
178.925872087479	-14.32953
178.941502094269	-15.88625
178.957132101059	-17.27346
178.972752094269	-18.80187
178.988382101059	-20.81694
179.004002094269	-23.52711
179.019632101059	-26.81026
179.035252094269	-30.1385
179.050882101059	-32.67839
179.066512107849	-33.53773
179.082132101059	-32.06505
179.097762107849	-28.07925
179.113382101059	-21.91077
179.129012107849	-14.26663
179.144632101059	-6.009796
179.160262107849	2.071762
179.175892114639	9.415649
179.191512107849	15.72128
179.207142114639	20.92393
179.222762107849	25.11945
179.238392114639	28.46622
179.254012107849	31.1317
179.269642114639	33.25726
179.285272121429	34.93391
179.300892114639	36.22769
179.316522121429	37.20149
179.332142114639	37.92111
179.347772121429	38.43629
179.363392114639	38.73817
179.379022121429	38.77499
179.39465212822	38.4558
179.410272121429	37.74258
179.42590212822	36.69891
179.441522121429	35.50569
179.45715212822	34.38751
179.472772121429	33.50496
179.48840212822	32.85638
179.50403213501	32.26129
179.51965212822	31.41177
179.53528213501	30.0226
179.55090212822	27.93732
179.56653213501	25.20055
179.58215212822	22.06351
179.59778213501	18.89267
179.6134121418	16.04666
179.62903213501	13.75171
179.6446621418	12.03365
179.66028213501	10.68903
179.6759121418	9.360901
179.69153213501	7.667923
179.7071621418	5.350311
179.72279214859	2.378143
179.7384121418	-1.020584
179.75404214859	-4.482361
179.7696621418	-7.643951
179.78529214859	-10.30267
179.8009121418	-12.47977
179.81654214859	-14.38304
179.83217215538	-16.30223
179.84779214859	-18.48546
179.86342215538	-21.1077
179.87904214859	-24.19682
179.89467215538	-27.66032
179.91029214859	-31.23776
179.92592215538	-34.50827
179.941551923752	-36.88829
179.95717215538	-37.74797
179.972801923752	-36.57726
179.98842215538	-33.2047
180.004051923752	-27.88403
180.01967215538	-21.26657
180.035301923752	-14.22824
180.050931930542	-7.595337
180.066551923752	-1.949799
180.082181930542	2.474548
180.097801923752	5.749969
180.113431930542	8.13266
180.129051923752	9.893387
180.144681930542	11.24469
180.160311937332	12.34071
180.175931930542	13.28903
180.191561937332	14.22606
180.207181930542	15.27036
180.222811937332	16.48041
180.238431930542	17.81029
180.254061937332	19.08609
180.269691944122	20.1078
180.285311937332	20.73196
180.300941944122	20.96016
180.316561937332	20.91068
180.332191944122	20.75491
180.347811937332	20.59782
180.363441944122	20.39528
180.379071950912	19.97696
180.394691944122	19.11963
180.410321950912	17.69302
180.425941944122	15.71722
180.441571950912	13.39258
180.457191944122	10.99248
180.472821950912	8.778366
180.488451957703	6.841187
180.504071950912	5.10257
180.519701957703	3.354752
180.535321950912	1.372116
180.550951957703	-0.9292603
180.566571950912	-3.458893
180.582201957703	-6.007919
180.597831964493	-8.371078
180.613451957703	-10.46378
180.629081964493	-12.3817
180.644701957703	-14.34468
180.660331964493	-16.58075
180.675951957703	-19.22188
180.691581964493	-22.23003
180.707211971283	-25.39819
180.722831964493	-28.36406
180.738461971283	-30.66534
180.754081964493	-31.80597
180.769711971283	-31.37437
180.785331964493	-29.16156
180.800961971283	-25.24429
180.816591978073	-19.99997
180.832211971283	-14.02008
180.847841978073	-7.930374
180.863461971283	-2.250519
180.879091978073	2.713959
180.894711971283	6.84256
180.910341978073	10.12494
180.925971984863	12.59171
180.941591978073	14.27641
180.957221984863	15.23175
180.972841978073	15.58548
180.988471984863	15.53239
181.004091978073	15.32455
181.019721984863	15.21101
181.035351991653	15.35146
181.050971984863	15.76402
181.066601991653	16.33275
181.082221984863	16.85519
181.097851991653	17.13406
181.113471984863	17.05487
181.129101991653	16.63278
181.144731998444	15.96146
181.160351991653	15.16827
181.175981998444	14.31546
181.191601991653	13.39406
181.207231998444	12.35664
181.222851991653	11.15601
181.238481998444	9.790817
181.254112005234	8.327332
181.269731998444	6.809006
181.285362005234	5.245499
181.300981998444	3.585052
181.316612005234	1.753616
181.332231998444	-0.2733002
181.347862005234	-2.443726
181.363492012024	-4.633926
181.379112005234	-6.743134
181.394742012024	-8.717499
181.410362005234	-10.62659
181.425992012024	-12.62132
181.441622018814	-14.88741
181.457242012024	-17.55156
181.472872018814	-20.60486
181.488492012024	-23.85596
181.504122018814	-26.93285
181.519742012024	-29.35249
181.535372018814	-30.61691
181.551002025604	-30.34906
181.566622018814	-28.37181
181.582252025604	-24.74872
181.597872018814	-19.78645
181.613502025604	-13.97604
181.629122018814	-7.877655
181.644752025604	-2.046341
181.660382032394	3.073029
181.676002025604	7.199356
181.691632032394	10.24989
181.707252025604	12.31297
181.722882032394	13.61014
181.738502025604	14.37785
181.754132032394	14.84836
181.769762039185	15.16763
181.785382032394	15.41615
181.801012039185	15.62051
181.816632032394	15.77704
181.832262039185	15.88274
181.847882032394	15.93089
181.863512039185	15.924
181.879142045975	15.86783
181.894762039185	15.77571
181.910392045975	15.64754
181.926012039185	15.45398
181.941642045975	15.13445
181.957262039185	14.60881
181.972892045975	13.80325
181.988522052765	12.69911
182.004142045975	11.34245
182.019772052765	9.814438
182.035392045975	8.194427
182.051022052765	6.485458
182.066642045975	4.62558
182.082272052765	2.524323
182.097902059555	0.1449585
182.113522052765	-2.452713
182.129152059555	-5.097305
182.144772052765	-7.579834
182.160402059555	-9.736572
182.176022052765	-11.54463
182.191652059555	-13.1035
182.207282066345	-14.57112
182.222902059555	-16.07666
182.238532066345	-17.7077
182.254152059555	-19.50205
182.269782066345	-21.5027
182.285402059555	-23.74348
182.301032066345	-26.20129
182.316662073135	-28.71261
182.332282066345	-30.93417
182.347912073135	-32.39884
182.363532066345	-32.65147
182.379162073135	-31.43751
182.394782066345	-28.80043
182.410412073135	-25.07182
182.426042079926	-20.77694
182.441662073135	-16.43046
182.457292079926	-12.43488
182.472912073135	-8.989464
182.488542079926	-6.122955
182.504162073135	-3.746712
182.519792079926	-1.726334
182.535422086716	0.08551025
182.551042079926	1.836319
182.566672086716	3.676239
182.582292079926	5.761986
182.597922086716	8.228554
182.613542079926	11.13541
182.629172086716	14.41272
182.644802093506	17.82455
182.660422086716	21.01285
182.676052093506	23.57957
182.691672086716	25.21419
182.707302093506	25.73634
182.722922086716	25.14165
182.738552093506	23.52499
182.754182100296	21.05435
182.769802093506	17.93225
182.785432100296	14.39314
182.801052093506	10.7012
182.816682100296	7.135223
182.832302093506	3.930252
182.847932100296	1.220062
182.863562107086	-0.9561157
182.879182100296	-2.643097
182.894812107086	-3.909637
182.910432100296	-4.828629
182.926062107086	-5.481171
182.941682100296	-5.977509
182.957312107086	-6.46933
182.972942113876	-7.084976
182.988562107086	-7.904327
183.004192113876	-8.944778
183.019812107086	-10.18416
183.035442113876	-11.62547
183.051062107086	-13.31488
183.066692113876	-15.31708
183.082322120667	-17.66586
183.097942113876	-20.29596
183.113572120667	-23.02705
183.129192113876	-25.55943
183.144822120667	-27.52254
183.160442113876	-28.49712
183.176072120667	-28.14056
183.191702127457	-26.23537
183.207322120667	-22.82655
183.222952127457	-18.2399
183.238572120667	-13.0425
183.254202127457	-7.891205
183.269822120667	-3.334839
183.285452127457	0.3145752
183.301082134247	3.00296
183.316702127457	4.850845
183.332332134247	6.026596
183.347952127457	6.664764
183.363582134247	6.887512
183.379202127457	6.858658
183.394832134247	6.823257
183.410462141037	7.065872
183.426082134247	7.822479
183.441712141037	9.186264
183.457332134247	11.03017
183.472962141037	13.05466
183.488582134247	14.9064
183.504212141037	16.27678
183.519842147827	16.98822
183.535462141037	17.01942
183.551092147827	16.46654
183.566712141037	15.49609
183.582342147827	14.30049
183.597962141037	13.06248
183.613592147827	11.92044
183.629222154617	10.93433
183.644842147827	10.05208
183.660472154617	9.133987
183.676092147827	7.995865
183.691722154617	6.5
183.707351922989	4.619064
183.722972154617	2.450623
183.738601922989	0.192688
183.754222154617	-1.949783
183.769851922989	-3.852219
183.785472154617	-5.523468
183.801101922989	-7.155167
183.816731929779	-9.050049
183.832351922989	-11.5139
183.847981929779	-14.71953
183.863601922989	-18.60062
183.879231929779	-22.81213
183.894851922989	-26.79971
183.910481929779	-29.92661
183.926111936569	-31.64052
183.941731929779	-31.54744
183.957361936569	-29.52667
183.972981929779	-25.72809
183.988611936569	-20.56415
184.004231929779	-14.64795
184.019861936569	-8.673767
184.035491943359	-3.268906
184.051111936569	1.153656
184.066741943359	4.459885
184.082361936569	6.771454
184.097991943359	8.344284
184.113611936569	9.40477
184.129241943359	10.10109
184.14487195015	10.50421
184.160491943359	10.69485
184.17612195015	10.83437
184.191741943359	11.16585
184.20737195015	11.88426
184.222991943359	13.04887
184.23862195015	14.50375
184.25425195694	15.92451
184.26987195015	16.97136
184.28550195694	17.4369
184.30112195015	17.32849
184.31675195694	16.82555
184.33237195015	16.16341
184.34800195694	15.47507
184.36363196373	14.74213
184.37925195694	13.82014
184.39488196373	12.58189
184.41050195694	11.00507
184.42613196373	9.183243
184.44175195694	7.292374
184.45738196373	5.4505
184.47301197052	3.663818
184.48863196373	1.844757
184.50426197052	-0.0960083
184.51988196373	-2.194824
184.53551197052	-4.398727
184.55113196373	-6.629196
184.56676197052	-8.852844
184.58239197731	-11.17229
184.59801197052	-13.78165
184.61364197731	-16.8532
184.62926197052	-20.40898
184.64489197731	-24.21262
184.66051197052	-27.7657
184.67614197731	-30.40691
184.6917719841	-31.49124
184.70739197731	-30.58348
184.7230219841	-27.59932
184.73864197731	-22.82944
184.7542719841	-16.84036
184.76989197731	-10.33736
184.7855219841	-3.972092
184.801151990891	1.756989
184.8167719841	6.543793
184.832401990891	10.23798
184.8480219841	12.80518
184.863651990891	14.3167
184.8792719841	14.93584
184.894901990891	14.96263
184.910531997681	14.77173
184.926151990891	14.74028
184.941781997681	15.14267
184.957401990891	16.07574
184.973031997681	17.442
184.988651990891	19.00079
185.004281997681	20.47224
185.019912004471	21.61201
185.035531997681	22.26572
185.051162004471	22.34769
185.066781997681	21.87518
185.082412004471	20.91521
185.098031997681	19.58801
185.113662004471	18.02454
185.129292011261	16.36157
185.144912004471	14.69565
185.160542011261	13.07245
185.176162004471	11.49535
185.191792011261	9.926468
185.207412004471	8.339996
185.223042011261	6.707779
185.238672018051	5.001526
185.254292011261	3.219147
185.269922018051	1.371063
185.285542011261	-0.5085907
185.301172018051	-2.373535
185.316792011261	-4.16803
185.332422018051	-5.877441
185.348052024841	-7.531601
185.363672018051	-9.24028
185.379302024841	-11.15385
185.394922018051	-13.41566
185.410552024841	-16.06302
185.426172018051	-18.96585
185.441802024841	-21.72981
185.457432031631	-23.77246
185.473052024841	-24.45622
185.488682031631	-23.28502
185.504302024841	-20.11226
185.519932031631	-15.21335
185.535552024841	-9.228073
185.551182031631	-2.971405
185.566812038422	2.81308
185.582432031631	7.627289
185.598062038422	11.24811
185.613682031631	13.69043
185.629312038422	15.09917
185.644932031631	15.66554
185.660562038422	15.60643
185.676192045212	15.19798
185.691812038422	14.73296
185.707442045212	14.50612
185.723062038422	14.73125
185.738692045212	15.4621
185.754312038422	16.57281
185.769942045212	17.79861
185.785572052002	18.85837
185.801192045212	19.54269
185.816822052002	19.79236
185.832442045212	19.68207
185.848072052002	19.32478
185.863692045212	18.78149
185.879322052002	18.01085
185.894952058792	16.90649
185.910572052002	15.37363
185.926202058792	13.40602
185.941822052002	11.14635
185.957452058792	8.823685
185.973082065582	6.687225
185.988702058792	4.877655
186.004332065582	3.404572
186.019952058792	2.145355
186.035582065582	0.9173889
186.051202058792	-0.4487305
186.066832065582	-2.046738
186.082462072372	-3.857605
186.098082065582	-5.782867
186.113712072372	-7.706802
186.129332065582	-9.521927
186.144962072372	-11.23264
186.160582065582	-12.95905
186.176212072372	-14.89906
186.191842079163	-17.25671
186.207462072372	-20.0932
186.223092079163	-23.23492
186.238712072372	-26.26251
186.254342079163	-28.5755
186.269962072372	-29.57603
186.285592079163	-28.80182
186.301222085953	-26.10512
186.316842079163	-21.66568
186.332472085953	-15.96779
186.348092079163	-9.659851
186.363722085953	-3.415878
186.379342079163	2.170685
186.394972085953	6.69136
186.410602092743	9.944839
186.426222085953	11.96393
186.441852092743	12.96739
186.457472085953	13.31059
186.473102092743	13.37062
186.488722085953	13.44585
186.504352092743	13.69223
186.519982099533	14.14151
186.535602092743	14.73492
186.551232099533	15.38914
186.566852092743	16.03477
186.582482099533	16.59982
186.598102092743	17.00282
186.613732099533	17.11685
186.629362106323	16.83551
186.644982099533	16.10753
186.660612106323	14.99171
186.676232099533	13.64076
186.691862106323	12.22816
186.707482099533	10.87363
186.723112106323	9.572021
186.738742113113	8.247086
186.754362106323	6.777069
186.769992113113	5.092224
186.785612106323	3.190628
186.801242113113	1.150696
186.816862106323	-0.9277802
186.832492113113	-2.973709
186.848122119904	-4.956558
186.863742113113	-6.897125
186.879372119904	-8.838226
186.894992113113	-10.84433
186.910622119904	-12.98412
186.926242113113	-15.35204
186.941872119904	-18.04378
186.957502126694	-21.09073
186.973122119904	-24.37746
186.988752126694	-27.5654
187.004372119904	-30.12389
187.020002126694	-31.43538
187.035622119904	-30.99112
187.051252126694	-28.58904
187.066882133484	-24.4192
187.082502126694	-19.02222
187.098132133484	-13.12291
187.113752126694	-7.409225
187.129382133484	-2.380081
187.145002126694	1.714722
187.160632133484	4.832901
187.176262140274	7.055481
187.191882133484	8.510925
187.207512140274	9.358078
187.223132133484	9.791763
187.238762140274	10.02907
187.254382133484	10.29269
187.270012140274	10.77202
187.285642147064	11.56546
187.301262140274	12.6781
187.316892147064	14.01196
187.332512140274	15.38861
187.348142147064	16.58453
187.363762140274	17.38527
187.379392147064	17.61658
187.395022153854	17.22031
187.410642147064	16.27278
187.426272153854	14.9633
187.441892147064	13.5343
187.457522153854	12.19084
187.473142147064	11.02872
187.488772153854	10.02422
187.504401922226	9.055893
187.520022153854	7.975998
187.535651922226	6.658218
187.551272153854	5.032883
187.566901922226	3.09729
187.582522153854	0.9183197
187.598151922226	-1.381119
187.613781929016	-3.651459
187.629401922226	-5.760132
187.645031929016	-7.654861
187.660651922226	-9.396835
187.676281929016	-11.15871
187.691901922226	-13.18538
187.707531929016	-15.68552
187.723161935806	-18.70189
187.738781929016	-22.04205
187.754411935806	-25.23543
187.770031929016	-27.61847
187.785661935806	-28.5139
187.801281929016	-27.44278
187.816911935806	-24.28386
187.832541942596	-19.35721
187.848161935806	-13.32578
187.863791942596	-6.998703
187.879411935806	-1.106918
187.895041942596	3.846115
187.910661935806	7.623978
187.926291942596	10.2115
187.941921949387	11.74863
187.957541942596	12.45447
187.973171949387	12.59956
187.988791942596	12.47922
188.004421949387	12.36162
188.020041942596	12.45679
188.035671949387	12.88252
188.051301956177	13.65897
188.066921949387	14.72462
188.082551956177	15.94141
188.098171949387	17.12318
188.113801956177	18.07135
188.129421949387	18.59938
188.145051956177	18.59952
188.160681962967	18.04208
188.176301956177	16.98106
188.191931962967	15.49619
188.207551956177	13.67381
188.223181962967	11.5921
188.238801956177	9.346725
188.254431962967	7.076157
188.270061969757	4.963562
188.285681962967	3.188034
188.301311969757	1.808456
188.316931962967	0.7581787
188.332561969757	-0.1879425
188.348181962967	-1.284241
188.363811969757	-2.715591
188.379441976547	-4.512039
188.395061969757	-6.563675
188.410691976547	-8.698807
188.426311969757	-10.78207
188.441941976547	-12.75983
188.457561969757	-14.67899
188.473191976547	-16.65294
188.488821983337	-18.80061
188.504441976547	-21.198
188.520071983337	-23.82869
188.535691976547	-26.53394
188.551321983337	-28.99173
188.566951990128	-30.72176
188.582571983337	-31.19398
188.598201990128	-29.96555
188.613821983337	-26.85219
188.629451990128	-22.03238
188.645071983337	-16.04279
188.660701990128	-9.635025
188.676331996918	-3.544846
188.691951990128	1.693527
188.707581996918	5.841812
188.723201990128	8.92923
188.738831996918	11.13853
188.754451990128	12.68042
188.770081996918	13.71179
188.785712003708	14.37149
188.801331996918	14.76804
188.816962003708	15.06178
188.832581996918	15.41501
188.848212003708	15.93535
188.863831996918	16.63519
188.879462003708	17.39996
188.895092010498	18.07025
188.910712003708	18.50061
188.926342010498	18.63802
188.941962003708	18.50842
188.957592010498	18.17435
188.973212003708	17.65985
188.988842010498	16.92075
189.004472017288	15.87926
189.020092010498	14.47697
189.035722017288	12.73996
189.051342010498	10.78775
189.066972017288	8.806274
189.082592010498	6.981155
189.098222017288	5.435379
189.113852024078	4.196365
189.129472017288	3.198059
189.145102024078	2.288834
189.160722017288	1.278671
189.176352024078	-0.004806519
189.191972017288	-1.642563
189.207602024078	-3.576004
189.223232030869	-5.625351
189.238852024078	-7.556549
189.254482030869	-9.216888
189.270102024078	-10.61348
189.285732030869	-11.92642
189.301352024078	-13.42993
189.316982030869	-15.37654
189.332612037659	-17.88217
189.348232030869	-20.8994
189.363862037659	-24.20869
189.379482030869	-27.43546
189.395112037659	-30.0936
189.410732030869	-31.63914
189.426362037659	-31.58197
189.441992044449	-29.62297
189.457612037659	-25.78303
189.473242044449	-20.44241
189.488862037659	-14.25999
189.504492044449	-8.009369
189.520112037659	-2.359283
189.535742044449	2.257584
189.551372051239	5.674477
189.566992044449	7.925224
189.582622051239	9.154221
189.598242044449	9.572449
189.613872051239	9.432373
189.629492044449	9.030449
189.645122051239	8.682129
189.660752058029	8.668411
189.676372051239	9.190002
189.692002058029	10.29657
189.707622051239	11.86922
189.723252058029	13.65097
189.738872051239	15.34146
189.754502058029	16.67274
189.770132064819	17.51611
189.785752058029	17.88043
189.801382064819	17.8549
189.817002058029	17.51077
189.832632064819	16.86501
189.848252058029	15.85918
189.863882064819	14.4317
189.879512071609	12.60612
189.895132064819	10.52513
189.910762071609	8.424492
189.926382064819	6.528191
189.942012071609	4.999855
189.957632064819	3.865685
189.973262071609	3.025085
189.9888920784	2.321724
190.004512071609	1.566994
190.0201420784	0.6060333
190.035762071609	-0.6658478
190.0513920784	-2.268623
190.067012071609	-4.126892
190.0826420784	-6.073502
190.09827208519	-7.91362
190.1138920784	-9.507744
190.12952208519	-10.83568
190.1451420784	-12.01733
190.16077208519	-13.26814
190.1763920784	-14.80599
190.19202208519	-16.77361
190.20765209198	-19.17174
190.22327208519	-21.83379
190.23890209198	-24.41193
190.25452208519	-26.43822
190.27015209198	-27.37293
190.28577208519	-26.76354
190.30140209198	-24.35252
190.31703209877	-20.18264
190.33265209198	-14.61961
190.34828209877	-8.29554
190.36390209198	-1.976089
190.37953209877	3.614311
190.39515209198	7.947136
190.41078209877	10.78936
190.42641210556	12.20963
190.44203209877	12.49306
190.45766210556	12.04428
190.47328209877	11.23597
190.48891210556	10.38548
190.50453209877	9.695938
190.52016210556	9.310623
190.53579211235	9.321907
190.55141210556	9.783371
190.56704211235	10.66068
190.58266210556	11.83285
190.59829211235	13.09147
190.61391210556	14.17181
190.62954211235	14.84682
190.645172119141	14.96059
190.66079211235	14.45863
190.676422119141	13.38213
190.69204211235	11.84116
190.707672119141	9.99852
190.72329211235	8.039597
190.738922119141	6.149498
190.754552125931	4.428101
190.770172119141	2.897926
190.785802125931	1.468521
190.801422119141	-0.002113342
190.817052125931	-1.632515
190.832682132721	-3.45755
190.848302125931	-5.400276
190.863932132721	-7.313011
190.879552125931	-9.045876
190.895182132721	-10.53634
190.910802125931	-11.84217
190.926432132721	-13.16235
190.942062139511	-14.75917
190.957682132721	-16.86967
190.973312139511	-19.60329
190.988932132721	-22.87038
191.004562139511	-26.36332
191.020182132721	-29.57702
191.035812139511	-31.91596
191.051442146301	-32.80888
191.067062139511	-31.86287
191.082692146301	-28.98952
191.098312139511	-24.4332
191.113942146301	-18.74569
191.129562139511	-12.64244
191.145192146301	-6.838326
191.160822153091	-1.89378
191.176442146301	1.880299
191.192072153091	4.435837
191.207692146301	5.925255
191.223322153091	6.617283
191.238942146301	6.828964
191.254572153091	6.877178
191.270201921463	7.033554
191.285822153091	7.48967
191.301451921463	8.324631
191.317072153091	9.477356
191.332701921463	10.79373
191.348322153091	12.08469
191.363951921463	13.22656
191.379581928253	14.16203
191.395201921463	14.89269
191.410831928253	15.37103
191.426451921463	15.50229
191.442081928253	15.16346
191.457701921463	14.29255
191.473331928253	12.97066
191.488961935043	11.41497
191.504581928253	9.864956
191.520211935043	8.476021
191.535831928253	7.262325
191.551461935043	6.118565
191.567081928253	4.925667
191.582711935043	3.628193
191.598341941833	2.245251
191.613961935043	0.8172722
191.629591941833	-0.6537437
191.645211935043	-2.18375
191.660841941833	-3.803799
191.676461935043	-5.509945
191.692091941833	-7.257027
191.707721948624	-9.029934
191.723341941833	-10.88401
191.738971948624	-12.97996
191.754591941833	-15.50903
191.770221948624	-18.56939
191.785841941833	-22.04601
191.801471948624	-25.55138
191.817101955414	-28.47116
191.832721948624	-30.11423
191.848351955414	-29.91988
191.863971948624	-27.62883
191.879601955414	-23.43823
191.895221948624	-17.93111
191.910851955414	-11.94717
191.926481962204	-6.301781
191.942101955414	-1.591621
191.957731962204	1.908653
191.973351955414	4.21463
191.988981962204	5.478767
192.004601955414	5.912155
192.020231962204	5.741257
192.035861968994	5.267548
192.051481962204	4.851242
192.067111968994	4.855858
192.082731962204	5.531708
192.098361968994	6.901939
192.113981962204	8.753418
192.129611968994	10.70548
192.145241975784	12.38823
192.160861968994	13.54504
192.176491975784	14.09068
192.192111968994	14.04448
192.207741975784	13.47165
192.223361968994	12.42747
192.238991975784	10.97295
192.254621982574	9.202309
192.270241975784	7.254341
192.285871982574	5.274231
192.301491975784	3.34201
192.317121982574	1.47567
192.332741975784	-0.3793411
192.348371982574	-2.263748
192.364001989365	-4.160637
192.379621982574	-6.004295
192.395251989365	-7.705467
192.410871982574	-9.20752
192.426501989365	-10.5031
192.442121982574	-11.65349
192.457751989365	-12.7563
192.473381996155	-13.94832
192.489001989365	-15.38561
192.504631996155	-17.2374
192.520251989365	-19.65708
192.535881996155	-22.69017
192.551501989365	-26.20106
192.567131996155	-29.81642
192.582762002945	-32.96889
192.598381996155	-34.99254
192.614012002945	-35.30906
192.629631996155	-33.59094
192.645262002945	-29.87582
192.660881996155	-24.5558
192.676512002945	-18.29418
192.692142009735	-11.8456
192.707762002945	-5.875336
192.723392009735	-0.8032532
192.739012002945	3.212852
192.754642009735	6.253677
192.770262002945	8.541466
192.785892009735	10.32867
192.801522016525	11.82428
192.817142009735	13.16544
192.832772016525	14.4367
192.848392009735	15.66608
192.864022016525	16.87624
192.879642009735	18.07218
192.895272016525	19.25639
192.910902023315	20.42064
192.926522016525	21.52992
192.942152023315	22.50237
192.957772016525	23.22026
192.973402023315	23.54104
192.989022016525	23.31472
193.004652023315	22.46326
193.020282030106	20.99422
193.035902023315	19.02055
193.051532030106	16.70881
193.067152023315	14.24736
193.082782030106	11.78058
193.098402023315	9.372559
193.114032030106	7.033569
193.129662036896	4.696808
193.145282030106	2.284317
193.160912036896	-0.2704926
193.176532030106	-2.982666
193.192162036896	-5.808014
193.207792043686	-8.64238
193.223412036896	-11.34668
193.239042043686	-13.78671
193.254662036896	-15.87404
193.270292043686	-17.63861
193.285912036896	-19.2316
193.301542043686	-20.91708
193.317172050476	-22.99763
193.332792043686	-25.69844
193.348422050476	-29.03754
193.364042043686	-32.69031
193.379672050476	-36.01077
193.395292043686	-38.1608
193.410922050476	-38.3783
193.426552057266	-36.23138
193.442172050476	-31.82877
193.457802057266	-25.78954
193.473422050476	-19.01755
193.489052057266	-12.40181
193.504672050476	-6.536438
193.520302057266	-1.632675
193.535932064056	2.394165
193.551552057266	5.741089
193.567182064056	8.564468
193.582802057266	10.94608
193.598432064056	12.94771
193.614052057266	14.69684
193.629682064056	16.36739
193.645312070847	18.11946
193.660932064056	19.97308
193.676562070847	21.78181
193.692182064056	23.30556
193.707812070847	24.33298
193.723432064056	24.81648
193.739062070847	24.90445
193.754692077637	24.88007
193.770312070847	24.99225
193.785942077637	25.36855
193.801562070847	25.93382
193.817192077637	26.48152
193.832812070847	26.76643
193.848442077637	26.59587
193.864072084427	25.89729
193.879692077637	24.72865
193.895322084427	23.22128
193.910942077637	21.51976
193.926572084427	19.77879
193.942192077637	18.0762
193.957822084427	16.43777
193.973452091217	14.83325
193.989072084427	13.18735
194.004702091217	11.41623
194.020322084427	9.471848
194.035952091217	7.365189
194.051572084427	5.179153
194.067202091217	3.038727
194.082832098007	1.021576
194.098452091217	-0.8786774
194.114082098007	-2.799789
194.129702091217	-4.961655
194.145332098007	-7.552689
194.160952091217	-10.62108
194.176582098007	-13.97668
194.192212104797	-17.183
194.207832098007	-19.6153
194.223462104797	-20.61079
194.239082098007	-19.6366
194.254712104797	-16.43028
194.270332098007	-11.13161
194.285962104797	-4.250519
194.301592111588	3.430099
194.317212104797	11.08122
194.332842111588	18.06425
194.348462104797	24.07454
194.364092111588	29.15616
194.379712104797	33.55878
194.395342111588	37.52333
194.410972118378	41.14136
194.426592111588	44.29659
194.442222118378	46.72954
194.457842111588	48.17464
194.473472118378	48.44508
194.489092111588	47.46181
194.504722118378	45.23289
194.520352125168	41.82303
194.535972118378	37.35574
194.551602125168	32.02997
194.567222118378	26.16084
194.582852125168	20.13326
194.598472118378	14.345
194.614102125168	9.119507
194.629732131958	4.632584
194.645352125168	0.9109039
194.660982131958	-2.163071
194.676602125168	-4.790512
194.692232131958	-7.230743
194.707852125168	-9.740921
194.723482131958	-12.53304
194.739112138748	-15.69719
194.754732131958	-19.14793
194.770362138748	-22.61427
194.785982131958	-25.7173
194.801612138748	-28.08842
194.817232131958	-29.53996
194.832862138748	-30.10364
194.848492145538	-30.01494
194.864112138748	-29.58284
194.879742145538	-29.02574
194.895362138748	-28.4005
194.910992145538	-27.61923
194.926612138748	-26.55734
194.942242145538	-25.16568
194.957872152328	-23.52325
194.973492145538	-21.84645
194.989122152328	-20.40446
195.004742145538	-19.45831
195.020372152328	-19.12511
195.035992145538	-19.32498
195.051622152328	-19.72636
195.0672519207	-19.75745
195.082872152328	-18.72563
195.0985019207	-15.99828
195.114122152328	-11.23042
195.1297519207	-4.451752
195.145372152328	3.904259
195.1610019207	13.17097
195.17663192749	22.69144
195.1922519207	32.00657
195.20788192749	40.92822
195.2235019207	49.48563
195.23913192749	57.77699
195.2547519207	65.8131
195.27038192749	73.52624
195.28601193428	80.78688
195.30163192749	87.57545
195.31726193428	94.09323
195.33288192749	100.7648
195.34851193428	108.1526
195.36413192749	116.7945
195.37976193428	127.0053
195.395391941071	138.7194
195.41101193428	151.4149
195.426641941071	164.1313
195.44226193428	175.6175
195.457891941071	184.5771
195.47351193428	189.9925
195.489141941071	191.4184
195.504771947861	189.1021
195.520391941071	183.898
195.536021947861	176.9642
195.551641941071	169.4182
195.567271947861	162.0643
195.582891941071	155.3466
195.598521947861	149.397
195.614151954651	144.1389
195.629771947861	139.3856
195.645401954651	134.8567
195.661021947861	130.2072
195.676651954651	124.9965
195.692281961441	118.6947
195.707901954651	110.632
195.723531961441	99.96413
195.739151954651	85.8053
195.754781961441	67.4481
195.770401954651	44.77567
195.786031961441	18.48895
195.801661968231	-9.871429
195.817281961441	-38.35416
195.832911968231	-65.16193
195.848531961441	-89.16046
195.864161968231	-110.0562
195.879781961441	-128.1393
195.895411968231	-143.8748
195.911041975021	-157.5262
195.926661968231	-169.0489
195.942291975021	-178.1953
195.957911968231	-184.673
195.973541975021	-188.2835
195.989161968231	-188.8967
196.004791975021	-186.4608
196.020421981812	-181.0203
196.036041975021	-172.8311
196.051671981812	-162.4022
196.067291975021	-150.5129
196.082921981812	-138.0562
196.098541975021	-125.8824
196.114171981812	-114.6136
196.129801988602	-104.5209
196.145421981812	-95.53021
196.161051988602	-87.30975
196.176671981812	-79.51019
196.192301988602	-72.01947
196.207921981812	-65.19214
196.223551988602	-59.87384
196.239181995392	-57.13361
196.254801988602	-57.86298
196.270431995392	-62.36987
196.286051988602	-70.24146
196.301681995392	-80.50018
196.317301988602	-92.00964
196.332931995392	-103.8438
196.348562002182	-115.4809
196.364181995392	-126.7109
196.379812002182	-137.3997
196.395431995392	-147.3401
196.411062002182	-156.244
196.426681995392	-163.8187
196.442312002182	-169.9358
196.457942008972	-174.5284
196.473562002182	-177.525
196.489192008972	-178.6898
196.504812002182	-177.6427
196.520442008972	-174.0217
196.536062002182	-167.7512
196.551692008972	-159.2195
196.567322015762	-149.3289
196.582942008972	-139.2686
196.598572015762	-130.2153
196.614192008972	-122.9849
196.629822015762	-117.8064
196.645442008972	-114.3134
196.661072015762	-111.6769
196.676702022552	-108.8943
196.692322015762	-105.0109
196.707952022552	-99.33661
196.723572015762	-91.54077
196.739202022552	-81.64154
196.754822015762	-69.95959
196.770452022552	-56.99457
196.786082029343	-43.3222
196.801702022552	-29.50201
196.817332029343	-16.02173
196.832952022552	-3.279785
196.848582029343	8.407898
196.864202022552	18.79175
196.879832029343	27.73132
196.895462036133	35.21936
196.911082029343	41.41907
196.926712036133	46.68933
196.942332029343	51.46454
196.957962036133	56.1619
196.973582029343	61.05011
196.989212036133	66.19809
197.004842042923	71.47668
197.020462036133	76.66153
197.036092042923	81.48016
197.051712036133	85.68405
197.067342042923	89.0434
197.082962036133	91.37308
197.098592042923	92.57104
197.114222049713	92.67932
197.129842042923	91.88028
197.145472049713	90.48285
197.161092042923	88.8129
197.176722049713	87.08798
197.192342042923	85.37024
197.207972049713	83.56442
197.223602056503	81.48215
197.239222049713	78.94
197.254852056503	75.82623
197.270472049713	72.10538
197.286102056503	67.83792
197.301722049713	63.1785
197.317352056503	58.34073
197.332982063293	53.58987
197.348602056503	49.11163
197.364232063293	44.95914
197.379852056503	40.94846
197.395482063293	36.69043
197.411102056503	31.64777
197.426732063293	25.33807
197.442362070084	17.5163
197.457982063293	8.333099
197.473612070084	-1.613556
197.489232063293	-11.31679
197.504862070084	-19.55684
197.520482063293	-25.14767
197.536112070084	-27.21284
197.551742076874	-25.41301
197.567362070084	-20.00954
197.582992076874	-11.76607
197.598612070084	-1.732651
197.614242076874	9.052231
197.629862070084	19.77286
197.645492076874	29.93123
197.661122083664	39.32124
197.676742076874	47.91705
197.692372083664	55.78917
197.707992076874	63.04929
197.723622083664	69.84955
197.739242076874	76.39488
197.754872083664	82.94046
197.770502090454	89.73442
197.786122083664	96.95656
197.801752090454	104.6881
197.817372083664	112.918
197.833002090454	121.5954
197.848632097244	130.631
197.864252090454	139.8995
197.879882097244	149.2052
197.895502090454	158.3039
197.911132097244	166.9581
197.926752090454	175.0543
197.942382097244	182.6885
197.958012104034	190.1317
197.973632097244	197.6196
197.989262104034	205.0427
198.004882097244	211.681
198.020512104034	216.2069
198.036132097244	216.9668
198.051762104034	212.4981
198.067392110825	201.9968
198.083012104034	185.5385
198.098642110825	163.9244
198.114262104034	138.3166
198.129892110825	109.8428
198.145512104034	79.37958
198.161142110825	47.54343
198.176772117615	14.81631
198.192392110825	-18.40002
198.208022117615	-51.82501
198.223642110825	-85.38983
198.239272117615	-119.1779
198.254892110825	-153.1794
198.270522117615	-186.9921
198.286152124405	-219.6741
198.301772117615	-249.9607
198.317402124405	-276.7354
198.333022117615	-299.536
198.348652124405	-318.6695
198.364272117615	-334.898
198.379902124405	-348.7936
198.395532131195	-360.2008
198.411152124405	-368.0769
198.426782131195	-370.7977
198.442402124405	-366.7495
198.458032131195	-354.9361
198.473652124405	-335.2522
198.489282131195	-308.5151
198.504912137985	-276.3084
198.520532131195	-240.712
198.536162137985	-204.0779
198.551782131195	-168.7783
198.567412137985	-136.8151
198.583032131195	-109.4749
198.598662137985	-87.09326
198.614292144775	-69.06961
198.629912137985	-54.14908
198.645542144775	-40.89798
198.661162137985	-28.11209
198.676792144775	-15.09888
198.692412137985	-1.739288
198.708042144775	11.67764
198.723672151566	24.63782
198.739292144775	36.61292
198.754922151566	47.21097
198.770542144775	56.22934
198.786172151566	63.61102
198.801792144775	69.423
198.817422151566	73.79752
198.833051919937	76.89401
198.848672151566	78.89026
198.864301919937	79.96097
198.879922151566	80.26437
198.895551919937	79.936
198.911172151566	79.09415
198.926801919937	77.82639
198.942431926727	76.22195
198.958051919937	74.34302
198.973681926727	72.24249
198.989301919937	69.95142
199.004931926727	67.45898
199.020551919937	64.70514
199.036181926727	61.62531
199.051811933517	58.18924
199.067431926727	54.44055
199.083061933517	50.496
199.098681926727	46.45178
199.114311933517	42.34811
199.129931926727	38.08607
199.145561933517	33.41838
199.161191940308	28.08987
199.176811933517	21.97136
199.192441940308	15.21362
199.208061933517	8.291245
199.223691940308	1.960663
199.239311933517	-2.936432
199.254941940308	-5.663666
199.270571947098	-5.78363
199.286191940308	-3.281616
199.301821947098	1.459427
199.317441940308	7.728638
199.333071947098	14.66344
199.348691940308	21.41481
199.364321947098	27.321
199.379951953888	31.98293
199.395571947098	35.27945
199.411201953888	37.30446
199.426821947098	38.30385
199.442451953888	38.56198
199.458071947098	38.36424
199.473701953888	37.96527
199.489331960678	37.5822
199.504951953888	37.38985
199.520581960678	37.48285
199.536201953888	37.86011
199.551831960678	38.41396
199.567451953888	38.96696
199.583081960678	39.33817
199.598711967468	39.37742
199.614331960678	39.00632
199.629961967468	38.21611
199.645581960678	37.05151
199.661211967468	35.54675
199.676831960678	33.72789
199.692461967468	31.59405
199.708091974258	29.15527
199.723711967468	26.46515
199.739341974258	23.62815
199.754961967468	20.80442
199.770591974258	18.15017
199.786211967468	15.75803
199.801841974258	13.60577
199.817471981049	11.53456
199.833091974258	9.29834
199.848721981049	6.646957
199.864341974258	3.469788
199.879971981049	-0.1605301
199.895591974258	-3.977112
199.911221981049	-7.638451
199.926851987839	-10.86114
199.942471981049	-13.5538
199.958101987839	-15.8596
199.973721981049	-18.10792
199.989351987839	-20.69522
200.004971981049	-23.94257
200.020601987839	-27.98555
200.036231994629	-32.69486
200.051851987839	-37.65603
200.067481994629	-42.18358
200.083101987839	-45.43346
200.098731994629	-46.5938
200.114351987839	-45.12238
200.129981994629	-40.9194
200.145612001419	-34.40686
200.161231994629	-26.40947
200.176862001419	-17.89663
200.192481994629	-9.722641
200.208112001419	-2.431152
200.223731994629	3.730492
200.239362001419	8.750313
200.254992008209	12.71505
200.270612001419	15.73306
200.286242008209	17.93265
200.301862001419	19.49037
200.317492008209	20.63234
200.333112001419	21.60969
200.348742008209	22.63877
200.364372014999	23.8435
200.379992008209	25.25343
200.395622014999	26.78979
200.411242008209	28.31238
200.426872014999	29.65039
200.442492008209	30.62528
200.458122014999	31.1271
200.47375202179	31.10971
200.489372014999	30.62618
200.50500202179	29.77499
200.520622014999	28.66724
200.53625202179	27.37187
200.55188202858	25.88216
200.56750202179	24.15456
200.58313202858	22.1456
200.59875202179	19.8812
200.61438202858	17.46326
200.63000202179	15.06105
200.64563202858	12.83117
200.66126203537	10.84581
200.67688202858	9.0294
200.69251203537	7.185635
200.70813202858	5.068962
200.72376203537	2.498978
200.73938202858	-0.5465317
200.75501203537	-3.941216
200.77064204216	-7.435925
200.78626203537	-10.78564
200.80189204216	-13.8203
200.81751203537	-16.50084
200.83314204216	-18.95189
200.84876203537	-21.41722
200.86439204216	-24.23656
200.88002204895	-27.72312
200.89564204216	-32.03632
200.91127204895	-37.03231
200.92689204216	-42.16488
200.94252204895	-46.55826
200.95814204216	-49.19009
200.97377204895	-49.22179
200.98940205574	-46.25731
201.00502204895	-40.50645
201.02065205574	-32.72104
201.03627204895	-23.93666
201.05190205574	-15.17686
201.06752204895	-7.196562
201.08315205574	-0.3996868
201.098782062531	5.119614
201.11440205574	9.431431
201.130032062531	12.68596
201.14565205574	15.05287
201.161282062531	16.72489
201.17690205574	17.94204
201.192532062531	18.9595
201.208162069321	20.00872
201.223782062531	21.20968
201.239412069321	22.55544
201.255032062531	23.92883
201.270662069321	25.17311
201.286282062531	26.1515
201.301912069321	26.77597
201.317542076111	27.04319
201.333162069321	26.99301
201.348792076111	26.68554
201.364412069321	26.21206
201.380042076111	25.64814
201.395662069321	25.03134
201.411292076111	24.32618
201.426922082901	23.43164
201.442542076111	22.21978
201.458172082901	20.59256
201.473792076111	18.55958
201.489422082901	16.27079
201.505042076111	13.97728
201.520672082901	11.90676
201.536302089691	10.16846
201.551922082901	8.6908
201.567552089691	7.233619
201.583172082901	5.514456
201.598802089691	3.340828
201.614422082901	0.6968341
201.630052089691	-2.261599
201.645682096481	-5.288003
201.661302089691	-8.150338
201.676932096481	-10.72362
201.692552089691	-13.00813
201.708182096481	-15.11365
201.723802089691	-17.21681
201.739432096481	-19.54802
201.755062103271	-22.3343
201.770682096481	-25.76511
201.786312103271	-29.88096
201.801932096481	-34.44833
201.817562103271	-38.8989
201.833182096481	-42.36836
201.848812103271	-43.93206
201.864442110062	-42.86296
201.880062103271	-38.89714
201.895692110062	-32.35056
201.911312103271	-24.03482
201.926942110062	-15.01166
201.942562103271	-6.285938
201.958192110062	1.407208
201.973822116852	7.697553
201.989442110062	12.5473
202.005072116852	16.11022
202.020692110062	18.60729
202.036322116852	20.26874
202.051942110062	21.32788
202.067572116852	22.02411
202.083202123642	22.62748
202.098822116852	23.39484
202.114452123642	24.5149
202.130072116852	26.05252
202.145702123642	27.94325
202.161322116852	30.01309
202.176952123642	32.01141
202.192582130432	33.68706
202.208202123642	34.81295
202.223832130432	35.25502
202.239452123642	34.95384
202.255082130432	33.9538
202.270702123642	32.34739
202.286332130432	30.25576
202.301962137222	27.80204
202.317582130432	25.08436
202.333212137222	22.20626
202.348832130432	19.27855
202.364462137222	16.43706
202.380082130432	13.82892
202.395712137222	11.56316
202.411342144012	9.662963
202.426962137222	8.055643
202.442592144012	6.601648
202.458212137222	5.1035
202.473842144012	3.375297
202.489462137222	1.280728
202.505092144012	-1.253434
202.520722150803	-4.228691
202.536342144012	-7.554977
202.551972150803	-11.06845
202.567592144012	-14.55511
202.583222150803	-17.81498
202.598842144012	-20.72332
202.614472150803	-23.27589
202.630101919174	-25.62077
202.645722150803	-28.0121
202.661351919174	-30.7324
202.676972150803	-33.99217
202.692601919174	-37.79111
202.708231925964	-41.83632
202.723851919174	-45.52046
202.739481925964	-48.0422
202.755101919174	-48.59147
202.770731925964	-46.61477
202.786351919174	-42.0218
202.801981925964	-35.23518
202.817611932755	-27.06621
202.833231925964	-18.47852
202.848861932755	-10.31845
202.864481925964	-3.142191
202.880111932755	2.805485
202.895731925964	7.494205
202.911361932755	10.98523
202.926991939545	13.37578
202.942611932755	14.83136
202.958241939545	15.61684
202.973861932755	16.11017
202.989491939545	16.72012
203.005111932755	17.76576
203.020741939545	19.38944
203.051991939545	23.89081
203.067621946335	26.28185
203.083241939545	28.48883
203.098871946335	30.43349
203.114491939545	32.10426
203.130121946335	33.50402
203.145751953125	34.57184
203.161371946335	35.21599
203.177001953125	35.34008
203.192621946335	34.92749
203.208251953125	34.09116
203.223871946335	33.07557
203.239501953125	32.18221
203.255131959915	31.67531
203.270751953125	31.67697
203.286381959915	32.08875
203.302001953125	32.67142
203.317631959915	33.1264
203.333251953125	33.22739
203.348881959915	32.88802
203.364511966705	32.17493
203.380131959915	31.33218
203.395761966705	30.69292
203.411381959915	30.63182
203.427011966705	31.39912
203.442631959915	32.92472
203.458261966705	34.61994
203.473891973495	35.3306
203.489511966705	33.49267
203.505141973495	27.57607
203.520761966705	16.61642
203.536391973495	0.6112213
203.552011966705	-19.37421
203.567641973495	-41.43588
203.583271980286	-63.3344
203.598891973495	-82.99236
203.614521980286	-98.87807
203.630141973495	-110.1361
203.645771980286	-116.5893
203.661391973495	-118.5952
203.677021980286	-116.9078
203.692651987076	-112.4786
203.708271980286	-106.2922
203.723901987076	-99.13799
203.739521980286	-91.4904
203.755151987076	-83.44542
203.770771980286	-74.81893
203.786401987076	-65.36028
203.802031993866	-54.94151
203.817651987076	-43.68085
203.833281993866	-31.93001
203.848901987076	-20.14876
203.864531993866	-8.784378
203.880151987076	1.84951
203.895781993866	11.55845
203.911412000656	20.22214
203.927031993866	27.72646
203.942662000656	33.96872
203.958281993866	38.92062
203.973912000656	42.70472
203.989531993866	45.58676
204.005162000656	47.86727
204.020792007446	49.73565
204.036412000656	51.16431
204.052042007446	51.88503
204.067662000656	51.52531
204.083292007446	49.78368
204.098912000656	46.59577
204.114542007446	42.18924
204.130172014236	37.01617
204.145792007446	31.56844
204.161422014236	26.24754
204.177042007446	21.26092
204.192672014236	16.67026
204.208292007446	12.44418
204.223922014236	8.587265
204.239552021027	5.140648
204.255172014236	2.181274
204.270802021027	-0.2483749
204.286422014236	-2.227913
204.302052021027	-3.990883
204.317672014236	-5.895348
204.333302021027	-8.32589
204.348932027817	-11.60213
204.364552021027	-15.89384
204.380182027817	-21.21156
204.395802021027	-27.39148
204.411432027817	-34.07084
204.427052021027	-40.68559
204.442682027817	-46.44688
204.458312034607	-50.44601
204.473932027817	-51.83559
204.489562034607	-50.09559
204.505182027817	-45.26312
204.520812034607	-37.98573
204.536432027817	-29.36904
204.552062034607	-20.65891
204.567692041397	-12.88537
204.583312034607	-6.607269
204.598942041397	-1.910828
204.614562034607	1.456657
204.630192041397	3.840691
204.645812034607	5.527691
204.661442041397	6.728256
204.677072048187	7.642551
204.692692041397	8.538498
204.708322048187	9.729996
204.723942041397	11.52236
204.739572048187	14.03638
204.755192041397	17.14513
204.770822048187	20.4794
204.786452054977	23.57808
204.802072048187	26.04709
204.817702054977	27.72146
204.833322048187	28.65062
204.848952054977	29.0615
204.864572048187	29.19685
204.880202054977	29.19018
204.895832061768	28.99393
204.911452054977	28.42183
204.927082061768	27.24958
204.942702054977	25.3461
204.958332061768	22.75456
204.973962068558	19.70944
204.989582061768	16.55356
205.005212068558	13.59643
205.020832061768	11.01362
205.036462068558	8.765846
205.052082061768	6.672863
205.067712068558	4.488068
205.083342075348	2.039833
205.098962068558	-0.7141247
205.114592075348	-3.694935
205.130212068558	-6.763905
205.145842075348	-9.82432
205.161462068558	-12.82489
205.177092075348	-15.78828
205.192722082138	-18.75989
205.208342075348	-21.80329
205.223972082138	-24.98709
205.239592075348	-28.41226
205.255222082138	-32.17757
205.270842075348	-36.28136
205.286472082138	-40.51395
205.302102088928	-44.36153
205.317722082138	-47.04952
205.333352088928	-47.75877
205.348972082138	-45.88708
205.364602088928	-41.30655
205.380222082138	-34.43878
205.395852088928	-26.13812
205.411482095718	-17.40314
205.427102088928	-9.11338
205.442732095718	-1.819607
205.458352088928	4.246575
205.473982095718	9.089897
205.489602088928	12.78467
205.505232095718	15.38367
205.520862102509	16.95833
205.536482095718	17.64314
205.552112102509	17.75202
205.567732095718	17.72794
205.583362102509	18.01057
205.598982095718	18.84364
205.614612102509	20.16352
205.630242109299	21.64354
205.645862102509	22.85746
205.661492109299	23.51271
205.677112102509	23.57755
205.692742109299	23.2422
205.708362102509	22.76965
205.723992109299	22.30181
205.739622116089	21.78785
205.755242109299	21.05054
205.770872116089	19.94614
205.786492109299	18.48989
205.802122116089	16.89287
205.817742109299	15.43514
205.833372116089	14.29137
205.849002122879	13.44113
205.864622116089	12.64576
205.880252122879	11.58021
205.895872116089	9.959899
205.911502122879	7.667739
205.927122116089	4.759377
205.942752122879	1.438096
205.958382129669	-2.024402
205.974002122879	-5.357455
205.989632129669	-8.36833
206.005252122879	-10.99332
206.020882129669	-13.3123
206.036502122879	-15.54738
206.052132129669	-18.02464
206.067762136459	-21.06882
206.083382129669	-24.89264
206.099012136459	-29.45242
206.114632129669	-34.35805
206.130262136459	-38.89513
206.145882129669	-42.14924
206.161512136459	-43.25269
206.17714214325	-41.64018
206.192762136459	-37.24621
206.20839214325	-30.52503
206.224012136459	-22.32238
206.23964214325	-13.61012
206.255262136459	-5.265396
206.27089214325	2.083778
206.28652215004	8.068977
206.30214214325	12.53212
206.31777215004	15.49794
206.33339214325	17.11012
206.34902215004	17.66684
206.36464214325	17.5708
206.38027215004	17.25955
206.39590215683	17.08429
206.41152215004	17.25954
206.42715215683	17.83347
206.44277215004	18.73994
206.45840215683	19.84301
206.47402215004	20.97368
206.48965215683	21.9415
206.505281925201	22.55661
206.52090215683	22.65707
206.536531925201	22.16256
206.55215215683	21.1098
206.567781925201	19.63692
206.58340215683	17.93053
206.599031925201	16.15141
206.614661931992	14.37648
206.630281925201	12.5956
206.645911931992	10.74566
206.661531925201	8.750877
206.677161931992	6.564148
206.692781925201	4.192879
206.708411931992	1.693306
206.724041938782	-0.8705521
206.739661931992	-3.444141
206.755291938782	-5.988449
206.770911931992	-8.498619
206.786541938782	-10.97673
206.802161931992	-13.4405
206.817791938782	-15.90675
206.833421945572	-18.43826
206.849041938782	-21.14445
206.864671945572	-24.19466
206.880291938782	-27.72897
206.895921945572	-31.74594
206.911541938782	-35.96275
206.927171945572	-39.75532
206.942801952362	-42.25652
206.958421945572	-42.58838
206.974051952362	-40.16821
206.989671945572	-34.95684
207.005301952362	-27.51338
207.020921945572	-18.8158
207.036551952362	-9.935188
207.052181959152	-1.716881
207.067801952362	5.384201
207.083431959152	11.23508
207.099051952362	15.86754
207.114681959152	19.28575
207.130301952362	21.47128
207.145931959152	22.46103
207.161561965942	22.48611
207.177181959152	21.98668
207.192811965942	21.49313
207.208431959152	21.42287
207.224061965942	21.925
207.239681959152	22.83215
207.255311965942	23.81591
207.270941972733	24.54063
207.286561965942	24.80431
207.302191972733	24.56534
207.317811965942	23.88379
207.333441972733	22.81805
207.349061965942	21.4361
207.364691972733	19.76262
207.380321979523	17.86984
207.395941972733	15.85597
207.411571979523	13.84731
207.427191972733	11.96033
207.442821979523	10.26293
207.458441972733	8.754906
207.474071979523	7.352432
207.489701986313	5.926033
207.505321979523	4.325851
207.520951986313	2.447548
207.536571979523	0.2583694
207.552201986313	-2.168182
207.567831993103	-4.666222
207.583451986313	-7.040291
207.599081993103	-9.12809
207.614701986313	-10.90655
207.630331993103	-12.50348
207.645951986313	-14.23522
207.661581993103	-16.52084
207.677211999893	-19.71561
207.692831993103	-23.93184
207.708461999893	-28.86887
207.724081993103	-33.77162
207.739711999893	-37.58369
207.755331993103	-39.22885
207.770961999893	-37.98454
207.786592006683	-33.74828
207.802211999893	-27.07961
207.817842006683	-18.98421
207.833461999893	-10.57565
207.849092006683	-2.675079
207.864711999893	4.369499
207.880342006683	10.62836
207.895972013474	16.35498
207.911592006683	21.69843
207.927222013474	26.54373
207.942842006683	30.57489
207.958472013474	33.52527
207.974092006683	35.43764
207.989722013474	36.80581
208.005352020264	38.48294
208.020972013474	41.31958
208.036602020264	45.7719
208.052222013474	51.59856
208.067852020264	57.90329
208.083472013474	63.47855
208.099102020264	67.33411
208.114732027054	69.16222
208.130352020264	69.52354
208.145982027054	69.6205
208.161602020264	70.77084
208.177232027054	73.77962
208.192852020264	78.53966
208.208482027054	84.13966
208.224112033844	89.34531
208.239732027054	93.25188
208.255362033844	95.75079
208.270982027054	97.41807
208.286612033844	98.92245
208.302232027054	100.3432
208.317862033844	100.9307
208.333492040634	99.27265
208.349112033844	93.94634
208.364742040634	83.95285
208.380362033844	68.66598
208.395992040634	47.34588
208.411612033844	18.85889
208.427242040634	-17.71673
208.442872047424	-61.68102
208.458492040634	-109.4156
208.474122047424	-154.3961
208.489742040634	-189.1156
208.505372047424	-208.1589
208.520992040634	-210.7799
208.536622047424	-201.2128
208.552252054214	-186.4277
208.567872047424	-172.4546
208.583502054214	-161.5827
208.599122047424	-152.0098
208.614752054214	-140.023
208.630372047424	-123.1069
208.646002054214	-101.9494
208.661632061005	-80.09543
208.677252054214	-61.72843
208.692882061005	-49.22824
208.708502054214	-42.03109
208.724132061005	-37.45979
208.739752054214	-32.68897
208.755382061005	-26.47239
208.771012067795	-19.52032
208.786632061005	-13.63807
208.802262067795	-10.27823
208.817882061005	-9.379755
208.833512067795	-9.398402
208.849132061005	-8.113554
208.864762067795	-3.81803
208.880392074585	3.890501
208.896012067795	14.09555
208.911642074585	25.11705
208.927262067795	35.32878
208.942892074585	43.73465
208.958512067795	50.10281
208.974142074585	54.65276
208.989772081375	57.66822
209.005392074585	59.25378
209.021022081375	59.38602
209.036642074585	58.17795
209.052272081375	56.06692
209.067892074585	53.76802
209.083522081375	51.98755
209.099152088165	51.07912
209.114772081375	50.8427
209.130402088165	50.6683
209.146022081375	49.88821
209.161652088165	48.12268
209.177272081375	45.40427
209.192902088165	42.02312
209.208532094955	38.20644
209.224152088165	33.9365
209.239782094955	29.02895
209.255402088165	23.37186
209.271032094955	17.30243
209.286652088165	11.708
209.302282094955	7.838951
209.317912101746	6.909317
209.333532094955	9.694761
209.349162101746	16.39461
209.364782094955	26.81927
209.380412101746	40.72726
209.396032094955	58.01513
209.411662101746	78.61194
209.427292108536	102.1629
209.442912101746	127.7229
209.458542108536	153.7427
209.474162101746	178.4391
209.489792108536	200.367
209.505412101746	218.7859
209.521042108536	233.7102
209.536672115326	245.5354
209.552292108536	254.591
209.567922115326	260.8592
209.583542108536	264.0707
209.599172115326	264.039
209.614792108536	260.9761
209.630422115326	255.5847
209.646052122116	248.884
209.661672115326	241.8504
209.677302122116	235.0935
209.692922115326	228.638
209.708552122116	221.875
209.724172115326	213.7093
209.739802122116	202.8889
209.755432128906	188.3938
209.771052122116	169.841
209.786682128906	147.6214
209.802302122116	122.7447
209.817932128906	96.35135
209.833562135696	69.29935
209.849182128906	41.82401
209.864812135696	13.59509
209.880432128906	-15.91983
209.896062135696	-47.12286
209.911682128906	-80.28448
209.927312135696	-115.699
209.942942142487	-153.8649
209.958562135696	-195.2112
209.974192142487	-239.5258
209.989812135696	-285.347
210.005442142487	-329.8322
210.021062135696	-369.4648
210.036692142487	-401.2269
210.052322149277	-423.7136
210.067942142487	-437.5522
210.083572149277	-444.8629
210.099192142487	-448.0703
210.114822149277	-448.7454
210.130442142487	-447.0925
210.146072149277	-442.1733
210.161702156067	-432.5785
210.177322149277	-417.0787
210.192952156067	-395.0135
210.208572149277	-366.425
210.224202156067	-332.1177
210.239822149277	-293.7463
210.255452156067	-253.7362
210.271081924438	-214.9461
210.286702156067	-179.8492
210.302331924438	-149.9044
210.317952156067	-125.2302
210.333581924438	-104.791
210.349202156067	-86.90472
210.364831924438	-69.74847
210.380461931229	-51.53381
210.396081924438	-30.66449
210.411711931229	-6.337708
210.427331924438	20.70325
210.442961931229	47.74841
210.458581924438	70.90125
210.474211931229	86.94965
210.489841938019	95.37793
210.505461931229	99.12939
210.521091938019	103.2443
210.536711931229	111.9466
210.552341938019	125.8293
210.567961931229	140.9827
210.583591938019	150.7813
210.599221944809	149.3097
210.614841938019	134.3708
210.630471944809	108.3201
210.646091938019	76.42938
210.661721944809	44.01074
210.677341938019	14.1922
210.692971944809	-12.57135
210.708601951599	-37.27588
210.724221944809	-60.69476
210.739851951599	-82.34857
210.755471944809	-100.6019
210.771101951599	-113.6347
210.786721944809	-120.3444
210.802351951599	-120.9433
210.817981958389	-116.7964
210.833601951599	-109.8122
210.849231958389	-101.7148
210.864851951599	-93.62561
210.880481958389	-85.98712
210.896101951599	-78.7403
210.911731958389	-71.67145
210.927361965179	-64.58423
210.942981958389	-57.40271
