onset	BVP
2.84212303161621	-40.02215
2.85774302482605	-33.36533
2.87337303161621	-24.40971
2.88899302482605	-14.23351
2.90462303161621	-3.932983
2.92025303840637	5.581657
2.93587303161621	13.75861
2.95150303840637	20.35223
2.96712303161621	25.34299
2.98275303840637	28.83544
2.99837303161621	30.97579
3.01400303840637	31.96271
3.02963304519653	32.06314
3.04525303840637	31.63435
3.06088304519653	31.03993
3.07650303840637	30.58613
3.09213304519653	30.4008
3.10775303840637	30.39806
3.12338304519653	30.34298
3.13901305198669	29.95151
3.15463304519653	29.06326
3.17026305198669	27.72576
3.18588304519653	26.17244
3.20151305198669	24.65752
3.21713304519653	23.31931
3.23276305198669	22.06675
3.24839305877686	20.62817
3.26401305198669	18.68295
3.27964305877686	16.03633
3.29526305198669	12.7424
3.31089305877686	9.104458
3.32651305198669	5.550592
3.34214305877686	2.438791
3.35777306556702	-0.08617592
3.37339305877686	-2.133423
3.38902306556702	-4.000126
3.40464305877686	-6.002165
3.42027306556702	-8.386239
3.43589305877686	-11.25049
3.45152306556702	-14.56014
3.46715307235718	-18.14093
3.48277306556702	-21.66501
3.49840307235718	-24.60807
3.51402306556702	-26.28868
3.52965307235718	-26.023
3.54527306556702	-23.34055
3.56090307235718	-18.25753
3.57653307914734	-11.33036
3.59215307235718	-3.521758
3.60778307914734	4.113985
3.62340307235718	10.78671
3.63903307914734	16.15576
3.65465307235718	20.28074
3.67028307914734	23.36686
3.6859130859375	25.58273
3.70153307914734	26.9262
3.7171630859375	27.3357
3.73278307914734	26.84315
3.7484130859375	25.70522
3.76403307914734	24.33457
3.7796630859375	23.1523
3.79529309272766	22.37602
3.8109130859375	21.94385
3.82654309272766	21.59309
3.8421630859375	21.0029
3.85779309272766	19.96228
3.8734130859375	18.45349
3.88904309272766	16.59418
3.90467309951782	14.56866
3.92029309272766	12.51183
3.93592309951782	10.48423
3.95154309272766	8.445675
3.96717309951782	6.295383
3.98279309272766	3.899366
3.99842309951782	1.156281
4.01405310630798	-1.933926
4.02967309951782	-5.252178
4.04530310630798	-8.542858
4.06092309951782	-11.54302
4.07655310630798	-14.05772
4.09217309951782	-16.07202
4.10780310630798	-17.74833
4.12343287467957	-19.34939
4.13905310630798	-21.15276
4.15468287467957	-23.34015
4.17030310630798	-25.94774
4.18593287467957	-28.83172
4.20155310630798	-31.65357
4.21718287467957	-33.85029
4.23281288146973	-34.73139
4.24843287467957	-33.62997
4.26406288146973	-30.14552
4.27968287467957	-24.35585
4.29531288146973	-16.85949
4.31094288825989	-8.613081
4.32656288146973	-0.6132069
4.34219288825989	6.406105
4.35781288146973	12.14417
4.37344288825989	16.68695
4.38906288146973	20.26641
4.40469288825989	23.08165
4.42032289505005	25.17122
4.43594288825989	26.459
4.45157289505005	26.91778
4.46719288825989	26.67793
4.48282289505005	26.05009
4.49844288825989	25.42251
4.51407289505005	25.10661
4.52970290184021	25.18252
4.54532289505005	25.49715
4.56095290184021	25.74158
4.57657289505005	25.5907
4.59220290184021	24.8629
4.60782289505005	23.55772
4.62345290184021	21.82365
4.63908290863037	19.86578
4.65470290184021	17.85987
4.67033290863037	15.89556
4.68595290184021	13.99827
4.70158290863037	12.14795
4.71720290184021	10.29007
4.73283290863037	8.362392
4.74846291542053	6.30162
4.76408290863037	4.066975
4.77971291542053	1.614601
4.79533290863037	-1.037056
4.81096291542053	-3.848461
4.82658290863037	-6.725277
4.84221291542053	-9.567669
4.85784292221069	-12.28416
4.87346291542053	-14.83715
4.88909292221069	-17.29155
4.90471291542053	-19.80472
4.92034292221069	-22.61116
4.93596291542053	-25.88667
4.95159292221069	-29.60933
4.96722292900085	-33.43045
4.98284292221069	-36.66545
4.99847292900085	-38.4607
5.01409292221069	-38.04761
5.02972292900085	-35.04808
5.04534292221069	-29.63459
5.06097292900085	-22.49195
5.07660293579102	-14.60439
5.10785293579102	-0.3307114
5.12347292900085	4.937244
5.13910293579102	8.806499
5.15472292900085	11.48297
5.17035293579102	13.23313
5.18598294258118	14.31278
5.20160293579102	14.93356
5.21723294258118	15.30118
5.23285293579102	15.61565
5.24848294258118	16.06061
5.26410293579102	16.74529
5.27973294258118	17.64361
5.29536294937134	18.61427
5.31098294258118	19.4159
5.32661294937134	19.85576
5.34223294258118	19.82138
5.35786294937134	19.34426
5.37348294258118	18.55076
5.38911294937134	17.56701
5.4047429561615	16.47853
5.42036294937134	15.27026
5.4359929561615	13.88844
5.45161294937134	12.27902
5.4672429561615	10.47744
5.48286294937134	8.590435
5.4984929561615	6.760563
5.51412296295166	5.098511
5.5297429561615	3.59874
5.54537296295166	2.157383
5.5609929561615	0.6142921
5.57662296295166	-1.138119
5.5922429561615	-3.105259
5.60787296295166	-5.168983
5.62350296974182	-7.169521
5.63912296295166	-9.012272
5.65475296974182	-10.70214
5.67037296295166	-12.37547
5.68600296974182	-14.22256
5.70162296295166	-16.41755
5.71725296974182	-19.04817
5.73288297653198	-22.10431
5.74850296974182	-25.42723
5.76413297653198	-28.68708
5.77975296974182	-31.36723
5.79538297653198	-32.80551
5.81100296974182	-32.40302
5.82663297653198	-29.79791
5.84226298332214	-25.08455
5.85788297653198	-18.79619
5.87351298332214	-11.7767
5.88913297653198	-4.900181
5.90476298332214	1.172161
5.92038297653198	6.115627
5.93601298332214	9.919491
5.9516429901123	12.71752
5.96726298332214	14.67227
5.9828929901123	15.90357
5.99851298332214	16.52293
6.0141429901123	16.68641
6.02976298332214	16.61893
6.0453929901123	16.55425
6.06102299690247	16.66924
6.0766429901123	17.01412
6.09227299690247	17.50468
6.1078929901123	17.98782
6.12352299690247	18.3094
6.1391429901123	18.37097
6.15477299690247	18.14639
6.17040300369263	17.65862
6.18602299690247	16.94387
6.20165300369263	16.00228
6.21727299690247	14.85788
6.23290300369263	13.55254
6.24852299690247	12.14783
6.26415300369263	10.70803
6.27978301048279	9.29715
6.29540300369263	7.943218
6.31103301048279	6.636562
6.32665300369263	5.330879
6.34228301048279	3.956905
6.35790300369263	2.445736
6.37353301048279	0.7581635
6.38916301727295	-1.110603
6.40478301048279	-3.125664
6.42041301727295	-5.215633
6.43603301048279	-7.296082
6.45166301727295	-9.275444
6.46728301048279	-11.1144
6.48291301727295	-12.84925
6.49854302406311	-14.61579
6.51416301727295	-16.61733
6.52979302406311	-18.98851
6.54541301727295	-21.70287
6.56104302406311	-24.41337
6.57667303085327	-26.50215
6.59229302406311	-27.20938
6.60792303085327	-25.90987
6.62354302406311	-22.38275
6.63917303085327	-16.92658
6.65479302406311	-10.29608
6.67042303085327	-3.428761
6.68605303764343	2.846489
6.70167303085327	7.99617
6.71730303764343	11.86396
6.73292303085327	14.57505
6.74855303764343	16.37974
6.76417303085327	17.50554
6.77980303764343	18.09911
6.79543304443359	18.22954
6.81105303764343	17.95074
6.82668304443359	17.3412
6.84230303764343	16.54689
6.85793304443359	15.74652
6.87355303764343	15.11602
6.88918304443359	14.741
6.90481305122375	14.59216
6.92043304443359	14.53673
6.93606305122375	14.38636
6.95168304443359	13.99171
6.96731305122375	13.27651
6.98293304443359	12.24826
6.99856305122375	10.9819
7.01419305801392	9.553534
7.02981305122375	8.025555
7.04544305801392	6.408741
7.06106305122375	4.696058
7.07669305801392	2.84433
7.09231305122375	0.8217449
7.10794305801392	-1.361065
7.12357306480408	-3.651072
7.13919305801392	-5.921915
7.15482306480408	-8.033321
7.17044305801392	-9.86273
7.18607306480408	-11.39323
7.20169305801392	-12.69627
7.21732306480408	-13.92205
7.23295307159424	-15.20831
7.24857306480408	-16.64925
7.26420307159424	-18.26351
7.27982306480408	-20.03214
7.29545307159424	-21.90085
7.31107306480408	-23.73599
7.32670307159424	-25.26967
7.3423330783844	-26.09014
7.35795307159424	-25.67427
7.3735830783844	-23.58994
7.38920307159424	-19.70206
7.4048330783844	-14.2924
7.42045307159424	-8.012188
7.4360830783844	-1.67414
7.45171308517456	4.037232
7.4673330783844	8.765292
7.48296308517456	12.45788
7.4985830783844	15.27469
7.51421308517456	17.35989
7.5298330783844	18.74952
7.54546308517456	19.38093
7.56109309196472	19.23651
7.57671308517456	18.45145
7.59234309196472	17.35085
7.60796308517456	16.33821
7.62359309196472	15.73252
7.63921308517456	15.64573
7.65484309196472	15.92339
7.67047309875488	16.26631
7.68609309196472	16.33327
7.70172309875488	15.90097
7.71734309196472	14.92954
7.73297309875488	13.54993
7.74859309196472	11.97058
7.76422309875488	10.40055
7.77985310554504	8.956364
7.79547309875488	7.633067
7.81110310554504	6.327739
7.82672309875488	4.896761
7.84235310554504	3.203259
7.85797309875488	1.184266
7.87360310554504	-1.127608
7.88923287391663	-3.621727
7.90485310554504	-6.133786
7.92048287391663	-8.493181
7.93610310554504	-10.57784
7.95173287391663	-12.31891
7.96735310554504	-13.71926
7.98298287391663	-14.8774
7.99861288070679	-15.95488
8.01423287391663	-17.16093
8.02986288070679	-18.70603
8.04548287391663	-20.69191
8.06111288070679	-23.02842
8.07673287391663	-25.36022
8.09236288070679	-27.08154
8.10799288749695	-27.49557
8.12361288070679	-26.05078
8.13924288749695	-22.52697
8.15486288070679	-17.17026
8.17049288749695	-10.64311
8.18611288070679	-3.816481
8.20174288749695	2.482713
8.21737289428711	7.708857
8.23299288749695	11.69093
8.24862289428711	14.5449
8.26424288749695	16.52522
8.27987289428711	17.84834
8.29549288749695	18.62696
8.31112289428711	18.87838
8.32675290107727	18.62069
8.34237289428711	17.93776
8.35800290107727	17.02034
8.37362289428711	16.09904
8.38925290107727	15.3438
8.40487289428711	14.77797
8.42050290107727	14.27098
8.43613290786743	13.61597
8.45175290107727	12.62664
8.46738290786743	11.25317
8.48300290107727	9.581985
8.49863290786743	7.8015
8.51425290107727	6.087831
8.52988290786743	4.529654
8.54551291465759	3.098734
8.56113290786743	1.648237
8.57676291465759	-0.0100708
8.59238290786743	-2.028795
8.60801291465759	-4.439898
8.62363290786743	-7.153368
8.63926291465759	-9.946037
8.65489292144775	-12.56016
8.67051291465759	-14.79795
8.68614292144775	-16.61429
8.70176291465759	-18.11799
8.71739292144775	-19.50805
8.73301291465759	-20.97497
8.74864292144775	-22.62276
8.76427292823792	-24.4606
8.77989292144775	-26.43064
8.79552292823792	-28.41636
8.81114292144775	-30.24699
8.82677292823792	-31.63296
8.84239292144775	-32.15007
8.85802292823792	-31.3037
8.87365293502808	-28.70559
8.88927292823792	-24.2621
8.90490293502808	-18.30627
8.92052292823792	-11.51665
8.93615293502808	-4.702229
8.95177292823792	1.451065
8.96740293502808	6.559307
8.98303294181824	10.55997
8.99865293502808	13.5812
9.01428294181824	15.8024
9.02990293502808	17.3509
9.04553294181824	18.28936
9.06115293502808	18.67719
9.07678294181824	18.60161
9.0924129486084	18.23774
9.10803294181824	17.79161
9.1236629486084	17.42883
9.13928294181824	17.23784
9.1549129486084	17.19141
9.17054295539856	17.18419
9.1861629486084	17.0657
9.20179295539856	16.71462
9.2174129486084	16.07277
9.23304295539856	15.17054
9.2486629486084	14.09717
9.26429295539856	12.92691
9.27992296218872	11.67006
9.29554295539856	10.24174
9.31117296218872	8.517776
9.32679295539856	6.390099
9.34242296218872	3.854362
9.35804295539856	1.011784
9.37367296218872	-1.952873
9.38930296897888	-4.846504
9.40492296218872	-7.554409
9.42055296897888	-10.05551
9.43617296218872	-12.40188
9.45180296897888	-14.69086
9.46742296218872	-17.02394
9.48305296897888	-19.48935
9.49868297576904	-22.15175
9.51430296897888	-25.04284
9.52993297576904	-28.09275
9.54555296897888	-31.08707
9.56118297576904	-33.63338
9.57680296897888	-35.22916
9.59243297576904	-35.35123
9.6080629825592	-33.65216
9.62368297576904	-30.09435
9.6393129825592	-24.98258
9.65493297576904	-18.89693
9.6705629825592	-12.53521
9.68618297576904	-6.518396
9.7018129825592	-1.257376
9.71744298934937	3.051805
9.7330629825592	6.409864
9.74869298934937	8.897228
9.7643129825592	10.5871
9.77994298934937	11.53144
9.7955629825592	11.8033
9.81119298934937	11.56835
9.82682299613953	11.1211
9.84244298934937	10.86263
9.85807299613953	11.13025
9.87369298934937	12.09177
9.88932299613953	13.64041
9.90494298934937	15.42501
9.92057299613953	16.99319
9.93620300292969	17.97043
9.95182299613953	18.20903
9.96745300292969	17.78838
9.98307299613953	16.93771
9.99870300292969	15.89129
10.0143229961395	14.77319
10.0299530029297	13.56967
10.0455830097198	12.17823
10.0612030029297	10.46949
10.0768330097198	8.361898
10.0924530029297	5.85042
10.1080830097198	3.020952
10.1237030029297	0.02672672
10.1393330097198	-2.940164
10.15496301651	-5.706268
10.1705830097198	-8.174506
10.18621301651	-10.34415
10.2018330097198	-12.30623
10.21746301651	-14.21054
10.2330830097198	-16.22494
10.24871301651	-18.44574
10.2643430233002	-20.85332
10.27996301651	-23.27317
10.2955930233002	-25.37785
10.31121301651	-26.70326
10.3268430233002	-26.76989
10.34246301651	-25.17758
10.3580930233002	-21.77783
10.3737230300903	-16.76128
10.3893430233002	-10.66019
10.4049730300903	-4.210207
10.4205930233002	1.848477
10.4362230300903	6.982358
10.4518430233002	10.94372
10.4674730300903	13.73977
10.4831030368805	15.48932
10.4987230300903	16.32685
10.5143530368805	16.35803
10.5299730300903	15.72583
10.5456030368805	14.6663
10.5612230300903	13.5286
10.5768530368805	12.69607
10.5924830436707	12.42957
10.6081030368805	12.75721
10.6237330436707	13.46722
10.6393530368805	14.20448
10.6549830436707	14.6555
10.6706030368805	14.63344
10.6862330436707	14.14458
10.7018630504608	13.2915
10.7174830436707	12.2055
10.7331130504608	10.92799
10.7487330436707	9.447855
10.7643630504608	7.733546
10.7799830436707	5.775638
10.7956130504608	3.626366
10.811243057251	1.383314
10.8268630504608	-0.8128166
10.842493057251	-2.87055
10.8581130504608	-4.739752
10.873743057251	-6.44412
10.8893630504608	-8.06459
10.904993057251	-9.730953
10.9206230640411	-11.59629
10.936243057251	-13.7908
10.9518730640411	-16.40552
10.967493057251	-19.37751
10.9831230640411	-22.47221
10.998743057251	-25.23264
11.0143730640411	-27.05936
11.0300030708313	-27.35129
11.0456230640411	-25.68316
11.0612530708313	-21.95125
11.0768730640411	-16.42304
11.0925030708313	-9.698962
11.1081230640411	-2.543171
11.1237530708313	4.264579
11.1393830776215	10.11029
11.1550030708313	14.63164
11.1706330776215	17.71384
11.1862530708313	19.44793
11.2018830776215	20.05764
11.2175030708313	19.84972
11.2331330776215	19.13952
11.2487630844116	18.21953
11.2643830776215	17.31763
11.2800130844116	16.59138
11.2956330776215	16.14388
11.3112630844116	15.96873
11.3268830776215	16.01126
11.3425130844116	16.14177
11.3581430912018	16.20803
11.3737630844116	16.04881
11.3893930912018	15.57497
11.4050130844116	14.74837
11.4206430912018	13.58926
11.4362730979919	12.16022
11.4518930912018	10.49801
11.4675230979919	8.618025
11.4831430912018	6.484888
11.4987730979919	4.082338
11.5143930912018	1.452774
11.5300230979919	-1.273235
11.5456531047821	-3.901457
11.5612730979919	-6.273603
11.5769031047821	-8.342712
11.5925230979919	-10.23547
11.6081531047821	-12.15919
11.6237730979919	-14.30943
11.6394031047821	-16.72353
11.6550331115723	-19.18398
11.6706531047821	-21.24571
11.6862831115723	-22.32949
11.7019031047821	-21.92129
11.7175331115723	-19.73865
11.7331531047821	-15.82837
11.7487831115723	-10.57369
11.7644128799438	-4.585779
11.7800331115723	1.431479
11.7956628799438	6.87348
11.8112831115723	11.28974
11.8269128799438	14.45978
11.8425331115723	16.347
11.8581628799438	17.07923
11.873792886734	16.87591
11.8894128799438	16.01447
11.905042886734	14.78854
11.9206628799438	13.47049
11.936292886734	12.28627
11.9519128799438	11.3664
11.967542886734	10.76113
11.9831728935242	10.44736
11.998792886734	10.35533
12.0144228935242	10.40205
12.030042886734	10.47043
12.0456728935242	10.42641
12.061292886734	10.1123
12.0769228935242	9.392869
12.0925529003143	8.189587
12.1081728935242	6.513347
12.1238029003143	4.495655
12.1394228935242	2.325966
12.1550529003143	0.2082586
12.1706728935242	-1.715192
12.1863029003143	-3.419563
12.2019329071045	-4.995054
12.2175529003143	-6.580119
12.2331829071045	-8.316956
12.2488029003143	-10.27867
12.2644329071045	-12.44379
12.2800529003143	-14.74486
12.2956829071045	-17.03826
12.3113129138947	-19.11008
12.3269329071045	-20.63683
12.3425629138947	-21.21832
12.3581829071045	-20.45141
12.3738129138947	-18.06199
12.3894329071045	-14.08152
12.4050629138947	-8.872715
12.4206929206848	-3.10548
12.4363129138947	2.457578
12.4519429206848	7.173088
12.4675629138947	10.67702
12.4831929206848	12.88997
12.4988129138947	13.95492
12.5144429206848	14.08505
12.530072927475	13.51235
12.5456929206848	12.45203
12.561322927475	11.12859
12.5769429206848	9.78613
12.592572927475	8.65176
12.6081929206848	7.861158
12.623822927475	7.434751
12.6394529342651	7.287918
12.655072927475	7.276623
12.6707029342651	7.271327
12.686322927475	7.172788
12.7019529342651	6.887756
12.717572927475	6.341793
12.7332029342651	5.450566
12.7488329410553	4.156739
12.7644529342651	2.468979
12.7800829410553	0.4795265
12.7957029342651	-1.68651
12.8113329410553	-3.905008
12.8269529342651	-6.090122
12.8425829410553	-8.212688
12.8582129478455	-10.28016
12.8738329410553	-12.33954
12.8894629478455	-14.46792
12.9050829410553	-16.75854
12.9207129478455	-19.24313
12.9363329410553	-21.80953
12.9519629478455	-24.12696
12.9675929546356	-25.65596
12.9832129478455	-25.81103
12.9988429546356	-24.16807
13.0144629478455	-20.67669
13.0300929546356	-15.68963
13.0457129478455	-9.885501
13.0613429546356	-4.024804
13.0769729614258	1.252642
13.0925929546356	5.571646
13.1082229614258	8.789279
13.1238429546356	10.90145
13.1394729614258	11.9764
13.1550929546356	12.12033
13.1707229614258	11.50355
13.1863529682159	10.38405
13.2019729614258	9.096528
13.2176029682159	7.944891
13.2332229614258	7.141685
13.2488529682159	6.740278
13.2644729614258	6.642595
13.2801029682159	6.692493
13.2957329750061	6.748994
13.3113529682159	6.735347
13.3269829750061	6.602844
13.3426029682159	6.318893
13.3582329750061	5.820292
13.3738529682159	5.005907
13.3894829750061	3.802542
13.4051129817963	2.201965
13.4207329750061	0.2890873
13.4363629817963	-1.772029
13.4519829750061	-3.800897
13.4676129817963	-5.69666
13.4832329750061	-7.445979
13.4988629817963	-9.142191
13.5144929885864	-10.93548
13.5301129817963	-12.95653
13.5457429885864	-15.2828
13.5613629817963	-17.8586
13.5769929885864	-20.48084
13.5926229953766	-22.75785
13.6082429885864	-24.18265
13.6238729953766	-24.20037
13.6394929885864	-22.41111
13.6551229953766	-18.72802
13.6707429885864	-13.45957
13.6863729953766	-7.307622
13.7020030021667	-1.104669
13.7176229953766	4.369104
13.7332530021667	8.632891
13.7488729953766	11.56115
13.7645030021667	13.32589
13.7801229953766	14.19789
13.7957530021667	14.4139
13.8113830089569	14.16474
13.8270030021667	13.56849
13.8426330089569	12.78707
13.8582530021667	12.01502
13.8738830089569	11.42599
13.8895030021667	11.10879
13.9051330089569	11.05331
13.9207630157471	11.12239
13.9363830089569	11.12988
13.9520130157471	10.9301
13.9676330089569	10.43756
13.9832630157471	9.658796
13.9988830089569	8.648905
14.0145130157471	7.450679
14.0301430225372	6.094129
14.0457630157471	4.563695
14.0613930225372	2.865348
14.0770130157471	1.00128
14.0926430225372	-0.9712667
14.1082630157471	-3.021075
14.1238930225372	-5.09812
14.1395230293274	-7.180151
14.1551430225372	-9.292079
14.1707730293274	-11.45484
14.1863930225372	-13.7161
14.2020230293274	-16.05131
14.2176430225372	-18.3263
14.2332730293274	-20.24454
14.2489030361176	-21.39217
14.2645230293274	-21.29231
14.2801530361176	-19.56754
14.2957730293274	-16.1216
14.3114030361176	-11.19956
14.3270230293274	-5.370471
14.3426530361176	0.6471324
14.3582830429077	6.200635
14.3739030361176	10.86987
14.3895330429077	14.47961
14.4051530361176	17.04117
14.4207830429077	18.60902
14.4364030361176	19.21791
14.4520330429077	18.91694
14.4676630496979	17.83755
14.4832830429077	16.2643
14.4989130496979	14.61309
14.5145330429077	13.29657
14.5301630496979	12.58582
14.5457830429077	12.50874
14.5614130496979	12.85177
14.577043056488	13.25779
14.5926630496979	13.41058
14.608293056488	13.09778
14.6239130496979	12.28179
14.639543056488	11.03917
14.6551630496979	9.471674
14.670793056488	7.627462
14.6864230632782	5.511199
14.702043056488	3.11999
14.7176730632782	0.5053234
14.733293056488	-2.197878
14.7489230632782	-4.798009
14.764543056488	-7.116905
14.7801730632782	-9.060794
14.7958030700684	-10.66904
14.8114230632782	-12.11972
14.8270530700684	-13.64515
14.8426730632782	-15.48178
14.8583030700684	-17.76432
14.8739230632782	-20.46878
14.8895530700684	-23.34088
14.9051830768585	-25.88589
14.9208030700684	-27.45248
14.9364330768585	-27.3844
14.9520530700684	-25.27475
14.9676830768585	-21.12307
14.9833030700684	-15.40308
14.9989330768585	-8.910689
15.0145630836487	-2.533319
15.0301830768585	3.006885
15.0458130836487	7.322224
15.0614330768585	10.34075
15.0770630836487	12.22036
15.0926830768585	13.21025
15.1083130836487	13.54723
15.1239430904388	13.40547
15.1395630836487	12.94912
15.1551930904388	12.34724
15.1708130836487	11.76908
15.1864430904388	11.36204
15.2020630836487	11.15692
15.2176930904388	11.06083
15.233323097229	10.87724
15.2489430904388	10.39136
15.264573097229	9.475282
15.2801930904388	8.179407
15.295823097229	6.696611
15.3114430904388	5.243277
15.327073097229	3.966702
15.3427031040192	2.821073
15.358323097229	1.62444
15.3739531040192	0.1605082
15.389573097229	-1.679918
15.4052031040192	-3.855178
15.420823097229	-6.179446
15.4364531040192	-8.438517
15.4520831108093	-10.50125
15.4677031040192	-12.33181
15.4833331108093	-14.00737
15.4989531040192	-15.63645
15.5145831108093	-17.33895
15.5302031040192	-19.20297
15.5458331108093	-21.24434
15.5614628791809	-23.35913
15.5770831108093	-25.27972
15.5927128791809	-26.54999
15.6083331108093	-26.6085
15.6239628791809	-24.97491
15.6395831108093	-21.4326
15.6552128791809	-16.1749
15.6708428859711	-9.784667
15.6864628791809	-3.058266
15.7020928859711	3.224871
15.7177128791809	8.50823
15.7333428859711	12.54966
15.7489628791809	15.3742
15.7645928859711	17.12376
15.7802228927612	17.97093
15.7958428859711	18.04683
15.8114728927612	17.4871
15.8270928859711	16.49821
15.8427228927612	15.37852
15.8583428859711	14.44354
15.8739728927612	13.93332
15.8896028995514	13.90577
15.9052228927612	14.17172
15.9208528995514	14.3914
15.9364728927612	14.19091
15.9521028995514	13.30974
15.9677228927612	11.70319
15.9833528995514	9.522604
15.9989829063416	6.99708
16.0146028995514	4.302696
16.0302329063416	1.453463
16.0458528995514	-1.694324
16.0614829063416	-5.325588
16.0771028995514	-9.554829
16.0927329063416	-14.27802
16.1083629131317	-19.17789
16.1239829063416	-23.79506
16.1396129131317	-27.67861
16.1552329063416	-30.51735
16.1708629131317	-32.20627
16.1864829063416	-32.84261
16.2021129131317	-32.65348
16.2177429199219	-31.91025
16.2333629131317	-30.85519
16.2489929199219	-29.62991
16.2646129131317	-28.22786
16.2802429199219	-26.46466
16.295872926712	-24.01401
16.3114929199219	-20.46561
16.327122926712	-15.46925
16.3427429199219	-8.821014
16.358372926712	-0.5902061
16.3739929199219	8.869335
16.389622926712	18.98629
16.4052529335022	29.08587
16.420872926712	38.54577
16.4365029335022	46.88602
16.452122926712	53.78346
16.4677529335022	59.05877
16.483372926712	62.63289
16.4990029335022	64.49088
16.5146329402924	64.70792
16.5302529335022	63.47514
16.5458829402924	61.1046
16.5615029335022	58.02866
16.5771329402924	54.70747
16.5927529335022	51.55514
16.6083829402924	48.85749
16.6240129470825	46.72844
16.6396329402924	45.1162
16.6552629470825	43.8248
16.6708829402924	42.56725
16.6865129470825	41.02613
16.7021329402924	38.94083
16.7177629470825	36.18552
16.7333929538727	32.8058
16.7490129470825	29.01269
16.7646429538727	25.10679
16.7802629470825	21.36618
16.7958929538727	17.91545
16.8115129470825	14.60319
16.8271429538727	10.98777
16.8427729606628	6.403067
16.8583929538727	0.1186237
16.8740229606628	-8.403166
16.8896429538727	-19.28398
16.9052729606628	-32.11468
16.9208929538727	-45.99736
16.9365229606628	-59.73027
16.952152967453	-72.13046
16.9677729606628	-82.25787
16.983402967453	-89.52596
16.9990229606628	-93.65872
17.014652967453	-94.62072
17.0302729606628	-92.53305
17.045902967453	-87.72399
17.0615329742432	-80.78214
17.077152967453	-72.53949
17.0927829742432	-63.90836
17.108402967453	-55.64572
17.1240329742432	-48.13615
17.139652967453	-41.28762
17.1552829742432	-34.73967
17.1709129810333	-28.1082
17.1865329742432	-21.27431
17.2021629810333	-14.44702
17.2177829742432	-8.050195
17.2334129810333	-2.506755
17.2490329742432	1.969338
17.2646629810333	5.411957
17.2802929878235	8.041199
17.2959129810333	10.09113
17.3115429878235	11.72247
17.3271629810333	12.97142
17.3427929878235	13.8147
17.3584129810333	14.24005
17.3740429878235	14.2922
17.3896729946136	14.03788
17.4052929878235	13.52528
17.4209229946136	12.73127
17.4365429878235	11.55621
17.4521729946136	9.908815
17.4677929878235	7.791748
17.4834229946136	5.37901
17.4990530014038	3.004969
17.5146729946136	1.083608
17.5303030014038	-0.003432274
17.5459229946136	-0.02529144
17.5615530014038	1.076139
17.5771729946136	3.177661
17.5928030014038	6.070397
17.608433008194	9.451799
17.6240530014038	12.96274
17.639683008194	16.18573
17.6553030014038	18.6716
17.670933008194	20.01441
17.6865530014038	19.88874
17.702183008194	18.13045
17.7178130149841	14.74835
17.733433008194	9.976536
17.7490630149841	4.250401
17.764683008194	-1.798698
17.7803130149841	-7.389729
17.795933008194	-11.77126
17.8115630149841	-14.32479
17.8271930217743	-14.74571
17.8428130149841	-13.08467
17.8584430217743	-9.732098
17.8740630149841	-5.27569
17.8896930217743	-0.3770828
17.9053130149841	4.377953
17.9209430217743	8.565907
17.9365730285645	11.93002
17.9521930217743	14.39381
17.9678230285645	15.98648
17.9834430217743	16.8208
17.9990730285645	17.0281
18.0146930217743	16.75414
18.0303230285645	16.17059
18.0459530353546	15.51429
18.0615730285645	15.04791
18.0772030353546	14.9923
18.0928230285645	15.43571
18.1084530353546	16.2556
18.1240730285645	17.16149
18.1397030353546	17.81161
18.1553330421448	17.96515
18.1709530353546	17.56443
18.1865830421448	16.73461
18.2022030353546	15.66947
18.2178330421448	14.51743
18.2334530353546	13.31373
18.2490830421448	11.97986
18.2647130489349	10.41327
18.2803330421448	8.552521
18.2959630489349	6.43512
18.3115830421448	4.173676
18.3272130489349	1.917397
18.3428330421448	-0.2065125
18.3584630489349	-2.105087
18.3740930557251	-3.764149
18.3897130489349	-5.259083
18.4053430557251	-6.709412
18.4209630489349	-8.270267
18.4365930557251	-10.07733
18.4522230625153	-12.21986
18.4678430557251	-14.70584
18.4834730625153	-17.47163
18.4990930557251	-20.31065
18.5147230625153	-22.8586
18.5303430557251	-24.62682
18.5459730625153	-25.07208
18.5616030693054	-23.79008
18.5772230625153	-20.65785
18.5928530693054	-15.91496
18.6084730625153	-10.08953
18.6241030693054	-3.904678
18.6397230625153	1.965557
18.6553530693054	7.007383
18.6709830760956	10.94514
18.6866030693054	13.71688
18.7022330760956	15.40613
18.7178530693054	16.18168
18.7334830760956	16.2675
18.7491030693054	15.91098
18.7647330760956	15.35723
18.7803630828857	14.82015
18.7959830760956	14.4656
18.8116130828857	14.36913
18.8272330760956	14.5497
18.8428630828857	14.91279
18.8584830760956	15.30367
18.8741130828857	15.51937
18.8897430896759	15.38846
18.9053630828857	14.8276
18.9209930896759	13.87947
18.9366130828857	12.67838
18.9522430896759	11.37718
18.9678630828857	10.08029
18.9834930896759	8.76779
18.9991230964661	7.315708
19.0147430896759	5.561329
19.0303730964661	3.402515
19.0459930896759	0.8867168
19.0616230964661	-1.808098
19.0772430896759	-4.39146
19.0928730964661	-6.604683
19.1085031032562	-8.290379
19.1241230964661	-9.493344
19.1397531032562	-10.41091
19.1553730964661	-11.3474
19.1710031032562	-12.61328
19.1866230964661	-14.44405
19.2022531032562	-16.93625
19.2178831100464	-20.01889
19.2335031032562	-23.40305
19.2491331100464	-26.5712
19.2647531032562	-28.84235
19.2803831100464	-29.52222
19.2960031032562	-28.12553
19.3116331100464	-24.56974
19.327262878418	-19.21456
19.3428831100464	-12.78142
19.358512878418	-6.124716
19.3741331100464	0.003403664
19.389762878418	5.144001
19.4053831100464	9.132751
19.421012878418	12.03061
19.4366428852081	13.9645
19.452262878418	15.03676
19.4678928852081	15.3312
19.483512878418	14.97691
19.4991428852081	14.19101
19.514762878418	13.28038
19.5303928852081	12.55275
19.5460228919983	12.20691
19.5616428852081	12.23835
19.5772728919983	12.46252
19.5928928852081	12.61261
19.6085228919983	12.4496
19.6241428852081	11.87698
19.6397728919983	10.94955
19.6554028987885	9.823646
19.6710228919983	8.653374
19.6866528987885	7.524508
19.7022728919983	6.439853
19.7179028987885	5.316121
19.7335228919983	4.036646
19.7491528987885	2.48722
19.7647829055786	0.5870934
19.7804028987885	-1.65292
19.7960329055786	-4.115535
19.8116528987885	-6.596651
19.8272829055786	-8.884012
19.8429028987885	-10.82883
19.8585329055786	-12.42471
19.8741629123688	-13.79433
19.8897829055786	-15.13553
19.9054129123688	-16.64004
19.9210329055786	-18.43416
19.9366629123688	-20.55994
19.9522829055786	-22.96694
19.9679129123688	-25.48807
19.9835429191589	-27.79059
19.9991629123688	-29.40158
20.0147929191589	-29.74877
20.0304129123688	-28.36188
20.0460429191589	-25.05629
20.0616629123688	-20.05939
20.0772929191589	-13.98152
20.0929229259491	-7.61016
20.1085429191589	-1.659948
20.1241729259491	3.402047
20.1397929191589	7.389099
20.1554229259491	10.33095
20.1710429191589	12.33084
20.1866729259491	13.49958
20.2023029327393	13.97079
20.2179229259491	13.9454
20.2335529327393	13.67313
20.2491729259491	13.4303
20.2648029327393	13.40445
20.2804229259491	13.6392
20.2960529327393	14.02782
20.3116829395294	14.38588
20.3273029327393	14.55725
20.3429329395294	14.46371
20.3585529327393	14.11433
20.3741829395294	13.54505
20.3898029327393	12.76698
20.4054329395294	11.78252
20.4210629463196	10.56885
20.4366829395294	9.128654
20.4523129463196	7.453462
20.4679329395294	5.554482
20.4835629463196	3.441846
20.4991829395294	1.143959
20.5148129463196	-1.282843
20.5304429531097	-3.726253
20.5460629463196	-6.045066
20.5616929531097	-8.139449
20.5773129463196	-9.973004
20.5929429531097	-11.59709
20.6085629463196	-13.09843
20.6241929531097	-14.58678
20.6398229598999	-16.1492
20.6554429531097	-17.886
20.6710729598999	-19.88186
20.6866929531097	-22.16875
20.7023229598999	-24.64403
20.7179429531097	-26.96648
20.7335729598999	-28.57057
20.7492029666901	-28.79404
20.7648229598999	-27.12502
20.7804529666901	-23.41389
20.7960729598999	-17.98598
20.8117029666901	-11.54751
20.8273229598999	-4.928828
20.8429529666901	1.143259
20.8585829734802	6.237553
20.8742029666901	10.25062
20.8898329734802	13.24413
20.9054529666901	15.33828
20.9210829734802	16.61794
20.9367029666901	17.16931
20.9523329734802	17.10657
20.9679629802704	16.65438
20.9835829734802	16.09109
20.9992129802704	15.68584
21.0148329734802	15.61328
21.0304629802704	15.88473
21.0460829734802	16.3715
21.0617129802704	16.85538
21.0773429870605	17.10015
21.0929629802704	16.91539
21.1085929870605	16.2409
21.1242129802704	15.14875
21.1398429870605	13.82738
21.1554729938507	12.49674
21.1710929870605	11.2725
21.1867229938507	10.10239
21.2023429870605	8.789827
21.2179729938507	7.078595
21.2335929870605	4.823089
21.2492229938507	2.096835
21.2648530006409	-0.83601
21.2804729938507	-3.635543
21.2961030006409	-6.053647
21.3117229938507	-8.038802
21.3273530006409	-9.734097
21.3429729938507	-11.3379
21.3586030006409	-13.01756
21.374233007431	-14.82627
21.3898530006409	-16.73883
21.405483007431	-18.72219
21.4211030006409	-20.79222
21.436733007431	-22.99831
21.4523530006409	-25.29619
21.467983007431	-27.45671
21.4836130142212	-29.02065
21.499233007431	-29.4034
21.5148630142212	-28.07228
21.530483007431	-24.79734
21.5461130142212	-19.76702
21.561733007431	-13.54309
21.5773630142212	-6.901566
21.5929930210114	-0.5607654
21.6086130142212	4.974422
21.6242430210114	9.473846
21.6398630142212	12.91115
21.6554930210114	15.36516
21.6711130142212	16.91979
21.6867430210114	17.65036
21.7023730278015	17.68892
21.7179930210114	17.22296
21.7336230278015	16.56525
21.7492430210114	16.05406
21.7648730278015	15.95423
21.7804930210114	16.34227
21.7961230278015	17.0439
21.8117530345917	17.72155
21.8273730278015	17.98516
21.8430030345917	17.60203
21.8586230278015	16.56908
21.8742530345917	15.12504
21.8898730278015	13.58438
21.9055030345917	12.17768
21.9211330413818	10.95103
21.9367530345917	9.741417
21.9523830413818	8.3366
21.9680030345917	6.571996
21.9836330413818	4.454282
21.9992530345917	2.084545
22.0148830413818	-0.3671334
22.030513048172	-2.772643
22.0461330413818	-5.051803
22.061763048172	-7.141518
22.0773830413818	-8.999828
22.093013048172	-10.60156
22.1086330413818	-12.00591
22.124263048172	-13.36518
22.1398930549622	-14.917
22.155513048172	-16.86803
22.1711430549622	-19.24742
22.186763048172	-21.84482
22.2023930549622	-24.182
22.218013048172	-25.64954
22.2336430549622	-25.65345
22.2492730617523	-23.83681
22.2648930549622	-20.17245
22.2805230617523	-14.98541
22.2961430549622	-8.879061
22.3117730617523	-2.547347
22.3273930549622	3.355867
22.3430230617523	8.366023
22.3586530685425	12.23551
22.3742730617523	14.90282
22.3899030685425	16.44317
22.4055230617523	16.96852
22.4211530685425	16.64802
22.4367730617523	15.69332
22.4524030685425	14.39346
22.4680330753326	13.09705
22.4836530685425	12.14956
22.4992830753326	11.78879
22.5149030685425	12.03417
22.5305330753326	12.67049
22.5461530685425	13.34352
22.5617830753326	13.68077
22.5774130821228	13.44758
22.5930330753326	12.63098
22.6086630821228	11.4143
22.6242830753326	10.06175
22.6399130821228	8.777069
22.6555330753326	7.571749
22.6711630821228	6.284737
22.686793088913	4.693999
22.7024130821228	2.635514
22.718043088913	0.1083159
22.7336630821228	-2.709548
22.749293088913	-5.550359
22.7649130821228	-8.168356
22.780543088913	-10.42515
22.7961730957031	-12.31515
22.811793088913	-13.93847
22.8274230957031	-15.45229
22.843043088913	-17.01397
22.8586730957031	-18.74936
22.874293088913	-20.73173
22.8899230957031	-22.90293
22.9055531024933	-25.04355
22.9211730957031	-26.73779
22.9368031024933	-27.44711
22.9524230957031	-26.66581
22.9680531024933	-24.10492
22.9836730957031	-19.85278
22.9993031024933	-14.35536
23.0149331092834	-8.301127
23.0305531024933	-2.39038
23.0461831092834	2.861555
23.0618031024933	7.201428
23.0774331092834	10.60616
23.0930531024933	13.13903
23.1086831092834	14.87569
23.124312877655	15.83345
23.1399331092834	16.05031
23.155562877655	15.65156
23.1711831092834	14.88068
23.186812877655	14.08537
23.2024331092834	13.59269
23.218062877655	13.59223
23.2336928844452	14.0458
23.249312877655	14.71683
23.2649428844452	15.26188
23.280562877655	15.38321
23.2961928844452	14.95702
23.3118228912354	14.03566
23.3274428844452	12.80448
23.3430728912354	11.46021
23.3586928844452	10.09821
23.3743228912354	8.67712
23.3899428844452	7.059643
23.4055728912354	5.096369
23.4212028980255	2.715838
23.4368228912354	-0.0005674362
23.4524528980255	-2.858993
23.4680728912354	-5.61803
23.4837028980255	-8.077448
23.4993228912354	-10.15729
23.5149528980255	-11.92379
23.5305829048157	-13.53918
23.5462028980255	-15.22205
23.5618329048157	-17.15735
23.5774528980255	-19.42213
23.5930829048157	-21.99484
23.6087028980255	-24.68951
23.6243329048157	-27.17299
23.6399629116058	-28.97047
23.6555829048157	-29.55347
23.6712129116058	-28.46807
23.6868329048157	-25.46922
23.7024629116058	-20.66452
23.7180829048157	-14.48588
23.7337129116058	-7.633291
23.749342918396	-0.8562174
23.7649629116058	5.233675
23.780592918396	10.25063
23.7962129116058	14.04922
23.811842918396	16.6437
23.8274629116058	18.12388
23.843092918396	18.62652
23.8587229251862	18.34539
23.874342918396	17.55225
23.8899729251862	16.60137
23.905592918396	15.85337
23.9212229251862	15.56216
23.936842918396	15.78653
23.9524729251862	16.36937
23.9681029319763	16.99103
23.9837229251862	17.30562
23.9993529319763	17.06074
24.0149729251862	16.19223
24.0306029319763	14.81976
24.0462229251862	13.18333
24.0618529319763	11.50011
24.0774829387665	9.884476
24.0931029319763	8.301756
24.1087329387665	6.59911
24.1243529319763	4.630184
24.1399829387665	2.348499
24.1556029319763	-0.1454773
24.1712329387665	-2.646526
24.1868629455566	-4.932814
24.2024829387665	-6.885685
24.2181129455566	-8.528271
24.2337329387665	-10.01184
24.2493629455566	-11.56683
24.2649829387665	-13.40099
24.2806129455566	-15.66034
24.2962429523468	-18.38313
24.3118629455566	-21.46791
24.3274929523468	-24.6136
24.3431129455566	-27.30774
24.3587429523468	-28.89974
24.3743629455566	-28.76304
24.3899929523468	-26.544
24.405622959137	-22.30286
24.4212429523468	-16.54343
24.436872959137	-10.02836
24.4524929523468	-3.559885
24.468122959137	2.271633
24.4837429523468	7.159723
24.499372959137	11.05435
24.5150029659271	14.02643
24.530622959137	16.14027
24.5462529659271	17.42779
24.561872959137	17.92821
24.5775029659271	17.7462
24.593122959137	17.1034
24.6087529659271	16.28698
24.6243829727173	15.59952
24.6400029659271	15.24967
24.6556329727173	15.30642
24.6712529659271	15.67569
24.6868829727173	16.15042
24.7025029659271	16.47811
24.7181329727173	16.45893
24.7337629795074	15.9815
24.7493829727173	15.03982
24.7650129795074	13.72273
24.7806329727173	12.135
24.7962629795074	10.36519
24.8118829727173	8.43923
24.8275129795074	6.320408
24.8431429862976	3.954248
24.8587629795074	1.334982
24.8743929862976	-1.442123
24.8900129795074	-4.190243
24.9056429862976	-6.65678
24.9212629795074	-8.662008
24.9368929862976	-10.15533
24.9525229930878	-11.27593
24.9681429862976	-12.31249
24.9837729930878	-13.61206
24.9993929862976	-15.44421
25.0150229930878	-17.92214
25.0306429862976	-20.92787
25.0462729930878	-24.09677
25.0619029998779	-26.88737
25.0775229930878	-28.6488
25.0931529998779	-28.77925
25.1087729930878	-26.88653
25.1244029998779	-22.94993
25.1400229930878	-17.33827
25.1556529998779	-10.75072
25.1712830066681	-4.002728
25.1869029998779	2.207506
25.2025330066681	7.423702
25.2181529998779	11.48654
25.2337830066681	14.42225
25.2494029998779	16.3371
25.2650330066681	17.3613
25.2806630134583	17.63154
25.2962830066681	17.36238
25.3119130134583	16.80571
25.3275330066681	16.2538
25.3431630134583	15.91325
25.3587830066681	15.85472
25.3744130134583	15.98725
25.3900430202484	16.12056
25.4056630134583	16.0629
25.4212930202484	15.68159
25.4369130134583	14.97336
25.4525430202484	14.02143
25.4681630134583	12.99238
25.4837930202484	12.01125
25.4994230270386	11.11325
25.5150430202484	10.19891
25.5306730270386	9.065804
25.5462930202484	7.497505
25.5619230270386	5.358364
25.5775530338287	2.715406
25.5931730270386	-0.1978722
25.6088030338287	-3.037626
25.6244230270386	-5.524658
25.6400530338287	-7.535307
25.6556730270386	-9.12393
25.6713030338287	-10.48927
25.6869330406189	-11.86918
25.7025530338287	-13.47514
25.7181830406189	-15.43345
25.7338030338287	-17.78604
25.7494330406189	-20.4064
25.7650530338287	-22.98669
25.7806830406189	-25.03646
25.7963130474091	-25.94215
25.8119330406189	-25.21162
25.8275630474091	-22.63245
25.8431830406189	-18.38454
25.8588130474091	-12.97636
25.8744330406189	-7.105164
25.8900630474091	-1.393572
25.9056930541992	3.72097
25.9213130474091	8.039549
25.9369430541992	11.51697
25.9525630474091	14.12878
25.9681930541992	15.86649
25.9838130474091	16.7267
25.9994430541992	16.78478
26.0150730609894	16.22396
26.0306930541992	15.34665
26.0463230609894	14.47663
26.0619430541992	13.88719
26.0775730609894	13.73079
26.0931930541992	13.95973
26.1088230609894	14.39764
26.1244530677795	14.77988
26.1400730609894	14.85295
26.1557030677795	14.4782
26.1713230609894	13.66824
26.1869530677795	12.54427
26.2025730609894	11.25412
26.2182030677795	9.895197
26.2338330745697	8.425205
26.2494530677795	6.729172
26.2650830745697	4.677917
26.2807030677795	2.243614
26.2963330745697	-0.4452896
26.3119530677795	-3.152184
26.3275830745697	-5.633528
26.3432130813599	-7.734032
26.3588330745697	-9.434237
26.3744630813599	-10.85477
26.3900830745697	-12.16853
26.4057130813599	-13.56886
26.4213330745697	-15.184
26.4369630813599	-17.08016
26.45259308815	-19.24499
26.4682130813599	-21.55629
26.48384308815	-23.71156
26.4994630813599	-25.27213
26.51509308815	-25.74142
26.5307130813599	-24.68608
26.54634308815	-21.92064
26.5619730949402	-17.58806
26.57759308815	-12.12795
26.5932230949402	-6.154734
26.60884308815	-0.2608757
26.6244730949402	5.124928
26.64009308815	9.774178
26.6557230949402	13.5989
26.6713531017303	16.60379
26.6869730949402	18.80463
26.7026031017303	20.20673
26.7182230949402	20.84055
26.7338531017303	20.80872
26.7494730949402	20.32611
26.7651031017303	19.6703
26.7807331085205	19.09065
26.7963531017303	18.73977
26.8119831085205	18.59218
26.8276031017303	18.47503
26.8432331085205	18.15548
26.8588531017303	17.47079
26.8744831085205	16.40607
26.8901128768921	15.1153
26.9057331085205	13.77931
26.9213628768921	12.52033
26.9369831085205	11.31979
26.9526128768921	10.03303
26.9682331085205	8.46032
26.9838628768921	6.508431
26.9994928836823	4.250311
27.0151128768921	1.876934
27.0307428836823	-0.3707151
27.0463628768921	-2.346371
27.0619928836823	-4.05293
27.0776128768921	-5.613829
27.0932428836823	-7.211466
27.1088728904724	-8.999502
27.1244928836823	-11.06903
27.1401228904724	-13.42788
27.1557428836823	-16.05048
27.1713728904724	-18.85962
27.1869928836823	-21.72228
27.2026228904724	-24.39624
27.2182528972626	-26.50508
27.2338728904724	-27.61344
27.2495028972626	-27.32796
27.2651228904724	-25.45855
27.2807528972626	-22.11023
27.2963728904724	-17.68346
27.3120028972626	-12.75299
27.3276329040527	-7.915298
27.3432528972626	-3.647454
27.3588829040527	-0.2337751
27.3745028972626	2.195571
27.3901329040527	3.634418
27.4057528972626	4.105917
27.4213829040527	3.649805
27.4370129108429	2.335189
27.4526329040527	0.334744
27.4682629108429	-2.080274
27.4838829040527	-4.516029
27.4995129108429	-6.542252
27.5151329040527	-7.800062
27.5307629108429	-8.053044
27.5463929176331	-7.221418
27.5620129108429	-5.367062
27.5776429176331	-2.646854
27.5932629108429	0.7476978
27.6088929176331	4.609686
27.6245129108429	8.73939
27.6401429176331	12.95572
27.6557729244232	17.06985
27.6713929176331	20.8951
27.6870229244232	24.25402
27.7026429176331	26.94882
27.7182729244232	28.82236
27.7338929176331	29.81249
27.7495229244232	29.96335
27.7651529312134	29.4516
27.7807729244232	28.5239
27.7964029312134	27.33764
27.8120229244232	25.87041
27.8276529312134	23.88714
27.8432729244232	21.01326
27.8589029312134	16.91426
27.8745329380035	11.51308
27.8901529312134	5.054953
27.9057829380035	-1.883657
27.9214029312134	-8.539312
27.9370329380035	-14.1409
27.9526529312134	-18.09091
27.9682829380035	-20.05224
27.9839129447937	-20.0196
27.9995329380035	-18.25553
28.0151629447937	-15.20533
28.0307829380035	-11.41715
28.0464129447937	-7.426825
28.0620329380035	-3.692493
28.0776629447937	-0.5720577
28.0932929515839	1.714149
28.1089129447937	3.071651
28.1245429515839	3.525352
28.1401629447937	3.227745
28.1557929515839	2.461407
28.171422958374	1.562683
28.1870429515839	0.8739052
28.202672958374	0.6148033
28.2182929515839	0.8307648
28.233922958374	1.394154
28.2495429515839	2.057533
28.265172958374	2.534805
28.2808029651642	2.653107
28.296422958374	2.37756
28.3120529651642	1.781994
28.327672958374	1.013226
28.3433029651642	0.1950073
28.358922958374	-0.6635246
28.3745529651642	-1.620354
28.3901829719543	-2.811008
28.4058029651642	-4.356731
28.4214329719543	-6.31057
28.4370529651642	-8.587021
28.4526829719543	-10.97042
28.4683029651642	-13.15136
28.4839329719543	-14.84217
28.4995629787445	-15.90827
28.5151829719543	-16.41343
28.5308129787445	-16.62834
28.5464329719543	-16.94966
28.5620629787445	-17.72951
28.5776829719543	-19.16798
28.5933129787445	-21.23906
28.6089429855347	-23.64874
28.6245629787445	-25.88816
28.6401929855347	-27.36763
28.6558129787445	-27.48566
28.6714429855347	-25.83131
28.6870629787445	-22.31137
28.7026929855347	-17.22482
28.7183229923248	-11.21832
28.7339429855347	-5.107681
28.7495729923248	0.4075317
28.7651929855347	4.891853
28.7808229923248	8.240795
28.7964429855347	10.57368
28.8120729923248	12.08279
28.827702999115	12.92165
28.8433229923248	13.19155
28.858952999115	12.99745
28.8745729923248	12.53492
28.890202999115	12.08099
28.9058229923248	11.90535
28.921452999115	12.15603
28.9370830059052	12.75983
28.952702999115	13.46908
28.9683330059052	13.93774
28.983952999115	13.88616
28.9995830059052	13.2299
29.015202999115	12.1106
29.0308330059052	10.82317
29.0464630126953	9.653858
29.0620830059052	8.749855
29.0777130126953	8.038246
29.0933330059052	7.276993
29.1089630126953	6.152107
29.1245830059052	4.472282
29.1402130126953	2.234108
29.1558430194855	-0.3550987
29.1714630126953	-2.988281
29.1870930194855	-5.40052
29.2027130126953	-7.440441
29.2183430194855	-9.115059
29.2339630126953	-10.56337
29.2495930194855	-11.99903
29.2652230262756	-13.63848
29.2808430194855	-15.64004
29.2964730262756	-18.06169
29.3120930194855	-20.75505
29.3277230262756	-23.33873
29.3433430194855	-25.26272
29.3589730262756	-25.9655
29.3746030330658	-25.07761
29.3902230262756	-22.56605
29.4058530330658	-18.75117
29.4214730262756	-14.16982
29.4371030330658	-9.429947
29.4527230262756	-5.015984
29.4683530330658	-1.247196
29.483983039856	1.702381
29.4996030330658	3.746906
29.515233039856	4.84407
29.5308530330658	5.006516
29.546483039856	4.351696
29.5621030330658	3.116112
29.577733039856	1.619717
29.5933630466461	0.2204323
29.608983039856	-0.7952385
29.6246130466461	-1.248569
29.640233039856	-1.114429
29.6558630466461	-0.5059166
29.671483039856	0.3405876
29.6871130466461	1.119625
29.7027430534363	1.579613
29.7183630466461	1.593487
29.7339930534363	1.21196
29.7496130466461	0.6103325
29.7652430534363	-0.0001182556
29.7808630466461	-0.486084
29.7964930534363	-0.8537254
29.8121230602264	-1.227009
29.8277430534363	-1.77808
29.8433730602264	-2.608852
29.8589930534363	-3.709263
29.8746230602264	-4.968468
29.8902430534363	-6.24733
29.9058730602264	-7.455254
29.9215030670166	-8.56551
29.9371230602264	-9.626892
29.9527530670166	-10.70637
29.9683730602264	-11.90609
29.9840030670166	-13.3347
29.9996230602264	-15.0988
30.0152530670166	-17.23373
30.0308830738068	-19.61524
30.0465030670166	-21.8713
30.0621330738068	-23.41189
30.0777530670166	-23.56024
30.0933830738068	-21.79915
30.1090030670166	-17.97074
30.1246330738068	-12.37448
30.1402630805969	-5.6819
30.1558830738068	1.314939
30.1715130805969	7.905886
30.1871330738068	13.62065
30.2027630805969	18.2171
30.2183830738068	21.59498
30.2340130805969	23.73235
30.2496430873871	24.694
30.2652630805969	24.65351
30.2808930873871	23.92607
30.2965130805969	22.93376
30.3121430873871	22.10191
30.3277630805969	21.70859
30.3433930873871	21.82227
30.3590230941772	22.26222
30.3746430873871	22.6745
30.3902730941772	22.67575
30.4058930873871	21.95985
30.4215230941772	20.42866
30.4371531009674	18.20864
30.4527730941772	15.61548
30.4684031009674	13.02596
30.4840230941772	10.73774
30.4996531009674	8.841867
30.5152730941772	7.188854
30.5309031009674	5.487817
30.5465331077576	3.443291
30.5621531009674	0.909097
30.5777831077576	-2.034211
30.5934031009674	-5.137636
30.6090331077576	-8.083604
30.6246531009674	-10.63487
30.6402831077576	-12.69821
30.6559128761292	-14.3459
30.6715331077576	-15.75016
30.6871628761292	-17.1449
30.7027831077576	-18.74227
30.7184128761292	-20.65714
30.7340331077576	-22.86356
30.7496628761292	-25.1143
30.7652928829193	-26.93544
30.7809128761292	-27.7202
30.7965428829193	-26.89359
30.8121628761292	-24.1148
30.8277928829193	-19.46367
30.8434128761292	-13.41718
30.8590428829193	-6.717524
30.8746728897095	-0.1432009
30.8902928829193	5.717793
30.9059228897095	10.56478
30.9215428829193	14.33591
30.9371728897095	17.09503
30.9527928829193	18.91982
30.9684228897095	19.86455
30.9840528964996	20.00912
30.9996728897095	19.5485
31.0153028964996	18.78366
31.0309228897095	18.09505
31.0465528964996	17.8086
31.0621728897095	18.0676
31.0778028964996	18.75314
31.0934329032898	19.53854
31.1090528964996	20.02936
31.1246829032898	19.93301
31.1403028964996	19.18852
31.1559329032898	17.97465
31.1715528964996	16.58828
31.1871829032898	15.29017
31.20281291008	14.14011
31.2184329032898	13.00634
31.23406291008	11.63082
31.2496829032898	9.795847
31.26531291008	7.44315
31.2809329032898	4.71455
31.29656291008	1.872406
31.3121929168701	-0.8112526
31.32781291008	-3.163403
31.3434429168701	-5.134941
31.35906291008	-6.780535
31.3746929168701	-8.23373
31.39031291008	-9.66803
31.4059429168701	-11.28033
31.4215729236603	-13.24692
31.4371929168701	-15.62676
31.4528229236603	-18.29428
31.4684429168701	-20.88503
31.4840729236603	-22.84445
31.4996929168701	-23.56493
31.5153229236603	-22.59894
31.5309529304504	-19.81716
31.5465729236603	-15.45498
31.5622029304504	-10.04713
31.5778229236603	-4.234821
31.5934529304504	1.385935
31.6090729236603	6.381021
31.6247029304504	10.47995
31.6403329372406	13.5105
31.6559529304504	15.37475
31.6715829372406	16.07018
31.6872029304504	15.71842
31.7028329372406	14.62352
31.7184529304504	13.22843
31.7340829372406	11.99808
31.7497129440308	11.26
31.7653329372406	11.11885
31.7809629440308	11.44379
31.7965829372406	11.95877
31.8122129440308	12.42049
31.8278329372406	12.66415
31.8434629440308	12.65424
31.8590929508209	12.40583
31.8747129440308	11.90835
31.8903429508209	11.08714
31.9059629440308	9.845909
31.9215929508209	8.119263
31.9372129440308	5.944685
31.9528429508209	3.498068
31.9684729576111	0.9953327
31.9840929508209	-1.371151
31.9997229576111	-3.494085
32.0153429508209	-5.37117
32.0309729576111	-7.061667
32.0465929508209	-8.624894
32.0622229576111	-10.10965
32.0778529644012	-11.55915
32.0934729576111	-13.03786
32.1091029644012	-14.65792
32.1247229576111	-16.52558
32.1403529644012	-18.62702
32.1559729576111	-20.72937
32.1716029644012	-22.35973
32.1872329711914	-22.90708
32.2028529644012	-21.83726
32.2184829711914	-18.90423
32.2341029644012	-14.27816
32.2497329711914	-8.540443
32.2653529644012	-2.490357
32.2809829711914	3.094076
32.2966129779816	7.640088
32.3122329711914	10.89692
32.3278629779816	12.90111
32.3434829711914	13.86025
32.3591129779816	14.01715
32.3747329711914	13.61267
32.3903629779816	12.83801
32.4059929847717	11.89576
32.4216129779816	10.99776
32.4372429847717	10.35942
32.4528629779816	10.1237
32.4684929847717	10.29414
32.4841129779816	10.71351
32.4997429847717	11.1097
32.5153729915619	11.26049
32.5309929847717	11.03806
32.5466229915619	10.46785
32.5622429847717	9.661007
32.5778729915619	8.691606
32.5935029983521	7.557741
32.6091229915619	6.178937
32.6247529983521	4.494905
32.6403729915619	2.506445
32.6560029983521	0.3583546
32.6716229915619	-1.761086
32.6872529983521	-3.673503
32.7028830051422	-5.301738
32.7185029983521	-6.683244
32.7341330051422	-7.936042
32.7497529983521	-9.19961
32.7653830051422	-10.59928
32.7810029983521	-12.22425
32.7966330051422	-14.083
32.8122630119324	-16.08361
32.8278830051422	-17.98307
32.8435130119324	-19.37598
32.8591330051422	-19.7751
32.8747630119324	-18.73089
32.8903830051422	-15.98786
32.9060130119324	-11.64792
32.9216430187225	-6.198712
32.9372630119324	-0.3460355
32.9528930187225	5.170627
32.9685130119324	9.773209
32.9841430187225	13.15773
32.9997630119324	15.27845
33.0153930187225	16.23579
33.0310230255127	16.19468
33.0466430187225	15.32517
33.0622730255127	13.825
33.0778930187225	11.93904
33.0935230255127	9.954975
33.1091430187225	8.150473
33.1247730255127	6.718419
33.1404030323029	5.731836
33.1560230255127	5.100703
33.1716530323029	4.667731
33.1872730255127	4.207824
33.2029030323029	3.521223
33.2185230255127	2.500344
33.2341530323029	1.161244
33.249783039093	-0.3469827
33.2654030323029	-1.813629
33.281033039093	-3.101285
33.2966530323029	-4.233263
33.312283039093	-5.373629
33.3279030323029	-6.734034
33.343533039093	-8.438342
33.3591630458832	-10.42246
33.374783039093	-12.48711
33.3904130458832	-14.39902
33.406033039093	-16.04788
33.4216630458832	-17.52024
33.437283039093	-19.04975
33.4529130458832	-20.85941
33.4685430526733	-23.02048
33.4841630458832	-25.35163
33.4997930526733	-27.41138
33.5154130458832	-28.62999
33.5310430526733	-28.46253
33.5466630458832	-26.55399
33.5622930526733	-22.85975
33.5779230594635	-17.68199
33.5935430526733	-11.58855
33.6091730594635	-5.253269
33.6247930526733	0.7122304
33.6404230594635	5.918221
33.6560430526733	10.15456
33.6716730594635	13.38678
33.6873030662537	15.65101
33.7029230594635	17.00068
33.7185530662537	17.51744
33.7341730594635	17.3633
33.7498030662537	16.76389
33.7654230594635	15.99934
33.7810530662537	15.33228
33.7966830730438	14.91214
33.8123030662537	14.74118
33.8279330730438	14.72041
33.8435530662537	14.66481
33.8591830730438	14.39972
33.8748030662537	13.81297
33.8904330730438	12.86223
33.906063079834	11.55434
33.9216830730438	9.92541
33.937313079834	7.986338
33.9529330730438	5.742045
33.968563079834	3.204757
33.9841830730438	0.410058
33.999813079834	-2.529652
34.0154430866241	-5.456689
34.031063079834	-8.193027
34.0466930866241	-10.61669
34.062313079834	-12.7115
34.0779430866241	-14.5941
34.093563079834	-16.47433
34.1091930866241	-18.55148
34.1248230934143	-20.93051
34.1404430866241	-23.50441
34.1560730934143	-25.96502
34.1716930866241	-27.83694
34.1873230934143	-28.596
34.2029430866241	-27.80792
34.2185730934143	-25.26051
34.2342031002045	-21.03595
34.2498230934143	-15.51803
34.2654531002045	-9.310133
34.2810730934143	-3.04179
34.2967031002045	2.745499
34.3123230934143	7.69124
34.3279531002045	11.64426
34.3435831069946	14.56471
34.3592031002045	16.47987
34.3748331069946	17.45151
34.3904531002045	17.60397
34.4060831069946	17.15699
34.4217031002045	16.43505
34.4373331069946	15.75437
34.4529628753662	15.34812
34.4685831069946	15.2733
34.4842128753662	15.40674
34.4998331069946	15.54898
34.5154628753662	15.52389
34.5310831069946	15.25868
34.5467128753662	14.75368
34.5623428821564	14.06839
34.5779628753662	13.23424
34.5935928821564	12.2285
34.6092128753662	10.98702
34.6248428821564	9.422037
34.6404628753662	7.465221
34.6560928821564	5.125702
34.6717228889465	2.501858
34.6873428821564	-0.2339401
34.7029728889465	-2.888103
34.7185928821564	-5.329769
34.7342228889465	-7.518253
34.7498428821564	-9.530815
34.7654728889465	-11.53278
34.7811028957367	-13.70308
34.7967228889465	-16.15664
34.8123528957367	-18.88303
34.8279728889465	-21.65312
34.8436028957367	-24.03502
34.8592228889465	-25.44576
34.8748528957367	-25.33257
34.8904829025269	-23.36118
34.9061028957367	-19.55109
34.9217329025269	-14.30466
34.9373528957367	-8.273743
34.9529829025269	-2.166523
34.9686028957367	3.466625
34.9842329025269	8.303703
34.999862909317	12.23196
35.0154829025269	15.24372
35.031112909317	17.37448
35.0467329025269	18.67286
35.062362909317	19.23662
35.0779829025269	19.25138
35.093612909317	18.947
35.1092429161072	18.55857
35.124862909317	18.24618
35.1404929161072	18.08014
35.156112909317	18.01513
35.1717429161072	17.95577
35.187362909317	17.76861
35.2029929161072	17.32712
35.2186229228973	16.55027
35.2342429161072	15.41952
35.2498729228973	13.98568
35.2654929161072	12.34843
35.2811229228973	10.61136
35.2967529296875	8.779648
35.3123729228973	6.793716
35.3280029296875	4.520866
35.3436229228973	1.871925
35.3592529296875	-1.104412
35.3748729228973	-4.198467
35.3905029296875	-7.125103
35.4061329364777	-9.604763
35.4217529296875	-11.51387
35.4373829364777	-12.92779
35.4530029296875	-14.07485
35.4686329364777	-15.26786
35.4842529296875	-16.81081
35.4998829364777	-18.93492
35.5155129432678	-21.72301
35.5311329364777	-25.035
35.5467629432678	-28.45385
35.5623829364777	-31.32458
35.5780129432678	-32.91097
35.5936329364777	-32.58627
35.6092629432678	-30.08507
35.624892950058	-25.59247
35.6405129432678	-19.67086
35.656142950058	-13.06047
35.6717629432678	-6.479614
35.687392950058	-0.4466896
35.7030129432678	4.721195
35.718642950058	8.860546
35.7342729568481	11.91556
35.749892950058	13.90084
35.7655229568481	14.89856
35.781142950058	15.11855
35.7967729568481	14.83696
35.812392950058	14.3739
35.8280229568481	14.02287
35.8436529636383	13.98986
35.8592729568481	14.3521
35.8749029636383	15.06076
35.8905229568481	15.95424
35.9061529636383	16.78786
35.9217729568481	17.33794
35.9374029636383	17.44101
35.9530329704285	17.05623
35.9686529636383	16.2749
35.9842829704285	15.26099
35.9999029636383	14.16135
36.0155329704285	13.04923
36.0311529636383	11.88233
36.0467829704285	10.52563
36.0624129772186	8.86528
36.0780329704285	6.828156
36.0936629772186	4.436543
36.1092829704285	1.810894
36.1249129772186	-0.9005928
36.1405329704285	-3.56147
36.1561629772186	-6.0783
36.1717929840088	-8.429466
36.1874129772186	-10.6427
36.2030429840088	-12.75434
36.2186629772186	-14.8256
36.2342929840088	-16.91975
36.2499129772186	-19.08723
36.2655429840088	-21.3322
36.281172990799	-23.55206
36.2967929840088	-25.48392
36.312422990799	-26.70576
36.3280429840088	-26.70775
36.343672990799	-25.04185
36.3592929840088	-21.50699
36.374922990799	-16.28003
36.3905529975891	-9.902901
36.406172990799	-3.170387
36.4218029975891	3.124752
36.437422990799	8.398705
36.4530529975891	12.41487
36.468672990799	15.24631
36.4843029975891	17.15671
36.4999330043793	18.41198
36.5155529975891	19.1815
36.5311830043793	19.55326
36.5468029975891	19.5581
36.5624330043793	19.25513
36.5780529975891	18.78207
36.5936830043793	18.28962
36.6093130111694	17.91677
36.6249330043793	17.70827
36.6405630111694	17.62083
36.6561830043793	17.51917
36.6718130111694	17.24669
36.6874330043793	16.64513
36.7030630111694	15.61808
36.7186930179596	14.16062
36.7343130111694	12.36182
36.7499430179596	10.38581
36.7655630111694	8.419304
36.7811930179596	6.588249
36.7968130111694	4.897186
36.8124430179596	3.264893
36.8280730247498	1.548893
36.8436930179596	-0.3448906
36.8593230247498	-2.4039
36.8749430179596	-4.527657
36.8905730247498	-6.569183
36.9061930179596	-8.416988
36.9218230247498	-10.06356
36.9374530315399	-11.59967
36.9530730247498	-13.16723
36.9687030315399	-14.88905
36.9843230247498	-16.82734
36.9999530315399	-18.96069
37.0155730247498	-21.24118
37.0312030315399	-23.55909
37.0468330383301	-25.72359
37.0624530315399	-27.44028
37.0780830383301	-28.26905
37.0937030315399	-27.71648
37.1093330383301	-25.3639
37.1249530315399	-21.05503
37.1405830383301	-14.96909
37.1562130451202	-7.687164
37.1718330383301	0.0007171631
37.1874630451202	7.295528
37.2030830383301	13.58227
37.2187130451202	18.55161
37.2343330383301	22.16669
37.2499630451202	24.56718
37.2655930519104	25.94099
37.2812130451202	26.46118
37.2968430519104	26.27359
37.3124630451202	25.56733
37.3280930519104	24.58812
37.3437130451202	23.59604
37.3593430519104	22.79151
37.3749730587006	22.22023
37.3905930519104	21.76008
37.4062230587006	21.15458
37.4218430519104	20.16781
37.4374730587006	18.6769
37.4530930519104	16.74773
37.4687230587006	14.5816
37.4843530654907	12.40634
37.4999730587006	10.38412
37.5156030654907	8.549221
37.5312230587006	6.823418
37.5468530654907	5.095173
37.5624830722809	3.269283
37.5781030654907	1.302479
37.5937330722809	-0.7981529
37.6093530654907	-2.983341
37.6249830722809	-5.207825
37.6406030654907	-7.381725
37.6562330722809	-9.434509
37.671863079071	-11.28673
37.6874830722809	-12.86567
37.703113079071	-14.16509
37.7187330722809	-15.25587
37.734363079071	-16.28954
37.7499830722809	-17.45921
37.765613079071	-18.95944
37.7812430858612	-20.87896
37.796863079071	-23.18491
37.8124930858612	-25.65812
37.828113079071	-27.87811
37.8437430858612	-29.30032
37.859363079071	-29.36325
37.8749930858612	-27.67331
37.8906230926514	-24.11012
37.9062430858612	-18.94056
37.9218730926514	-12.72832
37.9374930858612	-6.203112
37.9531230926514	-0.04182053
37.9687430858612	5.27738
37.9843730926514	9.550533
38.0000030994415	12.76091
38.0156230926514	15.00583
38.0312530994415	16.40318
38.0468730926514	17.0509
38.0625030994415	17.0769
38.0781230926514	16.65393
38.0937530994415	16.03707
38.1093831062317	15.49637
38.1250030994415	15.23363
38.1406331062317	15.32612
38.1562530994415	15.68553
38.1718831062317	16.10923
38.1875030994415	16.36448
38.2031331062317	16.27589
38.2187628746033	15.77976
38.2343831062317	14.92168
38.2500128746033	13.8124
38.2656331062317	12.53521
38.2812628746033	11.12125
38.2968831062317	9.5473
38.3125128746033	7.762276
38.3281428813934	5.75301
38.3437628746033	3.559534
38.3593928813934	1.250359
38.3750128746033	-1.084866
38.3906428813934	-3.358452
38.4062628746033	-5.515233
38.4218928813934	-7.497009
38.4375228881836	-9.26336
38.4531428813934	-10.81826
38.4687728881836	-12.23455
38.4843928813934	-13.64541
38.5000228881836	-15.22299
38.5156428813934	-17.12164
38.5312728881836	-19.38904
38.5469028949738	-21.92967
38.5625228881836	-24.47452
38.5781528949738	-26.60367
38.5937728881836	-27.80855
38.6094028949738	-27.60031
38.6250228881836	-25.65108
38.6406528949738	-21.94361
38.6562829017639	-16.81707
38.6719028949738	-10.89001
38.6875329017639	-4.851146
38.7031528949738	0.7464824
38.7187829017639	5.59471
38.7344028949738	9.615098
38.7500329017639	12.83946
38.7656629085541	15.28827
38.7812829017639	16.92462
38.7969129085541	17.73657
38.8125329017639	17.80471
38.8281629085541	17.35712
38.8437829017639	16.72838
38.8594129085541	16.21382
38.8750429153442	15.9829
38.8906629085541	16.04969
38.9062929153442	16.27466
38.9219129085541	16.46797
38.9375429153442	16.44177
38.9531629085541	16.05775
38.9687929153442	15.2355
38.9844229221344	13.98977
39.0000429153442	12.41585
39.0156729221344	10.64628
39.0312929153442	8.806598
39.0469229221344	6.949512
39.0625429153442	5.053555
39.0781729221344	3.029358
39.0938029289246	0.7602234
39.1094229221344	-1.823582
39.1250529289246	-4.679553
39.1406729221344	-7.666923
39.1563029289246	-10.57872
39.1719229221344	-13.20143
39.1875529289246	-15.41049
39.2031829357147	-17.1745
39.2188029289246	-18.58679
39.2344329357147	-19.84322
39.2500529289246	-21.16773
39.2656829357147	-22.76847
39.2813029289246	-24.75008
39.2969329357147	-27.03407
39.3125629425049	-29.32881
39.3281829357147	-31.16589
39.3438129425049	-31.98223
39.3594329357147	-31.26455
39.3750629425049	-28.7462
39.3906829357147	-24.47915
39.4063129425049	-18.863
39.421942949295	-12.52967
39.4375629425049	-6.168676
39.453192949295	-0.3526535
39.4688129425049	4.527763
39.484442949295	8.301256
39.5000629425049	10.9978
39.515692949295	12.75389
39.5313229560852	13.78008
39.546942949295	14.28974
39.5625729560852	14.48102
39.578192949295	14.53128
39.5938229560852	14.58621
39.609442949295	14.72704
39.6250729560852	14.98099
39.6407029628754	15.32357
39.6563229560852	15.67076
39.6719529628754	15.93674
39.6875729560852	16.03978
39.7032029628754	15.91526
39.7188229560852	15.53725
39.7344529628754	14.89499
39.7500829696655	13.98537
39.7657029628754	12.82051
39.7813329696655	11.41948
39.7969529628754	9.775063
39.8125829696655	7.880634
39.8282029628754	5.719679
39.8438329696655	3.273043
39.8594629764557	0.5876942
39.8750829696655	-2.195658
39.8907129764557	-4.896101
39.9063329696655	-7.301968
39.9219629764557	-9.275543
39.9375829696655	-10.83417
39.9532129764557	-12.13879
39.9688429832458	-13.45438
39.9844629764557	-15.0624
40.0000929832458	-17.15738
40.0157129764557	-19.78628
40.0313429832458	-22.8122
40.0469629764557	-25.91032
40.0625929832458	-28.5839
40.078222990036	-30.25498
40.0938429832458	-30.36346
40.109472990036	-28.52629
40.1250929832458	-24.68709
40.140722990036	-19.18889
40.1563529968262	-12.70873
40.171972990036	-6.106844
40.1876029968262	-0.1468334
40.203222990036	4.696442
40.2188529968262	8.295822
40.234472990036	10.83273
40.2501029968262	12.57575
40.2657330036163	13.72994
40.2813529968262	14.39756
40.2969830036163	14.61813
40.3126029968262	14.44574
40.3282330036163	14.04282
40.3438529968262	13.64463
40.3594830036163	13.43011
40.3751130104065	13.48879
40.3907330036163	13.72753
40.4063630104065	13.92589
40.4219830036163	13.85273
40.4376130104065	13.37336
40.4532330036163	12.49871
40.4688630104065	11.34785
40.4844930171967	10.1035
40.5001130104065	8.85995
40.5157430171967	7.617935
40.5313630104065	6.268579
40.5469930171967	4.660331
40.5626130104065	2.690499
40.5782430171967	0.3938265
40.5938730239868	-2.094149
40.6094930171967	-4.558469
40.6251230239868	-6.790116
40.6407430171967	-8.680399
40.6563730239868	-10.23521
40.6719930171967	-11.5749
40.6876230239868	-12.88928
40.703253030777	-14.39993
40.7188730239868	-16.29729
40.734503030777	-18.69075
40.7501230239868	-21.53143
40.765753030777	-24.55111
40.7813730239868	-27.27951
40.797003030777	-29.09508
40.8126330375671	-29.40184
40.828253030777	-27.8036
40.8438830375671	-24.24771
40.859503030777	-19.04033
40.8751330375671	-12.77121
40.890753030777	-6.135951
40.9063830375671	0.2325916
40.9220130443573	5.852895
40.9376330375671	10.44564
40.9532630443573	13.89911
40.9688830375671	16.21527
40.9845130443573	17.48436
41.0001330375671	17.89903
41.0157630443573	17.69977
41.0313930511475	17.16923
41.0470130443573	16.59556
41.0626430511475	16.19159
41.0782630443573	16.05881
41.0938930511475	16.16854
41.1095130443573	16.37134
41.1251430511475	16.45882
41.1407730579376	16.256
41.1563930511475	15.67477
41.1720230579376	14.72795
41.1876430511475	13.51765
41.2032730579376	12.1516
41.2188930511475	10.68816
41.2345230579376	9.121037
41.2501530647278	7.395649
41.2657730579376	5.466012
41.2814030647278	3.31122
41.2970230579376	0.9635198
41.3126530647278	-1.497918
41.3282730579376	-3.950242
41.3439030647278	-6.276207
41.3595330715179	-8.372932
41.3751530647278	-10.19666
41.3907830715179	-11.78762
41.4064030647278	-13.26273
41.4220330715179	-14.8004
41.4376530647278	-16.60485
41.4532830715179	-18.82463
41.4689130783081	-21.48952
41.4845330715179	-24.47136
41.5001630783081	-27.40113
41.5157830715179	-29.67489
41.5314130783081	-30.59508
41.5470330715179	-29.55456
41.5626630783081	-26.2554
41.5782930850983	-20.87849
41.5939130783081	-14.05173
41.6095430850983	-6.666498
41.6251630783081	0.3974581
41.6407930850983	6.510338
41.6564130783081	11.41435
41.6720430850983	15.11475
41.6876730918884	17.74007
41.7032930850983	19.42331
41.7189230918884	20.2604
41.7345430850983	20.35291
41.7501730918884	19.88663
41.7657930850983	19.14243
41.7814230918884	18.43763
41.7970530986786	18.02604
41.8126730918884	18.01703
41.8283030986786	18.35216
41.8439230918884	18.83752
41.8595530986786	19.20595
41.8751730918884	19.19815
41.8908030986786	18.63101
41.9064331054688	17.45392
41.9220530986786	15.74876
41.9376831054688	13.70362
41.9533030986786	11.53761
41.9689331054688	9.416652
41.9845530986786	7.400265
42.0001831054688	5.428555
42.0158128738403	3.388392
42.0314331054688	1.212153
42.0470628738403	-1.090392
42.0626831054688	-3.41444
42.0783128738403	-5.630026
42.0939331054688	-7.662331
42.1095628738403	-9.528263
42.1251928806305	-11.30552
42.1408128738403	-13.10389
42.1564428806305	-15.00275
42.1720628738403	-17.04831
42.1876928806305	-19.27766
42.2033128738403	-21.73349
42.2189428806305	-24.39099
42.2345728874207	-27.09225
42.2501928806305	-29.45302
42.2658228874207	-30.87663
42.2814428806305	-30.70596
42.2970728874207	-28.45962
42.3126928806305	-24.05052
42.3283228874207	-17.87322
42.3439528942108	-10.69335
42.3595728874207	-3.410824
42.3752028942108	3.238445
42.3908228874207	8.819359
42.4064528942108	13.20543
42.422082901001	16.43959
42.4377028942108	18.60019
42.453332901001	19.73557
42.4689528942108	19.9057
42.484582901001	19.27257
42.5002028942108	18.15445
42.515832901001	16.97012
42.5314629077911	16.15234
42.547082901001	15.96234
42.5627129077911	16.4225
42.578332901001	17.30633
42.5939629077911	18.24014
42.609582901001	18.81057
42.6252129077911	18.75727
42.6408429145813	18.02138
42.6564629077911	16.74299
42.6720929145813	15.17167
42.6877129077911	13.5499
42.7033429145813	11.96779
42.7189629077911	10.35409
42.7345929145813	8.540394
42.7502229213715	6.363815
42.7658429145813	3.808704
42.7814729213715	1.024759
42.7970929145813	-1.747356
42.8127229213715	-4.294161
42.8283429145813	-6.527586
42.8439729213715	-8.496996
42.8596029281616	-10.32727
42.8752229213715	-12.11
42.8908529281616	-13.88621
42.9064729213715	-15.67724
42.9221029281616	-17.54641
42.9377229213715	-19.59431
42.9533529281616	-21.88651
42.9689829349518	-24.26897
42.9846029281616	-26.32544
43.0002329349518	-27.39363
43.0158529281616	-26.79855
43.0314829349518	-24.11997
43.0471029281616	-19.4096
43.0627329349518	-13.21848
43.0783629417419	-6.403589
43.0939829349518	0.1479244
43.1096129417419	5.78097
43.1252329349518	10.18292
43.1408629417419	13.35229
43.1564829349518	15.45222
43.1721129417419	16.65248
43.1877429485321	17.09876
43.2033629417419	16.9031
43.2189929485321	16.2109
43.2346129417419	15.23735
43.2502429485321	14.27983
43.2658629417419	13.64382
43.2814929485321	13.54212
43.2971229553223	13.98733
43.3127429485321	14.76689
43.3283729553223	15.50873
43.3439929485321	15.81752
43.3596229553223	15.45138
43.3752429485321	14.39914
43.3908729553223	12.88847
43.4065029621124	11.23581
43.4221229553223	9.685728
43.4377529621124	8.302732
43.4533729553223	6.956871
43.4690029621124	5.442041
43.4846229553223	3.626175
43.5002529621124	1.533428
43.5158829689026	-0.6919079
43.5315029621124	-2.857416
43.5471329689026	-4.843651
43.5627529621124	-6.635458
43.5783829689026	-8.289099
43.5940029621124	-9.871685
43.6096329689026	-11.42469
43.6252629756927	-12.99963
43.6408829689026	-14.68801
43.6565129756927	-16.64882
43.6721329689026	-18.99932
43.6877629756927	-21.69651
43.7033829689026	-24.40676
43.7190129756927	-26.52714
43.7346429824829	-27.33134
43.7502629756927	-26.2395
43.7658929824829	-23.04897
43.7815129756927	-18.0172
43.7971429824829	-11.77531
43.8127629756927	-5.112755
43.8283929824829	1.245937
43.8440229892731	6.778378
43.8596429824829	11.18516
43.8752729892731	14.32774
43.8908929824829	16.20702
43.9065229892731	16.90653
43.9221429824829	16.62092
43.9377729892731	15.65898
43.9534029960632	14.41428
43.9690229892731	13.27547
43.9846529960632	12.56172
44.0002729892731	12.45215
44.0159029960632	12.92606
44.0315229892731	13.78269
44.0471529960632	14.66707
44.0627830028534	15.19972
44.0784029960632	15.09269
44.0940330028534	14.27884
44.1096529960632	12.94362
44.1252830028534	11.43548
44.1409029960632	10.11684
44.1565330028534	9.156628
44.1721630096436	8.460401
44.1877830028534	7.695454
44.2034130096436	6.502125
44.2190330028534	4.660255
44.2346630096436	2.220718
44.2502830028534	-0.527256
44.2659130096436	-3.208212
44.2815430164337	-5.521278
44.2971630096436	-7.371897
44.3127930164337	-8.84768
44.3284130096436	-10.1685
44.3440430164337	-11.54457
44.3596630096436	-13.13161
44.3752930164337	-14.99538
44.3909230232239	-17.11478
44.4065430164337	-19.36959
44.4221730232239	-21.49192
44.4377930164337	-23.06355
44.4534230232239	-23.54978
44.4690430164337	-22.48137
44.4846730232239	-19.60187
44.500303030014	-15.05309
44.5159230232239	-9.341951
44.531553030014	-3.225215
44.5471730232239	2.518823
44.562803030014	7.318337
44.5784330368042	10.87855
44.594053030014	13.15738
44.6096830368042	14.26195
44.625303030014	14.35019
44.6409330368042	13.5987
44.656553030014	12.23673
44.6721830368042	10.5675
44.6878130435944	8.936317
44.7034330368042	7.668961
44.7190630435944	6.965673
44.7346830368042	6.865073
44.7503130435944	7.23476
44.7659330368042	7.823194
44.7815630435944	8.3207
44.7971930503845	8.493484
44.8128130435944	8.210442
44.8284430503845	7.484142
44.8440630435944	6.433912
44.8596930503845	5.187688
44.8753130435944	3.818986
44.8909430503845	2.290437
44.9065730571747	0.4883003
44.9221930503845	-1.686537
44.9378230571747	-4.20195
44.9534430503845	-6.875857
44.9690730571747	-9.419724
44.9846930503845	-11.53951
45.0003230571747	-13.10818
45.0159530639648	-14.18917
45.0315730571747	-15.03696
45.0472030639648	-15.99202
45.0628230571747	-17.35325
45.0784530639648	-19.24488
45.0940730571747	-21.55013
45.1097030639648	-23.89157
45.125333070755	-25.67773
45.1409530639648	-26.29026
45.156583070755	-25.23244
45.1722030639648	-22.32234
45.187833070755	-17.73369
45.2034530639648	-11.97008
45.219083070755	-5.693798
45.2347130775452	0.4268491
45.250333070755	5.879909
45.2659630775452	10.36728
45.281583070755	13.75339
45.2972130775452	16.02448
45.312833070755	17.20207
45.3284630775452	17.336
45.3440930843353	16.56343
45.3597130775452	15.15491
45.3753430843353	13.51546
45.3909630775452	12.11863
45.4065930843353	11.35345
45.4222130775452	11.38712
45.4378430843353	12.07427
45.4534730911255	13.00598
45.4690930843353	13.68801
45.4847230911255	13.74487
45.5003430843353	13.05575
45.5159730911255	11.75848
45.5315930843353	10.13121
45.5472230911255	8.405556
45.5628530979156	6.676683
45.5784730911255	4.886868
45.5941030979156	2.917277
45.6097230911255	0.6881247
45.6253530979156	-1.748037
45.6409730911255	-4.234962
45.6566030979156	-6.569699
45.6722331047058	-8.613047
45.6878530979156	-10.32981
45.7034831047058	-11.81166
45.7191030979156	-13.21013
45.7347331047058	-14.6848
45.7503530979156	-16.37329
45.7659831047058	-18.35024
45.781613111496	-20.60149
45.7972331047058	-22.9884
45.812863111496	-25.18519
45.8284831047058	-26.70315
45.844113111496	-26.97897
45.8597331047058	-25.54408
45.875363111496	-22.22588
45.8909928798676	-17.2368
45.906613111496	-11.13271
45.9222428798676	-4.635084
45.937863111496	1.590019
45.9534928798676	7.094758
45.969113111496	11.66304
45.9847428798676	15.25396
46.0003728866577	17.88889
46.0159928798676	19.57397
46.0316228866577	20.31134
46.0472428798676	20.17157
46.0628728866577	19.34438
46.0784928798676	18.16534
46.0941228866577	17.02146
46.1097528934479	16.24865
46.1253728866577	16.00097
46.1410028934479	16.19402
46.1566228866577	16.55748
46.1722528934479	16.75352
46.1878728866577	16.52662
46.2035028934479	15.77241
46.219132900238	14.55094
46.2347528934479	13.01358
46.250382900238	11.30358
46.2660028934479	9.518389
46.281632900238	7.69611
46.2972528934479	5.834703
46.312882900238	3.915977
46.3285129070282	1.893528
46.344132900238	-0.2707644
46.3597629070282	-2.599344
46.375382900238	-5.030579
46.3910129070282	-7.453831
46.406632900238	-9.71466
46.4222629070282	-11.73713
46.4378929138184	-13.55226
46.4535129070282	-15.32012
46.4691429138184	-17.25382
46.4847629070282	-19.52383
46.5003929138184	-22.13509
46.5160129070282	-24.88104
46.5316429138184	-27.35109
46.5472729206085	-28.98823
46.5628929138184	-29.24079
46.5785229206085	-27.6731
46.5941429138184	-24.13454
46.6097729206085	-18.83549
46.6253929138184	-12.33545
46.6410229206085	-5.433848
46.6566529273987	1.064679
46.6722729206085	6.547812
46.6879029273987	10.73976
46.7035229206085	13.68995
46.7191529273987	15.65137
46.7347729206085	16.91247
46.7504029273987	17.66858
46.7660329341888	18.0176
46.7816529273987	17.9963
46.7972829341888	17.67637
46.8129029273987	17.19336
46.8285329341888	16.73302
46.8441529273987	16.43651
46.8597829341888	16.33613
46.875412940979	16.34395
46.8910329341888	16.28184
46.906662940979	15.97773
46.9222829341888	15.3187
46.937912940979	14.31209
46.9535329341888	13.02954
46.969162940979	11.59441
46.9847929477692	10.10311
47.000412940979	8.630031
47.0160429477692	7.158357
47.031662940979	5.61927
47.0472929477692	3.92588
47.062912940979	2.002359
47.0785429477692	-0.1401262
47.0941729545593	-2.4
47.1097929477692	-4.619561
47.1254229545593	-6.654757
47.1410429477692	-8.420462
47.1566729545593	-9.971808
47.1722929477692	-11.43589
47.1879229545593	-12.99899
47.2035529613495	-14.82007
47.2191729545593	-16.99203
47.2348029613495	-19.50079
47.2504229545593	-22.22856
47.2660529613495	-24.91304
47.2816829681396	-27.14265
47.2973029613495	-28.39496
47.3129329681396	-28.14857
47.3285529613495	-26.03602
47.3441829681396	-22.00842
47.3598029613495	-16.3985
47.3754329681396	-9.846764
47.3910629749298	-3.108354
47.4066829681396	3.153617
47.4223129749298	8.52963
47.4379329681396	12.89571
47.4535629749298	16.29464
47.4691829681396	18.82943
47.4848129749298	20.55684
47.50044298172	21.48619
47.5160629749298	21.63151
47.53169298172	21.09839
47.5473129749298	20.10754
47.56294298172	18.96432
47.5785629749298	17.9687
47.59419298172	17.30864
47.6098229885101	17.01052
47.62544298172	16.93064
47.6410729885101	16.83671
47.65669298172	16.47913
47.6723229885101	15.73107
47.68794298172	14.57446
47.7035729885101	13.11882
47.7192029953003	11.49165
47.7348229885101	9.778806
47.7504529953003	7.952053
47.7660729885101	5.924142
47.7817029953003	3.58194
47.7973229885101	0.8977146
47.8129529953003	-2.015067
47.8285830020905	-4.920297
47.8442029953003	-7.537664
47.8598330020905	-9.673183
47.8754529953003	-11.28091
47.8910830020905	-12.4898
47.9067029953003	-13.53933
47.9223330020905	-14.70267
47.9379630088806	-16.1822
47.9535830020905	-18.06051
47.9692130088806	-20.31961
47.9848330020905	-22.82256
48.0004630088806	-25.35506
48.0160830020905	-27.60641
48.0317130088806	-29.15962
48.0473430156708	-29.53811
48.0629630088806	-28.31998
48.0785930156708	-25.2882
48.0942130088806	-20.56959
48.1098430156708	-14.66827
48.1254630088806	-8.321204
48.1410930156708	-2.276198
48.1567230224609	2.915944
48.1723430156708	7.055744
48.1879730224609	10.20972
48.2035930156708	12.58403
48.2192230224609	14.34174
48.2348430156708	15.53754
48.2504730224609	16.1521
48.2661030292511	16.20008
48.2817230224609	15.80699
48.2973530292511	15.19817
48.3129730224609	14.62875
48.3286030292511	14.29071
48.3442230224609	14.23873
48.3598530292511	14.38739
48.3754830360413	14.58964
48.3911030292511	14.66405
48.4067330360413	14.47591
48.4223530292511	13.94347
48.4379830360413	13.04467
48.4536030292511	11.81051
48.4692330360413	10.30406
48.4848630428314	8.600004
48.5004830360413	6.754532
48.5161130428314	4.792582
48.5317330360413	2.730265
48.5473630428314	0.5906603
48.5629830360413	-1.582564
48.5786130428314	-3.708369
48.5942430496216	-5.689852
48.6098630428314	-7.44332
48.6254930496216	-8.92191
48.6411130428314	-10.16368
48.6567430496216	-11.27878
48.6723630428314	-12.43931
48.6879930496216	-13.81795
48.7036230564117	-15.56196
48.7192430496216	-17.71864
48.7348730564117	-20.19761
48.7504930496216	-22.72067
48.7661230564117	-24.79958
48.7817430496216	-25.83764
48.7973730564117	-25.26604
48.8130030632019	-22.75565
48.8286230564117	-18.34866
48.8442530632019	-12.52259
48.8598730564117	-6.013794
48.8755030632019	0.3666832
48.8911230564117	5.995778
48.9067530632019	10.55101
48.9223830699921	14.00904
48.9380030632019	16.51182
48.9536330699921	18.22429
48.9692530632019	19.2294
48.9848830699921	19.53176
49.0005030632019	19.18087
49.0161330699921	18.33874
49.0317630767822	17.29799
49.0473830699921	16.36924
49.0630130767822	15.77487
49.0786330699921	15.52315
49.0942630767822	15.42531
49.1098830699921	15.18292
49.1255130767822	14.55683
49.1411430835724	13.47888
49.1567630767822	12.05474
49.1723930835724	10.48341
49.1880130767822	8.924662
49.2036430835724	7.401947
49.2192630767822	5.81256
49.2348930835724	4.003279
49.2505230903625	1.851294
49.2661430835724	-0.6257687
49.2817730903625	-3.311312
49.2973930835724	-5.994844
49.3130230903625	-8.469578
49.3286430835724	-10.55459
49.3442730903625	-12.18155
49.3599030971527	-13.38718
49.3755230903625	-14.31508
49.3911530971527	-15.19589
49.4067730903625	-16.27583
49.4224030971527	-17.77492
49.4380331039429	-19.79539
49.4536530971527	-22.26653
49.4692831039429	-24.87029
49.4849030971527	-27.07019
49.5005331039429	-28.19636
49.5161530971527	-27.60919
49.5317831039429	-24.93387
49.547413110733	-20.22664
49.5630331039429	-14.00269
49.578663110733	-7.107548
49.5942831039429	-0.4433651
49.609913110733	5.294474
49.6255331039429	9.792962
49.641163110733	13.10714
49.6567928791046	15.50736
49.672413110733	17.24241
49.6880428791046	18.43629
49.703663110733	19.05174
49.7192928791046	19.02461
49.734913110733	18.42372
49.7505428791046	17.50443
49.7661728858948	16.65602
49.7817928791046	16.21699
49.7974228858948	16.30116
49.8130428791046	16.72937
49.8286728858948	17.13774
49.8442928791046	17.15378
49.8599228858948	16.56486
49.8755528926849	15.41208
49.8911728858948	13.91248
49.9068028926849	12.32324
49.9224228858948	10.79623
49.9380528926849	9.319632
49.9536728858948	7.741281
49.9693028926849	5.89999
49.9849328994751	3.73072
50.0005528926849	1.290276
50.0161828994751	-1.237775
50.0318028926849	-3.630867
50.0474328994751	-5.714027
50.0630528926849	-7.423831
50.0786828994751	-8.816635
50.0943129062653	-10.06831
50.1099328994751	-11.38583
50.1255629062653	-12.93941
50.1411828994751	-14.83369
50.1568129062653	-17.07476
50.1724328994751	-19.59516
50.1880629062653	-22.21666
50.2036929130554	-24.63682
50.2193129062653	-26.40471
50.2349429130554	-27.01591
50.2505629062653	-26.02674
50.2661929130554	-23.22111
50.2818129062653	-18.73497
50.2974429130554	-13.05346
50.3130729198456	-6.892795
50.3286929130554	-0.9793167
50.3443229198456	4.1615
50.3599429130554	8.313133
50.3755729198456	11.51687
50.3911929130554	13.91849
50.4068229198456	15.62912
50.4224529266357	16.67507
50.4380729198456	17.03436
50.4537029266357	16.74216
50.4693229198456	15.95358
50.4849529266357	14.96688
50.5005729198456	14.12629
50.5162029266357	13.70245
50.5318329334259	13.7943
50.5474529266357	14.27444
50.5630829334259	14.85288
50.5787029266357	15.19517
50.5943329334259	15.0521
50.6099529266357	14.31383
50.6255829334259	13.05468
50.6412129402161	11.45631
50.6568329334259	9.737108
50.6724629402161	8.048277
50.6880829334259	6.452957
50.7037129402161	4.892303
50.7193329334259	3.249046
50.7349629402161	1.423185
50.7505929470062	-0.616436
50.7662129402161	-2.796223
50.7818429470062	-4.991898
50.7974629402161	-7.071905
50.8130929470062	-8.976267
50.8287129402161	-10.72721
50.8443429470062	-12.41303
50.8599729537964	-14.1397
50.8755929470062	-15.9583
50.8912229537964	-17.87288
50.9068429470062	-19.86379
50.9224729537964	-21.90735
50.9380929470062	-23.97024
50.9537229537964	-25.89355
50.9693529605865	-27.33984
50.9849729537964	-27.78153
51.0006029605865	-26.66609
51.0162229537964	-23.65987
51.0318529605865	-18.83183
51.0474729537964	-12.72447
51.0631029605865	-6.15766
51.0787329673767	0.06355476
51.0943529605865	5.394924
51.1099829673767	9.649038
51.1256029605865	12.89713
51.1412329673767	15.27382
51.1568529605865	16.83712
51.1724829673767	17.57194
51.1881129741669	17.48908
51.2037329673767	16.73912
51.2193629741669	15.6482
51.2349829673767	14.63609
51.2506129741669	14.0591
51.2662329673767	14.07196
51.2818629741669	14.57302
51.297492980957	15.27729
51.3131129741669	15.84199
51.328742980957	16.0018
51.3443629741669	15.62869
51.359992980957	14.74508
51.3756129741669	13.4598
51.391242980957	11.92324
51.4068729877472	10.24382
51.422492980957	8.501526
51.4381229877472	6.72937
51.453742980957	4.925087
51.4693729877472	3.06654
51.484992980957	1.110199
51.5006229877472	-0.9824257
51.5162529945374	-3.214252
51.5318729877472	-5.531643
51.5475029945374	-7.829025
51.5631229877472	-9.980289
51.5787529945374	-11.88665
51.5943729877472	-13.56105
51.6100029945374	-15.10243
51.6256330013275	-16.69772
51.6412529945374	-18.5364
51.6568830013275	-20.74211
51.6725029945374	-23.28457
51.6881330013275	-25.92866
51.7037630081177	-28.23625
51.7193830013275	-29.63249
51.7350130081177	-29.55308
51.7506330013275	-27.57323
51.7662630081177	-23.60841
51.7818830013275	-17.97317
51.7975130081177	-11.33957
51.8131430149078	-4.570225
51.8287630081177	1.538864
51.8443930149078	6.459614
51.8600130081177	10.01923
51.8756430149078	12.3442
51.8912630081177	13.748
51.9068930149078	14.53548
51.922523021698	14.91838
51.9381430149078	15.0108
51.953773021698	14.89522
51.9693930149078	14.65797
51.985023021698	14.42806
52.0006430149078	14.32417
52.016273021698	14.38757
52.0319030284882	14.56332
52.047523021698	14.70351
52.0631530284882	14.66398
52.078773021698	14.34166
52.0944030284882	13.69329
52.110023021698	12.7397
52.1256530284882	11.56031
52.1412830352783	10.25037
52.1569030284882	8.902786
52.1725330352783	7.551071
52.1881530284882	6.142696
52.2037830352783	4.569317
52.2194030284882	2.709465
52.2350330352783	0.5226021
52.2506630420685	-1.894371
52.2662830352783	-4.297203
52.2819130420685	-6.429195
52.2975330352783	-8.124508
52.3131630420685	-9.387508
52.3287830352783	-10.39849
52.3444130420685	-11.39955
52.3600430488586	-12.62009
52.3756630420685	-14.17774
52.3912930488586	-16.10419
52.4069130420685	-18.35207
52.4225430488586	-20.82589
52.4381630420685	-23.33062
52.4537930488586	-25.50035
52.4694230556488	-26.84771
52.4850430488586	-26.82723
52.5006730556488	-25.04042
52.5162930488586	-21.38561
52.5319230556488	-16.1577
52.5475430488586	-9.964012
52.5631730556488	-3.560722
52.578803062439	2.358849
52.5944230556488	7.34621
52.610053062439	11.21287
52.6256730556488	13.98603
52.641303062439	15.75397
52.6569230556488	16.60931
52.672553062439	16.60773
52.6881830692291	15.86958
52.703803062439	14.66405
52.7194330692291	13.39487
52.735053062439	12.51032
52.7506830692291	12.30543
52.766303062439	12.80093
52.7819330692291	13.6949
52.7975630760193	14.51041
52.8131830692291	14.80274
52.8288130760193	14.34459
52.8444330692291	13.20725
52.8600630760193	11.64638
52.8756830692291	9.961353
52.8913130760193	8.33617
52.9069430828094	6.81739
52.9225630760193	5.295914
52.9381930828094	3.642487
52.9538130760193	1.781269
52.9694430828094	-0.3048019
52.9850630760193	-2.525711
53.0006930828094	-4.763592
53.0163230895996	-6.879154
53.0319430828094	-8.784088
53.0475730895996	-10.42728
53.0631930828094	-11.86082
53.0788230895996	-13.20011
53.0944430828094	-14.60083
53.1100730895996	-16.23055
53.1257030963898	-18.17707
53.1413230895996	-20.45324
53.1569530963898	-22.90078
53.1725730895996	-25.21663
53.1882030963898	-26.93465
53.2038230895996	-27.52346
53.2194530963898	-26.50252
53.2350831031799	-23.62888
53.2507030963898	-18.98162
53.2663331031799	-12.98324
53.2819530963898	-6.316113
53.2975831031799	0.2841835
53.3132030963898	6.174236
53.3288331031799	10.93075
53.3444631099701	14.35514
53.3600831031799	16.4643
53.3757131099701	17.40522
53.3913331031799	17.40496
53.4069631099701	16.76558
53.4225831031799	15.79072
53.4382131099701	14.76229
53.4538428783417	13.91354
53.4694631099701	13.39219
53.4850928783417	13.24897
53.5007131099701	13.42423
53.5163428783417	13.75893
53.5319631099701	14.02778
53.5475928783417	14.01563
53.5632228851318	13.60629
53.5788428783417	12.78993
53.5944728851318	11.66122
53.6100928783417	10.30923
53.6257228851318	8.781483
53.6413428783417	7.031704
53.6569728851318	4.979168
53.672602891922	2.576382
53.6882228851318	-0.1002045
53.703852891922	-2.865978
53.7194728851318	-5.491096
53.735102891922	-7.780785
53.7507228851318	-9.663609
53.766352891922	-11.1938
53.7819828987122	-12.52122
53.797602891922	-13.81792
53.8132328987122	-15.22864
53.828852891922	-16.83222
53.8444828987122	-18.67715
53.860102891922	-20.73043
53.8757328987122	-22.83718
53.8913629055023	-24.68589
53.9069828987122	-25.79192
53.9226129055023	-25.57802
53.9382328987122	-23.564
53.9538629055023	-19.55621
53.9694828987122	-13.79296
53.9851129055023	-6.935818
54.0007429122925	0.1281166
54.0163629055023	6.554192
54.0319929122925	11.78897
54.0476129055023	15.63294
54.0632429122925	18.1987
54.0788629055023	19.69578
54.0944929122925	20.32535
54.1101229190826	20.216
54.1257429122925	19.46721
54.1413729190826	18.25053
54.1569929122925	16.83471
54.1726229190826	15.54723
54.1882429122925	14.62813
54.2038729190826	14.16006
54.2195029258728	14.0013
54.2351229190826	13.87907
54.2507529258728	13.5266
54.2663729190826	12.77691
54.2820029258728	11.6509
54.297632932663	10.27043
54.3132529258728	8.794937
54.328882932663	7.288288
54.3445029258728	5.713921
54.360132932663	3.92683
54.3757529258728	1.788101
54.391382932663	-0.7687607
54.4070129394531	-3.674858
54.422632932663	-6.729427
54.4382629394531	-9.705463
54.453882932663	-12.39701
54.4695129394531	-14.72043
54.485132932663	-16.70078
54.5007629394531	-18.47857
54.5163929462433	-20.24242
54.5320129394531	-22.21247
54.5476429462433	-24.57754
54.5632629394531	-27.38145
54.5788929462433	-30.46708
54.5945129394531	-33.38391
54.6101429462433	-35.45118
54.6257729530334	-35.90328
54.6413929462433	-34.16457
54.6570229530334	-30.04601
54.6726429462433	-23.88279
54.6882729530334	-16.43128
54.7038929462433	-8.615555
54.7195229530334	-1.289402
54.7351529598236	4.978888
54.7507729530334	9.922501
54.7664029598236	13.50684
54.7820229530334	15.80287
54.7976529598236	16.95411
54.8132729530334	17.18782
54.8289029598236	16.81441
54.8445329666138	16.23015
54.8601529598236	15.82891
54.8757829666138	15.88824
54.8914029598236	16.46451
54.9070329666138	17.4192
54.9226529598236	18.48637
54.9382829666138	19.3827
54.9539129734039	19.91983
54.9695329666138	20.01855
54.9851629734039	19.70661
55.0007829666138	19.06034
55.0164129734039	18.20973
55.0320329666138	17.27329
55.0476629734039	16.32342
55.0632929801941	15.35872
55.0789129734039	14.29923
55.0945429801941	13.02891
55.1101629734039	11.47607
55.1257929801941	9.664919
55.1414129734039	7.684039
55.1570429801941	5.655753
55.1726729869843	3.599504
55.1882929801941	1.432071
55.2039229869843	-1.015575
55.2195429801941	-3.93008
55.2351729869843	-7.399311
55.2507929801941	-11.36542
55.2664229869843	-15.60225
55.2820529937744	-19.72379
55.2976729869843	-23.19328
55.3133029937744	-25.40898
55.3289229869843	-25.82027
55.3445529937744	-24.11945
55.3601729869843	-20.38472
55.3758029937744	-15.10664
55.3914330005646	-9.079766
55.4070529937744	-3.138307
55.4226830005646	2.058833
55.4383029937744	6.190235
55.4539330005646	9.206105
55.4695529937744	11.22241
55.4851830005646	12.37791
55.5008130073547	12.77339
55.5164330005646	12.50737
55.5320630073547	11.74158
55.5476830005646	10.72772
55.5633130073547	9.759261
55.5789330005646	9.084451
55.5945630073547	8.795631
55.6101930141449	8.837
55.6258130073547	9.024317
55.6414430141449	9.14924
55.6570630073547	9.078064
55.6726930141449	8.756487
55.6883130073547	8.206205
55.7039430141449	7.446192
55.7195730209351	6.488497
55.7351930141449	5.322243
55.7508230209351	3.952406
55.7664430141449	2.406109
55.7820730209351	0.7253418
55.7976930141449	-1.03787
55.8133230209351	-2.857138
55.8289530277252	-4.709314
55.8445730209351	-6.578196
55.8602030277252	-8.450626
55.8758230209351	-10.27825
55.8914530277252	-12.0719
55.9070730209351	-13.85395
55.9227030277252	-15.71014
55.9383330345154	-17.71791
55.9539530277252	-19.87425
55.9695830345154	-22.00015
55.9852030277252	-23.73042
56.0008330345154	-24.55162
56.0164530277252	-23.9087
56.0320830345154	-21.44824
56.0477130413055	-17.1299
56.0633330345154	-11.35188
56.0789630413055	-4.85095
56.0945830345154	1.52223
56.1102130413055	7.063541
56.1258330345154	11.38438
56.1414630413055	14.40757
56.1570930480957	16.24743
56.1727130413055	17.05409
56.1883430480957	16.95587
56.2039630413055	16.07028
56.2195930480957	14.60221
56.2352130413055	12.86306
56.2508430480957	11.21541
56.2664730548859	9.95773
56.2820930480957	9.210574
56.2977230548859	8.880727
56.3133430480957	8.736293
56.3289730548859	8.535022
56.3445930480957	8.120454
56.3602230548859	7.42774
56.375853061676	6.472549
56.3914730548859	5.271995
56.407103061676	3.838413
56.4227230548859	2.162805
56.438353061676	0.2312765
56.4539730548859	-1.93064
56.469603061676	-4.255849
56.4852330684662	-6.621709
56.500853061676	-8.894152
56.5164830684662	-10.92874
56.532103061676	-12.63737
56.5477330684662	-13.98661
56.5633630752563	-15.02081
56.5789830684662	-15.86706
56.5946130752563	-16.71522
56.6102330684662	-17.78602
56.6258630752563	-19.2446
56.6414830684662	-21.0704
56.6571130752563	-22.9735
56.6727430820465	-24.39585
56.6883630752563	-24.66066
56.7039930820465	-23.18802
56.7196130752563	-19.75742
56.7352430820465	-14.57574
56.7508630752563	-8.230881
56.7664930820465	-1.480691
56.7821230888367	4.998775
56.7977430820465	10.72209
56.8133730888367	15.41566
56.8289930820465	18.94326
56.8446230888367	21.24498
56.8602430820465	22.31354
56.8758730888367	22.27501
56.8915030956268	21.39353
56.9071230888367	20.08956
56.9227530956268	18.8384
56.9383730888367	18.04345
56.9540030956268	17.89178
56.9696230888367	18.31544
56.9852530956268	18.99897
57.000883102417	19.49341
57.0165030956268	19.40973
57.032133102417	18.54552
57.0477530956268	16.96115
57.063383102417	14.93465
57.0790030956268	12.8176
57.094633102417	10.83324
57.1102631092072	9.015296
57.125883102417	7.194427
57.1415131092072	5.114265
57.157133102417	2.626857
57.1727631092072	-0.2275245
57.188383102417	-3.234214
57.2040131092072	-6.087482
57.2196428775787	-8.553727
57.2352631092072	-10.58284
57.2508928775787	-12.28704
57.2665131092072	-13.88717
57.2821428775787	-15.59232
57.2977631092072	-17.53913
57.3133928775787	-19.77414
57.3290228843689	-22.21965
57.3446428775787	-24.64245
57.3602728843689	-26.68028
57.3758928775787	-27.83001
57.3915228843689	-27.54496
57.4071428775787	-25.40258
57.4227728843689	-21.26318
57.4384028911591	-15.36981
57.4540228843689	-8.358273
57.4696528911591	-1.094623
57.4852728843689	5.591825
57.5009028911591	11.06495
57.5165228843689	15.00051
57.5321528911591	17.35925
57.5477828979492	18.29118
57.5634028911591	18.0357
57.5790328979492	16.92749
57.5946528911591	15.3327
57.6102828979492	13.66724
57.6259028911591	12.33756
57.6415328979492	11.63397
57.6571629047394	11.65393
57.6727828979492	12.24282
57.6884129047394	13.06264
57.7040328979492	13.72289
57.7196629047394	13.97108
57.7352828979492	13.74204
57.7509129047394	13.14343
57.7665429115295	12.35041
57.7821629047394	11.44864
57.7977929115295	10.4006
57.8134129047394	9.066299
57.8290429115295	7.325572
57.8446629047394	5.139124
57.8602929115295	2.622558
57.8759229183197	-0.03123064
57.8915429115295	-2.606709
57.9071729183197	-4.936073
57.9227929115295	-6.932486
57.9384229183197	-8.592299
57.9540429115295	-9.999449
57.9696729183197	-11.31834
57.9853029251099	-12.79007
58.0009229183197	-14.62608
58.0165529251099	-16.92195
58.0321729183197	-19.50366
58.0478029251099	-21.90532
58.0634229183197	-23.45875
58.0790529251099	-23.48781
58.0946829319	-21.57065
58.1103029251099	-17.67923
58.1259329319	-12.24431
58.1415529251099	-5.983898
58.1571829319	0.2670779
58.1728029251099	5.806481
58.1884329319	10.16344
58.2040629386902	13.1399
58.2196829319	14.75868
58.2353129386902	15.19159
58.2509329319	14.6887
58.2665629386902	13.57209
58.2821829319	12.19444
58.2978129386902	10.88906
58.3134429454803	9.925277
58.3290629386902	9.450655
58.3446929454803	9.455912
58.3603129386902	9.794996
58.3759429454803	10.26883
58.3915629386902	10.66809
58.4071929454803	10.83232
58.4228229522705	10.66413
58.4384429454803	10.10647
58.4540729522705	9.112486
58.4696929454803	7.659304
58.4853229522705	5.753278
58.5009429454803	3.470827
58.5165729522705	0.9475789
58.5322029590607	-1.637518
58.5478229522705	-4.103351
58.5634529590607	-6.302629
58.5790729522705	-8.153162
58.5947029590607	-9.675409
58.6103229522705	-10.99846
58.6259529590607	-12.33605
58.6415829658508	-13.93767
58.6572029590607	-16.01859
58.6728329658508	-18.61597
58.6884529590607	-21.51008
58.7040829658508	-24.19644
58.7197029590607	-25.99362
58.7353329658508	-26.25128
58.750962972641	-24.58003
58.7665829658508	-20.97747
58.782212972641	-15.86476
58.7978329658508	-9.947155
58.813462972641	-3.996156
58.8290829658508	1.347806
58.844712972641	5.689733
58.8603429794312	8.867263
58.875962972641	10.90234
58.8915929794312	11.90819
58.907212972641	12.05354
58.9228429794312	11.54053
58.938462972641	10.62701
58.9540929794312	9.605614
58.9697229862213	8.726187
58.9853429794312	8.167149
59.0009729862213	7.978277
59.0165929794312	8.077316
59.0322229862213	8.28871
59.0478429794312	8.426576
59.0634729862213	8.318212
59.0791029930115	7.884747
59.0947229862213	7.152522
59.1103529930115	6.179698
59.1259729862213	5.059064
59.1416029930115	3.841741
59.1572329998016	2.492946
59.1728529930115	0.9278081
59.1884829998016	-0.9294113
59.2041029930115	-3.078528
59.2197329998016	-5.37115
59.2353529930115	-7.546763
59.2509829998016	-9.366739
59.2666130065918	-10.7066
59.2822329998016	-11.66002
59.2978630065918	-12.50464
59.3134829998016	-13.59642
59.3291130065918	-15.22529
59.3447329998016	-17.50871
59.3603630065918	-20.31456
59.375993013382	-23.24336
59.3916130065918	-25.72906
59.407243013382	-27.11125
59.4228630065918	-26.81732
59.438493013382	-24.5243
59.4541130065918	-20.26299
59.469743013382	-14.45794
59.4853730201721	-7.817987
59.500993013382	-1.139329
59.5166230201721	4.897835
59.532243013382	9.831878
59.5478730201721	13.47542
59.563493013382	15.84424
59.5791230201721	17.06434
59.5947530269623	17.35706
59.6103730201721	16.99878
59.6260030269623	16.30807
59.6416230201721	15.60901
59.6572530269623	15.13546
59.6728730201721	14.95364
59.6885030269623	14.97762
59.7041330337524	15.01202
59.7197530269623	14.84047
59.7353830337524	14.34252
59.7510030269623	13.51315
59.7666330337524	12.44267
59.7822530269623	11.25035
59.7978830337524	9.998228
59.8135130405426	8.645063
59.8291330337524	7.102453
59.8447630405426	5.262945
59.8603830337524	3.07373
59.8760130405426	0.5852413
59.8916330337524	-2.06959
59.9072630405426	-4.731049
59.9228930473328	-7.247305
59.9385130405426	-9.515768
59.9541430473328	-11.51624
59.9697630405426	-13.28935
59.9853930473328	-14.94249
60.0010130405426	-16.62628
60.0166430473328	-18.49097
60.0322730541229	-20.60669
60.0478930473328	-22.92196
60.0635230541229	-25.1615
60.0791430473328	-26.84774
60.0947730541229	-27.39637
60.1103930473328	-26.26649
60.1260230541229	-23.18155
60.1416530609131	-18.25573
60.1572730541229	-12.00278
60.1729030609131	-5.160755
60.1885230541229	1.495815
60.2041530609131	7.413242
60.2197730541229	12.30162
60.2354030609131	16.10992
60.2510330677032	18.87852
60.2666530609131	20.65545
60.2822830677032	21.46171
60.2979030609131	21.37728
60.3135330677032	20.64547
60.3291530609131	19.65864
60.3447830677032	18.88089
60.3604130744934	18.66391
60.3760330677032	19.09538
60.3916630744934	19.97881
60.4072830677032	20.9145
60.4229130744934	21.48267
60.4385330677032	21.42703
60.4541630744934	20.69149
60.4697930812836	19.41702
60.4854130744934	17.81944
60.5010430812836	16.0499
60.5166630744934	14.14643
60.5322930812836	12.03065
60.5479130744934	9.571075
60.5635430812836	6.705528
60.5791730880737	3.488956
60.5947930812836	0.0950737
60.6104230880737	-3.213165
60.6260430812836	-6.220451
60.6416730880737	-8.800301
60.6572930812836	-10.98019
60.6729230880737	-12.89
60.6885530948639	-14.7246
60.7041730880737	-16.65544
60.7198030948639	-18.81524
60.7354230880737	-21.24906
60.7510530948639	-23.88502
60.7666730880737	-26.50179
60.7823030948639	-28.6903
60.7979331016541	-29.9164
60.8135530948639	-29.6087
60.8291831016541	-27.35977
60.8448030948639	-23.08326
60.8604331016541	-17.09488
60.8760530948639	-10.06261
60.8916831016541	-2.804344
60.9073131084442	3.929665
60.9229331016541	9.609344
60.9385631084442	13.98911
60.9541831016541	17.03103
60.9698131084442	18.8081
60.9854331016541	19.45322
61.0010631084442	19.13841
61.0166928768158	18.14386
61.0323131084442	16.8583
61.0479428768158	15.73172
61.0635631084442	15.14776
61.0791928768158	15.29369
61.0948131084442	16.0479
61.1104428768158	17.05437
61.126072883606	17.83219
61.1416928768158	17.9873
61.157322883606	17.35294
61.1729428768158	16.03551
61.188572883606	14.32095
61.2041928768158	12.52564
61.219822883606	10.86571
61.2354528903961	9.368019
61.251072883606	7.89864
61.2667028903961	6.255268
61.282322883606	4.253906
61.2979528903961	1.826748
61.313572883606	-0.9610634
61.3292028903961	-3.900139
61.3448328971863	-6.713017
61.3604528903961	-9.132256
61.3760828971863	-11.02776
61.3917028903961	-12.47103
61.4073328971863	-13.69835
61.4229629039764	-15.06049
61.4385828971863	-16.85842
61.4542129039764	-19.19706
61.4698328971863	-21.89273
61.4854629039764	-24.47593
61.5010828971863	-26.29382
61.5167129039764	-26.69209
61.5323429107666	-25.2081
61.5479629039764	-21.70397
61.5635929107666	-16.44134
61.5792129039764	-10.00963
61.5948429107666	-3.174046
61.6104629039764	3.331402
61.6260929107666	8.975124
61.6417229175568	13.48757
61.6573429107666	16.79972
61.6729729175568	18.92529
61.6885929107666	19.90985
61.7042229175568	19.8242
61.7198429107666	18.84377
61.7354729175568	17.33558
61.7511029243469	15.80334
61.7667229175568	14.75395
61.7823529243469	14.50017
61.7979729175568	15.04047
61.8136029243469	16.03152
61.8292229175568	16.98419
61.8448529243469	17.45879
61.8604829311371	17.24635
61.8761029243469	16.38424
61.8917329311371	15.02396
61.9073529243469	13.33439
61.9229829311371	11.39091
61.9386029243469	9.208218
61.9542329311371	6.778828
61.9698629379272	4.148754
61.9854829311371	1.413719
62.0011129379272	-1.287872
62.0167329311371	-3.844246
62.0323629379272	-6.201775
62.0479829311371	-8.371578
62.0636129379272	-10.38223
62.0792429447174	-12.267
62.0948629379272	-14.05097
62.1104929447174	-15.79972
62.1261129379272	-17.64425
62.1417429447174	-19.74564
62.1573629379272	-22.20074
62.1729929447174	-24.95716
62.1886229515076	-27.66605
62.2042429447174	-29.72697
62.2198729515076	-30.40854
62.2354929447174	-29.08957
62.2511229515076	-25.52517
62.2667429447174	-19.97351
62.2823729515076	-13.13387
62.2980029582977	-5.889881
62.3136229515076	0.9529457
62.3292529582977	6.884476
62.3448729515076	11.71369
62.3605029582977	15.435
62.3761229515076	18.10124
62.3917529582977	19.71287
62.4073829650879	20.25713
62.4230029582977	19.81864
62.4386329650879	18.66051
62.4542529582977	17.22198
62.4698829650879	15.99087
62.4855029582977	15.3131
62.5011329650879	15.25596
62.5167629718781	15.62026
62.5323829650879	16.04605
62.5480129718781	16.16851
62.5636329650879	15.80326
62.5792629718781	14.96105
62.5948829650879	13.81186
62.6105129718781	12.57008
62.6261429786682	11.34393
62.6417629718781	10.09634
62.6573929786682	8.691872
62.6730129718781	6.964802
62.6886429786682	4.824253
62.7042629718781	2.290653
62.7198929786682	-0.5035934
62.7355229854584	-3.410225
62.7511429786682	-6.251129
62.7667729854584	-8.907681
62.7823929786682	-11.27617
62.7980229854584	-13.29485
62.8136429786682	-14.99035
62.8292729854584	-16.51235
62.8449029922485	-18.12229
62.8605229854584	-20.12864
62.8761529922485	-22.71443
62.8917729854584	-25.76085
62.9074029922485	-28.79545
62.9230229854584	-31.06184
62.9386529922485	-31.76164
62.9542829990387	-30.32315
62.9699029922485	-26.62142
62.9855329990387	-21.01384
63.0011529922485	-14.21982
63.0167829990387	-7.089321
63.0324029922485	-0.3649178
63.0480329990387	5.445099
63.0636630058289	10.12628
63.0792829990387	13.67363
63.0949130058289	16.17052
63.1105329990387	17.71649
63.1261630058289	18.39191
63.1417829990387	18.30589
63.1574130058289	17.65554
63.173043012619	16.7588
63.1886630058289	15.97183
63.204293012619	15.57145
63.2199130058289	15.6469
63.235543012619	16.02579
63.2511630058289	16.37909
63.266793012619	16.3746
63.2824230194092	15.81917
63.298043012619	14.73642
63.3136730194092	13.31625
63.329293012619	11.77683
63.3449230194092	10.26692
63.360543012619	8.795635
63.3761730194092	7.263264
63.3918030261993	5.546001
63.4074230194092	3.567184
63.4230530261993	1.317459
63.4386730194092	-1.126732
63.4543030261993	-3.619225
63.4699230194092	-5.994343
63.4855530261993	-8.123882
63.5011830329895	-9.929485
63.5168030261993	-11.43538
63.5324330329895	-12.73907
63.5480530261993	-14.00873
63.5636830329895	-15.43035
63.5793130397797	-17.17786
63.5949330329895	-19.35483
63.6105630397797	-21.91357
63.6261830329895	-24.59338
63.6418130397797	-26.86512
63.6574330329895	-28.06635
63.6730630397797	-27.55814
63.6886930465698	-24.98794
63.7043130397797	-20.44548
63.7199430465698	-14.47406
63.7355630397797	-7.882528
63.7511930465698	-1.478764
63.7668130397797	4.15675
63.7824430465698	8.766769
63.79807305336	12.30417
63.8136930465698	14.79466
63.82932305336	16.27702
63.8449430465698	16.78316
63.86057305336	16.44418
63.8761930465698	15.52295
63.89182305336	14.39581
63.9074530601501	13.41602
63.92307305336	12.81664
63.9387030601501	12.62075
63.95432305336	12.70332
63.9699530601501	12.86846
63.98557305336	12.93372
64.0012030601501	12.79362
64.0168330669403	12.40205
64.0324530601501	11.75877
64.0480830669403	10.88024
64.0637030601501	9.7861
64.0793330669403	8.509974
64.0949530601501	7.068613
64.1105830669403	5.456207
64.1262130737305	3.617376
64.1418330669403	1.508427
64.1574630737305	-0.8863392
64.1730830669403	-3.492136
64.1887130737305	-6.128494
64.2043330669403	-8.58456
64.2199630737305	-10.69516
64.2355930805206	-12.44299
64.2512130737305	-13.98892
64.2668430805206	-15.58989
64.2824630737305	-17.49314
64.2980930805206	-19.80034
64.3137130737305	-22.39087
64.3293430805206	-24.89646
64.3449730873108	-26.78318
64.3605930805206	-27.4702
64.3762230873108	-26.50751
64.3918430805206	-23.70138
64.4074730873108	-19.19695
64.4230930805206	-13.469
64.4387230873108	-7.190105
64.454353094101	-1.040894
64.4699730873108	4.473492
64.485603094101	9.103254
64.5012230873108	12.82753
64.516853094101	15.68487
64.5324730873108	17.6928
64.548103094101	18.79023
64.5637331008911	18.93164
64.579353094101	18.22016
64.5949831008911	16.96233
64.610603094101	15.61825
64.6262331008911	14.59756
64.641853094101	14.12032
64.6574831008911	14.12681
64.6731131076813	14.34437
64.6887331008911	14.46327
64.7043631076813	14.22821
64.7199831008911	13.56414
64.7356131076813	12.54358
64.7512331008911	11.29363
64.7668631076813	9.928083
64.7824928760529	8.501957
64.7981131076813	6.99564
64.8137428760529	5.344519
64.8293631076813	3.48822
64.8449928760529	1.407551
64.8606131076813	-0.8273602
64.8762428760529	-3.064663
64.891872882843	-5.137991
64.9074928760529	-6.921551
64.923122882843	-8.409082
64.9387428760529	-9.719744
64.954372882843	-11.05699
64.9699928760529	-12.64825
64.985622882843	-14.64388
65.0012528896332	-17.04073
65.016872882843	-19.65845
65.0325028896332	-22.12271
65.048122882843	-23.9027
65.0637528896332	-24.41628
65.079372882843	-23.18701
65.0950028896332	-20.01674
65.1106328964233	-15.08139
65.1262528896332	-8.906336
65.1418828964233	-2.248951
65.1575028896332	4.140423
65.1731328964233	9.674212
65.1887528896332	14.04256
65.2043828964233	17.1698
65.2200129032135	19.12957
65.2356328964233	20.06574
65.2512629032135	20.16004
65.2668828964233	19.64199
65.2825129032135	18.78569
65.2981328964233	17.89922
65.3137629032135	17.233
65.3293929100037	16.91684
65.3450129032135	16.9441
65.3606429100037	17.13758
65.3762629032135	17.23135
65.3918929100037	16.95094
65.4075129032135	16.12232
65.4231429100037	14.70343
65.4387729167938	12.84253
65.4543929100037	10.79837
65.4700229167938	8.833351
65.4856429100037	7.101519
65.5012729167938	5.567169
65.5168929100037	4.026355
65.5325229167938	2.225334
65.548152923584	0.009625435
65.5637729167938	-2.599882
65.579402923584	-5.402256
65.5950229167938	-8.113289
65.610652923584	-10.51757
65.6262729167938	-12.5293
65.641902923584	-14.24504
65.6575329303741	-15.84887
65.673152923584	-17.52251
65.6887829303741	-19.41371
65.704402923584	-21.6182
65.7200329303741	-24.13656
65.735652923584	-26.82667
65.7512829303741	-29.33412
65.7669129371643	-31.07071
65.7825329303741	-31.3526
65.7981629371643	-29.61717
65.8137829303741	-25.63569
65.8294129371643	-19.7196
65.8450329303741	-12.61016
65.8606629371643	-5.289414
65.8762929439545	1.368856
65.8919129371643	6.809044
65.9075429439545	10.9341
65.9231629371643	13.91946
65.9387929439545	16.04847
65.9544129371643	17.52188
65.9700429439545	18.40571
65.9856729507446	18.73241
66.0012929439545	18.60585
66.0169229507446	18.27909
66.0325429439545	18.0701
66.0481729507446	18.28099
66.0637929439545	19.01843
66.0794229507446	20.16085
66.0950529575348	21.40806
66.1106729507446	22.43469
66.1263029575348	23.04668
66.1419229507446	23.24159
66.1575529575348	23.17324
66.1731729507446	23.02192
66.1888029575348	22.89522
66.204432964325	22.75999
66.2200529575348	22.4901
66.235682964325	21.95423
66.2513029575348	21.13253
66.266932964325	20.11061
66.2825629711151	19.04218
66.298182964325	18.03107
66.3138129711151	17.04683
66.329432964325	15.95841
66.3450629711151	14.60226
66.360682964325	12.87613
66.3763129711151	10.81188
66.3919429779053	8.505304
66.4075629711151	6.021961
66.4231929779053	3.270027
66.4388129711151	-0.01231956
66.4544429779053	-4.179913
66.4700629711151	-9.458715
66.4856929779053	-15.79615
66.5013229846954	-22.80439
66.5169429779053	-29.8423
66.5325729846954	-36.20786
66.5481929779053	-41.33155
66.5638229846954	-44.89782
66.5794429779053	-46.90201
66.5950729846954	-47.56158
66.6107029914856	-47.16872
66.6263229846954	-45.94627
66.6419529914856	-43.94864
66.6575729846954	-41.08683
66.6732029914856	-37.25758
66.6888229846954	-32.48753
66.7044529914856	-27.02788
66.7200829982758	-21.32557
66.7357029914856	-15.86963
66.7513329982758	-10.99883
66.7669529914856	-6.773067
66.7825829982758	-3.028027
66.7982029914856	0.4912682
66.8138329982758	3.869099
66.8294630050659	6.942886
66.8450829982758	9.363506
66.8607130050659	10.80008
66.8763329982758	11.14927
66.8919630050659	10.62528
66.9075829982758	9.664661
66.9232130050659	8.714291
66.9388430118561	8.034695
66.9544630050659	7.579468
66.9700930118561	7.078243
66.9857130050659	6.199951
67.0013430118561	4.766327
67.0169630050659	2.829876
67.0325930118561	0.6402092
67.0482230186462	-1.485699
67.0638430118561	-3.310234
67.0794730186462	-4.773567
67.0950930118561	-5.986195
67.1107230186462	-7.141205
67.1263430118561	-8.440971
67.1419730186462	-10.02623
67.1576030254364	-11.97876
67.1732230186462	-14.30492
67.1888530254364	-16.89917
67.2044730186462	-19.4784
67.2201030254364	-21.57928
67.2357230186462	-22.62071
67.2513530254364	-22.04377
67.2669830322266	-19.53692
67.2826030254364	-15.17194
67.2982330322266	-9.403217
67.3138530254364	-2.961887
67.3294830322266	3.382111
67.3451030254364	8.994484
67.3607330322266	13.4864
67.3763630390167	16.67335
67.3919830322266	18.53519
67.4076130390167	19.1386
67.4232330322266	18.63933
67.4388630390167	17.31363
67.4544830322266	15.55186
67.4701130390167	13.82242
67.4857430458069	12.55276
67.5013630390167	12.02753
67.5169930458069	12.31454
67.5326130390167	13.25846
67.5482430458069	14.55996
67.5638630390167	15.86124
67.5794930458069	16.84921
67.595123052597	17.2817
67.6107430458069	17.07132
67.626373052597	16.26681
67.6419930458069	15.07457
67.657623052597	13.76663
67.6732430458069	12.59619
67.688873052597	11.66822
67.7045030593872	10.90133
67.720123052597	10.06925
67.7357530593872	8.887821
67.751373052597	7.231846
67.7670030593872	5.186436
67.782623052597	3.041485
67.7982530593872	1.140366
67.8138830661774	-0.2737007
67.8295030593872	-1.182503
67.8451330661774	-1.790009
67.8607530593872	-2.421413
67.8763830661774	-3.430202
67.8920030593872	-5.030525
67.9076330661774	-7.263611
67.9232630729675	-9.9109
67.9388830661774	-12.50522
67.9545130729675	-14.38384
67.9701330661774	-14.84974
67.9857630729675	-13.37979
68.0013830661774	-9.827797
68.0170130729675	-4.622238
68.0326430797577	1.256832
68.0482630729675	6.453014
68.0638930797577	9.585464
68.0795130729675	9.674641
68.0951430797577	6.469463
68.1107630729675	0.5840263
68.1263930797577	-6.671177
68.1420230865479	-13.62259
68.1576430797577	-18.7579
68.1732730865479	-21.11279
68.1888930797577	-20.50654
68.2045230865479	-17.43971
68.2201430797577	-12.83459
68.2357730865479	-7.683327
68.251403093338	-2.794544
68.2670230865479	1.263721
68.282653093338	4.194515
68.2982730865479	5.85495
68.313903093338	6.231228
68.3295230865479	5.448685
68.345153093338	3.747925
68.3607831001282	1.516956
68.376403093338	-0.8434258
68.3920331001282	-2.981167
68.407653093338	-4.731609
68.4232831001282	-6.120152
68.438903093338	-7.35062
68.4545331001282	-8.674576
68.4701631069183	-10.24608
68.4857831001282	-12.09354
68.5014131069183	-14.0393
68.5170331001282	-15.84813
68.5326631069183	-17.3301
68.5482928752899	-18.48115
68.5639131069183	-19.47048
68.5795428752899	-20.57001
68.5951631069183	-21.93016
68.6107928752899	-23.36895
68.6264131069183	-24.38189
68.6420428752899	-24.22941
68.6576728820801	-22.27483
68.6732928752899	-18.26322
68.6889228820801	-12.49785
68.7045428752899	-5.732655
68.7201728820801	1.060087
68.7357928752899	7.046257
68.7514228820801	11.75939
68.7670528888702	15.07856
68.7826728820801	17.15574
68.7983028888702	18.18334
68.8139228820801	18.30966
68.8295528888702	17.65372
68.8451728820801	16.39371
68.8608028888702	14.88275
68.8764328956604	13.56515
68.8920528888702	12.84311
68.9076828956604	12.85061
68.9233028888702	13.40916
68.9389328956604	14.08663
68.9545528888702	14.40767
68.9701828956604	14.08106
68.9858129024506	13.07792
69.0014328956604	11.60033
69.0170629024506	9.896193
69.0326828956604	8.128349
69.0483129024506	6.274329
69.0639328956604	4.231046
69.0795629024506	1.927257
69.0951929092407	-0.5882874
69.1108129024506	-3.128284
69.1264429092407	-5.466178
69.1420629024506	-7.456861
69.1576929092407	-9.110506
69.1733129024506	-10.56847
69.1889429092407	-12.06381
69.2045729160309	-13.81951
69.2201929092407	-15.98928
69.2358229160309	-18.59445
69.2514429092407	-21.43234
69.2670729160309	-24.08186
69.2826929092407	-25.93747
69.2983229160309	-26.34113
69.313952922821	-24.78739
69.3295729160309	-21.11712
69.345202922821	-15.62601
69.3608229160309	-8.999888
69.376452922821	-2.133189
69.3920729160309	4.156788
69.407702922821	9.320213
69.4233329296112	13.13241
69.438952922821	15.63868
69.4545829296112	17.04498
69.470202922821	17.59103
69.4858329296112	17.51192
69.501452922821	17.01732
69.5170829296112	16.29847
69.5327129364014	15.53493
69.5483329296112	14.87131
69.5639629364014	14.3882
69.5795829296112	14.10827
69.5952129364014	13.9785
69.6108329296112	13.90759
69.6264629364014	13.79677
69.6420929431915	13.55241
69.6577129364014	13.05387
69.6733429431915	12.18119
69.6889629364014	10.81632
69.7045929431915	8.884276
69.7202129364014	6.414783
69.7358429431915	3.556416
69.7514729499817	0.5571423
69.7670929431915	-2.29991
69.7827229499817	-4.78853
69.7983429431915	-6.833258
69.8139729499817	-8.515081
69.8295929431915	-10.03001
69.8452229499817	-11.64054
69.8608529567719	-13.56851
69.8764729499817	-15.94644
69.8921029567719	-18.74095
69.9077229499817	-21.72589
69.9233529567719	-24.45568
69.9389729499817	-26.32209
69.9546029567719	-26.67181
69.970232963562	-25.01729
69.9858529567719	-21.23611
70.001482963562	-15.63814
70.0171029567719	-8.936878
70.032732963562	-2.011724
70.0483529567719	4.308071
70.063982963562	9.462849
70.0796129703522	13.24776
70.095232963562	15.75175
70.1108629703522	17.22783
70.126482963562	17.95673
70.1421129703522	18.18663
70.157732963562	18.09422
70.1733629703522	17.83594
70.1889929771423	17.54398
70.2046129703522	17.32283
70.2202429771423	17.20232
70.2358629703522	17.13045
70.2514929771423	16.97692
70.2671129703522	16.60625
70.2827429771423	15.95126
70.2983729839325	15.03256
70.3139929771423	13.93091
70.3296229839325	12.73204
70.3452429771423	11.43707
70.3608729839325	9.956833
70.3764929771423	8.144379
70.3921229839325	5.909145
70.4077529907227	3.271366
70.4233729839325	0.3932304
70.4390029907227	-2.49324
70.4546229839325	-5.170712
70.4702529907227	-7.536846
70.4858729839325	-9.617748
70.5015029907227	-11.54595
70.5171329975128	-13.549
70.5327529907227	-15.82545
70.5483829975128	-18.50609
70.5640029907227	-21.53209
70.5796329975128	-24.58053
70.5952529907227	-27.07399
70.6108829975128	-28.30552
70.626513004303	-27.64305
70.6421329975128	-24.75684
70.657763004303	-19.80435
70.6733829975128	-13.36136
70.689013004303	-6.277889
70.7046430110931	0.6095428
70.720263004303	6.684162
70.7358930110931	11.65644
70.751513004303	15.49031
70.7671430110931	18.27981
70.782763004303	20.15273
70.7983930110931	21.16575
70.8140230178833	21.3868
70.8296430110931	20.91142
70.8452730178833	19.93758
70.8608930110931	18.73825
70.8765230178833	17.5901
70.8921430110931	16.70226
70.9077730178833	16.11432
70.9234030246735	15.72123
70.9390230178833	15.31225
70.9546530246735	14.70993
70.9702730178833	13.82796
70.9859030246735	12.73264
71.0015230178833	11.55477
71.0171530246735	10.37025
71.0327830314636	9.132839
71.0484030246735	7.656761
71.0640330314636	5.745018
71.0796530246735	3.328262
71.0952830314636	0.5180397
71.1109030246735	-2.405605
71.1265330314636	-5.123852
71.1421630382538	-7.41888
71.1577830314636	-9.247974
71.1734130382538	-10.75304
71.1890330314636	-12.17597
71.2046630382538	-13.76552
71.2202830314636	-15.7093
71.2359130382538	-18.08231
71.2515430450439	-20.79557
71.2671630382538	-23.55787
71.2827930450439	-25.84516
71.2984130382538	-26.99271
71.3140430450439	-26.37931
71.3296630382538	-23.67155
71.3452930450439	-18.98262
71.3609230518341	-12.87214
71.3765430450439	-6.167953
71.3921730518341	0.3179283
71.4077930450439	6.019943
71.4234230518341	10.69003
71.4390430450439	14.31635
71.4546730518341	16.98445
71.4703030586243	18.71745
71.4859230518341	19.52177
71.5015530586243	19.44445
71.5171730518341	18.67521
71.5328030586243	17.55944
71.5484230518341	16.50834
71.5640530586243	15.81438
71.5796830654144	15.57731
71.5953030586243	15.67173
71.6109330654144	15.81656
71.6265530586243	15.7594
71.6421830654144	15.34983
71.6578030586243	14.58839
71.6734330654144	13.56546
71.6890630722046	12.38798
71.7046830654144	11.08615
71.7203130722046	9.627201
71.7359330654144	7.947384
71.7515630722046	5.972408
71.7671830654144	3.715664
71.7828130722046	1.23888
71.7984430789948	-1.330059
71.8140630722046	-3.839405
71.8296930789948	-6.146427
71.8453130722046	-8.147629
71.8609430789948	-9.822422
71.8765630722046	-11.23785
71.8921930789948	-12.57182
71.9078230857849	-14.04581
71.9234430789948	-15.88789
71.9390730857849	-18.19545
71.9546930789948	-20.85198
71.9703230857849	-23.50108
71.9859430789948	-25.58186
72.0015730857849	-26.44458
72.0172030925751	-25.53942
72.0328230857849	-22.62146
72.0484530925751	-17.82936
72.0640730857849	-11.72187
72.0797030925751	-5.086155
72.0953230857849	1.287376
72.1109530925751	6.808765
72.1265830993652	11.19343
72.1422030925751	14.43228
72.1578330993652	16.68544
72.1734530925751	18.09895
72.1890830993652	18.78432
72.2047030925751	18.83195
72.2203330993652	18.35839
72.2359631061554	17.58134
72.2515830993652	16.78863
72.2672131061554	16.23453
72.2828330993652	16.03193
72.2984631061554	16.11944
72.3140830993652	16.29425
72.3297131061554	16.31316
72.345342874527	16.00738
72.3609631061554	15.31081
72.376592874527	14.27457
72.3922131061554	12.99369
72.407842874527	11.55412
72.4234631061554	9.962147
72.439092874527	8.179344
72.4547228813171	6.135738
72.470342874527	3.795914
72.4859728813171	1.182529
72.501592874527	-1.582531
72.5172228813171	-4.297321
72.532842874527	-6.71265
72.5484728813171	-8.615894
72.5641028881073	-9.938087
72.5797228813171	-10.78364
72.5953528881073	-11.43493
72.6109728813171	-12.2421
72.6266028881073	-13.50488
72.6422228813171	-15.3782
72.6578528881073	-17.79829
72.6734828948975	-20.52486
72.6891028881073	-23.1684
72.7047328948975	-25.26175
72.7203528881073	-26.30831
72.7359828948975	-25.8953
72.7516028881073	-23.75278
72.7672328948975	-19.88031
72.7828629016876	-14.60197
72.7984828948975	-8.520447
72.8141129016876	-2.357819
72.8297328948975	3.244663
72.8453629016876	7.887413
72.8609828948975	11.45952
72.8766129016876	14.05949
72.8922429084778	15.85239
72.9078629016876	16.94366
72.9234929084778	17.356
72.9391129016876	17.1105
72.9547429084778	16.33777
72.9703629016876	15.3353
72.9859929084778	14.47308
73.0016229152679	14.07765
73.0172429084778	14.24435
73.0328729152679	14.80904
73.0484929084778	15.4297
73.0641229152679	15.75372
73.0797429084778	15.58536
73.0953729152679	14.93247
73.1110029220581	13.93097
73.1266229152679	12.73848
73.1422529220581	11.42478
73.1578729152679	9.970284
73.1735029220581	8.331322
73.1891229152679	6.512192
73.2047529220581	4.590494
73.2203829288483	2.682362
73.2360029220581	0.8669853
73.2516329288483	-0.8672352
73.2672529220581	-2.60726
73.2828829288483	-4.456221
73.2985029220581	-6.47809
73.3141329288483	-8.648973
73.3297629356384	-10.85081
73.3453829288483	-12.92786
73.3610129356384	-14.76035
73.3766329288483	-16.32741
73.3922629356384	-17.73609
73.4078929424286	-19.18837
73.4235129356384	-20.87289
73.4391429424286	-22.81985
73.4547629356384	-24.81516
73.4703929424286	-26.3892
73.4860129356384	-26.94991
73.5016429424286	-25.96479
73.5172729492188	-23.16233
73.5328929424286	-18.6536
73.5485229492188	-12.90064
73.5641429424286	-6.582683
73.5797729492188	-0.3944111
73.5953929424286	5.115897
73.6110229492188	9.602635
73.6266529560089	12.93204
73.6422729492188	15.12005
73.6579029560089	16.27651
73.6735229492188	16.57018
73.6891529560089	16.23208
73.7047729492188	15.53972
73.7204029560089	14.80069
73.7360329627991	14.26185
73.7516529560089	14.06247
73.7672829627991	14.19041
73.7829029560089	14.50734
73.7985329627991	14.82728
73.8141529560089	14.98592
73.8297829627991	14.92203
73.8454129695892	14.63282
73.8610329627991	14.14437
73.8766629695892	13.42976
73.8922829627991	12.42869
73.9079129695892	11.0714
73.9235329627991	9.350611
73.9391629695892	7.356849
73.9547929763794	5.249137
73.9704129695892	3.211709
73.9860429763794	1.34152
74.0016629695892	-0.3599806
74.0172929763794	-2.001491
74.0329129695892	-3.723847
74.0485429763794	-5.613552
74.0641729831696	-7.655007
74.0797929763794	-9.725282
74.0954229831696	-11.65628
74.1110429763794	-13.31125
74.1266729831696	-14.66098
74.1422929763794	-15.79641
74.1579229831696	-16.91016
74.1735529899597	-18.19713
74.1891729831696	-19.78391
74.2048029899597	-21.70036
74.2204229831696	-23.8109
74.2360529899597	-25.83221
74.2516729831696	-27.34146
74.2673029899597	-27.83535
74.2829329967499	-26.84265
74.2985529899597	-24.08427
74.3141829967499	-19.60181
74.3298029899597	-13.80702
74.3454329967499	-7.407419
74.3610529899597	-1.190298
74.3766829967499	4.178349
74.39231300354	8.348595
74.4079329967499	11.27552
74.42356300354	13.13821
74.4391829967499	14.16958
74.45481300354	14.56452
74.4704329967499	14.45454
74.48606300354	13.9652
74.5016930103302	13.27443
74.51731300354	12.61774
74.5329430103302	12.23488
74.54856300354	12.25771
74.5641930103302	12.65471
74.57981300354	13.20148
74.5954430103302	13.57786
74.6110730171204	13.51302
74.6266930103302	12.87207
74.6423230171204	11.72419
74.6579430103302	10.28226
74.6735730171204	8.778553
74.6891930103302	7.35611
74.7048230171204	6.018753
74.7204530239105	4.646561
74.7360730171204	3.112551
74.7517030239105	1.379725
74.7673230171204	-0.46068
74.7829530239105	-2.257135
74.7985730171204	-3.878223
74.8142030239105	-5.318354
74.8298330307007	-6.691029
74.8454530239105	-8.145388
74.8610830307007	-9.771236
74.8767030239105	-11.52743
74.8923330307007	-13.27849
74.9079530239105	-14.89871
74.9235830307007	-16.3827
74.9392130374908	-17.8803
74.9548330307007	-19.6267
74.9704630374908	-21.77517
74.9860830307007	-24.21101
75.0017130374908	-26.52457
75.0173330307007	-28.06688
75.0329630374908	-28.19212
75.048593044281	-26.4681
75.0642130374908	-22.85922
75.079843044281	-17.74161
75.0954630374908	-11.78659
75.111093044281	-5.738073
75.1267130374908	-0.1812553
75.142343044281	4.551535
75.1579730510712	8.388901
75.173593044281	11.41238
75.1892230510712	13.69248
75.204843044281	15.26923
75.2204730510712	16.11805
75.236093044281	16.25696
75.2517230510712	15.81264
75.2673530578613	15.04193
75.2829730510712	14.25147
75.2986030578613	13.70242
75.3142230510712	13.53026
75.3298530578613	13.71513
75.3454730510712	14.13686
75.3611030578613	14.59841
75.3767330646515	14.92638
75.3923530578613	14.96014
75.4079830646515	14.59535
75.4236030578613	13.77615
75.4392330646515	12.52807
75.4548530578613	10.94088
75.4704830646515	9.12289
75.4861130714417	7.177591
75.5017330646515	5.156284
75.5173630714417	3.09346
75.5329830646515	0.9999504
75.5486130714417	-1.112537
75.5642430782318	-3.209955
75.5798630714417	-5.265472
75.5954930782318	-7.240353
75.6111130714417	-9.110388
75.6267430782318	-10.8354
75.6423630714417	-12.41043
75.6579930782318	-13.88046
75.673623085022	-15.34684
75.6892430782318	-16.97453
75.704873085022	-18.8917
75.7204930782318	-21.14756
75.736123085022	-23.59833
75.7517430782318	-25.91789
75.767373085022	-27.60897
75.7830030918121	-28.12253
75.798623085022	-27.02219
75.8142530918121	-24.11483
75.829873085022	-19.55654
75.8455030918121	-13.80772
75.861123085022	-7.544245
75.8767530918121	-1.446236
75.8923830986023	3.944664
75.9080030918121	8.342449
75.9236330986023	11.6744
75.9392530918121	14.01483
75.9548830986023	15.46818
75.9705030918121	16.13363
75.9861330986023	16.1485
76.0017631053925	15.72952
76.0173830986023	15.1622
76.0330131053925	14.71491
76.0486330986023	14.58176
76.0642631053925	14.78777
76.0798830986023	15.20554
76.0955131053925	15.59219
76.111142873764	15.69668
76.1267631053925	15.33911
76.142392873764	14.48418
76.1580131053925	13.25377
76.173642873764	11.85398
76.1892631053925	10.50973
76.204892873764	9.360945
76.2205228805542	8.389938
76.236142873764	7.441317
76.2517728805542	6.278255
76.267392873764	4.671606
76.2830228805542	2.540417
76.298642873764	-0.03112221
76.3142728805542	-2.806427
76.3299028873444	-5.493393
76.3455228805542	-7.832972
76.3611528873444	-9.702435
76.3767728805542	-11.10987
76.3924028873444	-12.20106
76.4080228805542	-13.2236
76.4236528873444	-14.47256
76.4392828941345	-16.17886
76.4549028873444	-18.44106
76.4705328941345	-21.1342
76.4861528873444	-23.87497
76.5017828941345	-26.07785
76.5174028873444	-27.0693
76.5330328941345	-26.29357
76.5486629009247	-23.48695
76.5642828941345	-18.79637
76.5799129009247	-12.72557
76.5955328941345	-6.047356
76.6111629009247	0.4354649
76.6267828941345	6.055563
76.6424129009247	10.39735
76.6580429077148	13.30908
76.6736629009247	14.8685
76.6892929077148	15.28425
76.7049129009247	14.84662
76.7205429077148	13.88223
76.7361629009247	12.71702
76.7517929077148	11.68028
76.767422914505	11.01999
76.7830429077148	10.87152
76.798672914505	11.18727
76.8142929077148	11.77987
76.829922914505	12.35494
76.8455429077148	12.64907
76.861172914505	12.52533
76.8768029212952	12.01981
76.892422914505	11.29889
76.9080529212952	10.5336
76.923672914505	9.761242
76.9393029212952	8.872948
76.954922914505	7.675247
76.9705529212952	6.00408
76.9861829280853	3.871645
77.0018029212952	1.470678
77.0174329280853	-0.9160976
77.0330529212952	-3.029858
77.0486829280853	-4.775667
77.0643029212952	-6.20376
77.0799329280853	-7.462492
77.0955629348755	-8.679678
77.1111829280853	-9.948671
77.1268129348755	-11.342
77.1424329280853	-12.9199
77.1580629348755	-14.76127
77.1736829280853	-16.85826
77.1893129348755	-19.02007
77.2049429416656	-20.82557
77.2205629348755	-21.69563
77.2361929416656	-21.05309
77.2518129348755	-18.54982
77.2674429416656	-14.22889
77.2830629348755	-8.507599
77.2986929416656	-2.123642
77.3143229484558	4.130779
77.3299429416656	9.587681
77.3455729484558	13.83058
77.3611929416656	16.72077
77.3768229484558	18.32312
77.3924429416656	18.80201
77.4080729484558	18.36669
77.423702955246	17.24622
77.4393229484558	15.69394
77.454952955246	14.02344
77.4705729484558	12.53911
77.486202955246	11.48902
77.5018229484558	10.9582
77.517452955246	10.84875
77.5330829620361	10.93542
77.548702955246	10.95248
77.5643329620361	10.72645
77.579952955246	10.18549
77.5955829620361	9.324242
77.611202955246	8.153461
77.6268329620361	6.650885
77.6424629688263	4.788809
77.6580829620361	2.574903
77.6737129688263	0.09044838
77.6893329620361	-2.511101
77.7049629688263	-5.020561
77.7205829620361	-7.272604
77.7362129688263	-9.170591
77.7518429756165	-10.70686
77.7674629688263	-11.9647
77.7830929756165	-13.09441
77.7987129688263	-14.30593
77.8143429756165	-15.81469
77.8299629688263	-17.71886
77.8455929756165	-19.89525
77.8612229824066	-21.93147
77.8768429756165	-23.19629
77.8924729824066	-23.02946
77.9080929756165	-20.98597
77.9237229824066	-17.02397
77.9393429756165	-11.5503
77.9549729824066	-5.264214
77.9706029891968	1.02882
77.9862229824066	6.647461
78.0018529891968	11.14243
78.0174729824066	14.32018
78.0331029891968	16.17897
78.0487329959869	16.83951
78.0643529891968	16.50606
78.0799829959869	15.45214
78.0956029891968	13.97366
78.1112329959869	12.37059
78.1268529891968	10.88504
78.1424829959869	9.694979
78.1581130027771	8.887327
78.1737329959869	8.469702
78.1893630027771	8.370579
78.2049829959869	8.448101
78.2206130027771	8.527145
78.2362329959869	8.434404
78.2518630027771	8.005844
78.2674930095673	7.142633
78.2831130027771	5.800262
78.2987430095673	3.999039
78.3143630027771	1.822006
78.3299930095673	-0.5728436
78.3456130027771	-2.989725
78.3612430095673	-5.232964
78.3768730163574	-7.154997
78.3924930095673	-8.752464
78.4081230163574	-10.12455
78.4237430095673	-11.48609
78.4393730163574	-13.07044
78.4549930095673	-15.04674
78.4706230163574	-17.42932
78.4862530231476	-20.007
78.5018730163574	-22.35155
78.5175030231476	-23.86989
78.5331230163574	-23.97129
78.5487530231476	-22.23373
78.5643730163574	-18.58496
78.5800030231476	-13.35312
78.5956330299377	-7.200493
78.6112530231476	-0.9604721
78.6268830299377	4.588333
78.6425030231476	8.907457
78.6581330299377	11.77209
78.6737530231476	13.26488
78.6893830299377	13.66331
78.7050130367279	13.32445
78.7206330299377	12.56464
78.7362630367279	11.63559
78.7518830299377	10.69293
78.7675130367279	9.852901
78.7831330299377	9.215578
78.7987630367279	8.854399
78.8143930435181	8.793041
78.8300130367279	8.970282
78.8456430435181	9.228098
78.8612630367279	9.352739
78.8768930435181	9.148157
78.8925130367279	8.452677
78.9081430435181	7.225546
78.9237730503082	5.504345
78.9393930435181	3.39613
78.9550230503082	1.042416
78.9706430435181	-1.413916
78.9862730503082	-3.84526
79.0018930435181	-6.16894
79.0175230503082	-8.339848
79.0331530570984	-10.36728
79.0487730503082	-12.29711
79.0644030570984	-14.20019
79.0800230503082	-16.17087
79.0956530570984	-18.26397
79.1112730503082	-20.44989
79.1269030570984	-22.53032
79.1425330638885	-24.13544
79.1581530570984	-24.77668
79.1737830638885	-23.96951
79.1894030570984	-21.42278
79.2050330638885	-17.15642
79.2206530570984	-11.57269
79.2362830638885	-5.333871
79.2519130706787	0.7924232
79.2675330638885	6.149398
79.2831630706787	10.3332
79.2987830638885	13.21946
79.3144130706787	14.92805
79.3300330638885	15.69307
79.3456630706787	15.77099
79.3612930774689	15.37245
79.3769130706787	14.67312
79.3925430774689	13.83927
79.4081630706787	13.05566
79.4237930774689	12.49979
79.4394130706787	12.28681
79.4550430774689	12.43104
79.470673084259	12.83074
79.4862930774689	13.28407
79.501923084259	13.56429
79.5175430774689	13.47958
79.533173084259	12.91155
79.5487930774689	11.80654
79.564423084259	10.20253
79.5800530910492	8.210606
79.595673084259	5.99088
79.6113030910492	3.727943
79.626923084259	1.555648
79.6425530910492	-0.4650555
79.658173084259	-2.377765
79.6738030910492	-4.248327
79.6894330978394	-6.141432
79.7050530910492	-8.078653
79.7206830978394	-10.04793
79.7363030910492	-12.05444
79.7519330978394	-14.08752
79.7675530910492	-16.05687
79.7831830978394	-17.68912
79.7988131046295	-18.53057
79.8144330978394	-18.05068
79.8300631046295	-15.88258
79.8456830978394	-12.03508
79.8613131046295	-6.973627
79.8769330978394	-1.506886
79.8925631046295	3.511565
79.9081931114197	7.444897
79.9238131046295	10.05266
79.9394431114197	11.42086
79.9550631046295	11.82691
79.9706931114197	11.55605
79.9863131046295	10.81065
80.0019431114197	9.741047
80.0175728797913	8.49169
80.0331931114197	7.25643
80.0488228797913	6.245488
80.0644431114197	5.640695
80.0800728797913	5.534063
80.0956931114197	5.882494
80.1113228797913	6.50578
80.1269528865814	7.127545
80.1425728797913	7.458795
80.1582028865814	7.263439
80.1738228797913	6.418466
80.1894528865814	4.955063
80.2050728797913	3.02162
80.2207028865814	0.8478702
80.2363328933716	-1.34934
80.2519528865814	-3.406724
80.2675828933716	-5.258692
80.2832028865814	-6.885055
80.2988328933716	-8.30923
80.3144528865814	-9.587619
80.3300828933716	-10.78837
80.3457129001617	-12.03957
80.3613328933716	-13.46546
80.3769629001617	-15.11923
80.3925828933716	-16.85731
80.4082129001617	-18.31747
80.4238429069519	-18.97637
80.4394629001617	-18.30106
80.4550929069519	-15.99721
80.4707129001617	-12.12492
80.4863429069519	-7.124711
80.5019629001617	-1.674974
80.5175929069519	3.519391
80.5332229137421	7.934132
80.5488429069519	11.29446
80.5644729137421	13.55359
80.5800929069519	14.78786
80.5957229137421	15.1049
80.6113429069519	14.61536
80.6269729137421	13.47831
80.6426029205322	11.92894
80.6582229137421	10.2991
80.6738529205322	8.924768
80.6894729137421	8.075817
80.7051029205322	7.847997
80.7207229137421	8.155239
80.7363529205322	8.754371
80.7519829273224	9.336102
80.7676029205322	9.600962
80.7832329273224	9.345137
80.7988529205322	8.474905
80.8144829273224	7.01474
80.8301029205322	5.086838
80.8457329273224	2.867761
80.8613629341125	0.5565124
80.8769829273224	-1.6835
80.8926129341125	-3.737087
80.9082329273224	-5.565177
80.9238629341125	-7.201267
80.9394829273224	-8.733436
80.9551129341125	-10.28682
80.9707429409027	-12.00979
80.9863629341125	-14.02355
81.0019929409027	-16.34561
81.0176129341125	-18.8247
81.0332429409027	-21.09124
81.0488629341125	-22.59702
81.0644929409027	-22.76199
81.0801229476929	-21.14194
81.0957429409027	-17.6362
81.1113729476929	-12.54082
81.1269929409027	-6.524617
81.1426229476929	-0.3872471
81.1582429409027	5.150262
81.1738729476929	9.630925
81.189502954483	12.90808
81.2051229476929	15.04623
81.220752954483	16.20921
81.2363729476929	16.53613
81.252002954483	16.15739
81.2676229476929	15.19612
81.283252954483	13.86246
81.2988829612732	12.41296
81.314502954483	11.12133
81.3301329612732	10.18373
81.345752954483	9.664618
81.3613829612732	9.498895
81.377002954483	9.520196
81.3926329612732	9.548201
81.4082629680634	9.39089
81.4238829612732	8.896526
81.4395129680634	7.956402
81.4551329612732	6.542085
81.4707629680634	4.719975
81.4863829612732	2.616319
81.5020129680634	0.3853331
81.5176429748535	-1.865054
81.5332629680634	-4.05098
81.5488929748535	-6.129615
81.5645129680634	-8.052779
81.5801429748535	-9.785468
81.5957629680634	-11.33649
81.6113929748535	-12.77969
81.6270229816437	-14.28229
81.6426429748535	-16.01571
81.6582729816437	-18.0551
81.6738929748535	-20.24298
81.6895229816437	-22.17577
81.7051429748535	-23.28329
81.7207729816437	-22.98972
81.7364029884338	-20.92232
81.7520229816437	-17.05254
81.7676529884338	-11.76818
81.7832729816437	-5.746753
81.7989029884338	0.2116661
81.8145229816437	5.445571
81.8301529884338	9.589799
81.845782995224	12.59959
81.8614029884338	14.65829
81.877032995224	15.97816
81.8926529884338	16.69205
81.908282995224	16.82003
81.9239029884338	16.37939
81.939532995224	15.46069
81.9551630020142	14.31598
81.970782995224	13.27229
81.9864130020142	12.59909
82.002032995224	12.38686
82.0176630020142	12.49045
82.033282995224	12.61317
82.0489130020142	12.45448
82.0645430088043	11.86032
82.0801630020142	10.86256
82.0957930088043	9.631716
82.1114130020142	8.356239
82.1270430088043	7.110685
82.1426630020142	5.810957
82.1582930088043	4.265011
82.1739230155945	2.315457
82.1895430088043	-0.06009102
82.2051730155945	-2.725187
82.2207930088043	-5.431343
82.2364230155945	-7.933567
82.2520430088043	-10.08785
82.2676730155945	-11.91192
82.2833030223846	-13.50997
82.2989230155945	-15.05633
82.3145530223846	-16.7168
82.3301730155945	-18.59845
82.3458030223846	-20.70234
82.3614230155945	-22.84212
82.3770530223846	-24.60462
82.3926830291748	-25.4234
82.4083030223846	-24.75164
82.4239330291748	-22.26563
82.4395530223846	-18.06202
82.4551830291748	-12.63707
82.4708030223846	-6.72644
82.4864330291748	-1.027678
82.502063035965	4.010805
82.5176830291748	8.247837
82.533313035965	11.72627
82.5489330291748	14.51615
82.564563035965	16.60308
82.5801830291748	17.90755
82.595813035965	18.37117
82.6114430427551	18.09209
82.627063035965	17.32165
82.6426930427551	16.3965
82.658313035965	15.59874
82.6739430427551	15.06458
82.6895730495453	14.78407
82.7051930427551	14.63172
82.7208230495453	14.45508
82.7364430427551	14.13921
82.7520730495453	13.62966
82.7676930427551	12.9046
82.7833230495453	11.98102
82.7989530563354	10.91248
82.8145730495453	9.743008
82.8302030563354	8.513348
82.8458230495453	7.21546
82.8614530563354	5.776421
82.8770730495453	4.099176
82.8927030563354	2.122091
82.9083330631256	-0.1337872
82.9239530563354	-2.514345
82.9395830631256	-4.805084
82.9552030563354	-6.802408
82.9708330631256	-8.408957
82.9864530563354	-9.678204
83.0020830631256	-10.79988
83.0177130699158	-12.03874
83.0333330631256	-13.63919
83.0489630699158	-15.74779
83.0645830631256	-18.36048
83.0802130699158	-21.27991
83.0958330631256	-24.14288
83.1114630699158	-26.46096
83.1270930767059	-27.70802
83.1427130699158	-27.40742
83.1583430767059	-25.28436
83.1739630699158	-21.34522
83.1895930767059	-15.91032
83.2052130699158	-9.57198
83.2208430767059	-3.040653
83.2364730834961	3.013117
83.2520930767059	8.111042
83.2677230834961	12.01211
83.2833430767059	14.70712
83.2989730834961	16.33648
83.3145930767059	17.1073
83.3302230834961	17.24579
83.3458530902863	16.96497
83.3614730834961	16.47786
83.3771030902863	15.97789
83.3927230834961	15.61031
83.4083530902863	15.47825
83.4239730834961	15.60003
83.4396030902863	15.90822
83.4552330970764	16.26659
83.4708530902863	16.48248
83.4864830970764	16.36253
83.5021030902863	15.75821
83.5177330970764	14.62324
83.5333530902863	13.02971
83.5489830970764	11.16762
83.5646131038666	9.252972
83.5802330970764	7.466082
83.5958631038666	5.905771
83.6114830970764	4.540846
83.6271131038666	3.251419
83.6427330970764	1.888074
83.6583631038666	0.321805
83.6739931106567	-1.505331
83.6896131038666	-3.531032
83.7052431106567	-5.621003
83.7208631038666	-7.615102
83.7364931106567	-9.40075
83.7521131038666	-10.9501
83.7677431106567	-12.355
83.7833728790283	-13.74219
83.7989931106567	-15.25986
83.8146228790283	-17.0038
83.8302431106567	-19.01608
83.8458728790283	-21.28614
83.8614931106567	-23.69472
83.8771228790283	-25.96666
83.8927528858185	-27.6563
83.9083728790283	-28.18216
83.9240028858185	-26.98099
83.9396228790283	-23.74826
83.9552528858185	-18.57753
83.9708728790283	-12.03016
83.9865028858185	-4.989883
84.0021328926086	1.633732
84.0177528858185	7.139188
84.0333828926086	11.19512
84.0490028858185	13.83554
84.0646328926086	15.33596
84.0802528858185	16.01815
84.0958828926086	16.17548
84.1115128993988	16.00972
84.1271328926086	15.67696
84.1427628993988	15.33734
84.1583828926086	15.14631
84.1740128993988	15.1916
84.1896328926086	15.47075
84.2052628993988	15.87138
84.220892906189	16.1997
84.2365128993988	16.26626
84.252142906189	15.96321
84.2677628993988	15.27808
84.283392906189	14.31353
84.2990128993988	13.20516
84.314642906189	12.06293
84.3302729129791	10.92643
84.345892906189	9.749166
84.3615229129791	8.439795
84.377142906189	6.908094
84.3927729129791	5.103268
84.408392906189	3.039079
84.4240229129791	0.7854753
84.4396529197693	-1.56473
84.4552729129791	-3.887668
84.4709029197693	-6.069058
84.4865229129791	-8.027514
84.5021529197693	-9.713379
84.5177729129791	-11.13328
84.5334029197693	-12.35819
84.5490329265594	-13.51481
84.5646529197693	-14.76012
84.5802829265594	-16.2627
84.5959029197693	-18.13215
84.6115329265594	-20.37608
84.6271529197693	-22.82053
84.6427829265594	-25.07429
84.6584129333496	-26.57806
84.6740329265594	-26.71316
84.6896629333496	-25.0174
84.7052829265594	-21.34958
84.7209129333496	-16.02183
84.7365329265594	-9.697386
84.7521629333496	-3.213365
84.7677929401398	2.679575
84.7834129333496	7.509147
84.7990429401398	11.1253
84.8146629333496	13.6279
84.8302929401398	15.20543
84.8459129333496	16.02239
84.8615429401398	16.20321
84.8771729469299	15.86872
84.8927929401398	15.17111
84.9084229469299	14.33737
84.9240429401398	13.6017
84.9396729469299	13.16392
84.9552929401398	13.12275
84.9709229469299	13.45419
84.9865529537201	14.01365
85.0021729469299	14.57408
85.0178029537201	14.9034
85.0334229469299	14.78472
85.0490529537201	14.09546
85.0646729469299	12.82199
85.0803029537201	11.06079
85.0959329605103	9.00257
85.1115529537201	6.845676
85.1271829605103	4.747481
85.1428029537201	2.77769
85.1584329605103	0.9210112
85.1740529537201	-0.8794003
85.1896829605103	-2.659129
85.2053129673004	-4.407064
85.2209329605103	-6.090017
85.2365629673004	-7.670561
85.2521829605103	-9.142948
85.2678129673004	-10.54657
85.2834429740906	-11.94158
85.2990629673004	-13.37206
85.3146929740906	-14.87376
85.3303129673004	-16.487
85.3459429740906	-18.27877
85.3615629673004	-20.30322
85.3771929740906	-22.5585
85.3928229808807	-24.86762
85.4084429740906	-26.83055
85.4240729808807	-27.86797
85.4396929740906	-27.38957
85.4553229808807	-25.00591
85.4709429740906	-20.70285
85.4865729808807	-14.90102
85.5022029876709	-8.332411
85.5178229808807	-1.813221
85.5334529876709	3.99601
85.5490729808807	8.700731
85.5647029876709	12.17791
85.5803229808807	14.4816
85.5959529876709	15.75046
85.6115829944611	16.15482
85.6272029876709	15.8889
85.6428329944611	15.19429
85.6584529876709	14.36067
85.6740829944611	13.6843
85.6897029876709	13.37704
85.7053329944611	13.51745
85.7209630012512	14.01445
85.7365829944611	14.66537
85.7522130012512	15.22979
85.7678329944611	15.49483
85.7834630012512	15.32865
85.7990829944611	14.69886
85.8147130012512	13.64495
85.8303430080414	12.25085
85.8459630012512	10.61194
85.8615930080414	8.83433
85.8772130012512	6.993211
85.8928430080414	5.133337
85.9084630012512	3.255005
85.9240930080414	1.361984
85.9397230148315	-0.5635872
85.9553430080414	-2.513747
85.9709730148315	-4.44968
85.9865930080414	-6.316429
86.0022230148315	-8.069105
86.0178430080414	-9.686255
86.0334730148315	-11.19051
86.0491030216217	-12.63533
86.0647230148315	-14.07401
86.0803530216217	-15.58871
86.0959730148315	-17.28724
86.1116030216217	-19.27974
86.1272230148315	-21.62708
86.1428530216217	-24.20955
86.1584830284119	-26.6744
86.1741030216217	-28.39648
86.1897330284119	-28.67618
86.2053530216217	-26.94055
86.2209830284119	-23.0289
86.2366030216217	-17.26376
86.2522330284119	-10.39293
86.267863035202	-3.339736
86.2834830284119	3.059822
86.299113035202	8.262442
86.3147330284119	12.06563
86.330363035202	14.52936
86.3459830284119	15.87155
86.361613035202	16.34406
86.3772430419922	16.20906
86.392863035202	15.71956
86.4084930419922	15.10846
86.424113035202	14.59276
86.4397430419922	14.3278
86.455363035202	14.40006
86.4709930419922	14.78608
86.4866230487823	15.39404
86.5022430419922	16.04123
86.5178730487823	16.53154
86.5334930419922	16.68396
86.5491230487823	16.37137
86.5647430419922	15.56677
86.5803730487823	14.34211
86.5960030555725	12.82553
86.6116230487823	11.14091
86.6272530555725	9.348476
86.6428730487823	7.445987
86.6585030555725	5.39054
86.6741230487823	3.17576
86.6897530555725	0.8643618
86.7053830623627	-1.394182
86.7210030555725	-3.442265
86.7366330623627	-5.190783
86.7522530555725	-6.667236
86.7678830623627	-8.004505
86.7835030555725	-9.356811
86.7991330623627	-10.80657
86.8147630691528	-12.35076
86.8303830623627	-13.92816
86.8460130691528	-15.53951
86.8616330623627	-17.30153
86.8772630691528	-19.36101
86.8928830623627	-21.74503
86.9085130691528	-24.20015
86.924143075943	-26.13
86.9397630691528	-26.77781
86.955393075943	-25.50315
86.9710130691528	-22.06643
86.986643075943	-16.74089
87.0022630691528	-10.25103
87.017893075943	-3.498983
87.0335230827332	2.735201
87.049143075943	7.934359
87.0647730827332	11.90395
87.080393075943	14.65139
87.0960230827332	16.25768
87.111643075943	16.82789
87.1272730827332	16.50601
87.1429030895233	15.52794
87.1585230827332	14.23453
87.1741530895233	13.01501
87.1897730827332	12.18285
87.2054030895233	11.89437
87.2210230827332	12.09493
87.2366530895233	12.55737
87.2522830963135	12.99894
87.2679030895233	13.18956
87.2835330963135	12.99887
87.2991530895233	12.4342
87.3147830963135	11.59247
87.3304030895233	10.57998
87.3460330963135	9.478669
87.3616631031036	8.274386
87.3772830963135	6.881494
87.3929131031036	5.160951
87.4085330963135	3.015792
87.4241631031036	0.4424143
87.4397830963135	-2.395714
87.4554131031036	-5.21375
87.4710431098938	-7.695285
87.4866631031036	-9.617792
87.5022931098938	-10.94985
87.5179131031036	-11.8741
87.5335431098938	-12.69054
87.5491728782654	-13.707
87.5647931098938	-15.13134
87.5804228782654	-17.02914
87.5960431098938	-19.30549
87.6116728782654	-21.73538
87.6272931098938	-23.94647
87.6429228782654	-25.43914
87.6585528850555	-25.68033
87.6741728782654	-24.25216
87.6898028850555	-20.99536
87.7054228782654	-16.12098
87.7210528850555	-10.19407
87.7366728782654	-3.96893
87.7523028850555	1.823076
87.7679328918457	6.674208
87.7835528850555	10.35287
87.7991828918457	12.85303
87.8148028850555	14.28866
87.8304328918457	14.80475
87.8460528850555	14.56174
87.8616828918457	13.78197
87.8773128986359	12.76201
87.8929328918457	11.83321
87.9085628986359	11.30343
87.9241828918457	11.30458
87.9398128986359	11.75388
87.9554328918457	12.3851
87.9710628986359	12.85002
87.986692905426	12.85536
88.0023128986359	12.31079
88.017942905426	11.30846
88.0335628986359	10.06705
88.049192905426	8.806911
88.0648128986359	7.639479
88.080442905426	6.51771
88.0960729122162	5.278094
88.111692905426	3.710965
88.1273229122162	1.682727
88.142942905426	-0.7851992
88.1585729122162	-3.510983
88.174192905426	-6.220688
88.1898229122162	-8.644946
88.2054529190063	-10.61956
88.2210729122162	-12.13996
88.2367029190063	-13.34545
88.2523229122162	-14.45878
88.2679529190063	-15.71856
88.2835729122162	-17.30868
88.2992029190063	-19.30738
88.3148329257965	-21.62691
88.3304529190063	-23.95261
88.3460829257965	-25.72887
88.3617029190063	-26.28582
88.3773329257965	-25.02
88.3929529190063	-21.66125
88.4085829257965	-16.4142
88.4242129325867	-9.945528
88.4398329257965	-3.166882
88.4554629325867	3.055967
88.4710829257965	8.163069
88.4867129325867	11.96308
88.5023329257965	14.52809
88.5179629325867	16.0393
88.5335929393768	16.64607
88.5492129325867	16.47428
88.5648429393768	15.7037
88.5804629325867	14.63267
88.5960929393768	13.65386
88.6117129325867	13.11915
88.6273429393768	13.1947
88.642972946167	13.7547
88.6585929393768	14.46152
88.674222946167	14.92113
88.6898429393768	14.82895
88.705472946167	14.11436
88.7210929393768	12.91392
88.736722946167	11.48342
88.7523529529572	10.0853
88.767972946167	8.857712
88.7836029529572	7.769244
88.799222946167	6.659067
88.8148529529572	5.314678
88.830472946167	3.551289
88.8461029529572	1.31306
88.8617329597473	-1.306353
88.8773529529572	-4.079809
88.8929829597473	-6.73132
88.9086029529572	-9.042903
88.9242329597473	-10.93872
88.9398529529572	-12.49205
88.9554829597473	-13.88151
88.9711129665375	-15.31875
88.9867329597473	-16.96021
89.0023629665375	-18.88198
89.0179829597473	-21.04053
89.0336129665375	-23.24541
89.0492329597473	-25.12266
89.0648629665375	-26.15873
89.0804929733276	-25.79814
89.0961129665375	-23.63824
89.1117429733276	-19.61185
89.1273629665375	-14.07021
89.1429929733276	-7.699008
89.1586129665375	-1.319045
89.1742429733276	4.378905
89.1898729801178	8.991049
89.2054929733276	12.42592
89.2211229801178	14.7669
89.2367429733276	16.15454
89.2523729801178	16.69018
89.2679929733276	16.46898
89.2836229801178	15.66688
89.299252986908	14.57422
89.3148729801178	13.56816
89.330502986908	12.99732
89.3461229801178	13.04971
89.361752986908	13.65082
89.3773729801178	14.52559
89.393002986908	15.28917
89.4086329936981	15.59902
89.424252986908	15.29037
89.4398829936981	14.36399
89.455502986908	12.991
89.4711329936981	11.39423
89.486752986908	9.75281
89.5023829936981	8.113655
89.5180130004883	6.424933
89.5336329936981	4.533894
89.5492630004883	2.316959
89.5648829936981	-0.2243195
89.5805130004883	-2.926277
89.5961329936981	-5.514049
89.6117630004883	-7.706733
89.6273930072784	-9.382206
89.6430130004883	-10.62204
89.6586430072784	-11.65895
89.6742630004883	-12.78806
89.6898930072784	-14.23542
89.7055230140686	-16.07931
89.7211430072784	-18.27291
89.7367730140686	-20.65853
89.7523930072784	-22.97517
89.7680230140686	-24.85158
89.7836430072784	-25.79005
89.7992730140686	-25.26579
89.8149030208588	-22.91684
89.8305230140686	-18.72883
89.8461530208588	-13.09189
89.8617730140686	-6.743701
89.8774030208588	-0.4963398
89.8930230140686	5.029244
89.9086530208588	9.526852
89.9242830276489	12.98746
89.9399030208588	15.54896
89.9555330276489	17.31374
89.9711530208588	18.304
89.9867830276489	18.52894
90.0024030208588	18.05095
90.0180330276489	17.1035
90.0336630344391	16.04032
90.0492830276489	15.2221
90.0649130344391	14.87699
90.0805330276489	15.02867
90.0961630344391	15.47731
90.1117830276489	15.90446
90.1274130344391	15.986
90.1430430412292	15.53519
90.1586630344391	14.54694
90.1742930412292	13.19426
90.1899130344391	11.71471
90.2055430412292	10.29267
90.2211630344391	8.947531
90.2367930412292	7.525528
90.2524230480194	5.783035
90.2680430412292	3.534085
90.2836730480194	0.7773061
90.2992930412292	-2.257808
90.3149230480194	-5.209493
90.3305430412292	-7.730551
90.3461730480194	-9.63203
90.3618030548096	-10.94
90.3774230480194	-11.87603
90.3930530548096	-12.73751
90.4086730480194	-13.78403
90.4243030548096	-15.20694
90.4399230480194	-17.06525
90.4555530548096	-19.30819
90.4711830615997	-21.72915
90.4868030548096	-23.9637
90.5024330615997	-25.49456
90.5180530548096	-25.75054
90.5336830615997	-24.27193
90.5493030548096	-20.87453
90.5649330615997	-15.77399
90.5805630683899	-9.570734
90.5961830615997	-3.086428
90.6118130683899	2.888499
90.6274330615997	7.764166
90.6430630683899	11.3223
90.6586830615997	13.63935
90.6743130683899	14.97714
90.6899430751801	15.61226
90.7055630683899	15.73995
90.7211930751801	15.46207
90.7368130683899	14.85173
90.7524430751801	14.05928
90.7680630683899	13.2915
90.7836930751801	12.78535
90.7993230819702	12.68748
90.8149430751801	12.98687
90.8305730819702	13.50024
90.8461930751801	13.95035
90.8618230819702	14.06747
90.8774430751801	13.67201
90.8930730819702	12.73704
90.9087030887604	11.34847
90.9243230819702	9.664199
90.9399530887604	7.838001
90.9555730819702	5.970062
90.9712030887604	4.060077
90.9868230819702	2.030477
91.0024530887604	-0.1805358
91.0180830955505	-2.563079
91.0337030887604	-4.990924
91.0493330955505	-7.26327
91.0649530887604	-9.192137
91.0805830955505	-10.72705
91.0962030887604	-11.98167
91.1118330955505	-13.20155
91.1274631023407	-14.62853
91.1430830955505	-16.37684
91.1587131023407	-18.40268
91.1743330955505	-20.54405
91.1899631023407	-22.57755
91.2055830955505	-24.25599
91.2212131023407	-25.27363
91.2368431091309	-25.28211
91.2524631023407	-23.89372
91.2680931091309	-20.87247
91.2837131023407	-16.25745
91.2993431091309	-10.44662
91.3149631023407	-4.130362
91.3305931091309	1.921681
91.3462228775024	7.10309
91.3618431091309	11.11014
91.3774728775024	13.90533
91.3930931091309	15.62315
91.4087228775024	16.40992
91.4243431091309	16.39195
91.4399728775024	15.71316
91.4556028842926	14.6119
91.4712228775024	13.43408
91.4868528842926	12.55847
91.5024728775024	12.26105
91.5181028842926	12.57767
91.5337228775024	13.30555
91.5493528842926	14.07476
91.5649828910828	14.52044
91.5806028842926	14.40423
91.5962328910828	13.68681
91.6118528842926	12.476
91.6274828910828	10.96455
91.6431028842926	9.337469
91.6587328910828	7.711617
91.6743628978729	6.107171
91.6899828910828	4.460789
91.7056128978729	2.654315
91.7212328910828	0.5875721
91.7368628978729	-1.787704
91.7524828910828	-4.407577
91.7681128978729	-7.081632
91.7837429046631	-9.563967
91.7993628978729	-11.60893
91.8149929046631	-13.09741
91.8306128978729	-14.07836
91.8462429046631	-14.79125
91.8618628978729	-15.55295
91.8774929046631	-16.68665
91.8931229114532	-18.37547
91.9087429046631	-20.58848
91.9243729114532	-23.02979
91.9399929046631	-25.14922
91.9556229114532	-26.24552
91.9712429046631	-25.68184
91.9868729114532	-23.09356
92.0025029182434	-18.54968
92.0181229114532	-12.58273
92.0337529182434	-6.016044
92.0493729114532	0.2821951
92.0650029182434	5.656243
92.0806229114532	9.810942
92.0962529182434	12.77446
92.1118829250336	14.74399
92.1275029182434	15.92303
92.1431329250336	16.44466
92.1587529182434	16.37388
92.1743829250336	15.81825
92.1900029182434	14.98593
92.2056329250336	14.15127
92.2212629318237	13.59632
92.2368829250336	13.47162
92.2525129318237	13.74778
92.2681329250336	14.22659
92.2837629318237	14.6464
92.2993829250336	14.76579
92.3150129318237	14.44941
92.3306429386139	13.69852
92.3462629318237	12.59789
92.3618929386139	11.2495
92.3775129318237	9.741311
92.3931429386139	8.108416
92.4087729454041	6.353989
92.4243929386139	4.479466
92.4400229454041	2.486156
92.4556429386139	0.3924475
92.4712729454041	-1.785268
92.4868929386139	-4.006674
92.5025229454041	-6.219088
92.5181529521942	-8.330793
92.5337729454041	-10.24463
92.5494029521942	-11.91093
92.5650229454041	-13.36228
92.5806529521942	-14.72269
92.5962729454041	-16.16232
92.6119029521942	-17.84973
92.6275329589844	-19.86526
92.6431529521942	-22.14124
92.6587829589844	-24.4292
92.6744029521942	-26.31402
92.6900329589844	-27.27186
92.7056529521942	-26.81224
92.7212829589844	-24.60448
92.7369129657745	-20.61934
92.7525329589844	-15.16486
92.7681629657745	-8.856009
92.7837829589844	-2.435261
92.7994129657745	3.412544
92.8150329589844	8.232153
92.8306629657745	11.85992
92.8462929725647	14.37435
92.8619129657745	15.99097
92.8775429725647	16.93797
92.8931629657745	17.38361
92.9087929725647	17.45351
92.9244129657745	17.25851
92.9400429725647	16.93535
92.9556729793549	16.66599
92.9712929725647	16.61298
92.9869229793549	16.88112
93.0025429725647	17.43159
93.0181729793549	18.07766
93.0337929725647	18.55169
93.0494229793549	18.59817
93.065052986145	18.07907
93.0806729793549	16.98476
93.096302986145	15.42081
93.1119229793549	13.51777
93.127552986145	11.39375
93.1431729793549	9.117266
93.158802986145	6.747829
93.1744329929352	4.378784
93.190052986145	2.131239
93.2056829929352	0.1245079
93.221302986145	-1.601997
93.2369329929352	-3.108088
93.252552986145	-4.513142
93.2681829929352	-5.925131
93.2838129997253	-7.394003
93.2994329929352	-8.912529
93.3150629997253	-10.44582
93.3306829929352	-11.99193
93.3463129997253	-13.58591
93.3619329929352	-15.29348
93.3775629997253	-17.19098
93.3931930065155	-19.34377
93.4088129997253	-21.77512
93.4244430065155	-24.42165
93.4400629997253	-27.0622
93.4556930065155	-29.25514
93.4713129997253	-30.39022
93.4869430065155	-29.84031
93.5025730133057	-27.20008
93.5181930065155	-22.49004
93.5338230133057	-16.21004
93.5494430065155	-9.197653
93.5650730133057	-2.341141
93.5806930065155	3.68771
93.5963230133057	8.558498
93.6119530200958	12.24936
93.6275730133057	14.89062
93.6432030200958	16.62972
93.6588230133057	17.5475
93.6744530200958	17.72169
93.6900730133057	17.28324
93.7057030200958	16.47248
93.721333026886	15.59716
93.7369530200958	14.97436
93.752583026886	14.81046
93.7682030200958	15.15487
93.783833026886	15.89578
93.7994530200958	16.77453
93.815083026886	17.49409
93.8307130336761	17.78166
93.846333026886	17.47163
93.8619630336761	16.53474
93.877583026886	15.07154
93.8932130336761	13.251
93.908833026886	11.25126
93.9244630336761	9.206873
93.9400930404663	7.173691
93.9557130336761	5.15379
93.9713430404663	3.146061
93.9869630336761	1.148773
94.0025930404663	-0.8333988
94.0182130336761	-2.803843
94.0338430404663	-4.77449
94.0494730472565	-6.771198
94.0650930404663	-8.772125
94.0807230472565	-10.69816
94.0963430404663	-12.46915
94.1119730472565	-14.03216
94.1275930404663	-15.44868
94.1432230472565	-16.88028
94.1588530540466	-18.55502
94.1744730472565	-20.63264
94.1901030540466	-23.09336
94.2057230472565	-25.67858
94.2213530540466	-27.89579
94.2369730472565	-29.13429
94.2526030540466	-28.8052
94.2682330608368	-26.53402
94.2838530540466	-22.28639
94.2994830608368	-16.4447
94.3151030540466	-9.714315
94.3307330608368	-2.964193
94.3463530540466	3.057081
94.3619830608368	7.894258
94.377613067627	11.46338
94.3932330608368	13.96872
94.408863067627	15.69212
94.4244830608368	16.84322
94.440113067627	17.48421
94.4557330608368	17.59689
94.471363067627	17.20942
94.4869930744171	16.48681
94.502613067627	15.72687
94.5182430744171	15.21747
94.533863067627	15.14582
94.5494930744171	15.49366
94.565113067627	16.07809
94.5807430744171	16.64089
94.5963730812073	16.94204
94.6119930744171	16.81446
94.6276230812073	16.16533
94.6432430744171	14.99686
94.6588730812073	13.35386
94.6745030879974	11.36654
94.6901230812073	9.196615
94.7057530879974	7.012905
94.7213730812073	4.913248
94.7370030879974	2.906223
94.7526230812073	0.9463768
94.7682530879974	-1.027662
94.7838830947876	-3.008972
94.7995030879974	-4.93729
94.8151330947876	-6.706385
94.8307530879974	-8.263885
94.8463830947876	-9.628563
94.8620030879974	-10.89107
94.8776330947876	-12.17016
94.8932631015778	-13.56402
94.9088830947876	-15.16124
94.9245131015778	-17.03659
94.9401330947876	-19.26608
94.9557631015778	-21.82856
94.9713830947876	-24.5468
94.9870131015778	-26.97536
95.0026431083679	-28.45125
95.0182631015778	-28.26767
95.0338931083679	-25.92791
95.0495131015778	-21.37747
95.0651431083679	-15.07368
95.0807631015778	-7.886848
95.0963931083679	-0.8014259
95.1120228767395	5.345312
95.1276431083679	10.05847
95.1432728767395	13.26199
95.1588931083679	15.18387
95.1745228767395	16.18434
95.1901431083679	16.60532
95.2057728767395	16.66043
95.2214028835297	16.46288
95.2370228767395	16.06507
95.2526528835297	15.55321
95.2682728767395	15.0635
95.2839028835297	14.77926
95.2995228767395	14.85555
95.3151528835297	15.32906
95.3307828903198	16.06253
95.3464028835297	16.77811
95.3620328903198	17.16696
95.3776528835297	16.99475
95.3932828903198	16.22581
95.4089028835297	14.99534
95.4245328903198	13.52373
95.44016289711	11.99266
95.4557828903198	10.46099
95.47141289711	8.833855
95.4870328903198	6.987514
95.50266289711	4.862951
95.5182828903198	2.535509
95.53391289711	0.1574383
95.5495429039001	-2.126356
95.56516289711	-4.258776
95.5807929039001	-6.290426
95.59641289711	-8.299755
95.6120429039001	-10.29817
95.62766289711	-12.21187
95.6432929039001	-13.90578
95.6589229106903	-15.31561
95.6745429039001	-16.52315
95.6901729106903	-17.77775
95.7057929039001	-19.37062
95.7214229106903	-21.474
95.7370429039001	-23.97139
95.7526729106903	-26.39401
95.7683029174805	-28.01635
95.7839229106903	-28.07169
95.7995529174805	-26.04746
95.8151729106903	-21.88768
95.8308029174805	-16.05056
95.8464229106903	-9.362827
95.8620529174805	-2.730556
95.8776829242706	3.111723
95.8933029174805	7.803024
95.9089329242706	11.31648
95.9245529174805	13.79763
95.9401829242706	15.41791
95.9558029174805	16.31218
95.9714329242706	16.59106
95.9870629310608	16.40529
96.0026829242706	15.98813
96.0183129310608	15.60575
96.0339329242706	15.45852
96.0495629310608	15.62179
96.0651829242706	16.01991
96.0808129310608	16.51126
96.096442937851	16.93418
96.1120629310608	17.17429
96.127692937851	17.15142
96.1433129310608	16.8032
96.158942937851	16.05899
96.1745629310608	14.88127
96.190192937851	13.27206
96.2058229446411	11.33141
96.221442937851	9.213953
96.2370729446411	7.092733
96.252692937851	5.076418
96.2683229446411	3.170988
96.283942937851	1.300196
96.2995729446411	-0.6533909
96.3152029514313	-2.754381
96.3308229446411	-4.971451
96.3464529514313	-7.168159
96.3620729446411	-9.158726
96.3777029514313	-10.80734
96.3933229446411	-12.09272
96.4089529514313	-13.13488
96.4245829582214	-14.15337
96.4402029514313	-15.38165
96.4558329582214	-16.98391
96.4714529514313	-19.01874
96.4870829582214	-21.41051
96.5027029514313	-23.95505
96.5183329582214	-26.30035
96.5339629650116	-27.97806
96.5495829582214	-28.44037
96.5652129650116	-27.2115
96.5808329582214	-24.05533
96.5964629650116	-19.09646
96.6120829582214	-12.85104
96.6277129650116	-6.108803
96.6433429718018	0.3202667
96.6589629650116	5.798422
96.6745929718018	9.991678
96.6902129650116	12.88172
96.7058429718018	14.63231
96.7214629650116	15.47578
96.7370929718018	15.61449
96.7527229785919	15.22631
96.7683429718018	14.51025
96.7839729785919	13.70197
96.7995929718018	13.0331
96.8152229785919	12.69425
96.8308429718018	12.77538
96.8464729785919	13.20949
96.8621029853821	13.82291
96.8777229785919	14.38669
96.8933529853821	14.69035
96.9089729785919	14.60183
96.9246029853821	14.05484
96.9402229785919	13.05698
96.9558529853821	11.6594
96.9714829921722	9.946844
96.9871029853821	8.02397
97.0027329921722	6.021022
97.0183529853821	4.033393
97.0339829921722	2.115056
97.0496129989624	0.2851038
97.0652329921722	-1.471526
97.0808629989624	-3.166009
97.0964829921722	-4.800998
97.1121129989624	-6.386284
97.1277329921722	-7.929449
97.1433629989624	-9.445209
97.1589930057526	-10.9606
97.1746129989624	-12.51447
97.1902430057526	-14.14713
97.2058629989624	-15.91518
97.2214930057526	-17.88817
97.2371129989624	-20.12996
97.2527430057526	-22.62927
97.2683730125427	-25.18328
97.2839930057526	-27.32871
97.2996230125427	-28.42646
97.3152430057526	-27.83661
97.3308730125427	-25.17764
97.3464930057526	-20.49654
97.3621230125427	-14.33657
97.3777530193329	-7.559006
97.3933730125427	-1.083061
97.4090030193329	4.414854
97.4246230125427	8.614777
97.4402530193329	11.57492
97.4558730125427	13.533
97.4715030193329	14.7399
97.487133026123	15.33228
97.5027530193329	15.37211
97.518383026123	14.91422
97.5340030193329	14.11244
97.549633026123	13.25239
97.5652530193329	12.64654
97.580883026123	12.52903
97.5965130329132	12.94494
97.612133026123	13.6894
97.6277630329132	14.41715
97.643383026123	14.774
97.6590130329132	14.52503
97.674633026123	13.6347
97.6902630329132	12.26647
97.7058930397034	10.65587
97.7215130329132	9.03596
97.7371430397034	7.526905
97.7527630329132	6.111452
97.7683930397034	4.671326
97.7840130329132	3.067664
97.7996430397034	1.210923
97.8152730464935	-0.8828526
97.8308930397034	-3.097541
97.8465230464935	-5.273175
97.8621430397034	-7.278934
97.8777730464935	-9.047787
97.8933930397034	-10.61157
97.9090230464935	-12.04696
97.9246530532837	-13.43129
97.9402730464935	-14.8395
97.9559030532837	-16.34458
97.9715230464935	-18.01689
97.9871530532837	-19.92127
98.0027730464935	-22.00433
98.0184030532837	-24.00609
98.0340330600739	-25.44242
98.0496530532837	-25.69341
98.0652830600739	-24.21846
98.0809030532837	-20.80938
98.0965330600739	-15.69418
98.1121530532837	-9.497883
98.1277830600739	-3.037428
98.143413066864	2.965216
98.1590330600739	8.046228
98.174663066864	12.0383
98.1902830600739	14.97861
98.205913066864	16.97254
98.2215330600739	18.09722
98.237163066864	18.42876
98.2527930736542	18.09885
98.268413066864	17.3281
98.2840430736542	16.41837
98.299663066864	15.67041
98.3152930736542	15.27717
98.330913066864	15.26966
98.3465430736542	15.54256
98.3621730804443	15.89954
98.3777930736542	16.13787
98.3934230804443	16.12551
98.4090430736542	15.76418
98.4246730804443	15.02349
98.4402930736542	13.89181
98.4559230804443	12.38673
98.4715530872345	10.55337
98.4871730804443	8.480013
98.5028030872345	6.290705
98.5184230804443	4.104538
98.5340530872345	2.007254
98.5496730804443	0.01336098
98.5653030872345	-1.90712
98.5809330940247	-3.792511
98.5965530872345	-5.642197
98.6121830940247	-7.398579
98.6278030872345	-8.984081
98.6434330940247	-10.3462
98.6590530872345	-11.52869
98.6746830940247	-12.65323
98.6903131008148	-13.90053
98.7059330940247	-15.43641
98.7215631008148	-17.3306
98.7371830940247	-19.56359
98.7528131008148	-21.99997
98.7684330940247	-24.38746
98.7840631008148	-26.35459
98.799693107605	-27.4592
98.8153131008148	-27.23211
98.830943107605	-25.32234
98.8465631008148	-21.63253
98.862193107605	-16.37887
98.8778131008148	-10.12208
98.893443107605	-3.601646
98.9090728759766	2.460291
98.924693107605	7.547823
98.9403228759766	11.39839
98.955943107605	14.00547
98.9715728759766	15.52403
98.987193107605	16.16638
99.0028228759766	16.16875
99.0184528827667	15.78421
99.0340728759766	15.27666
99.0497028827667	14.89798
99.0653228759766	14.84641
99.0809528827667	15.19377
99.0965728759766	15.87604
99.1122028827667	16.7124
99.1278328895569	17.45444
99.1434528827667	17.87632
99.1590828895569	17.83492
99.1747028827667	17.28709
99.1903328895569	16.27811
99.2059528827667	14.90203
99.2215828895569	13.28311
99.237212896347	11.53229
99.2528328895569	9.744154
99.268462896347	7.975467
99.2840828895569	6.256599
99.299712896347	4.570967
99.3153328895569	2.854886
99.330962896347	1.013975
99.3465929031372	-1.030749
99.362212896347	-3.289922
99.3778429031372	-5.663251
99.393462896347	-8.005111
99.4090929031372	-10.15043
99.424712896347	-12.00188
99.4403429031372	-13.5689
99.4559729099274	-14.96695
99.4715929031372	-16.3481
99.4872229099274	-17.8609
99.5028429031372	-19.61983
99.5184729099274	-21.65608
99.5341029167175	-23.90376
99.5497229099274	-26.16919
99.5653529167175	-28.09018
99.5809729099274	-29.1624
99.5966029167175	-28.82827
99.6122229099274	-26.64869
99.6278529167175	-22.48842
99.6434829235077	-16.63592
99.6591029167175	-9.748901
99.6747329235077	-2.671152
99.6903529167175	3.775608
99.7059829235077	9.044775
99.7216029167175	12.89717
99.7372329235077	15.39077
99.7528629302979	16.73456
99.7684829235077	17.17636
99.7841129302979	16.92651
99.7997329235077	16.18882
99.8153629302979	15.19934
99.8309829235077	14.23445
99.8466129302979	13.5827
99.862242937088	13.44071
99.8778629302979	13.85828
99.893492937088	14.67217
99.9091129302979	15.57933
99.924742937088	16.21338
99.9403629302979	16.26299
99.955992937088	15.59982
99.9716229438782	14.27884
99.987242937088	12.50394
100.002872943878	10.51932
100.018492937088	8.547651
100.034122943878	6.71404
100.049742937088	5.064647
100.065372943878	3.575411
100.081002950668	2.171149
100.096622943878	0.7772293
100.112252950668	-0.6858873
100.127872943878	-2.259539
100.143502950668	-3.955674
100.159122943878	-5.739306
100.174752950668	-7.545227
100.190382957458	-9.313734
100.206002950668	-10.99929
100.221632957458	-12.60194
100.237252950668	-14.17604
100.252882957458	-15.83092
100.268502950668	-17.70555
100.284132957458	-19.92923
100.299762964249	-22.51073
100.315382957458	-25.26897
100.331012964249	-27.74638
100.346632957458	-29.27073
100.362262964249	-29.13599
100.377882957458	-26.84639
100.393512964249	-22.33871
100.409142971039	-16.05322
100.424762964249	-8.823899
100.440392971039	-1.623109
100.456012964249	4.72462
100.471642971039	9.746086
100.487262964249	13.342
100.502892971039	15.69787
100.518522977829	17.08604
100.534142971039	17.75479
100.549772977829	17.86922
100.565392971039	17.54272
100.581022977829	16.91157
100.596642971039	16.17443
100.612272977829	15.55179
100.627902984619	15.23944
100.643522977829	15.34246
100.659152984619	15.80565
100.674772977829	16.47919
100.690402984619	17.11451
100.706022977829	17.43486
100.721652984619	17.21873
100.737282991409	16.34233
100.752902984619	14.82931
100.768532991409	12.85574
100.784152984619	10.69868
100.799782991409	8.623475
100.815402984619	6.785536
100.831032991409	5.164034
100.846662998199	3.583159
100.862282991409	1.824218
100.877912998199	-0.2488766
100.893532991409	-2.623279
100.909162998199	-5.143721
100.924782991409	-7.601078
100.940412998199	-9.833383
100.95604300499	-11.78022
100.971662998199	-13.46246
100.98729300499	-14.96462
101.002912998199	-16.35376
101.01854300499	-17.72053
101.034162998199	-19.17208
101.04979300499	-20.84528
101.06542301178	-22.82397
101.08104300499	-25.06267
101.09667301178	-27.25573
101.11229300499	-28.84795
101.12792301178	-29.16521
101.14354300499	-27.63395
101.15917301178	-24.03024
101.17480301857	-18.59395
101.19042301178	-11.98548
101.20605301857	-5.069966
101.22167301178	1.341874
101.23730301857	6.717645
101.25292301178	10.86374
101.26855301857	13.84406
101.28418302536	15.8486
101.29980301857	17.04582
101.31543302536	17.5486
101.33105301857	17.44575
101.34668302536	16.88432
101.36230301857	16.08428
101.37793302536	15.31231
101.39356303215	14.80404
101.40918302536	14.6543
101.42481303215	14.82471
101.44043302536	15.16679
101.45606303215	15.48237
101.47168302536	15.59723
101.48731303215	15.3655
101.50294303894	14.71822
101.51856303215	13.63801
101.53419303894	12.18673
101.54981303215	10.46784
101.56544303894	8.625143
101.58106303215	6.78174
101.59669303894	4.98737
101.612323045731	3.198431
101.62794303894	1.324879
101.643573045731	-0.694521
101.65919303894	-2.820084
101.674823045731	-4.905848
101.690453052521	-6.794094
101.706073045731	-8.385559
101.721703052521	-9.718719
101.737323045731	-10.9544
101.752953052521	-12.30157
101.768573045731	-13.92826
101.784203052521	-15.91993
101.799833059311	-18.26533
101.815453052521	-20.88329
101.831083059311	-23.61605
101.846703052521	-26.23437
101.862333059311	-28.3993
101.877953052521	-29.64443
101.893583059311	-29.44903
101.909213066101	-27.40046
101.924833059311	-23.36197
101.940463066101	-17.58227
101.956083059311	-10.6737
101.971713066101	-3.449884
101.987333059311	3.290813
102.002963066101	8.993313
102.018593072891	13.41222
102.034213066101	16.5764
102.049843072891	18.64637
102.065463066101	19.78937
102.081093072891	20.11781
102.096713066101	19.74359
102.112343072891	18.83517
102.127973079681	17.67456
102.143593072891	16.58896
102.159223079681	15.86612
102.174843072891	15.64658
102.190473079681	15.85751
102.206093072891	16.27317
102.221723079681	16.58299
102.237353086472	16.5164
102.252973079681	15.92387
102.268603086472	14.80375
102.284223079681	13.23938
102.299853086472	11.3777
102.315473079681	9.350506
102.331103086472	7.284418
102.346733093262	5.246803
102.362353086472	3.261154
102.377983093262	1.27862
102.393603086472	-0.7840614
102.409233093262	-2.997826
102.424853086472	-5.38154
102.440483093262	-7.838671
102.456113100052	-10.18294
102.471733093262	-12.20493
102.487363100052	-13.80282
102.502983093262	-15.02762
102.518613100052	-16.08681
102.534233093262	-17.25221
102.549863100052	-18.74292
102.565493106842	-20.64716
102.581113100052	-22.88302
102.596743106842	-25.1974
102.612363100052	-27.17973
102.627993106842	-28.32933
102.643613100052	-28.11009
102.659243106842	-26.11161
102.674872875214	-22.18601
102.690493106842	-16.55951
102.706122875214	-9.794271
102.721743106842	-2.652075
102.737372875214	4.151237
102.752993106842	10.10525
102.768622875214	14.96588
102.784252882004	18.67467
102.799872875214	21.26877
102.815502882004	22.78919
102.831122875214	23.28849
102.846752882004	22.88264
102.862372875214	21.79176
102.878002882004	20.31253
102.893632888794	18.76311
102.909252882004	17.41998
102.924882888794	16.463
102.940502882004	15.95239
102.956132888794	15.79678
102.971752882004	15.82141
102.987382888794	15.76985
103.003012895584	15.38437
103.018632888794	14.50453
103.034262895584	13.09797
103.049882888794	11.29834
103.065512895584	9.311901
103.081132888794	7.352249
103.096762895584	5.514978
103.112392902374	3.791634
103.128012895584	2.085026
103.143642902374	0.3062458
103.159262895584	-1.570225
103.174892902374	-3.476723
103.190512895584	-5.302652
103.206142902374	-6.958979
103.221772909164	-8.430162
103.237392902374	-9.818926
103.253022909164	-11.28842
103.268642902374	-12.98236
103.284272909164	-14.96944
103.299892902374	-17.21513
103.315522909164	-19.61375
103.331152915955	-22.0548
103.346772909164	-24.44641
103.362402915955	-26.63393
103.378022909164	-28.36605
103.393652915955	-29.20633
103.409272909164	-28.63789
103.424902915955	-26.24613
103.440532922745	-21.9081
103.456152915955	-15.94828
103.471782922745	-9.054415
103.487402915955	-2.085466
103.503032922745	4.20015
103.518652915955	9.325079
103.534282922745	13.13744
103.549912929535	15.72997
103.565532922745	17.29408
103.581162929535	18.02094
103.596782922745	18.06434
103.612412929535	17.59419
103.628032922745	16.80579
103.643662929535	15.97789
103.659292936325	15.36459
103.674912929535	15.16907
103.690542936325	15.4363
103.706162929535	16.06264
103.721792936325	16.80366
103.737412929535	17.37498
103.753042936325	17.53193
103.768672943115	17.15585
103.784292936325	16.25981
103.799922943115	14.92782
103.815542936325	13.27494
103.831172943115	11.38882
103.846792936325	9.33387
103.862422943115	7.172979
103.878052949905	4.983414
103.893672943115	2.851709
103.909302949905	0.8314075
103.924922943115	-1.073771
103.940552949905	-2.9375
103.956172943115	-4.826324
103.971802949905	-6.776119
103.987432956696	-8.753212
104.003052949905	-10.6696
104.018682956696	-12.42372
104.034302949905	-13.95655
104.049932956696	-15.29375
104.065552949905	-16.5432
104.081182956696	-17.90573
104.096812963486	-19.5954
104.112432956696	-21.72748
104.128062963486	-24.21947
104.143682956696	-26.67373
104.159312963486	-28.42213
104.174932956696	-28.69179
104.190562963486	-26.90964
104.206192970276	-22.9464
104.221812963486	-17.20649
104.237442970276	-10.50301
104.253062963486	-3.770365
104.268692970276	2.240435
104.284312963486	7.142326
104.299942970276	10.87516
104.315572977066	13.56642
104.331192970276	15.36658
104.346822977066	16.42094
104.362442970276	16.83205
104.378072977066	16.75418
104.393702983856	16.39644
104.409322977066	16.00313
104.424952983856	15.78071
104.440572977066	15.83561
104.456202983856	16.1513
104.471822977066	16.59824
104.487452983856	16.99567
104.503082990646	17.17304
104.518702983856	17.03706
104.534332990646	16.57159
104.549952983856	15.82471
104.565582990646	14.83997
104.581202983856	13.64084
104.596832990646	12.18785
104.612462997437	10.44916
104.628082990646	8.437738
104.643712997437	6.239628
104.659332990646	4.004434
104.674962997437	1.884034
104.690582990646	-0.040452
104.706212997437	-1.789505
104.721843004227	-3.4276
104.737462997437	-5.03712
104.753093004227	-6.660044
104.768712997437	-8.2956
104.784343004227	-9.899257
104.799962997437	-11.43542
104.815593004227	-12.92155
104.831223011017	-14.42672
104.846843004227	-16.0467
104.862473011017	-17.88878
104.878093004227	-20.02644
104.893723011017	-22.43494
104.909343004227	-24.92843
104.924973011017	-27.10658
104.940603017807	-28.40202
104.956223011017	-28.23523
104.971853017807	-26.17204
104.987473011017	-22.15737
105.003103017807	-16.55938
105.018723011017	-10.10167
105.034353017807	-3.609163
105.049983024597	2.229521
105.065603017807	7.028116
105.081233024597	10.72488
105.096853017807	13.42946
105.112483024597	15.30658
105.128103017807	16.42881
105.143733024597	16.8103
105.159363031387	16.4864
105.174983024597	15.61667
105.190613031387	14.50567
105.206233024597	13.52535
105.221863031387	12.98619
105.237483024597	13.00751
105.253113031387	13.48586
105.268743038177	14.11182
105.284363031387	14.53205
105.299993038177	14.47773
105.315613031387	13.852
105.331243038177	12.74202
105.346863031387	11.3373
105.362493038177	9.847498
105.378123044968	8.378577
105.393743038177	6.933958
105.409373044968	5.411396
105.424993038177	3.695523
105.440623044968	1.73606
105.456243038177	-0.4428825
105.471873044968	-2.707056
105.487503051758	-4.875872
105.503123044968	-6.805406
105.518753051758	-8.458179
105.534373044968	-9.873652
105.550003051758	-11.16786
105.565623044968	-12.45419
105.581253051758	-13.79768
105.596883058548	-15.22862
105.612503051758	-16.75691
105.628133058548	-18.42299
105.643753051758	-20.27231
105.659383058548	-22.25085
105.675003051758	-24.07664
105.690633058548	-25.22815
105.706263065338	-25.07255
105.721883058548	-23.09573
105.737513065338	-19.1793
105.753133058548	-13.68225
105.768763065338	-7.364667
105.784383058548	-1.091125
105.800013065338	4.4349
105.815643072128	8.855706
105.831263065338	12.13825
105.846893072128	14.38982
105.862513065338	15.7535
105.878143072128	16.30947
105.893763065338	16.13454
105.909393072128	15.40171
105.925023078918	14.42123
105.940643072128	13.57828
105.956273078918	13.20291
105.971893072128	13.40877
105.987523078918	14.078
106.003143072128	14.89225
106.018773078918	15.4524
106.034403085709	15.44655
106.050023078918	14.74577
106.065653085709	13.41994
106.081273078918	11.6874
106.096903085709	9.824255
106.112523078918	8.060379
106.128153085709	6.511688
106.143783092499	5.152382
106.159403085709	3.830361
106.175033092499	2.340417
106.190653085709	0.5137427
106.206283092499	-1.709849
106.221903085709	-4.257324
106.237533092499	-6.920072
106.253163099289	-9.440009
106.268783092499	-11.59801
106.284413099289	-13.28187
106.300033092499	-14.52471
106.315663099289	-15.49628
106.331283092499	-16.42539
106.346913099289	-17.57382
106.362543106079	-19.12253
106.378163099289	-21.07504
106.393793106079	-23.19711
106.409413099289	-25.02022
106.425043106079	-25.93031
106.440663099289	-25.34889
106.456293106079	-22.93843
106.471922874451	-18.73994
106.487543106079	-13.16496
106.503172874451	-6.886446
106.518793106079	-0.6487627
106.534422874451	4.930919
106.550052881241	9.484189
106.565672874451	12.89263
106.581302881241	15.24306
106.596922874451	16.69676
106.612552881241	17.42972
106.628172874451	17.57997
106.643802881241	17.26453
106.659432888031	16.61981
106.675052881241	15.83254
106.690682888031	15.1375
106.706302881241	14.77134
106.721932888031	14.84884
106.737552881241	15.31224
106.753182888031	15.9267
106.768812894821	16.35195
106.784432888031	16.28826
106.800062894821	15.59903
106.815682888031	14.32473
106.831312894821	12.6695
106.846932888031	10.87399
106.862562894821	9.105991
106.878192901611	7.423268
106.893812894821	5.76531
106.909442901611	4.021765
106.925062894821	2.093517
106.940692901611	-0.03010917
106.956312894821	-2.272016
106.971942901611	-4.495751
106.987572908401	-6.570093
107.003192901611	-8.405173
107.018822908401	-9.994281
107.034442901611	-11.39497
107.050072908401	-12.6927
107.065692901611	-13.99952
107.081322908401	-15.40128
107.096952915192	-16.99899
107.112572908401	-18.87544
107.128202915192	-21.07059
107.143822908401	-23.52308
107.159452915192	-25.96672
107.175072908401	-27.91797
107.190702915192	-28.7447
107.206332921982	-27.85609
107.221952915192	-24.93921
107.237582921982	-20.11194
107.253202915192	-13.90806
107.268832921982	-7.129127
107.284452915192	-0.5926032
107.300082921982	5.101536
107.315712928772	9.646578
107.331332921982	13.01158
107.346962928772	15.31504
107.362582921982	16.70742
107.378212928772	17.33171
107.393832921982	17.34047
107.409462928772	16.92088
107.425092935562	16.32466
107.440712928772	15.80879
107.456342935562	15.57864
107.471962928772	15.70345
107.487592935562	16.1303
107.503212928772	16.69634
107.518842935562	17.1876
107.534472942352	17.39858
107.550092935562	17.17176
107.565722942352	16.46035
107.581342935562	15.31243
107.596972942352	13.86302
107.612592935562	12.23938
107.628222942352	10.53901
107.643852949142	8.759998
107.659472942352	6.864944
107.675102949142	4.806689
107.690722942352	2.591309
107.706352949142	0.3279862
107.721972942352	-1.853718
107.737602949142	-3.833196
107.753232955933	-5.601523
107.768852949142	-7.224174
107.784482955933	-8.793814
107.800102949142	-10.35217
107.815732955933	-11.85653
107.831352949142	-13.24518
107.846982955933	-14.51853
107.862612962723	-15.82173
107.878232955933	-17.35447
107.893862962723	-19.28541
107.909482955933	-21.60906
107.925112962723	-24.02479
107.940732955933	-25.97602
107.956362962723	-26.78046
107.971992969513	-25.86514
107.987612962723	-22.93177
108.003242969513	-18.11604
108.018862962723	-11.93443
108.034492969513	-5.155784
108.050112962723	1.377413
108.065742969513	6.988875
108.081372976303	11.27026
108.096992969513	14.13317
108.112622976303	15.70063
108.128242969513	16.25361
108.143872976303	16.0573
108.159492969513	15.37259
108.175122976303	14.44885
108.190752983093	13.54217
108.206372976303	12.89872
108.222002983093	12.70313
108.237622976303	13.02132
108.253252983093	13.75221
108.268872976303	14.67654
108.284502983093	15.50908
108.300132989883	15.99775
108.315752983093	15.9748
108.331382989883	15.38275
108.347002983093	14.2883
108.362632989883	12.80895
108.378252983093	11.12043
108.393882989883	9.38107
108.409512996674	7.704828
108.425132989883	6.112719
108.440762996674	4.522119
108.456382989883	2.791378
108.472012996674	0.8017025
108.487632989883	-1.45845
108.503262996674	-3.858597
108.518893003464	-6.18675
108.534512996674	-8.23642
108.550143003464	-9.916878
108.565762996674	-11.2948
108.581393003464	-12.51662
108.597012996674	-13.73298
108.612643003464	-15.05297
108.628273010254	-16.51636
108.643893003464	-18.14749
108.659523010254	-19.97197
108.675143003464	-21.97231
108.690773010254	-23.9586
108.706393003464	-25.53647
108.722023010254	-26.1271
108.737653017044	-25.12468
108.753273010254	-22.16437
108.768903017044	-17.31054
108.784523010254	-11.10351
108.800153017044	-4.371292
108.815783023834	1.978119
108.831403017044	7.275358
108.847033023834	11.2026
108.862653017044	13.77765
108.878283023834	15.23337
108.893903017044	15.83216
108.909533023834	15.7833
108.925163030624	15.22897
108.940783023834	14.32225
108.956413030624	13.25712
108.972033023834	12.31183
108.987663030624	11.74661
109.003283023834	11.71694
109.018913030624	12.19517
109.034543037415	12.94326
109.050163030624	13.62152
109.065793037415	13.88229
109.081413030624	13.511
109.097043037415	12.4883
109.112663030624	10.96985
109.128293037415	9.207487
109.143923044205	7.438143
109.159543037415	5.848372
109.175173044205	4.469734
109.190793037415	3.244421
109.206423044205	2.026625
109.222043037415	0.637867
109.237673044205	-1.040758
109.253303050995	-3.022621
109.268923044205	-5.186836
109.284553050995	-7.34074
109.300173044205	-9.2686
109.315803050995	-10.86814
109.331423044205	-12.16365
109.347053050995	-13.30935
109.362683057785	-14.49898
109.378303050995	-15.89959
109.393933057785	-17.58768
109.409553050995	-19.55189
109.425183057785	-21.68623
109.440803050995	-23.76114
109.456433057785	-25.38792
109.472063064575	-26.04286
109.487683057785	-25.17925
109.503313064575	-22.42871
109.518933057785	-17.79096
109.534563064575	-11.73665
109.550183057785	-5.070772
109.565813064575	1.308764
109.581443071365	6.702011
109.597063064575	10.76815
109.612693071365	13.50244
109.628313064575	15.09685
109.643943071365	15.75578
109.659563064575	15.66546
109.675193071365	14.97556
109.690823078156	13.94019
109.706443071365	12.90207
109.722073078156	12.23956
109.737693071365	12.19661
109.753323078156	12.77022
109.768943071365	13.71867
109.784573078156	14.64368
109.800203084946	15.1746
109.815823078156	15.07978
109.831453084946	14.35424
109.847073078156	13.12623
109.862703084946	11.61266
109.878323078156	9.999546
109.893953084946	8.401932
109.909583091736	6.862595
109.925203084946	5.34922
109.940833091736	3.784668
109.956453084946	2.094055
109.972083091736	0.2449646
109.987703084946	-1.738068
110.003333091736	-3.766926
110.018963098526	-5.744183
110.034583091736	-7.630081
110.050213098526	-9.429218
110.065833091736	-11.18713
110.081463098526	-12.93694
110.097083091736	-14.67515
110.112713098526	-16.36963
110.128343105316	-18.04806
110.143963098526	-19.79166
110.159593105316	-21.70027
110.175213098526	-23.78967
110.190843105316	-25.83843
110.206463098526	-27.38486
110.222093105316	-27.80676
110.237722873688	-26.55042
110.253343105316	-23.34504
110.268972873688	-18.34229
110.284593105316	-12.07824
110.300222873688	-5.320442
110.315843105316	1.142746
110.331472873688	6.69775
110.347102880478	11.00324
110.362722873688	13.97105
110.378352880478	15.70242
110.393972873688	16.39494
110.409602880478	16.25248
110.425222873688	15.5091
110.440852880478	14.42756
110.456482887268	13.31208
110.472102880478	12.47918
110.487732887268	12.18307
110.503352880478	12.53275
110.518982887268	13.4259
110.534602880478	14.56388
110.550232887268	15.53906
110.565862894058	15.97999
110.581482887268	15.68152
110.597112894058	14.65861
110.612732887268	13.1226
110.628362894058	11.3539
110.643982887268	9.587009
110.659612894058	7.90749
110.675242900848	6.266747
110.690862894058	4.540821
110.706492900848	2.61874
110.722112894058	0.4811211
110.737742900848	-1.802303
110.753362894058	-4.089649
110.768992900848	-6.269386
110.784622907639	-8.261078
110.800242900848	-10.03552
110.815872907639	-11.59409
110.831492900848	-12.97533
110.847122907639	-14.25002
110.862742900848	-15.57231
110.878372907639	-17.12551
110.894002914429	-19.06988
110.909622907639	-21.42255
110.925252914429	-23.93662
110.940872907639	-26.10333
110.956502914429	-27.24385
110.972122907639	-26.71839
110.987752914429	-24.16174
111.003382921219	-19.64033
111.019002914429	-13.65106
111.034632921219	-6.994518
111.050252914429	-0.5013523
111.065882921219	5.152224
111.081502914429	9.630838
111.097132921219	12.86041
111.112762928009	14.93807
111.128382921219	15.98258
111.144012928009	16.09266
111.159632921219	15.4056
111.175262928009	14.17912
111.190882921219	12.85476
111.206512928009	11.92675
111.222142934799	11.77893
111.237762928009	12.46243
111.253392934799	13.68392
111.269012928009	14.90396
111.284642934799	15.59035
111.300262928009	15.44848
111.315892934799	14.49717
111.331522941589	13.03625
111.347142934799	11.42776
111.362772941589	9.919422
111.378392934799	8.561333
111.394022941589	7.238371
111.40965294838	5.779364
111.425272941589	4.077721
111.44090294838	2.135612
111.456522941589	0.02783012
111.47215294838	-2.113655
111.487772941589	-4.184217
111.50340294838	-6.116697
111.51903295517	-7.879065
111.53465294838	-9.475456
111.55028295517	-10.93789
111.56590294838	-12.34107
111.58153295517	-13.77211
111.59715294838	-15.36476
111.61278295517	-17.22429
111.62841296196	-19.41067
111.64403295517	-21.87113
111.65966296196	-24.36724
111.67528295517	-26.48976
111.69091296196	-27.67402
111.70653295517	-27.37143
111.72216296196	-25.19237
111.73779296875	-21.10978
111.75341296196	-15.49649
111.76904296875	-9.051716
111.78466296196	-2.596001
111.80029296875	3.193104
111.81591296196	7.887144
111.83154296875	11.36068
111.84717297554	13.66274
111.86279296875	14.9252
111.87842297554	15.27439
111.89404296875	14.84951
111.90967297554	13.8525
111.92529296875	12.599
111.94092297554	11.47275
111.95655298233	10.80578
111.97217297554	10.78548
111.98780298233	11.34391
112.00342297554	12.22157
112.01905298233	13.05495
112.03467297554	13.53771
112.05030298233	13.53091
112.06593298912	13.05422
112.08155298233	12.24217
112.09718298912	11.21241
112.11280298233	10.0202
112.12843298912	8.612437
112.14405298233	6.920126
112.15968298912	4.906235
112.175312995911	2.598375
112.19093298912	0.09408474
112.206562995911	-2.505159
112.22218298912	-5.119142
112.237812995911	-7.676435
112.25343298912	-10.08048
112.269062995911	-12.22577
112.284693002701	-14.01132
112.300312995911	-15.4122
112.315943002701	-16.54675
112.331562995911	-17.64016
112.347193002701	-18.9491
112.362812995911	-20.59763
112.378443002701	-22.44585
112.394073009491	-24.06196
112.409693002701	-24.82749
112.425323009491	-24.1436
112.440943002701	-21.65914
112.456573009491	-17.44152
112.472193002701	-11.92856
112.487823009491	-5.798338
112.503453016281	0.2643104
112.519073009491	5.739697
112.534703016281	10.31824
112.550323009491	13.85806
112.565953016281	16.30865
112.581573009491	17.63873
112.597203016281	17.8755
112.612833023071	17.19103
112.628453016281	15.90122
112.644083023071	14.45549
112.659703016281	13.30606
112.675333023071	12.75993
112.690953016281	12.88013
112.706583023071	13.49591
112.722213029861	14.271
112.737833023071	14.8536
112.753463029861	15.0104
112.769083023071	14.67779
112.784713029861	13.9296
112.800333023071	12.90849
112.815963029861	11.72526
112.831593036652	10.39951
112.847213029861	8.857578
112.862843036652	6.980259
112.878463029861	4.702026
112.894093036652	2.059969
112.909713029861	-0.8063912
112.925343036652	-3.688413
112.940973043442	-6.364338
112.956593036652	-8.688207
112.972223043442	-10.58935
112.987843036652	-12.10776
113.003473043442	-13.37958
113.019093036652	-14.60291
113.034723043442	-16.00741
113.050353050232	-17.78618
113.065973043442	-20.00005
113.081603050232	-22.52418
113.097223043442	-24.99957
113.112853050232	-26.83206
113.128473043442	-27.35128
113.144103050232	-25.9714
113.159733057022	-22.41292
113.175353050232	-16.84847
113.190983057022	-9.922556
113.206603050232	-2.569551
113.222233057022	4.255847
113.237853050232	9.846352
113.253483057022	13.90761
113.269113063812	16.52415
113.284733057022	17.98485
113.300363063812	18.58518
113.315983057022	18.53829
113.331613063812	17.97134
113.347233057022	17.0215
113.362863063812	15.89607
113.378493070602	14.89236
113.394113063812	14.27885
113.409743070602	14.2135
113.425363063812	14.65458
113.440993070602	15.38824
113.456613063812	16.1064
113.472243070602	16.52048
113.487873077393	16.45472
113.503493070602	15.86492
113.519123077393	14.83164
113.534743070602	13.48827
113.550373077393	11.98324
113.565993070602	10.38833
113.581623077393	8.691437
113.597253084183	6.778547
113.612873077393	4.531073
113.628503084183	1.903847
113.644123077393	-1.00333
113.659753084183	-3.953232
113.675383090973	-6.671139
113.691003084183	-8.94383
113.706633090973	-10.75246
113.722253084183	-12.23513
113.737883090973	-13.63997
113.753503084183	-15.19762
113.769133090973	-17.0229
113.784763097763	-19.11023
113.800383090973	-21.35993
113.816013097763	-23.60289
113.831633090973	-25.56796
113.847263097763	-26.89064
113.862883090973	-27.07977
113.878513097763	-25.64205
113.894143104553	-22.25776
113.909763097763	-16.96222
113.925393104553	-10.24562
113.941013097763	-2.968653
113.956643104553	3.895359
113.972263097763	9.56208
113.987893104553	13.63801
114.003523111343	16.15869
114.019143104553	17.44015
114.034773111343	17.86315
114.050393104553	17.70255
114.066023111343	17.10201
114.081643104553	16.16401
114.097273111343	15.06118
114.112902879715	14.07603
114.128523111343	13.51974
114.144152879715	13.57254
114.159773111343	14.16621
114.175402879715	14.98214
114.191023111343	15.62693
114.206652879715	15.76054
114.222282886505	15.24924
114.237902879715	14.15652
114.253532886505	12.66595
114.269152879715	10.95384
114.284782886505	9.140432
114.300402879715	7.266432
114.316032886505	5.290125
114.331662893295	3.153179
114.347282886505	0.7860661
114.362912893295	-1.805571
114.378532886505	-4.531706
114.394162893295	-7.187639
114.409782886505	-9.520218
114.425412893295	-11.33455
114.441042900085	-12.58522
114.456662893295	-13.44531
114.472292900085	-14.24056
114.487912893295	-15.31641
114.503542900085	-16.90265
114.519162893295	-19.03324
114.534792900085	-21.5071
114.550422906876	-23.93732
114.566042900085	-25.80812
114.581672906876	-26.56575
114.597292900085	-25.73704
114.612922906876	-23.05066
114.628542900085	-18.52278
114.644172906876	-12.51199
114.659802913666	-5.652803
114.675422906876	1.298225
114.691052913666	7.639029
114.706672906876	12.87692
114.722302913666	16.75733
114.737922906876	19.22149
114.753552913666	20.34983
114.769182920456	20.32554
114.784802913666	19.41662
114.800432920456	17.99463
114.816052913666	16.48605
114.831682920456	15.28656
114.847302913666	14.65108
114.862932920456	14.62
114.878562927246	14.98734
114.894182920456	15.38119
114.909812927246	15.4165
114.925432920456	14.81317
114.941062927246	13.52099
114.956682920456	11.67783
114.972312927246	9.572577
114.987942934036	7.471458
115.003562927246	5.541759
115.019192934036	3.773329
115.034812927246	2.020903
115.050442934036	0.1245003
115.066062927246	-2.013739
115.081692934036	-4.345781
115.097322940826	-6.703035
115.112942934036	-8.893032
115.128572940826	-10.76168
115.144192934036	-12.3001
115.159822940826	-13.59249
115.175442934036	-14.81902
115.191072940826	-16.17065
115.206702947617	-17.83134
115.222322940826	-19.89885
115.237952947617	-22.33204
115.253572940826	-24.89231
115.269202947617	-27.11655
115.284822940826	-28.39135
115.300452947617	-28.10897
115.316082954407	-25.87378
115.331702947617	-21.64957
115.347332954407	-15.8084
115.362952947617	-9.03376
115.378582954407	-2.120548
115.394202947617	4.213551
115.409832954407	9.477728
115.425462961197	13.42337
115.441082954407	16.02874
115.456712961197	17.38522
115.472332954407	17.64979
115.487962961197	17.0243
115.503582954407	15.7893
115.519212961197	14.32056
115.534842967987	13.04792
115.550462961197	12.35907
115.566092967987	12.4361
115.581712961197	13.18448
115.597342967987	14.24402
115.612962961197	15.11362
115.628592967987	15.37953
115.644222974777	14.85696
115.659842967987	13.65747
115.675472974777	12.07136
115.691092967987	10.41704
115.706722974777	8.853683
115.722342967987	7.330399
115.737972974777	5.660627
115.753602981567	3.636003
115.769222974777	1.183167
115.784852981567	-1.580267
115.800472974777	-4.399803
115.816102981567	-6.96851
115.831722974777	-9.06892
115.847352981567	-10.64744
115.862982988358	-11.81844
115.878602981567	-12.81351
115.894232988358	-13.89771
115.909852981567	-15.29157
115.925482988358	-17.12363
115.941112995148	-19.38676
115.956732988358	-21.89971
115.972362995148	-24.29424
115.987982988358	-26.04164
116.003612995148	-26.54214
116.019232988358	-25.29029
116.034862995148	-22.05782
116.050493001938	-17.0063
116.066112995148	-10.66863
116.081743001938	-3.821205
116.097362995148	2.752632
116.112993001938	8.43404
116.128612995148	12.88794
116.144243001938	16.03498
116.159873008728	17.98444
116.175493001938	18.90197
116.191123008728	18.9776
116.206743001938	18.41452
116.222373008728	17.44073
116.237993001938	16.32558
116.253623008728	15.31097
116.269253015518	14.60352
116.284873008728	14.27876
116.300503015518	14.28727
116.316123008728	14.47228
116.331753015518	14.62866
116.347373008728	14.55612
116.363003015518	14.11745
116.378633022308	13.2764
116.394253015518	12.09775
116.409883022308	10.68579
116.425503015518	9.1395
116.441133022308	7.49464
116.456753015518	5.696484
116.472383022308	3.646717
116.488013029099	1.26833
116.503633022308	-1.438435
116.519263029099	-4.322544
116.534883022308	-7.125217
116.550513029099	-9.583084
116.566133022308	-11.52954
116.581763029099	-12.97807
116.597393035889	-14.12495
116.613013029099	-15.25903
116.628643035889	-16.65801
116.644263029099	-18.4743
116.659893035889	-20.65201
116.675513029099	-22.93373
116.691143035889	-24.91613
116.706773042679	-26.13271
116.722393035889	-26.15952
116.738023042679	-24.69779
116.753643035889	-21.65019
116.769273042679	-17.15839
116.784893035889	-11.59142
116.800523042679	-5.475777
116.816153049469	0.5867996
116.831773042679	6.079803
116.847403049469	10.65118
116.863023042679	14.145
116.878653049469	16.5727
116.894273042679	18.02859
116.909903049469	18.6188
116.925533056259	18.47145
116.941153049469	17.76688
116.956783056259	16.77099
116.972403049469	15.82838
116.988033056259	15.27226
117.003653049469	15.28592
117.019283056259	15.84277
117.034913063049	16.68188
117.050533056259	17.41555
117.066163063049	17.6786
117.081783056259	17.26705
117.097413063049	16.16251
117.113033056259	14.53714
117.128663063049	12.60762
117.144293069839	10.5579
117.159913063049	8.47974
117.175543069839	6.378815
117.191163063049	4.209518
117.206793069839	1.953125
117.222413063049	-0.3724022
117.238043069839	-2.690292
117.25367307663	-4.86927
117.269293069839	-6.800537
117.28492307663	-8.447296
117.300543069839	-9.859287
117.31617307663	-11.1717
117.331793069839	-12.56505
117.34742307663	-14.17507
117.36305308342	-16.0705
117.37867307663	-18.23812
117.39430308342	-20.55809
117.40992307663	-22.81913
117.42555308342	-24.69527
117.44117307663	-25.75033
117.45680308342	-25.499
117.47243309021	-23.56124
117.48805308342	-19.79894
117.50368309021	-14.44753
117.51930308342	-8.11393
117.53493309021	-1.594357
117.55055308342	4.363453
117.56618309021	9.277676
117.581813097	13.0106
117.59743309021	15.66552
117.613063097	17.42237
117.62868309021	18.39762
117.644313097	18.62747
117.65993309021	18.16513
117.675563097	17.19049
117.69119310379	16.05278
117.706813097	15.14727
117.72244310379	14.77707
117.738063097	14.98658
117.75369310379	15.56403
117.769313097	16.1339
117.78494310379	16.3289
117.80057311058	15.9433
117.81619310379	14.99476
117.83182311058	13.66664
117.84744310379	12.17947
117.86307311058	10.69327
117.87869310379	9.2201
117.89432311058	7.657261
117.909952878952	5.863331
117.92557311058	3.725914
117.941202878952	1.263515
117.95682311058	-1.401398
117.972452878952	-4.047577
117.98807311058	-6.463154
118.003702878952	-8.485306
118.019332885742	-10.08068
118.034952878952	-11.31018
118.050582885742	-12.33186
118.066202878952	-13.35529
118.081832885742	-14.59134
118.097452878952	-16.2208
118.113082885742	-18.30949
118.128712892532	-20.76943
118.144332885742	-23.31898
118.159962892532	-25.50317
118.175582885742	-26.77046
118.191212892532	-26.60727
118.206832885742	-24.69865
118.222462892532	-21.02402
118.238092899323	-15.91014
118.253712892532	-9.907734
118.269342899323	-3.678162
118.284962892532	2.156773
118.300592899323	7.13887
118.316212892532	10.99448
118.331842899323	13.63137
118.347472906113	15.1007
118.363092899323	15.55803
118.378722906113	15.24957
118.394342899323	14.46645
118.409972906113	13.5547
118.425592899323	12.8316
118.441222906113	12.5482
118.456852912903	12.7935
118.472472906113	13.49091
118.488102912903	14.38611
118.503722906113	15.14034
118.519352912903	15.46672
118.534982919693	15.21144
118.550602912903	14.43976
118.566232919693	13.33271
118.581852912903	12.09747
118.597482919693	10.82433
118.613102912903	9.447096
118.628732919693	7.816114
118.644362926483	5.812403
118.659982919693	3.431229
118.675612926483	0.8131428
118.691232919693	-1.820919
118.706862926483	-4.300613
118.722482919693	-6.535501
118.738112926483	-8.5481
118.753742933273	-10.39743
118.769362926483	-12.11528
118.784992933273	-13.72431
118.800612926483	-15.27715
118.816242933273	-16.8778
118.831862926483	-18.66524
118.847492933273	-20.72406
118.863122940063	-22.95284
118.878742933273	-25.00408
118.894372940063	-26.34033
118.909992933273	-26.36783
118.925622940063	-24.67561
118.941242933273	-21.20174
118.956872940063	-16.25329
118.972502946854	-10.40689
118.988122940063	-4.324158
119.003752946854	1.423605
119.019372940063	6.46517
119.035002946854	10.58335
119.050622940063	13.69131
119.066252946854	15.74786
119.081882953644	16.77057
119.097502946854	16.84842
119.113132953644	16.19906
119.128752946854	15.14136
119.144382953644	14.06393
119.160002946854	13.3198
119.175632953644	13.11283
119.191262960434	13.44453
119.206882953644	14.1147
119.222512960434	14.79394
119.238132953644	15.15736
119.253762960434	14.98659
119.269382953644	14.25377
119.285012960434	13.09108
119.300642967224	11.70251
119.316262960434	10.24631
119.331892967224	8.768524
119.347512960434	7.174789
119.363142967224	5.328123
119.378762960434	3.102987
119.394392967224	0.4846802
119.410022974014	-2.403265
119.425642967224	-5.324038
119.441272974014	-7.994467
119.456892967224	-10.18226
119.472522974014	-11.78517
119.488142967224	-12.90041
119.503772974014	-13.78039
119.519402980804	-14.7723
119.535022974014	-16.20151
119.550652980804	-18.23246
119.566272974014	-20.77552
119.581902980804	-23.47562
119.597522974014	-25.78328
119.613152980804	-27.08784
119.628782987595	-26.88264
119.644402980804	-24.85209
119.660032987595	-20.98467
119.675652980804	-15.57577
119.691282987595	-9.175184
119.706902980804	-2.489204
119.722532987595	3.772198
119.738162994385	9.045577
119.753782987595	12.99809
119.769412994385	15.56147
119.785032987595	16.87591
119.800662994385	17.20702
119.816282987595	16.87544
119.831912994385	16.21153
119.847543001175	15.49949
119.863162994385	14.95331
119.878793001175	14.69206
119.894412994385	14.7098
119.910043001175	14.89647
119.925662994385	15.08076
119.941293001175	15.10264
119.956923007965	14.87273
119.972543001175	14.39578
119.988173007965	13.72811
120.003793001175	12.93284
120.019423007965	12.00602
120.035043001175	10.884
120.050673007965	9.489365
120.066303014755	7.786556
120.081923007965	5.804341
120.097553014755	3.62951
120.113173007965	1.358243
120.128803014755	-0.9468603
120.144423007965	-3.242284
120.160053014755	-5.498345
120.175683021545	-7.67011
120.191303014755	-9.68705
120.206933021545	-11.46064
120.222553014755	-12.95823
120.238183021545	-14.2233
120.253803014755	-15.4523
120.269433021545	-16.89782
120.285063028336	-18.76152
120.300683021545	-21.07543
120.316313028336	-23.58779
120.331933021545	-25.76338
120.347563028336	-26.92201
120.363183021545	-26.46249
120.378813028336	-24.04919
120.394443035126	-19.77636
120.410063028336	-14.11396
120.425693035126	-7.763534
120.441313028336	-1.460277
120.456943035126	4.200747
120.472563028336	8.837462
120.488193035126	12.28338
120.503823041916	14.51436
120.519443035126	15.65657
120.535073041916	15.91264
120.550693035126	15.55923
120.566323041916	14.91255
120.581943035126	14.26858
120.597573041916	13.8595
120.613203048706	13.78831
120.628823041916	14.02677
120.644453048706	14.44257
120.660073041916	14.85291
120.675703048706	15.06766
120.691333055496	14.9382
120.706953048706	14.39351
120.722583055496	13.42992
120.738203048706	12.13779
120.753833055496	10.63481
120.769453048706	9.054379
120.785083055496	7.494762
120.800713062286	5.981462
120.816333055496	4.458494
120.831963062286	2.818606
120.847583055496	0.9741569
120.863213062286	-1.098518
120.878833055496	-3.312944
120.894463062286	-5.504566
120.910093069077	-7.498305
120.925713062286	-9.177052
120.941343069077	-10.54812
120.956963062286	-11.72729
120.972593069077	-12.89693
120.988213062286	-14.23201
121.003843069077	-15.87355
121.019473075867	-17.87868
121.035093069077	-20.19923
121.050723075867	-22.63078
121.066343069077	-24.78037
121.081973075867	-26.08988
121.097593069077	-25.98027
121.113223075867	-24.03689
121.128853082657	-20.20747
121.144473075867	-14.84943
121.160103082657	-8.629918
121.175723075867	-2.324614
121.191353082657	3.395436
121.206973075867	8.090435
121.222603082657	11.57891
121.238233089447	13.84348
121.253853082657	14.98559
121.269483089447	15.16238
121.285103082657	14.59035
121.300733089447	13.54812
121.316353082657	12.35484
121.331983089447	11.29855
121.347613096237	10.62729
121.363233089447	10.47541
121.378863096237	10.8485
121.394483089447	11.59489
121.410113096237	12.43339
121.425733089447	13.03271
121.441363096237	13.12944
121.456993103027	12.63151
121.472613096237	11.64072
121.488243103027	10.4016
121.503863096237	9.140701
121.519493103027	7.932624
121.535113096237	6.677194
121.550743103027	5.153724
121.566373109818	3.200952
121.581993103027	0.8168097
121.597623109818	-1.808133
121.613243103027	-4.408437
121.628873109818	-6.75051
121.644493103027	-8.74312
121.660123109818	-10.40473
121.675752878189	-11.83835
121.691373109818	-13.14117
121.707002878189	-14.40216
121.722623109818	-15.71397
121.738252878189	-17.17815
121.753873109818	-18.89235
121.769502878189	-20.83498
121.785132884979	-22.79927
121.800752878189	-24.32908
121.816382884979	-24.80408
121.832002878189	-23.65871
121.847632884979	-20.58402
121.863252878189	-15.71494
121.878882884979	-9.587576
121.894512891769	-2.990276
121.910132884979	3.311138
121.925762891769	8.747675
121.941382884979	13.06006
121.957012891769	16.2317
121.972632884979	18.3708
121.988262891769	19.62623
122.00389289856	20.12215
122.019512891769	20.00771
122.03514289856	19.52344
122.050762891769	18.96733
122.06639289856	18.63106
122.082012891769	18.694
122.09764289856	19.15168
122.11327290535	19.79192
122.12889289856	20.28912
122.14452290535	20.31211
122.16014289856	19.67011
122.17577290535	18.36522
122.19139289856	16.58001
122.20702290535	14.57499
122.22265291214	12.58038
122.23827290535	10.68456
122.25390291214	8.797855
122.26952290535	6.737404
122.28515291214	4.316818
122.30077290535	1.471094
122.31640291214	-1.671686
122.33203291893	-4.839006
122.34765291214	-7.699865
122.36328291893	-10.02211
122.37890291214	-11.74785
122.39453291893	-13.04154
122.41015291214	-14.16373
122.42578291893	-15.36694
122.44141292572	-16.81937
122.45703291893	-18.5738
122.47266292572	-20.57946
122.48828291893	-22.66016
122.50391292572	-24.50257
122.51953291893	-25.63902
122.53516292572	-25.50845
122.55079293251	-23.61575
122.56641292572	-19.75935
122.58204293251	-14.17371
122.59766292572	-7.522877
122.61329293251	-0.7074814
122.62891292572	5.440968
122.64454293251	10.37683
122.660172939301	13.91708
122.67579293251	16.129
122.691422939301	17.18683
122.70704293251	17.24362
122.722672939301	16.44453
122.73829293251	15.01339
122.753922939301	13.28983
122.769552946091	11.70785
122.785172939301	10.66781
122.800802946091	10.37972
122.816422939301	10.78517
122.832052946091	11.58141
122.847672939301	12.33046
122.863302946091	12.62293
122.878932952881	12.22681
122.894552946091	11.12013
122.910182952881	9.500462
122.925802946091	7.661667
122.941432952881	5.892754
122.957052946091	4.355385
122.972682952881	3.018509
122.988312959671	1.697971
123.003932952881	0.1422958
123.019562959671	-1.860718
123.035182952881	-4.373688
123.050812959671	-7.264374
123.066432952881	-10.27666
123.082062959671	-13.10675
123.097692966461	-15.52882
123.113312959671	-17.48262
123.128942966461	-19.07852
123.144562959671	-20.52763
123.160192966461	-22.07512
123.175812959671	-23.9146
123.191442966461	-26.09969
123.207072973251	-28.49881
123.222692966461	-30.77502
123.238322973251	-32.4089
123.253942966461	-32.79917
123.269572973251	-31.4593
123.285192966461	-28.16124
123.300822973251	-23.07364
123.316452980042	-16.72509
123.332072973251	-9.864059
123.347702980042	-3.274162
123.363322973251	2.426304
123.378952980042	6.888756
123.394582986832	10.03031
123.410202980042	11.97221
123.425832986832	12.94652
123.441452980042	13.22227
123.457082986832	13.06388
123.472702980042	12.72105
123.488332986832	12.40712
123.503962993622	12.31012
123.519582986832	12.55718
123.535212993622	13.17378
123.550832986832	14.0561
123.566462993622	14.95388
123.582082986832	15.55893
123.597712993622	15.62088
123.613343000412	15.05629
123.628962993622	13.99606
123.644593000412	12.72213
123.660212993622	11.52459
123.675843000412	10.52488
123.691462993622	9.630478
123.707093000412	8.56329
123.722723007202	7.029465
123.738343000412	4.86573
123.753973007202	2.12339
123.769593000412	-0.9489594
123.785223007202	-4.011913
123.800843000412	-6.786663
123.816473007202	-9.135502
123.832103013992	-11.05926
123.847723007202	-12.67277
123.863353013992	-14.12922
123.878973007202	-15.59135
123.894603013992	-17.20375
123.910223007202	-19.07573
123.925853013992	-21.16558
123.941483020782	-23.21201
123.957103013992	-24.70771
123.972733020782	-24.97212
123.988353013992	-23.40417
124.003983020782	-19.75381
124.019603013992	-14.24566
124.035233020782	-7.556179
124.050863027573	-0.5824165
124.066483020782	5.854374
124.082113027573	11.21975
124.097733020782	15.29677
124.113363027573	18.10694
124.128983020782	19.74828
124.144613027573	20.32516
124.160243034363	19.96651
124.175863027573	18.87207
124.191493034363	17.33494
124.207113027573	15.69785
124.222743034363	14.2698
124.238363027573	13.24659
124.253993034363	12.67625
124.269623041153	12.48324
124.285243034363	12.51693
124.300873041153	12.5906
124.316493034363	12.52084
124.332123041153	12.13993
124.347743034363	11.33702
124.363373041153	10.06693
124.379003047943	8.349819
124.394623041153	6.26231
124.410253047943	3.904259
124.425873041153	1.396503
124.441503047943	-1.151672
124.457123041153	-3.643848
124.472753047943	-5.985466
124.488383054733	-8.080265
124.504003047943	-9.866207
124.519633054733	-11.29726
124.535253047943	-12.39001
124.550883054733	-13.25389
124.566503047943	-14.09806
124.582133054733	-15.20914
124.597763061523	-16.85289
124.613383054733	-19.14825
124.629013061523	-21.9422
124.644633054733	-24.75254
124.660263061523	-26.86744
124.675883054733	-27.52476
124.691513061523	-26.18587
124.707143068314	-22.73377
124.722763061523	-17.55499
124.738393068314	-11.40241
124.754013061523	-5.174686
124.769643068314	0.3576431
124.785263061523	4.760777
124.800893068314	7.934147
124.816523075104	10.02234
124.832143068314	11.23601
124.847773075104	11.72578
124.863393068314	11.5626
124.879023075104	10.82507
124.894643068314	9.693508
124.910273075104	8.465179
124.925903081894	7.520988
124.941523075104	7.132282
124.957153081894	7.368191
124.972773075104	8.045666
124.988403081894	8.81982
125.004023075104	9.346512
125.019653081894	9.435947
125.035283088684	9.094688
125.050903081894	8.435944
125.066533088684	7.611835
125.082153081894	6.656857
125.097783088684	5.533157
125.113403081894	4.145741
125.129033088684	2.423218
125.144663095474	0.3740654
125.160283088684	-1.906563
125.175913095474	-4.261772
125.191533088684	-6.534607
125.207163095474	-8.560593
125.222783088684	-10.26261
125.238413095474	-11.62965
125.254043102264	-12.74898
125.269663095474	-13.79861
125.285293102264	-14.98297
125.300913095474	-16.45857
125.316543102264	-18.24616
125.332163095474	-20.12984
125.347793102264	-21.65934
125.363423109055	-22.25573
125.379043102264	-21.35131
125.394673109055	-18.5925
125.410293102264	-13.96444
125.425923109055	-7.818031
125.441543102264	-0.7852859
125.457173109055	6.404736
125.472802877426	13.12512
125.488423109055	18.96542
125.504052877426	23.73969
125.519673109055	27.4193
125.535302877426	30.03818
125.550923109055	31.6118
125.566552877426	32.18269
125.582182884216	31.83802
125.597802877426	30.75555
125.613432884216	29.21555
125.629052877426	27.52343
125.644682884216	25.9396
125.660312891006	24.58075
125.675932884216	23.39067
125.691562891006	22.17609
125.707182884216	20.69066
125.722812891006	18.77854
125.738432884216	16.42107
125.754062891006	13.77337
125.769692897797	11.04998
125.785312891006	8.391109
125.800942897797	5.767891
125.816562891006	2.956917
125.832192897797	-0.3169594
125.847812891006	-4.210167
125.863442897797	-8.620899
125.879072904587	-13.20979
125.894692897797	-17.49409
125.910322904587	-21.07969
125.925942897797	-23.79918
125.941572904587	-25.75587
125.957192897797	-27.24762
125.972822904587	-28.6179
125.988452911377	-30.15619
126.004072904587	-32.02447
126.019702911377	-34.26478
126.035322904587	-36.73985
126.050952911377	-39.12833
126.066572904587	-40.89861
126.082202911377	-41.3811
126.097832918167	-39.9385
126.113452911377	-36.1906
126.129082918167	-30.20891
126.144702911377	-22.56375
126.160332918167	-14.21036
126.175952911377	-6.214973
126.191582918167	0.5638351
126.207212924957	5.666553
126.222832918167	9.068047
126.238462924957	11.0486
126.254082918167	12.03598
126.269712924957	12.43369
126.285332918167	12.58718
126.300962924957	12.7719
126.316592931747	13.17648
126.332212924957	13.92371
126.347842931747	14.99643
126.363462924957	16.2207
126.379092931747	17.25768
126.394712924957	17.73514
126.410342931747	17.35321
126.425972938538	16.05392
126.441592931747	14.02682
126.457222938538	11.65577
126.472842931747	9.366388
126.488472938538	7.44261
126.504092931747	5.944492
126.519722938538	4.70966
126.535352945328	3.454721
126.550972938538	1.928354
126.566602945328	0.01555634
126.582222938538	-2.22994
126.597852945328	-4.624149
126.613472938538	-6.932787
126.629102945328	-8.97509
126.644732952118	-10.63603
126.660352945328	-11.90639
126.675982952118	-12.89611
126.691602945328	-13.80222
126.707232952118	-14.86974
126.722852945328	-16.30886
126.738482952118	-18.2021
126.754112958908	-20.41246
126.769732952118	-22.57628
126.785362958908	-24.11907
126.800982952118	-24.41686
126.816612958908	-22.99435
126.832232952118	-19.67522
126.847862958908	-14.68013
126.863492965698	-8.548862
126.879112958908	-1.997521
126.894742965698	4.290918
126.910362958908	9.810983
126.925992965698	14.29778
126.941612958908	17.68328
126.957242965698	20.01003
126.972872972488	21.34977
126.988492965698	21.7875
127.004122972488	21.46664
127.019742965698	20.62659
127.035372972488	19.60303
127.050992965698	18.75638
127.066622972488	18.35576
127.082252979279	18.48429
127.097872972488	19.01899
127.113502979279	19.68557
127.129122972488	20.14597
127.144752979279	20.15711
127.160372972488	19.62366
127.176002979279	18.59286
127.191632986069	17.22195
127.207252979279	15.67859
127.222882986069	14.04452
127.238502979279	12.30842
127.254132986069	10.39741
127.269752979279	8.245952
127.285382986069	5.866206
127.301012992859	3.366552
127.316632986069	0.8867607
127.332262992859	-1.425809
127.347882986069	-3.510338
127.363512992859	-5.388923
127.379132986069	-7.143863
127.394762992859	-8.853502
127.410392999649	-10.56381
127.426012992859	-12.31662
127.441642999649	-14.18238
127.457262992859	-16.25322
127.472892999649	-18.55381
127.488512992859	-20.95193
127.504142999649	-23.07138
127.519773006439	-24.31986
127.535392999649	-24.08093
127.551023006439	-21.93364
127.566642999649	-17.90044
127.582273006439	-12.45981
127.597892999649	-6.399147
127.613523006439	-0.5193138
127.629153013229	4.591829
127.644773006439	8.688848
127.660403013229	11.80329
127.676023006439	14.0558
127.691653013229	15.51215
127.707273006439	16.15977
127.722903013229	16.01659
127.73853302002	15.24618
127.754153013229	14.22116
127.76978302002	13.39053
127.785403013229	13.10116
127.80103302002	13.44639
127.81666302681	14.22624
127.83228302002	15.06805
127.84791302681	15.60984
127.86353302002	15.64239
127.87916302681	15.13615
127.89478302002	14.20765
127.91041302681	12.99134
127.9260430336	11.59382
127.94166302681	10.06037
127.9572930336	8.384491
127.97291302681	6.532516
127.9885430336	4.461884
128.00416302681	2.136019
128.0197930336	-0.4377327
128.03542304039	-3.175428
128.0510430336	-5.900686
128.06667304039	-8.363054
128.0822930336	-10.33935
128.09792304039	-11.74972
128.1135430336	-12.70566
128.12917304039	-13.51344
128.14480304718	-14.55471
128.16042304039	-16.14331
128.17605304718	-18.38535
128.19167304039	-21.09031
128.20730304718	-23.76756
128.22292304039	-25.71808
128.23855304718	-26.23759
128.25418305397	-24.84397
128.26980304718	-21.43878
128.28543305397	-16.37016
128.30105304718	-10.33174
128.31668305397	-4.132587
128.33230304718	1.531883
128.34793305397	6.262188
128.36356306076	9.951656
128.37918305397	12.67282
128.39481306076	14.5252
128.41043305397	15.56548
128.42606306076	15.83871
128.44168305397	15.47419
128.45731306076	14.74135
128.472943067551	14.00835
128.48856306076	13.60689
128.504193067551	13.71185
128.51981306076	14.26177
128.535443067551	15.03951
128.55106306076	15.76132
128.566693067551	16.19762
128.582323074341	16.21021
128.597943067551	15.76278
128.613573074341	14.88686
128.629193067551	13.62578
128.644823074341	12.04148
128.660443067551	10.18839
128.676073074341	8.113373
128.691703081131	5.855522
128.707323074341	3.444969
128.722953081131	0.9381828
128.738573074341	-1.564632
128.754203081131	-3.915117
128.769823074341	-5.98381
128.785453081131	-7.710152
128.801083087921	-9.128908
128.816703081131	-10.36039
128.832333087921	-11.5636
128.847953081131	-12.86461
128.863583087921	-14.33838
128.879203081131	-16.02963
128.894833087921	-17.94557
128.910463094711	-20.07334
128.926083087921	-22.30128
128.941713094711	-24.34386
128.957333087921	-25.73533
128.972963094711	-25.91301
128.988583087921	-24.39349
129.004213094711	-20.98532
129.019843101501	-15.92419
129.035463094711	-9.835301
129.051093101501	-3.547285
129.066713094711	2.174976
129.082343101501	6.838371
129.097963094711	10.28427
129.113593101501	12.6102
129.129223108292	14.00769
129.144843101501	14.65281
129.160473108292	14.6882
129.176093101501	14.26404
129.191723108292	13.59205
129.207343101501	12.96873
129.222973108292	12.69103
129.238602876663	12.9346
129.254223108292	13.6962
129.269852876663	14.75433
129.285473108292	15.75739
129.301102876663	16.35179
129.316723108292	16.3209
129.332352876663	15.62627
129.347982883453	14.4184
129.363602876663	12.93131
129.379232883453	11.34913
129.394852876663	9.745349
129.410482883453	8.050146
129.426102876663	6.148264
129.441732883453	3.954199
129.457362890244	1.513316
129.472982883453	-1.035997
129.488612890244	-3.492753
129.504232883453	-5.70912
129.519862890244	-7.604645
129.535482883453	-9.193116
129.551112890244	-10.54978
129.566742897034	-11.7933
129.582362890244	-13.03698
129.597992897034	-14.42415
129.613612890244	-16.08602
129.629242897034	-18.12122
129.644862890244	-20.53118
129.660492897034	-23.12074
129.676122903824	-25.4605
129.691742897034	-26.94035
129.707372903824	-26.89634
129.722992897034	-24.8851
129.738622903824	-20.84021
129.754242897034	-15.17364
129.769872903824	-8.655462
129.785502910614	-2.156962
129.801122903824	3.615484
129.816752910614	8.282381
129.832372903824	11.79261
129.848002910614	14.2693
129.863622903824	15.86297
129.879252910614	16.65086
129.894882917404	16.68824
129.910502910614	16.08434
129.926132917404	15.08213
129.941752910614	14.01821
129.957382917404	13.23137
129.973002910614	12.92544
129.988632917404	13.10679
130.004262924194	13.60339
130.019882917404	14.14643
130.035512924194	14.4881
130.051132917404	14.4823
130.066762924194	14.09511
130.082382917404	13.36835
130.098012924194	12.37889
130.113642930984	11.17663
130.129262924194	9.759332
130.144892930984	8.098172
130.160512924194	6.148157
130.176142930984	3.901597
130.191762924194	1.416979
130.207392930984	-1.181531
130.223022937775	-3.748551
130.238642930984	-6.127693
130.254272937775	-8.214017
130.269892930984	-9.966291
130.285522937775	-11.41501
130.301142930984	-12.65722
130.316772937775	-13.81735
130.332402944565	-15.03414
130.348022937775	-16.42992
130.363652944565	-18.08833
130.379272937775	-19.99979
130.394902944565	-22.00929
130.410522937775	-23.77655
130.426152944565	-24.79405
130.441782951355	-24.49464
130.457402944565	-22.45098
130.473032951355	-18.55497
130.488652944565	-13.1356
130.504282951355	-6.886871
130.519912958145	-0.6568241
130.535532951355	4.819995
130.551162958145	9.124732
130.566782951355	12.19426
130.582412958145	14.18612
130.598032951355	15.32071
130.613662958145	15.73682
130.629292964935	15.49334
130.644912958145	14.6935
130.660542964935	13.57425
130.676162958145	12.51833
130.691792964935	11.93728
130.707412958145	12.07608
130.723042964935	12.86783
130.738672971725	13.98183
130.754292964935	14.96181
130.769922971725	15.42337
130.785542964935	15.21605
130.801172971725	14.38638
130.816792964935	13.09893
130.832422971725	11.51024
130.848052978516	9.69278
130.863672971725	7.656007
130.879302978516	5.43553
130.894922971725	3.10246
130.910552978516	0.7810631
130.926172971725	-1.39555
130.941802978516	-3.36142
130.957432985306	-5.123405
130.973052978516	-6.730323
130.988682985306	-8.234468
131.004302978516	-9.651917
131.019932985306	-10.97149
131.035552978516	-12.2206
131.051182985306	-13.48722
131.066812992096	-14.89968
131.082432985306	-16.59735
131.098062992096	-18.60588
131.113682985306	-20.76258
131.129312992096	-22.67842
131.144932985306	-23.81308
131.160562992096	-23.63128
131.176192998886	-21.80206
131.191812992096	-18.31805
131.207442998886	-13.50551
131.223062992096	-7.932391
131.238692998886	-2.231514
131.254312992096	3.06241
131.269942998886	7.560903
131.285573005676	11.01941
131.301192998886	13.29487
131.316823005676	14.32478
131.332442998886	14.17742
131.348073005676	13.08314
131.363692998886	11.44521
131.379323005676	9.759607
131.394953012466	8.484848
131.410573005676	7.897865
131.426203012466	8.019619
131.441823005676	8.633017
131.457453012466	9.409297
131.473073005676	10.02628
131.488703012466	10.27568
131.504333019257	10.09123
131.519953012466	9.539728
131.535583019257	8.733984
131.551203012466	7.786715
131.566833019257	6.746166
131.582453012466	5.555991
131.598083019257	4.111444
131.613713026047	2.307528
131.629333019257	0.1201138
131.644963026047	-2.366588
131.660583019257	-4.94642
131.676213026047	-7.38346
131.691833019257	-9.480186
131.707463026047	-11.17877
131.723093032837	-12.5707
131.738713026047	-13.874
131.754343032837	-15.34539
131.769963026047	-17.14416
131.785593032837	-19.27332
131.801213026047	-21.48994
131.816843032837	-23.36054
131.832473039627	-24.34124
131.848093032837	-23.92726
131.863723039627	-21.80618
131.879343032837	-17.97397
131.894973039627	-12.78096
131.910593032837	-6.811189
131.926223039627	-0.7528586
131.941853046417	4.784832
131.957473039627	9.365972
131.973103046417	12.74159
131.988723039627	14.85954
132.004353046417	15.78551
132.019973039627	15.69838
132.035603046417	14.8498
132.051233053207	13.59836
132.066853046417	12.33351
132.082483053207	11.41683
132.098103046417	11.06889
132.113733053207	11.28416
132.129353046417	11.87797
132.144983053207	12.49922
132.160613059998	12.82489
132.176233053207	12.65864
132.191863059998	12.00346
132.207483053207	10.99971
132.223113059998	9.832834
132.238733053207	8.589239
132.254363059998	7.20375
132.269993066788	5.532747
132.285613059998	3.433893
132.301243066788	0.9198637
132.316863059998	-1.846227
132.332493066788	-4.574653
132.348113059998	-6.992106
132.363743066788	-8.950575
132.379373073578	-10.45508
132.394993066788	-11.68333
132.410623073578	-12.86391
132.426243066788	-14.21977
132.441873073578	-15.89804
132.457493066788	-17.95574
132.473123073578	-20.31302
132.488753080368	-22.71495
132.504373073578	-24.69855
132.520003080368	-25.64702
132.535623073578	-24.97627
132.551253080368	-22.33713
132.566873073578	-17.81581
132.582503080368	-11.92298
132.598133087158	-5.482034
132.613753080368	0.6629715
132.629383087158	5.876057
132.645003080368	9.856554
132.660633087158	12.59981
132.676263093948	14.27316
132.691883087158	15.06561
132.707513093948	15.12414
132.723133087158	14.60853
132.738763093948	13.73391
132.754383087158	12.80499
132.770013093948	12.15437
132.785643100739	12.0156
132.801263093948	12.43349
132.816893100739	13.21401
132.832513093948	14.01075
132.848143100739	14.45766
132.863763093948	14.31929
132.879393100739	13.57621
132.895023107529	12.38522
132.910643100739	10.97177
132.926273107529	9.49893
132.941893100739	7.989834
132.957523107529	6.344387
132.973143100739	4.429459
132.988773107529	2.18865
133.0044028759	-0.3010101
133.020023107529	-2.864815
133.0356528759	-5.300131
133.051273107529	-7.453909
133.0669028759	-9.290533
133.082523107529	-10.88371
133.0981528759	-12.41343
133.11378288269	-14.08599
133.1294028759	-16.09234
133.14503288269	-18.49666
133.1606528759	-21.17899
133.17628288269	-23.78087
133.1919028759	-25.73475
133.20753288269	-26.41869
133.223162889481	-25.32134
133.23878288269	-22.23619
133.254412889481	-17.34546
133.27003288269	-11.19218
133.285662889481	-4.518265
133.30128288269	1.911921
133.316912889481	7.500738
133.332542896271	11.91555
133.348162889481	15.067
133.363792896271	17.03239
133.379412889481	17.98748
133.395042896271	18.12427
133.410662889481	17.65165
133.426292896271	16.80801
133.441922903061	15.85958
133.457542896271	15.07236
133.473172903061	14.6401
133.488792896271	14.61114
133.504422903061	14.86468
133.520042896271	15.14823
133.535672903061	15.19156
133.551302909851	14.80392
133.566922903061	13.96871
133.582552909851	12.81145
133.598172903061	11.52199
133.613802909851	10.24363
133.629422903061	8.973198
133.645052909851	7.569899
133.660682916641	5.839376
133.676302909851	3.653297
133.691932916641	1.046572
133.707552909851	-1.764137
133.723182916641	-4.477089
133.738802909851	-6.813576
133.754432916641	-8.643169
133.770062923431	-10.03852
133.785682916641	-11.20647
133.801312923431	-12.40628
133.816932916641	-13.8373
133.832562923431	-15.62519
133.848182916641	-17.78334
133.863812923431	-20.21935
133.879442930222	-22.66917
133.895062923431	-24.69576
133.910692930222	-25.716
133.926312923431	-25.15572
133.941942930222	-22.64342
133.957562923431	-18.21305
133.973192930222	-12.32952
133.988822937012	-5.768757
134.004442930222	0.6512146
134.020072937012	6.277443
134.035692930222	10.78805
134.051322937012	14.12777
134.066942930222	16.39187
134.082572937012	17.69363
134.098202943802	18.11565
134.113822937012	17.76743
134.129452943802	16.85194
134.145072937012	15.70357
134.160702943802	14.68947
134.176322937012	14.11724
134.191952943802	14.0914
134.207582950592	14.49109
134.223202943802	15.00908
134.238832950592	15.2849
134.254452943802	15.0698
134.270082950592	14.30938
134.285702943802	13.1368
134.301332950592	11.78995
134.316962957382	10.46717
134.332582950592	9.241425
134.348212957382	8.022274
134.363832950592	6.629513
134.379462957382	4.894608
134.395082950592	2.774246
134.410712957382	0.370388
134.426342964172	-2.110435
134.441962957382	-4.441669
134.457592964172	-6.480118
134.473212957382	-8.198803
134.488842964172	-9.676125
134.504462957382	-11.0275
134.520092964172	-12.38132
134.535722970963	-13.83727
134.551342964172	-15.48374
134.566972970963	-17.38375
134.582592964172	-19.51569
134.598222970963	-21.69948
134.613842964172	-23.55824
134.629472970963	-24.54685
134.645102977753	-24.10234
134.660722970963	-21.86833
134.676352977753	-17.84674
134.691972970963	-12.46077
134.707602977753	-6.429028
134.723222970963	-0.5499916
134.738852977753	4.539408
134.754482984543	8.512127
134.770102977753	11.33895
134.785732984543	13.17902
134.801352977753	14.22951
134.816982984543	14.64256
134.832602977753	14.53762
134.848232984543	14.05169
134.863862991333	13.42455
134.879482984543	12.94369
134.895112991333	12.86848
134.910732984543	13.29942
134.926362991333	14.11132
134.941992998123	14.99576
134.957612991333	15.59712
134.973242998123	15.63623
134.988862991333	15.02898
135.004492998123	13.87852
135.020112991333	12.38384
135.035742998123	10.73067
135.051373004913	9.040123
135.066992998123	7.331278
135.082623004913	5.566494
135.098242998123	3.70335
135.113873004913	1.715645
135.129492998123	-0.3906269
135.145123004913	-2.549952
135.160753011703	-4.653067
135.176373004913	-6.573324
135.192003011703	-8.235373
135.207623004913	-9.648743
135.223253011703	-10.95012
135.238873004913	-12.3523
135.254503011703	-14.05449
135.270133018494	-16.14442
135.285753011703	-18.55831
135.301383018494	-21.08228
135.317003011703	-23.39359
135.332633018494	-25.11816
135.348253011703	-25.87774
135.363883018494	-25.32072
135.379513025284	-23.22071
135.395133018494	-19.53906
135.410763025284	-14.5117
135.426383018494	-8.620394
135.442013025284	-2.519634
135.457633018494	3.166821
135.473263025284	7.971992
135.488893032074	11.65936
135.504513025284	14.21973
135.520143032074	15.75763
135.535763025284	16.42142
135.551393032074	16.38416
135.567013025284	15.84857
135.582643032074	15.06623
135.598273038864	14.32094
135.613893032074	13.86437
135.629523038864	13.80077
135.645143032074	14.07971
135.660773038864	14.49438
135.676393032074	14.80569
135.692023038864	14.8114
135.707653045654	14.40541
135.723273038864	13.58545
135.738903045654	12.40851
135.754523038864	10.94749
135.770153045654	9.288424
135.785773038864	7.50312
135.801403045654	5.668352
135.817033052444	3.823523
135.832653045654	1.95717
135.848283052444	0.01124573
135.863903045654	-2.043795
135.879533052444	-4.176975
135.895153045654	-6.257557
135.910783052444	-8.12532
135.926413059235	-9.670486
135.942033052444	-10.92212
135.957663059235	-12.02856
135.973283052444	-13.20543
135.988913059235	-14.67059
136.004533052444	-16.52913
136.020163059235	-18.77404
136.035793066025	-21.25923
136.051413059235	-23.68169
136.067043066025	-25.60027
136.082663059235	-26.49643
136.098293066025	-25.87106
136.113913059235	-23.40179
136.129543066025	-19.12029
136.145173072815	-13.42199
136.160793066025	-7.004195
136.176423072815	-0.6371241
136.192043066025	5.046379
136.207673072815	9.662789
136.223293066025	13.09431
136.238923072815	15.40754
136.254553079605	16.74741
136.270173072815	17.25752
136.285803079605	17.09052
136.301423072815	16.44921
136.317053079605	15.59805
136.332673072815	14.8376
136.348303079605	14.41598
136.363933086395	14.45098
136.379553079605	14.89861
136.395183086395	15.55777
136.410803079605	16.1473
136.426433086395	16.39307
136.442053079605	16.08072
136.457683086395	15.1308
136.473313093185	13.61145
136.488933086395	11.72541
136.504563093185	9.751313
136.520183086395	7.942283
136.535813093185	6.400579
136.551433086395	5.050305
136.567063093185	3.651964
136.582693099976	1.944395
136.598313093185	-0.2099214
136.613943099976	-2.733223
136.629563093185	-5.359229
136.645193099976	-7.774768
136.660813093185	-9.770505
136.676443099976	-11.32921
136.692073106766	-12.59323
136.707693099976	-13.78159
136.723323106766	-15.08016
136.738943099976	-16.59241
136.754573106766	-18.342
136.770193099976	-20.30131
136.785823106766	-22.3824
136.801452875137	-24.37307
136.817073106766	-25.90187
136.832702875137	-26.43567
136.848323106766	-25.42831
136.863952875137	-22.54403
136.879573106766	-17.82282
136.895202875137	-11.78226
136.910832881927	-5.267582
136.926452875137	0.8460519
136.942082881927	5.901495
136.957702875137	9.637734
136.973332881927	12.16101
136.988952875137	13.74903
137.004582881927	14.6734
137.020212888718	15.11039
137.035832881927	15.13955
137.051462888718	14.86301
137.067082881927	14.46389
137.082712888718	14.16476
137.098332881927	14.15454
137.113962888718	14.48065
137.129592895508	15.04513
137.145212888718	15.63361
137.160842895508	16.01631
137.176462888718	16.00112
137.192092895508	15.48614
137.207712888718	14.46733
137.223342895508	13.03716
137.238972902298	11.37617
137.254592895508	9.682819
137.270222902298	8.109483
137.285842895508	6.668081
137.301472902298	5.260681
137.317092895508	3.72104
137.332722902298	1.944272
137.348352909088	-0.05049086
137.363972902298	-2.146418
137.379602909088	-4.176955
137.395222902298	-6.057415
137.410852909088	-7.787503
137.426472902298	-9.434308
137.442102909088	-11.03148
137.457732915878	-12.57383
137.473352909088	-14.04137
137.488982915878	-15.47171
137.504602909088	-17.00724
137.520232915878	-18.80639
137.535862922668	-20.90302
137.551482915878	-23.07911
137.567112922668	-24.8381
137.582732915878	-25.54235
137.598362922668	-24.64281
137.613982915878	-21.91335
137.629612922668	-17.54046
137.645242929459	-12.06843
137.660862922668	-6.216895
137.676492929459	-0.6633472
137.692112922668	4.100965
137.707742929459	7.825587
137.723362922668	10.45445
137.738992929459	12.07028
137.754622936249	12.83004
137.770242929459	12.94894
137.785872936249	12.6548
137.801492929459	12.20856
137.817122936249	11.85522
137.832742929459	11.79256
137.848372936249	12.1279
137.864002943039	12.81798
137.879622936249	13.69907
137.895252943039	14.49006
137.910872936249	14.88845
137.926502943039	14.68981
137.942122936249	13.84189
137.957752943039	12.47091
137.973382949829	10.81061
137.989002943039	9.11016
138.004632949829	7.513018
138.020252943039	6.041847
138.035882949829	4.587816
138.051502943039	2.998127
138.067132949829	1.142319
138.082762956619	-1.016567
138.098382949829	-3.400358
138.114012956619	-5.814016
138.129632949829	-8.026226
138.145262956619	-9.842318
138.160882949829	-11.1821
138.176512956619	-12.11708
138.192142963409	-12.85885
138.207762956619	-13.65417
138.223392963409	-14.7439
138.239012956619	-16.26937
138.254642963409	-18.23028
138.270262956619	-20.45045
138.285892963409	-22.57755
138.3015229702	-24.10115
138.317142963409	-24.45314
138.3327729702	-23.16358
138.348392963409	-20.02169
138.3640229702	-15.22729
138.379642963409	-9.349812
138.3952729702	-3.189875
138.41090297699	2.486094
138.4265229702	7.142874
138.44215297699	10.56714
138.4577729702	12.79359
138.47340297699	13.96602
138.4890229702	14.27649
138.50465297699	13.90093
138.52028298378	13.0935
138.53590297699	12.15903
138.55153298378	11.44901
138.56715297699	11.22535
138.58278298378	11.57292
138.59840297699	12.36168
138.61403298378	13.29777
138.62966299057	14.06426
138.64528298378	14.41792
138.66091299057	14.26577
138.67653298378	13.63637
138.69216299057	12.60986
138.70778298378	11.28586
138.72341299057	9.718998
138.73904299736	7.970112
138.75466299057	6.08827
138.77029299736	4.100525
138.78591299057	2.014208
138.80154299736	-0.1743355
138.81716299057	-2.453033
138.83279299736	-4.750849
138.84842300415	-6.92544
138.86404299736	-8.818626
138.87967300415	-10.31643
138.89529299736	-11.44692
138.91092300415	-12.39162
138.92654299736	-13.43714
138.94217300415	-14.86083
138.957803010941	-16.80683
138.97342300415	-19.21309
138.989053010941	-21.77566
139.00467300415	-24.01528
139.020303010941	-25.36973
139.03592300415	-25.33982
139.051553010941	-23.59466
139.067183017731	-20.10484
139.082803010941	-15.16497
139.098433017731	-9.333073
139.114053010941	-3.303305
139.129683017731	2.294729
139.145303010941	7.023804
139.160933017731	10.68017
139.176563024521	13.2356
139.192183017731	14.75945
139.207813024521	15.33348
139.223433017731	15.07625
139.239063024521	14.198
139.254683017731	13.03627
139.270313024521	12.01901
139.285943031311	11.5171
139.301563024521	11.70001
139.317193031311	12.44567
139.332813024521	13.41099
139.348443031311	14.17723
139.364063024521	14.43562
139.379693031311	14.08572
139.395323038101	13.23639
139.410943031311	12.0934
139.426573038101	10.84653
139.442193031311	9.574385
139.457823038101	8.269819
139.473443031311	6.864019
139.489073038101	5.295097
139.504703044891	3.530773
139.520323038101	1.565466
139.535953044891	-0.5657654
139.551573038101	-2.816181
139.567203044891	-5.108335
139.582823038101	-7.355511
139.598453044891	-9.462496
139.614083051682	-11.36594
139.629703044891	-13.03382
139.645333051682	-14.5093
139.660953044891	-15.92397
139.676583051682	-17.4623
139.692203044891	-19.26792
139.707833051682	-21.31303
139.723463058472	-23.29707
139.739083051682	-24.63996
139.754713058472	-24.66239
139.770333051682	-22.83053
139.785963058472	-19.0071
139.801593065262	-13.5544
139.817213058472	-7.203627
139.832843065262	-0.8263016
139.848463058472	4.877211
139.864093065262	9.524857
139.879713058472	13.05033
139.895343065262	15.58502
139.910973072052	17.30436
139.926593065262	18.3588
139.942223072052	18.8646
139.957843065262	18.96536
139.973473072052	18.86827
139.989093065262	18.8308
140.004723072052	19.09285
140.020353078842	19.79722
140.035973072052	20.93291
140.051603078842	22.29682
140.067223072052	23.5908
140.082853078842	24.49463
140.098473072052	24.78707
140.114103078842	24.37839
140.129733085632	23.35889
140.145353078842	21.88621
140.160983085632	20.12209
140.176603078842	18.13206
140.192233085632	15.88392
140.207853078842	13.2838
140.223483085632	10.26184
140.239113092422	6.847168
140.254733085632	3.164158
140.270363092422	-0.6040077
140.285983085632	-4.272804
140.301613092422	-7.748856
140.317233085632	-11.0431
140.332863092422	-14.25236
140.348493099213	-17.50826
140.364113092422	-20.9448
140.379743099213	-24.65602
140.395363092422	-28.66936
140.410993099213	-32.91623
140.426613092422	-37.17162
140.442243099213	-40.98787
140.457873106003	-43.75267
140.473493099213	-44.7914
140.489123106003	-43.58239
140.504743099213	-39.98708
140.520373106003	-34.30064
140.535993099213	-27.21876
140.551623106003	-19.6401
140.567252874374	-12.421
140.582873106003	-6.193615
140.598502874374	-1.283222
140.614123106003	2.250923
140.629752874374	4.55357
140.645373106003	5.845787
140.661002874374	6.422188
140.676632881165	6.582058
140.692252874374	6.624664
140.707882881165	6.810001
140.723502874374	7.299938
140.739132881165	8.123318
140.754752874374	9.178551
140.770382881165	10.25023
140.786012887955	11.08656
140.801632881165	11.50251
140.817262887955	11.41204
140.832882881165	10.85934
140.848512887955	9.974159
140.864132881165	8.883942
140.879762887955	7.641605
140.895392894745	6.226444
140.911012887955	4.542168
140.926642894745	2.498325
140.942262887955	0.09734344
140.957892894745	-2.540379
140.973512887955	-5.186665
140.989142894745	-7.585518
141.004772901535	-9.573002
141.020392894745	-11.12434
141.036022901535	-12.36659
141.051642894745	-13.53532
141.067272901535	-14.87615
141.082892894745	-16.54076
141.098522901535	-18.51822
141.114152908325	-20.59098
141.129772901535	-22.34918
141.145402908325	-23.26635
141.161022901535	-22.81023
141.176652908325	-20.61692
141.192272901535	-16.6437
141.207902908325	-11.22344
141.223532915115	-5.003319
141.239152908325	1.22283
141.254782915115	6.769217
141.270402908325	11.21608
141.286032915115	14.45296
141.301652908325	16.58289
141.317282915115	17.78807
141.332912921906	18.21139
141.348532915115	17.95302
141.364162921906	17.15658
141.379782915115	16.02437
141.395412921906	14.86167
141.411032915115	13.97029
141.426662921906	13.54794
141.442292928696	13.58792
141.457912921906	13.93905
141.473542928696	14.3636
141.489162921906	14.65314
141.504792928696	14.70083
141.520412921906	14.4748
141.536042928696	13.97373
141.551672935486	13.16265
141.567292928696	11.95478
141.582922935486	10.23635
141.598542928696	7.949736
141.614172935486	5.165302
141.629792928696	2.085306
141.645422935486	-1.001245
141.661052942276	-3.812675
141.676672935486	-6.173229
141.692302942276	-8.066635
141.707922935486	-9.600088
141.723552942276	-10.93751
141.739172935486	-12.24808
141.754802942276	-13.67112
141.770432949066	-15.33958
141.786052942276	-17.33861
141.801682949066	-19.63492
141.817302942276	-21.97504
141.832932949066	-23.82549
141.848552942276	-24.49894
141.864182949066	-23.36526
141.879812955856	-20.14876
141.895432949066	-15.0552
141.911062955856	-8.761998
141.926682949066	-2.156893
141.942312955856	3.945873
141.957932949066	9.007974
141.973562955856	12.81292
141.989192962646	15.37371
142.004812955856	16.81616
142.020442962646	17.28475
142.036062955856	16.95562
142.051692962646	16.06291
142.067312955856	14.90637
142.082942962646	13.84507
142.098572969437	13.17609
142.114192962646	13.07832
142.129822969437	13.53962
142.145442962646	14.35169
142.161072969437	15.18388
142.176692962646	15.67917
142.192322969437	15.56468
142.207952976227	14.74833
142.223572969437	13.31501
142.239202976227	11.46001
142.254822969437	9.40119
142.270452976227	7.282609
142.286072969437	5.1283
142.301702976227	2.896565
142.317332983017	0.5376635
142.332952976227	-1.925361
142.348582983017	-4.378289
142.364202976227	-6.653299
142.379832983017	-8.609365
142.395462989807	-10.18945
142.411082983017	-11.44832
142.426712989807	-12.55154
142.442332983017	-13.7262
142.457962989807	-15.19421
142.473582983017	-17.12975
142.489212989807	-19.52307
142.504842996597	-22.11976
142.520462989807	-24.38853
142.536092996597	-25.61737
142.551712989807	-25.10222
142.567342996597	-22.45106
142.582962989807	-17.73683
142.598592996597	-11.54485
142.614223003387	-4.789044
142.629842996597	1.595878
142.645473003387	6.927091
142.661092996597	10.9162
142.676723003387	13.59588
142.692342996597	15.17519
142.707973003387	15.86055
142.723603010178	15.81717
142.739223003387	15.18891
142.754853010178	14.196
142.770473003387	13.15425
142.786103010178	12.41518
142.801723003387	12.24868
142.817353010178	12.69782
142.832983016968	13.54743
142.848603010178	14.38123
142.864233016968	14.7784
142.879853010178	14.47819
142.895483016968	13.51153
142.911103010178	12.13956
142.926733016968	10.70208
142.942363023758	9.414745
142.957983016968	8.25141
142.973613023758	6.974776
142.989233016968	5.266019
143.004863023758	2.934613
143.020483016968	0.02473152
143.036113023758	-3.168576
143.051743030548	-6.241903
143.067363023758	-8.854332
143.082993030548	-10.85373
143.098613023758	-12.31477
143.114243030548	-13.47373
143.129863023758	-14.63842
143.145493030548	-16.06216
143.161123037338	-17.88618
143.176743030548	-20.08387
143.192373037338	-22.45427
143.207993030548	-24.61099
143.223623037338	-26.00382
143.239243030548	-26.04551
143.254873037338	-24.26253
143.270503044128	-20.5079
143.286123037338	-15.04705
143.301753044128	-8.543531
143.317373037338	-1.844707
143.333003044128	4.222259
143.348623037338	9.092611
143.364253044128	12.53081
143.379883050919	14.56585
143.395503044128	15.39035
143.411133050919	15.23701
143.426753044128	14.37074
143.442383050919	13.0844
143.458003044128	11.7389
143.473633050919	10.70646
143.489263057709	10.29329
143.504883050919	10.61176
143.520513057709	11.53634
143.536133050919	12.7428
143.551763057709	13.81489
143.567383050919	14.39809
143.583013057709	14.29864
143.598643064499	13.53452
143.614263057709	12.28182
143.629893064499	10.74945
143.645513057709	9.065627
143.661143064499	7.218704
143.676763057709	5.102151
143.692393064499	2.624731
143.708023071289	-0.2000151
143.723643064499	-3.188893
143.739273071289	-6.05462
143.754893064499	-8.507694
143.770523071289	-10.40527
143.786143064499	-11.81884
143.801773071289	-13.0025
143.817403078079	-14.27713
143.833023071289	-15.92009
143.848653078079	-18.03432
143.864273071289	-20.47803
143.879903078079	-22.88314
143.895523071289	-24.68303
143.911153078079	-25.26121
143.926783084869	-24.11461
143.942403078079	-21.03242
143.958033084869	-16.19089
143.973653078079	-10.14418
143.989283084869	-3.642378
144.004903078079	2.595324
144.020533084869	8.017696
144.03616309166	12.32359
144.051783084869	15.39186
144.06741309166	17.19954
144.083033084869	17.78763
144.09866309166	17.31307
144.114283084869	16.09048
144.12991309166	14.58362
144.14554309845	13.2959
144.16116309166	12.58139
144.17679309845	12.50422
144.19241309166	12.85966
144.20804309845	13.29334
144.22366309166	13.49125
144.23929309845	13.32167
144.25492310524	12.83922
144.27054309845	12.18766
144.28617310524	11.46954
144.30179309845	10.65221
144.31742310524	9.584213
144.33304309845	8.080334
144.34867310524	6.008556
144.364302873611	3.388733
144.37992310524	0.3924713
144.395552873611	-2.708652
144.41117310524	-5.656105
144.426802873611	-8.256554
144.44242310524	-10.42347
144.458052873611	-12.15221
144.473682880402	-13.50955
144.489302873611	-14.61789
144.504932880402	-15.66157
144.520552873611	-16.89192
144.536182880402	-18.55591
144.551802873611	-20.77489
144.567432880402	-23.39395
144.583062887192	-25.89968
144.598682880402	-27.51373
144.614312887192	-27.41153
144.629932880402	-25.07182
144.645562887192	-20.49434
144.661192893982	-14.23056
144.676812887192	-7.201199
144.692442893982	-0.3885574
144.708062887192	5.506115
144.723692893982	10.16865
144.739312887192	13.6459
144.754942893982	16.14046
144.770572900772	17.81847
144.786192893982	18.72899
144.801822900772	18.8605
144.817442893982	18.28979
144.833072900772	17.26735
144.848692893982	16.22523
144.864322900772	15.59719
144.879952907562	15.64766
144.895572900772	16.33099
144.911202907562	17.27886
144.926822900772	18.00591
144.942452907562	18.09949
144.958072900772	17.4235
144.973702907562	16.13808
144.989332914352	14.5739
145.004952907562	13.02912
145.020582914352	11.60904
145.036202907562	10.18856
145.051832914352	8.516733
145.067452907562	6.378746
145.083082914352	3.734238
145.098712921143	0.7767067
145.114332914352	-2.150784
145.129962921143	-4.714628
145.145582914352	-6.750256
145.161212921143	-8.294901
145.176832914352	-9.549732
145.192462921143	-10.75496
145.208092927933	-12.09947
145.223712921143	-13.71292
145.239342927933	-15.65385
145.254962921143	-17.92427
145.270592927933	-20.41894
145.286212921143	-22.8473
145.301842927933	-24.68022
145.317472934723	-25.26891
145.333092927933	-24.05478
145.348722934723	-20.80188
145.364342927933	-15.76713
145.379972934723	-9.600294
145.395592927933	-3.139988
145.411222934723	2.861443
145.426852941513	7.937836
145.442472934723	11.93038
145.458102941513	14.86381
145.473722934723	16.83025
145.489352941513	17.9349
145.504972934723	18.29409
145.520602941513	18.09655
145.536232948303	17.59774
145.551852941513	17.07983
145.567482948303	16.75872
145.583102941513	16.7394
145.598732948303	16.99053
145.614352941513	17.36485
145.629982948303	17.66909
145.645612955093	17.68742
145.661232948303	17.28811
145.676862955093	16.41162
145.692482948303	15.13619
145.708112955093	13.5932
145.723732948303	11.93866
145.739362955093	10.24867
145.754992961884	8.501617
145.770612955093	6.607172
145.786242961884	4.457336
145.801862955093	2.045948
145.817492961884	-0.5187206
145.833112955093	-3.039312
145.848742961884	-5.335743
145.864372968674	-7.300785
145.879992961884	-8.952873
145.895622968674	-10.40271
145.911242961884	-11.78622
145.926872968674	-13.25244
145.942492961884	-14.90988
145.958122968674	-16.84914
145.973752975464	-19.0892
145.989372968674	-21.51733
146.005002975464	-23.84106
146.020622968674	-25.59533
146.036252975464	-26.23549
146.051872968674	-25.28403
146.067502975464	-22.54422
146.083132982254	-18.17217
146.098752975464	-12.65386
146.114382982254	-6.653008
146.130002975464	-0.8136578
146.145632982254	4.39016
146.161252975464	8.707535
146.176882982254	12.02053
146.192512989044	14.31865
146.208132982254	15.58521
146.223762989044	15.88447
146.239382982254	15.35301
146.255012989044	14.2815
146.270632982254	13.06769
146.286262989044	12.10058
146.301892995834	11.65947
146.317512989044	11.80385
146.333142995834	12.37384
146.348762989044	13.05344
146.364392995834	13.51778
146.380012989044	13.51855
146.395642995834	12.97339
146.411273002625	11.96231
146.426892995834	10.65539
146.442523002625	9.240865
146.458142995834	7.838523
146.473773002625	6.454528
146.489392995834	4.990958
146.505023002625	3.327176
146.520653009415	1.388307
146.536273002625	-0.8038549
146.551903009415	-3.098268
146.567523002625	-5.293498
146.583153009415	-7.228277
146.598773002625	-8.819107
146.614403009415	-10.11082
146.630033016205	-11.2594
146.645653009415	-12.4628
146.661283016205	-13.92138
146.676903009415	-15.7873
146.692533016205	-18.08049
146.708153009415	-20.66425
146.723783016205	-23.18514
146.739413022995	-25.12859
146.755033016205	-25.91435
146.770663022995	-25.06705
146.786283016205	-22.38701
146.801913022995	-18.03375
146.817543029785	-12.50061
146.833163022995	-6.477289
146.848793029785	-0.6687683
146.864413022995	4.393496
146.880043029785	8.404427
146.895663022995	11.29786
146.911293029785	13.13939
146.926923036575	14.07479
146.942543029785	14.2756
146.958173036575	13.93898
146.973793029785	13.29066
146.989423036575	12.58413
147.005043029785	12.05947
147.020673036575	11.88738
147.036303043365	12.08294
147.051923036575	12.50968
147.067553043365	12.91861
147.083173036575	13.06454
147.098803043365	12.82237
147.114423036575	12.22736
147.130053043365	11.41819
147.145683050156	10.53634
147.161303043365	9.636892
147.176933050156	8.638524
147.192553043365	7.394979
147.208183050156	5.770191
147.223803043365	3.735139
147.239433050156	1.396079
147.255063056946	-1.05519
147.270683050156	-3.439954
147.286313056946	-5.66056
147.301933050156	-7.692894
147.317563056946	-9.575384
147.333183050156	-11.33662
147.348813056946	-12.98098
147.364443063736	-14.50675
147.380063056946	-15.95915
147.395693063736	-17.42818
147.411313056946	-19.05245
147.426943063736	-20.92728
147.442563056946	-22.95607
147.458193063736	-24.80731
147.473823070526	-25.91363
147.489443063736	-25.64437
147.505073070526	-23.54214
147.520693063736	-19.52946
147.536323070526	-13.99434
147.551943063736	-7.690013
147.567573070526	-1.489157
147.583203077316	3.895547
147.598823070526	8.077763
147.614453077316	11.04166
147.630073070526	12.97862
147.645703077316	14.119
147.661323070526	14.61903
147.676953077316	14.56157
147.692583084106	14.05675
147.708203077316	13.31891
147.723833084106	12.65792
147.739453077316	12.34466
147.755083084106	12.50723
147.770703077316	13.03224
147.786333084106	13.61609
147.801963090897	13.91196
147.817583084106	13.69652
147.833213090897	12.95559
147.848833084106	11.8675
147.864463090897	10.69792
147.880083084106	9.63265
147.895713090897	8.714133
147.911343097687	7.806829
147.926963090897	6.679114
147.942593097687	5.120223
147.958213090897	3.036334
147.973843097687	0.4973335
147.989463090897	-2.260685
148.005093097687	-4.937822
148.020723104477	-7.293332
148.036343097687	-9.21865
148.051973104477	-10.75117
148.067593097687	-12.0412
148.083223104477	-13.2433
148.098843097687	-14.49561
148.114473104477	-15.90634
148.130103111267	-17.57064
148.145723104477	-19.53159
148.161353111267	-21.7394
148.176973104477	-23.93437
148.192603111267	-25.65446
148.208223104477	-26.30331
148.223853111267	-25.3287
148.239482879639	-22.4279
148.255103111267	-17.69991
148.270732879639	-11.655
148.286353111267	-5.069029
148.301982879639	1.213684
148.317603111267	6.560849
148.333232879639	10.62553
148.348862886429	13.37824
148.364482879639	15.00867
148.380112886429	15.76758
148.395732879639	15.86854
148.411362886429	15.45863
148.426982879639	14.70057
148.442612886429	13.80341
148.458242893219	13.0783
148.473862886429	12.82249
148.489492893219	13.18924
148.505112886429	14.09675
148.520742893219	15.22177
148.536362886429	16.11944
148.551992893219	16.40956
148.567622900009	15.96083
148.583242893219	14.87243
148.598872900009	13.42784
148.614492893219	11.89448
148.630122900009	10.39924
148.645742893219	8.901194
148.661372900009	7.243776
148.677002906799	5.287336
148.692622900009	2.989294
148.708252906799	0.4898109
148.723872900009	-1.996244
148.739502906799	-4.251392
148.755122900009	-6.183975
148.770752906799	-7.848989
148.786382913589	-9.38752
148.802002906799	-10.95781
148.817632913589	-12.64079
148.833252906799	-14.44105
148.848882913589	-16.3221
148.864502906799	-18.25561
148.880132913589	-20.20329
148.89576292038	-22.07777
148.911382913589	-23.66408
148.92701292038	-24.58028
148.942632913589	-24.36707
148.95826292038	-22.63011
148.973882913589	-19.22291
148.98951292038	-14.35087
149.00514292717	-8.542158
149.02076292038	-2.47567
149.03639292717	3.194197
149.05201292038	7.981323
149.06764292717	11.63149
149.08326292038	14.07514
149.09889292717	15.36699
149.11452293396	15.6284
149.13014292717	15.06971
149.14577293396	13.97289
149.16139292717	12.71189
149.17702293396	11.65861
149.19264292717	11.06914
149.20827293396	11.00897
149.22390294075	11.33062
149.23952293396	11.76143
149.25515294075	12.03927
149.27077293396	12.01303
149.28640294075	11.64523
149.30202293396	10.99348
149.31765294075	10.11323
149.33328294754	9.012726
149.34890294075	7.676634
149.36453294754	6.067665
149.38015294075	4.172855
149.39578294754	2.029932
149.41140294075	-0.2930889
149.42703294754	-2.708927
149.44266295433	-5.125708
149.45828294754	-7.455822
149.47391295433	-9.604538
149.48953294754	-11.50119
149.50516295433	-13.13244
149.520792961121	-14.5711
149.53641295433	-15.9679
149.552042961121	-17.51378
149.56766295433	-19.38405
149.583292961121	-21.58144
149.59891295433	-23.8816
149.614542961121	-25.8068
149.630172967911	-26.72624
149.645792961121	-26.06779
149.661422967911	-23.50408
149.677042961121	-19.11791
149.692672967911	-13.38081
149.708292961121	-7.020357
149.723922967911	-0.797369
149.739552974701	4.683182
149.755172967911	9.072939
149.770802974701	12.25163
149.786422967911	14.2456
149.802052974701	15.17239
149.817672967911	15.2103
149.833302974701	14.58376
149.848932981491	13.58532
149.864552974701	12.54039
149.880182981491	11.73964
149.895802974701	11.36735
149.911432981491	11.46095
149.927052974701	11.91636
149.942682981491	12.54331
149.958312988281	13.12023
149.973932981491	13.45677
149.989562988281	13.41129
150.005182981491	12.94748
150.020812988281	12.06762
150.036432981491	10.78963
150.052062988281	9.154902
150.067692995071	7.161713
150.083312988281	4.847034
150.098942995071	2.269102
150.114562988281	-0.4536686
150.130192995071	-3.157158
150.145812988281	-5.628986
150.161442995071	-7.718273
150.177073001862	-9.379366
150.192692995071	-10.69619
150.208323001862	-11.88052
150.223942995071	-13.18394
150.239573001862	-14.81312
150.255192995071	-16.84172
150.270823001862	-19.14099
150.286453008652	-21.39034
150.302073001862	-23.12396
150.317703008652	-23.84018
150.333323001862	-23.12318
150.348953008652	-20.77544
150.364573001862	-16.85674
150.380203008652	-11.69631
150.395833015442	-5.833023
150.411453008652	0.1118097
150.427083015442	5.506723
150.442703008652	9.861388
150.458333015442	12.8768
150.473953008652	14.51398
150.489583015442	14.91897
150.505213022232	14.43251
150.520833015442	13.47353
150.536463022232	12.4172
150.552083015442	11.57538
150.567713022232	11.0858
150.583333015442	10.97833
150.598963022232	11.15941
150.614593029022	11.49084
150.630213022232	11.77165
150.645843029022	11.82246
150.661463022232	11.52884
150.677093029022	10.8445
150.692713022232	9.830115
150.708343029022	8.568608
150.723973035812	7.152218
150.739593029022	5.615409
150.755223035812	3.934229
150.770843029022	2.074305
150.786473035812	0.04096699
150.802093029022	-2.07203
150.817723035812	-4.129837
150.833353042603	-5.975571
150.848973035812	-7.565725
150.864603042603	-8.960626
150.880223035812	-10.32754
150.895853042603	-11.8754
150.911473035812	-13.76132
150.927103042603	-16.05074
150.942733049393	-18.6249
150.958353042603	-21.18114
150.973983049393	-23.2267
150.989603042603	-24.21563
151.005233049393	-23.65145
151.020853042603	-21.29241
151.036483049393	-17.25317
151.052113056183	-11.95627
151.067733049393	-6.049294
151.083363056183	-0.1853466
151.098983049393	5.105446
151.114613056183	9.525478
151.130233049393	12.9286
151.145863056183	15.28387
151.161493062973	16.58512
151.177113056183	16.89688
151.192743062973	16.39548
151.208363056183	15.37827
151.223993062973	14.24022
151.239613056183	13.34507
151.255243062973	12.90954
151.270873069763	12.92381
151.286493062973	13.21605
151.302123069763	13.5228
151.317743062973	13.63878
151.333373069763	13.48164
151.348993062973	13.05108
151.364623069763	12.37819
151.380253076553	11.46236
151.395873069763	10.26749
151.411503076553	8.744775
151.427123069763	6.884685
151.442753076553	4.729112
151.458373069763	2.380675
151.474003076553	-0.01481342
151.489633083344	-2.316705
151.505253076553	-4.411395
151.520883083344	-6.223846
151.536503076553	-7.778876
151.552133083344	-9.188992
151.567753076553	-10.65758
151.583383083344	-12.42582
151.599013090134	-14.65532
151.614633083344	-17.32985
151.630263090134	-20.18712
151.645883083344	-22.71841
151.661513090134	-24.26863
151.677143096924	-24.24716
151.692763090134	-22.28513
151.708393096924	-18.39247
151.724013090134	-12.99236
151.739643096924	-6.809314
151.755263090134	-0.6558069
151.770893096924	4.762187
151.786523103714	9.011627
151.802143096924	11.96883
151.817773103714	13.74805
151.833393096924	14.5798
151.849023103714	14.7204
151.864643096924	14.39723
151.880273103714	13.79544
151.895903110504	13.08707
151.911523103714	12.43352
151.927153110504	11.95259
151.942773103714	11.71446
151.958403110504	11.69853
151.974023103714	11.81377
151.989653110504	11.93379
152.005282878876	11.935
152.020903110504	11.72158
152.036532878876	11.27113
152.052153110504	10.59079
152.067782878876	9.695238
152.083403110504	8.563335
152.099032878876	7.127813
152.114662885666	5.331932
152.130282878876	3.169703
152.145912885666	0.7489388
152.161532878876	-1.730962
152.177162885666	-4.010008
152.192782878876	-5.91375
152.208412885666	-7.411371
152.224042892456	-8.659461
152.239662885666	-9.943701
152.255292892456	-11.56274
152.270912885666	-13.69597
152.286542892456	-16.33559
152.302162885666	-19.24023
152.317792892456	-21.95701
152.333422899246	-23.90591
152.349042892456	-24.49074
152.364672899246	-23.25395
152.380292892456	-20.02142
152.395922899246	-15.02811
152.411542892456	-8.866787
152.427172899246	-2.377038
152.442802906036	3.611948
152.458422899246	8.481862
152.474052906036	11.94769
152.489672899246	14.04739
152.505302906036	15.00905
152.520922899246	15.11485
152.536552906036	14.6163
152.552182912827	13.72927
152.567802906036	12.66941
152.583432912827	11.66768
152.599052906036	10.92775
152.614682912827	10.58073
152.630302906036	10.62018
152.645932912827	10.911
152.661562919617	11.24001
152.677182912827	11.38393
152.692812919617	11.19597
152.708432912827	10.61297
152.724062919617	9.642635
152.739682912827	8.319899
152.755312919617	6.696587
152.770942926407	4.82663
152.786562919617	2.769585
152.802192926407	0.5888162
152.817812919617	-1.634026
152.833442926407	-3.814283
152.849062919617	-5.850646
152.864692926407	-7.653453
152.880322933197	-9.189356
152.895942926407	-10.50988
152.911572933197	-11.78276
152.927192926407	-13.27893
152.942822933197	-15.23476
152.958442926407	-17.6939
152.974072933197	-20.42334
152.989702939987	-22.88877
153.005322933197	-24.37164
153.020952939987	-24.20113
153.036572933197	-21.98981
153.052202939987	-17.7803
153.067822933197	-12.06973
153.083452939987	-5.652403
153.099082946777	0.6047659
153.114702939987	5.984658
153.130332946777	10.04665
153.145952939987	12.66465
153.161582946777	13.94725
153.177202939987	14.135
153.192832946777	13.53015
153.208462953568	12.4387
153.224082946777	11.2094
153.239712953568	10.15455
153.255332946777	9.499769
153.270962953568	9.314971
153.286582946777	9.504658
153.302212953568	9.843406
153.317842960358	10.11973
153.333462953568	10.2054
153.349092960358	10.08583
153.364712953568	9.815228
153.380342960358	9.406317
153.395962953568	8.775896
153.411592960358	7.774331
153.427222967148	6.265452
153.442842960358	4.212245
153.458472967148	1.749573
153.474092960358	-0.87953
153.489722967148	-3.40246
153.505342960358	-5.615805
153.520972967148	-7.448372
153.536602973938	-8.977625
153.552222967148	-10.37244
153.567852973938	-11.82383
153.583472967148	-13.49293
153.599102973938	-15.44674
153.614722967148	-17.6313
153.630352973938	-19.85832
153.645982980728	-21.76826
153.661602973938	-22.89277
153.677232980728	-22.73238
153.692852973938	-20.90754
153.708482980728	-17.33556
153.724102973938	-12.30622
153.739732980728	-6.439103
153.755362987518	-0.514205
153.770982980728	4.753319
153.786612987518	8.90034
153.802232980728	11.74814
153.817862987518	13.36459
153.833482980728	13.94518
153.849112987518	13.72978
153.864742994308	12.97899
153.880362987518	11.95971
153.895992994308	10.96106
153.911612987518	10.24256
153.927242994308	9.959108
153.942873001099	10.09594
153.958492994308	10.51445
153.974123001099	10.98752
153.989742994308	11.31303
154.005373001099	11.36061
154.020992994308	11.07979
154.036623001099	10.47238
154.052253007889	9.552951
154.067873001099	8.286414
154.083503007889	6.640282
154.099123001099	4.60222
154.114753007889	2.23856
154.130373001099	-0.299675
154.146003007889	-2.808752
154.161633014679	-5.109951
154.177253007889	-7.108758
154.192883014679	-8.799727
154.208503007889	-10.27139
154.224133014679	-11.63197
154.239753007889	-13.01302
154.255383014679	-14.52561
154.271013021469	-16.25062
154.286633014679	-18.18559
154.302263021469	-20.16599
154.317883014679	-21.8072
154.333513021469	-22.56386
154.349133014679	-21.89718
154.364763021469	-19.49073
154.380393028259	-15.44461
154.396013021469	-10.2599
154.411643028259	-4.682307
154.427263021469	0.5884957
154.442893028259	5.065517
154.458513021469	8.564208
154.474143028259	11.09816
154.489773035049	12.75548
154.505393028259	13.63117
154.521023035049	13.81724
154.536643028259	13.46899
154.552273035049	12.82433
154.567893028259	12.15631
154.583523035049	11.68993
154.59915304184	11.51511
154.614773035049	11.58114
154.63040304184	11.73209
154.646023035049	11.80176
154.66165304184	11.66614
154.677273035049	11.26103
154.69290304184	10.57935
154.70853304863	9.653705
154.72415304184	8.527047
154.73978304863	7.21142
154.75540304184	5.684906
154.77103304863	3.90641
154.78665304184	1.84962
154.80228304863	-0.4668674
154.81791305542	-2.920078
154.83353304863	-5.321974
154.84916305542	-7.463096
154.86478304863	-9.211094
154.88041305542	-10.57817
154.89603304863	-11.73673
154.91166305542	-12.97334
154.92729306221	-14.56264
154.94291305542	-16.64642
154.95854306221	-19.12374
154.97416305542	-21.59787
154.98979306221	-23.44082
155.00541305542	-23.95186
155.02104306221	-22.59125
155.036673069	-19.20355
155.05229306221	-14.09214
155.067923069	-7.942709
155.08354306221	-1.629245
155.099173069	4.078972
155.11479306221	8.678174
155.130423069	11.99636
155.14605307579	14.11473
155.161673069	15.22132
155.17730307579	15.50965
155.192923069	15.14797
155.20855307579	14.32835
155.224173069	13.2897
155.23980307579	12.30686
155.255433082581	11.62054
155.27105307579	11.35334
155.286683082581	11.48687
155.30230307579	11.85059
155.317933082581	12.21513
155.33355307579	12.36154
155.349183082581	12.13898
155.364813089371	11.49416
155.380433082581	10.46921
155.396063089371	9.158768
155.411683082581	7.64182
155.427313089371	5.947571
155.442933082581	4.05353
155.458563089371	1.930749
155.474193096161	-0.3919667
155.489813089371	-2.83599
155.505443096161	-5.268132
155.521063089371	-7.532578
155.536693096161	-9.515535
155.552313089371	-11.17765
155.567943096161	-12.57348
155.583573102951	-13.85715
155.599193096161	-15.21363
155.614823102951	-16.80515
155.630443096161	-18.66014
155.646073102951	-20.58937
155.661693096161	-22.15961
155.677323102951	-22.7955
155.692953109741	-21.97243
155.708573102951	-19.39606
155.724203109741	-15.16141
155.739823102951	-9.7447
155.755453109741	-3.848423
155.771073102951	1.819262
155.786703109741	6.723915
155.802332878113	10.57837
155.817953109741	13.30363
155.833582878113	14.93986
155.849203109741	15.58663
155.864832878113	15.39444
155.880453109741	14.58379
155.896082878113	13.46468
155.911712884903	12.39674
155.927332878113	11.67159
155.942962884903	11.41425
155.958582878113	11.52214
155.974212884903	11.76362
155.989832878113	11.86837
156.005462884903	11.67945
156.021092891693	11.18904
156.036712884903	10.50311
156.052342891693	9.704304
156.067962884903	8.779432
156.083592891693	7.595013
156.099212884903	5.973151
156.114842891693	3.829372
156.130472898483	1.244347
156.146092891693	-1.553958
156.161722898483	-4.271233
156.177342891693	-6.648035
156.192972898483	-8.543132
156.208592891693	-9.961733
156.224222898483	-11.03519
156.239852905273	-12.0062
156.255472898483	-13.15553
156.271102905273	-14.73588
156.286722898483	-16.86461
156.302352905273	-19.42589
156.317972898483	-22.01862
156.333602905273	-24.02675
156.349232912064	-24.77888
156.364852905273	-23.75118
156.380482912064	-20.77948
156.396102905273	-16.11305
156.411732912064	-10.34397
156.427352905273	-4.211012
156.442982912064	1.607869
156.458612918854	6.632656
156.474232912064	10.62616
156.489862918854	13.52556
156.505482912064	15.36575
156.521112918854	16.21397
156.536732912064	16.17782
156.552362918854	15.45284
156.567992925644	14.35979
156.583612918854	13.30369
156.599242925644	12.64084
156.614862918854	12.57826
156.630492925644	13.02112
156.646122932434	13.66375
156.661742925644	14.09671
156.677372932434	14.03618
156.692992925644	13.41785
156.708622932434	12.39026
156.724242925644	11.20065
156.739872932434	9.987024
156.755502939224	8.755236
156.771122932434	7.361455
156.786752939224	5.65266
156.802372932434	3.575167
156.818002939224	1.231864
156.833622932434	-1.179214
156.849252939224	-3.436728
156.864882946014	-5.387737
156.880502939224	-7.006545
156.896132946014	-8.361217
156.911752939224	-9.608458
156.927382946014	-10.91897
156.943002939224	-12.45967
156.958632946014	-14.35275
156.974262952805	-16.60878
156.989882946014	-19.06595
157.005512952805	-21.37131
157.021132946014	-23.01003
157.036762952805	-23.44038
157.052382946014	-22.2477
157.068012952805	-19.31734
157.083642959595	-14.86253
157.099262952805	-9.408546
157.114892959595	-3.589345
157.130512952805	1.996964
157.146142959595	6.928773
157.161762952805	10.96711
157.177392959595	14.00295
157.193022966385	15.98846
157.208642959595	16.92818
157.224272966385	16.94038
157.239892959595	16.26507
157.255522966385	15.27358
157.271142959595	14.35824
157.286772966385	13.82323
157.302402973175	13.78267
157.318022966385	14.12624
157.333652973175	14.61521
157.349272966385	14.9542
157.364902973175	14.9297
157.380522966385	14.4532
157.396152973175	13.5752
157.411782979965	12.41908
157.427402973175	11.11274
157.443032979965	9.72569
157.458652973175	8.243891
157.474282979965	6.597915
157.489902973175	4.709353
157.505532979965	2.555891
157.521162986755	0.1929283
157.536782979965	-2.243428
157.552412986755	-4.57234
157.568032979965	-6.633468
157.583662986755	-8.314728
157.599282979965	-9.633148
157.614912986755	-10.69985
157.630542993546	-11.74121
157.646162986755	-13.01134
157.661792993546	-14.72531
157.677412986755	-16.93027
157.693042993546	-19.45024
157.708662986755	-21.85308
157.724292993546	-23.51587
157.739923000336	-23.81579
157.755542993546	-22.29051
157.771173000336	-18.85406
157.786792993546	-13.82716
157.802423000336	-7.860112
157.818042993546	-1.751395
157.833673000336	3.793078
157.849303007126	8.301333
157.864923000336	11.60287
157.880553007126	13.75443
157.896173000336	14.94838
157.911803007126	15.40067
157.927423000336	15.30047
157.943053007126	14.82352
157.958683013916	14.15012
157.974303007126	13.47566
157.989933013916	12.97948
158.005553007126	12.79122
158.021183013916	12.9193
158.036803007126	13.2414
158.052433013916	13.53752
158.068063020706	13.56038
158.083683013916	13.1607
158.099313020706	12.31489
158.114933013916	11.17029
158.130563020706	9.911135
158.146183013916	8.667828
158.161813020706	7.39989
158.177443027496	5.931685
158.193063020706	4.065463
158.208693027496	1.720364
158.224313020706	-0.9660149
158.239943027496	-3.698173
158.255563020706	-6.129782
158.271193027496	-8.028181
158.286823034286	-9.377847
158.302443027496	-10.36311
158.318073034286	-11.28101
158.333693027496	-12.41255
158.349323034286	-13.91498
158.364943027496	-15.81262
158.380573034286	-17.96119
158.396203041077	-20.0471
158.411823034286	-21.62065
158.427453041077	-22.16841
158.443073034286	-21.23812
158.458703041077	-18.61278
158.474323034286	-14.42278
158.489953041077	-9.144477
158.505583047867	-3.479849
158.521203041077	1.871532
158.536833047867	6.397154
158.552453041077	9.859437
158.568083047867	12.23729
158.583703041077	13.64796
158.599333047867	14.24728
158.614963054657	14.19119
158.630583047867	13.7055
158.646213054657	13.06419
158.661833047867	12.56686
158.677463054657	12.42769
158.693083047867	12.69573
158.708713054657	13.20933
158.724343061447	13.69259
158.739963054657	13.87408
158.755593061447	13.59453
158.771213054657	12.86158
158.786843061447	11.79488
158.802473068237	10.53797
158.818093061447	9.197395
158.833723068237	7.808076
158.849343061447	6.351275
158.864973068237	4.756559
158.880593061447	2.951483
158.896223068237	0.8814907
158.911853075027	-1.439989
158.927473068237	-3.900585
158.943103075027	-6.310625
158.958723068237	-8.437305
158.974353075027	-10.10807
158.989973068237	-11.26628
159.005603075027	-12.04717
159.021233081818	-12.72105
159.036853075027	-13.62042
159.052483081818	-14.99691
159.068103075027	-16.91796
159.083733081818	-19.19147
159.099353075027	-21.3548
159.114983081818	-22.80399
159.130613088608	-22.94196
159.146233081818	-21.38977
159.161863088608	-18.11196
159.177483081818	-13.45226
159.193113088608	-8.010719
159.208733081818	-2.484711
159.224363088608	2.515511
159.239993095398	6.5877
159.255613088608	9.561264
159.271243095398	11.44749
159.286863088608	12.38018
159.302493095398	12.56303
159.318113088608	12.2246
159.333743095398	11.61749
159.349373102188	10.99749
159.364993095398	10.56535
159.380623102188	10.43968
159.396243095398	10.61279
159.411873102188	10.95259
159.427493095398	11.24496
159.443123102188	11.28046
159.458753108978	10.93345
159.474373102188	10.20566
159.490003108978	9.234756
159.505623102188	8.177822
159.521253108978	7.16798
159.536873102188	6.211224
159.552503108978	5.168091
159.56813287735	3.827835
159.583753108978	2.006596
159.59938287735	-0.3281517
159.615003108978	-3.015785
159.63063287735	-5.712116
159.646253108978	-8.049717
159.66188287735	-9.78207
159.67751288414	-10.90764
159.69313287735	-11.65683
159.70876288414	-12.39196
159.72438287735	-13.44764
159.74001288414	-15.00188
159.75563287735	-17.02128
159.77126288414	-19.2555
159.78689289093	-21.32059
159.80251288414	-22.73588
159.81814289093	-23.02681
159.83376288414	-21.80746
159.84939289093	-18.92609
159.86501288414	-14.52705
159.88064289093	-9.081287
159.89627289772	-3.283394
159.91189289093	2.158039
159.92752289772	6.669201
159.94314289093	9.948875
159.95877289772	11.94417
159.97439289093	12.80463
159.99002289772	12.77455
160.00565290451	12.13547
160.02127289772	11.20149
160.03690290451	10.26847
160.05252289772	9.604492
160.06815290451	9.346031
160.08377289772	9.494892
160.09940290451	9.908966
160.115032911301	10.37657
160.13065290451	10.69374
160.146282911301	10.74564
160.16190290451	10.51515
160.177532911301	10.04913
160.19315290451	9.398346
160.208782911301	8.543945
160.224412918091	7.389496
160.240032911301	5.81216
160.255662918091	3.743477
160.271282911301	1.245609
160.286912918091	-1.478672
160.302532911301	-4.129356
160.318162918091	-6.429554
160.333792924881	-8.200165
160.349412918091	-9.435146
160.365042924881	-10.26403
160.380662918091	-10.93143
160.396292924881	-11.7361
160.411912918091	-12.92696
160.427542924881	-14.69391
160.443172931671	-17.04817
160.458792924881	-19.80146
160.474422931671	-22.50841
160.490042924881	-24.54391
160.505672931671	-25.23387
160.521292924881	-24.08642
160.536922931671	-20.96534
160.552552938461	-16.14287
160.568172931671	-10.26895
160.583802938461	-4.144791
160.599422931671	1.476822
160.615052938461	6.06823
160.630672931671	9.390434
160.646302938461	11.44495
160.661932945251	12.38599
160.677552938461	12.42322
160.693182945251	11.80192
160.708802938461	10.7739
160.724432945251	9.601067
160.740052938461	8.5452
160.755682945251	7.819149
160.771312952042	7.538696
160.786932945251	7.674145
160.802562952042	8.062153
160.818182945251	8.473671
160.833812952042	8.690723
160.849432945251	8.56601
160.865062952042	8.068207
160.880692958832	7.27002
160.896312952042	6.259045
160.911942958832	5.110897
160.927562952042	3.829689
160.943192958832	2.353142
160.958812952042	0.6193924
160.974442958832	-1.385056
160.990072965622	-3.592087
161.005692958832	-5.831364
161.021322965622	-7.909634
161.036942958832	-9.695007
161.052572965622	-11.16972
161.068192958832	-12.44432
161.083822965622	-13.75286
161.099452972412	-15.30633
161.115072965622	-17.19204
161.130702972412	-19.27316
161.146322965622	-21.15432
161.161952972412	-22.28264
161.177572965622	-22.12371
161.193202972412	-20.31186
161.208832979202	-16.81686
161.224452972412	-11.95148
161.240082979202	-6.283596
161.255702972412	-0.4854431
161.271332979202	4.816952
161.286952972412	9.169762
161.302582979202	12.33266
161.318212985992	14.26165
161.333832979202	15.05873
161.349462985992	14.91414
161.365082979202	14.07141
161.380712985992	12.83628
161.396332979202	11.53364
161.411962985992	10.47558
161.427592992783	9.903852
161.443212985992	9.900949
161.458842992783	10.35639
161.474462985992	11.01354
161.490092992783	11.56335
161.505722999573	11.76372
161.521342992783	11.51387
161.536972999573	10.82222
161.552592992783	9.719584
161.568222999573	8.233997
161.583842992783	6.36932
161.599472999573	4.169592
161.615103006363	1.758339
161.630722999573	-0.666996
161.646353006363	-2.911692
161.661972999573	-4.889547
161.677603006363	-6.640789
161.693222999573	-8.269951
161.708853006363	-9.890287
161.724483013153	-11.54798
161.740103006363	-13.26821
161.755733013153	-15.06224
161.771353006363	-16.966
161.786983013153	-18.91512
161.802603006363	-20.67348
161.818233013153	-21.78025
161.833863019943	-21.6468
161.849483013153	-19.79393
161.865113019943	-16.07677
161.880733013153	-10.81044
161.896363019943	-4.68144
161.911983013153	1.478216
161.927613019943	6.966448
161.943243026733	11.35875
161.958863019943	14.53342
161.974493026733	16.55292
161.990113019943	17.55025
162.005743026733	17.65579
162.021363019943	17.03096
162.036993026733	15.88578
162.052623033524	14.49023
162.068243026733	13.15374
162.083873033524	12.13697
162.099493026733	11.58776
162.115123033524	11.52553
162.130743026733	11.82378
162.146373033524	12.29118
162.162003040314	12.69674
162.177623033524	12.82152
162.193253040314	12.52136
162.208873033524	11.69705
162.224503040314	10.33009
162.240123033524	8.452291
162.255753040314	6.128051
162.271383047104	3.44727
162.287003040314	0.5480185
162.302633047104	-2.393209
162.318253040314	-5.164225
162.333883047104	-7.550142
162.349503040314	-9.441081
162.365133047104	-10.87853
162.380763053894	-12.09127
162.396383047104	-13.40577
162.412013053894	-15.11978
162.427633047104	-17.34493
162.443263053894	-19.90476
162.458883047104	-22.3454
162.474513053894	-24.0466
162.490143060684	-24.40379
162.505763053894	-23.02857
162.521393060684	-19.85851
162.537013053894	-15.18216
162.552643060684	-9.574
162.568263053894	-3.716157
162.583893060684	1.761147
162.599523067474	6.374018
162.615143060684	9.883464
162.630773067474	12.24601
162.646393060684	13.58574
162.662023067474	14.09877
162.677643060684	14.00373
162.693273067474	13.48758
162.708903074265	12.74025
162.724523067474	11.93001
162.740153074265	11.21065
162.755773067474	10.7197
162.771403074265	10.53128
162.787023067474	10.64539
162.802653074265	10.94547
162.818283081055	11.21226
162.833903074265	11.21333
162.849533081055	10.7661
162.865153074265	9.803151
162.880783081055	8.357965
162.896403074265	6.516787
162.912033081055	4.373984
162.927663087845	2.017155
162.943283081055	-0.460093
162.958913087845	-2.948387
162.974533081055	-5.32488
162.990163087845	-7.48682
163.005783081055	-9.416766
163.021413087845	-11.19992
163.037043094635	-12.97857
163.052663087845	-14.92096
163.068293094635	-17.11709
163.083913087845	-19.51627
163.099543094635	-21.91432
163.115163087845	-23.92575
163.130793094635	-25.04326
163.146423101425	-24.7206
163.162043094635	-22.54256
163.177673101425	-18.37161
163.193293094635	-12.51507
163.208923101425	-5.667335
163.224543094635	1.280141
163.240173101425	7.479279
163.255803108215	12.36701
163.271423101425	15.74258
163.287053108215	17.71306
163.302673101425	18.51812
163.318303108215	18.42513
163.333923101425	17.66321
163.349553108215	16.46233
163.365182876587	15.09534
163.380803108215	13.86194
163.396432876587	13.02549
163.412053108215	12.67523
163.427682876587	12.71784
163.443303108215	12.89996
163.458932876587	12.94284
163.474562883377	12.62839
163.490182876587	11.88776
163.505812883377	10.76757
163.521432876587	9.369707
163.537062883377	7.767835
163.552682876587	5.98392
163.568312883377	4.011577
163.583942890167	1.842957
163.599562883377	-0.4685163
163.615192890167	-2.823545
163.630812883377	-5.08518
163.646442890167	-7.145952
163.662072896957	-8.96476
163.677692890167	-10.58901
163.693322896957	-12.15935
163.708942890167	-13.87573
163.724572896957	-15.90745
163.740192890167	-18.2573
163.755822896957	-20.69563
163.771452903748	-22.70757
163.787072896957	-23.63481
163.802702903748	-22.89727
163.818322896957	-20.20206
163.833952903748	-15.6813
163.849572896957	-9.86552
163.865202903748	-3.539901
163.880832910538	2.515502
163.896452903748	7.701287
163.912082910538	11.68875
163.927702903748	14.39776
163.943332910538	15.90273
163.958952903748	16.35493
163.974582910538	15.96385
163.990212917328	15.00066
164.005832910538	13.80654
164.021462917328	12.73449
164.037082910538	12.05536
164.052712917328	11.87324
164.068332910538	12.10974
164.083962917328	12.51549
164.099592924118	12.82191
164.115212917328	12.81009
164.130842924118	12.42549
164.146462917328	11.73202
164.162092924118	10.83327
164.177712917328	9.772197
164.193342924118	8.473015
164.208972930908	6.804605
164.224592924118	4.65731
164.240222930908	2.038019
164.255842924118	-0.8858757
164.271472930908	-3.824932
164.287092924118	-6.468369
164.302722930908	-8.618923
164.318352937698	-10.23472
164.333972930908	-11.47873
164.349602937698	-12.63069
164.365222930908	-14.02976
164.380852937698	-15.91571
164.396472930908	-18.34504
164.412102937698	-21.10821
164.427732944489	-23.71253
164.443352937698	-25.49446
164.458982944489	-25.77332
164.474602937698	-24.08379
164.490232944489	-20.36515
164.505852937698	-14.97197
164.521482944489	-8.596191
164.537112951279	-2.057654
164.552732944489	3.900756
164.568362951279	8.776792
164.583982944489	12.29927
164.599612951279	14.44284
164.615232944489	15.30806
164.630862951279	15.10622
164.646492958069	14.15854
164.662112951279	12.82425
164.677742958069	11.48367
164.693362951279	10.40779
164.708992958069	9.726161
164.724612951279	9.407778
164.740242958069	9.323092
164.755872964859	9.339808
164.771492958069	9.344584
164.787122964859	9.272925
164.802742958069	9.043432
164.818372964859	8.566274
164.833992958069	7.750206
164.849622964859	6.539855
164.865252971649	4.933293
164.880872964859	3.003365
164.896502971649	0.8513365
164.912122964859	-1.437048
164.927752971649	-3.765941
164.943372964859	-6.06327
164.959002971649	-8.223371
164.974632978439	-10.13209
164.990252971649	-11.71742
165.005882978439	-13.00563
165.021502971649	-14.14951
165.037132978439	-15.37312
165.052752971649	-16.90218
165.068382978439	-18.78241
165.084012985229	-20.81619
165.099632978439	-22.52227
165.115262985229	-23.26582
165.130882978439	-22.47601
165.146512985229	-19.84348
165.162132978439	-15.48023
165.177762985229	-9.873957
165.19339299202	-3.754908
165.209012985229	2.15127
165.22464299202	7.293047
165.240262985229	11.37794
165.25589299202	14.34072
165.271512985229	16.2421
165.28714299202	17.20762
165.30277299881	17.36695
165.31839299202	16.90157
165.33402299881	16.05288
165.34964299202	15.12497
165.36527299881	14.40266
165.38089299202	14.06281
165.39652299881	14.11151
165.4121530056	14.36823
165.42777299881	14.56041
165.4434030056	14.42639
165.45902299881	13.80748
165.4746530056	12.68876
165.49027299881	11.17992
165.5059030056	9.40963
165.52153301239	7.469433
165.5371530056	5.380173
165.55278301239	3.098322
165.5684030056	0.6119175
165.58403301239	-2.03834
165.5996530056	-4.724594
165.61528301239	-7.279589
165.63091301918	-9.541365
165.64653301239	-11.4512
165.66216301918	-13.10012
165.67778301239	-14.69822
165.69341301918	-16.53724
165.70903301239	-18.83109
165.72466301918	-21.62024
165.74029302597	-24.66437
165.75591301918	-27.46248
165.77154302597	-29.34828
165.78716301918	-29.69008
165.80279302597	-28.07957
165.81841301918	-24.46857
165.83404302597	-19.1946
165.849673032761	-12.87393
165.86529302597	-6.241985
165.880923032761	0.02507401
165.89654302597	5.415031
165.912173032761	9.617115
165.927803039551	12.51556
165.943423032761	14.14225
165.959053039551	14.65308
165.974673032761	14.29707
165.990303039551	13.41346
166.005923032761	12.35991
166.021553039551	11.48314
166.037183046341	11.03238
166.052803039551	11.11322
166.068433046341	11.66684
166.084053039551	12.50131
166.099683046341	13.35018
166.115303039551	13.96009
166.130933046341	14.17234
166.146563053131	13.95061
166.162183046341	13.35345
166.177813053131	12.48378
166.193433046341	11.40728
166.209063053131	10.11504
166.224683046341	8.534004
166.240313053131	6.592422
166.255943059921	4.298233
166.271563053131	1.769539
166.287193059921	-0.7629013
166.302813053131	-3.04702
166.318443059921	-4.88961
166.334063053131	-6.250996
166.349693059921	-7.283249
166.365323066711	-8.281422
166.380943059921	-9.600498
166.396573066711	-11.49492
166.412193059921	-14.04739
166.427823066711	-17.04849
166.443443059921	-20.02346
166.459073066711	-22.29247
166.474703073502	-23.16925
166.490323066711	-22.14933
166.505953073502	-19.07043
166.521573066711	-14.21985
166.537203073502	-8.238533
166.552823066711	-1.941902
166.568453073502	3.912045
166.584083080292	8.804955
166.599703073502	12.48365
166.615333080292	14.92395
166.630953073502	16.21738
166.646583080292	16.54067
166.662203073502	16.1156
166.677833080292	15.26631
166.693463087082	14.37711
166.709083080292	13.8358
166.724713087082	13.89849
166.740333080292	14.59974
166.755963087082	15.72735
166.771583080292	16.8972
166.787213087082	17.71962
166.802843093872	17.88963
166.818463087082	17.31626
166.834093093872	16.10741
166.849713087082	14.50068
166.865343093872	12.75305
166.880963087082	11.01919
166.896593093872	9.315094
166.912223100662	7.489845
166.927843093872	5.357235
166.943473100662	2.772461
166.959093093872	-0.2203979
166.974723100662	-3.403557
166.990343093872	-6.478104
167.005973100662	-9.162251
167.021603107452	-11.33397
167.037223100662	-13.05641
167.052853107452	-14.53757
167.068473100662	-16.0151
167.084103107452	-17.69049
167.099723100662	-19.63441
167.115353107452	-21.74006
167.130982875824	-23.73462
167.146603107452	-25.17942
167.162232875824	-25.58644
167.177853107452	-24.51527
167.193482875824	-21.76144
167.209103107452	-17.43288
167.224732875824	-11.95121
167.240362882614	-5.959881
167.255982875824	-0.1083298
167.271612882614	5.056908
167.287232875824	9.215679
167.302862882614	12.2128
167.318482875824	14.03465
167.334112882614	14.75699
167.349742889404	14.55014
167.365362882614	13.68887
167.380992889404	12.52911
167.396612882614	11.45799
167.412242889404	10.7869
167.427862882614	10.67118
167.443492889404	11.08673
167.459122896194	11.85366
167.474742889404	12.71251
167.490372896194	13.37877
167.505992889404	13.62255
167.521622896194	13.30293
167.537242889404	12.38948
167.552872896194	10.95342
167.568502902985	9.137737
167.584122896194	7.080204
167.599752902985	4.877232
167.615372896194	2.592812
167.631002902985	0.2610207
167.646622896194	-2.055088
167.662252902985	-4.263779
167.677882909775	-6.262974
167.693502902985	-7.994034
167.709132909775	-9.473179
167.724752902985	-10.78458
167.740382909775	-12.08832
167.756002902985	-13.52659
167.771632909775	-15.21751
167.787262916565	-17.15046
167.802882909775	-19.15707
167.818512916565	-20.85763
167.834132909775	-21.71146
167.849762916565	-21.14986
167.865382909775	-18.77198
167.881012916565	-14.55486
167.896642923355	-8.935032
167.912262916565	-2.689636
167.927892923355	3.276527
167.943512916565	8.252144
167.959142923355	11.90554
167.974762916565	14.27569
167.990392923355	15.6165
168.006022930145	16.19484
168.021642923355	16.16053
168.037272930145	15.59078
168.052892923355	14.60033
168.068522930145	13.43378
168.084142923355	12.42366
168.099772930145	11.86467
168.115402936935	11.85863
168.131022930145	12.24338
168.146652936935	12.66795
168.162272930145	12.77121
168.177902936935	12.3646
168.193522930145	11.47552
168.209152936935	10.2709
168.224782943726	8.945786
168.240402936935	7.567986
168.256032943726	6.090687
168.271652936935	4.407173
168.287282943726	2.449589
168.302902936935	0.2470665
168.318532943726	-2.070168
168.334162950516	-4.320534
168.349782943726	-6.372841
168.365412950516	-8.139751
168.381032943726	-9.632061
168.396662950516	-10.95336
168.412282943726	-12.27329
168.427912950516	-13.78796
168.443542957306	-15.63773
168.459162950516	-17.79063
168.474792957306	-19.95325
168.490412950516	-21.61763
168.506042957306	-22.1347
168.521672964096	-20.98416
168.537292957306	-17.94267
168.552922964096	-13.23518
168.568542957306	-7.48349
168.584172964096	-1.518333
168.599792957306	3.865776
168.615422964096	8.136452
168.631052970886	11.10642
168.646672964096	12.90673
168.662302970886	13.79939
168.677922964096	14.05859
168.693552970886	13.86358
168.709172964096	13.31764
168.724802970886	12.52467
168.740432977676	11.64227
168.756052970886	10.91811
168.771682977676	10.59599
168.787302970886	10.80486
168.802932977676	11.46835
168.818552970886	12.28035
168.834182977676	12.87094
168.849812984467	12.90728
168.865432977676	12.28555
168.881062984467	11.0757
168.896682977676	9.457756
168.912312984467	7.590805
168.927932977676	5.514256
168.943562984467	3.206272
168.959192991257	0.6520424
168.974812984467	-2.047878
168.990442991257	-4.691429
169.006062984467	-7.017071
169.021692991257	-8.859917
169.037312984467	-10.223
169.052942991257	-11.29418
169.068572998047	-12.40116
169.084192991257	-13.84602
169.099822998047	-15.80529
169.115442991257	-18.22335
169.131072998047	-20.8126
169.146692991257	-23.09436
169.162322998047	-24.50652
169.177953004837	-24.53871
169.193572998047	-22.87257
169.209203004837	-19.49412
169.224822998047	-14.71423
169.240453004837	-9.10746
169.256072998047	-3.338833
169.271703004837	1.990543
169.287333011627	6.473003
169.302953004837	9.937027
169.318583011627	12.37328
169.334203004837	13.85133
169.349833011627	14.44961
169.365453004837	14.28243
169.381083011627	13.52406
169.396713018417	12.45355
169.412333011627	11.44726
169.427963018417	10.82472
169.443583011627	10.76754
169.459213018417	11.21648
169.474833011627	11.91187
169.490463018417	12.51521
169.506093025208	12.76411
169.521713018417	12.55389
169.537343025208	11.92682
169.552963018417	10.98716
169.568593025208	9.789165
169.584213018417	8.320187
169.599843025208	6.491241
169.615473031998	4.24971
169.631093025208	1.661774
169.646723031998	-1.076393
169.662343025208	-3.705761
169.677973031998	-6.000965
169.693593025208	-7.86021
169.709223031998	-9.318298
169.724853038788	-10.51324
169.740473031998	-11.60428
169.756103038788	-12.73105
169.771723031998	-13.98618
169.787353038788	-15.43106
169.802973031998	-17.06927
169.818603038788	-18.76656
169.834233045578	-20.21428
169.849853038788	-20.93612
169.865483045578	-20.40873
169.881103038788	-18.26598
169.896733045578	-14.47741
169.912353038788	-9.390718
169.927983045578	-3.632935
169.943613052368	2.071043
169.959233045578	7.136185
169.974863052368	11.18517
169.990483045578	14.05856
170.006113052368	15.77059
170.021733045578	16.4366
170.037363052368	16.27585
170.052993059158	15.57295
170.068613052368	14.6731
170.084243059158	13.8798
170.099863052368	13.42332
170.115493059158	13.35425
170.131113052368	13.57849
170.146743059158	13.90259
170.162373065948	14.10355
170.177993059158	13.99759
170.193623065948	13.48454
170.209243059158	12.56612
170.224873065948	11.3151
170.240493059158	9.878519
170.256123065948	8.393517
170.271753072739	6.946735
170.287373065948	5.540901
170.303003072739	4.066057
170.318623065948	2.39584
170.334253072739	0.4522381
170.349873065948	-1.695877
170.365503072739	-3.861446
170.381133079529	-5.801783
170.396753072739	-7.349905
170.412383079529	-8.49374
170.428003072739	-9.389847
170.443633079529	-10.31187
170.459253072739	-11.50213
170.474883079529	-13.09502
170.490513086319	-15.07145
170.506133079529	-17.27235
170.521763086319	-19.40784
170.537383079529	-21.07459
170.553013086319	-21.80985
170.568633079529	-21.18029
170.584263086319	-18.95383
170.599893093109	-15.18724
170.615513086319	-10.31093
170.631143093109	-4.984338
170.646763086319	0.08953094
170.662393093109	4.390296
170.678013086319	7.670676
170.693643093109	9.942342
170.709273099899	11.32451
170.724893093109	11.9253
170.740523099899	11.84781
170.756143093109	11.20211
170.771773099899	10.20499
170.787403106689	9.163484
170.803023099899	8.383857
170.818653106689	8.032145
170.834273099899	8.073262
170.849903106689	8.333125
170.865523099899	8.57938
170.881153106689	8.65613
170.896782875061	8.51656
170.912403106689	8.206536
170.928032875061	7.765336
170.943653106689	7.14805
170.959282875061	6.240779
170.974903106689	4.907801
170.990532875061	3.092456
171.006162881851	0.8717604
171.021782875061	-1.55128
171.037412881851	-3.896835
171.053032875061	-5.937247
171.068662881851	-7.562558
171.084282875061	-8.822663
171.099912881851	-9.897923
171.115542888641	-11.01496
171.131162881851	-12.36374
171.146792888641	-14.03775
171.162412881851	-16.0077
171.178042888641	-18.11452
171.193662881851	-20.07427
171.209292888641	-21.52465
171.224922895432	-22.0645
171.240542888641	-21.35089
171.256172895432	-19.1793
171.271792888641	-15.56531
171.287422895432	-10.7693
171.303042888641	-5.267917
171.318672895432	0.3372216
171.334302902222	5.421153
171.349922895432	9.466199
171.365552902222	12.16386
171.381172895432	13.46131
171.396802902222	13.57174
171.412422895432	12.88869
171.428052902222	11.86458
171.443682909012	10.85437
171.459302902222	10.07338
171.474932909012	9.564335
171.490552902222	9.277386
171.506182909012	9.134206
171.521802902222	9.081306
171.537432909012	9.102513
171.553062915802	9.155279
171.568682909012	9.157499
171.584312915802	8.980299
171.599932909012	8.480988
171.615562915802	7.550318
171.631182909012	6.15526
171.646812915802	4.348883
171.662442922592	2.258928
171.678062915802	0.05289602
171.693692922592	-2.114177
171.709312915802	-4.131186
171.724942922592	-5.953032
171.740562915802	-7.582639
171.756192922592	-9.061142
171.771822929382	-10.45126
171.787442922592	-11.8197
171.803072929382	-13.26377
171.818692922592	-14.87067
171.834322929382	-16.67767
171.849942922592	-18.58368
171.865572929382	-20.27112
171.881202936172	-21.24138
171.896822929382	-20.93043
171.912452936172	-18.9371
171.928072929382	-15.1986
171.943702936172	-10.10852
171.959322929382	-4.391202
171.974952936172	1.116056
171.990582942963	5.754417
172.006202936172	9.178741
172.021832942963	11.37961
172.037452936172	12.55018
172.053082942963	12.91726
172.068702936172	12.65548
172.084332942963	11.88574
172.099962949753	10.7705
172.115582942963	9.579519
172.131212949753	8.651218
172.146832942963	8.270657
172.162462949753	8.521761
172.178082942963	9.223026
172.193712949753	10.00448
172.209342956543	10.49997
172.224962949753	10.47937
172.240592956543	9.948985
172.256212949753	9.058806
172.271842956543	7.97439
172.287462949753	6.773704
172.303092956543	5.409552
172.318722963333	3.772245
172.334342956543	1.813415
172.349972963333	-0.4120059
172.365592956543	-2.74183
172.381222963333	-4.991268
172.396842956543	-7.006934
172.412472963333	-8.737352
172.428102970123	-10.19901
172.443722963333	-11.48603
172.459352970123	-12.74719
172.474972963333	-14.16062
172.490602970123	-15.8432
172.506222963333	-17.78303
172.521852970123	-19.73826
172.537482976913	-21.2506
172.553102970123	-21.73093
172.568732976913	-20.66585
172.584352970123	-17.81674
172.599982976913	-13.35366
172.615602970123	-7.803368
172.631232976913	-1.908804
172.646862983704	3.611671
172.662482976913	8.239332
172.678112983704	11.73042
172.693732976913	14.04772
172.709362983704	15.27358
172.724982976913	15.52235
172.740612983704	14.94844
172.756242990494	13.78727
172.771862983704	12.36379
172.787492990494	11.08642
172.803112983704	10.31531
172.818742990494	10.24803
172.834362983704	10.81302
172.849992990494	11.70253
172.865622997284	12.4878
172.881242990494	12.77616
172.896872997284	12.36029
172.912492990494	11.2573
172.928122997284	9.651108
172.943753004074	7.757369
172.959372997284	5.755346
172.975003004074	3.702095
172.990622997284	1.621539
173.006253004074	-0.4533873
173.021872997284	-2.4448
173.037503004074	-4.24771
173.053133010864	-5.784352
173.068753004074	-7.048106
173.084383010864	-8.113913
173.100003004074	-9.128613
173.115633010864	-10.23991
173.131253004074	-11.58284
173.146883010864	-13.24122
173.162513017654	-15.20908
173.178133010864	-17.31581
173.193763017654	-19.22877
173.209383010864	-20.47747
173.225013017654	-20.56607
173.240633010864	-19.14798
173.256263017654	-16.15998
173.271893024445	-11.86072
173.287513017654	-6.755452
173.303143024445	-1.453124
173.318763017654	3.524976
173.334393024445	7.794015
173.350013017654	11.1331
173.365643024445	13.42588
173.381273031235	14.63873
173.396893024445	14.80735
173.412523031235	14.08973
173.428143024445	12.77945
173.443773031235	11.26361
173.459393024445	9.949734
173.475023031235	9.134655
173.490653038025	8.909961
173.506273031235	9.149836
173.521903038025	9.581776
173.537523031235	9.893824
173.553153038025	9.856638
173.568773031235	9.419289
173.584403038025	8.658701
173.600033044815	7.706984
173.615653038025	6.659264
173.631283044815	5.509655
173.646903038025	4.17937
173.662533044815	2.59022
173.678153038025	0.7308669
173.693783044815	-1.312352
173.709413051605	-3.378255
173.725033044815	-5.303731
173.740663051605	-6.983716
173.756283044815	-8.434206
173.771913051605	-9.785353
173.787533044815	-11.22669
173.803163051605	-12.90516
173.818793058395	-14.85878
173.834413051605	-16.94368
173.850043058395	-18.82496
173.865663051605	-20.04222
173.881293058395	-20.11364
173.896913051605	-18.6929
173.912543058395	-15.70267
173.928173065186	-11.38582
173.943793058395	-6.239603
173.959423065186	-0.9077821
173.975043058395	4.000246
173.990673065186	8.023972
174.006293058395	10.91703
174.021923065186	12.63844
174.037553071976	13.31118
174.053173065186	13.12279
174.068803071976	12.31031
174.084423065186	11.11655
174.100053071976	9.800105
174.115673065186	8.6213
174.131303071976	7.805942
174.146933078766	7.481424
174.162553071976	7.669793
174.178183078766	8.248786
174.193803071976	8.992556
174.209433078766	9.626854
174.225053071976	9.87499
174.240683078766	9.555218
174.256313085556	8.606619
174.271933078766	7.102522
174.287563085556	5.206417
174.303183078766	3.132973
174.318813085556	1.075347
174.334433078766	-0.8512821
174.350063085556	-2.602418
174.365693092346	-4.186151
174.381313085556	-5.605486
174.396943092346	-6.87126
174.412563085556	-8.005768
174.428193092346	-9.103056
174.443813085556	-10.33953
174.459443092346	-11.93621
174.475073099136	-13.99606
174.490693092346	-16.38805
174.506323099136	-18.67579
174.521943092346	-20.21808
174.537573099136	-20.37975
174.553193092346	-18.76799
174.568823099136	-15.36517
174.584453105927	-10.55917
174.600073099136	-5.007347
174.615703105927	0.5693979
174.631323099136	5.54563
174.646953105927	9.501281
174.662573099136	12.24723
174.678203105927	13.7801
174.693832874298	14.25478
174.709453105927	13.91162
174.725082874298	13.03445
174.740703105927	11.9112
174.756332874298	10.80239
174.771953105927	9.901088
174.787582874298	9.331537
174.803212881088	9.134103
174.818832874298	9.272801
174.834462881088	9.635099
174.850082874298	10.05041
174.865712881088	10.32345
174.881332874298	10.28868
174.896962881088	9.84132
174.912592887878	8.933648
174.928212881088	7.574516
174.943842887878	5.808839
174.959462881088	3.709405
174.975092887878	1.372645
174.990712881088	-1.048866
175.006342887878	-3.360099
175.021972894669	-5.371286
175.037592887878	-6.957292
175.053222894669	-8.143883
175.068842887878	-9.113912
175.084472894669	-10.15471
175.100092887878	-11.54328
175.115722894669	-13.44255
175.131352901459	-15.78014
175.146972894669	-18.21787
175.162602901459	-20.21205
175.178222894669	-21.1367
175.193852901459	-20.48149
175.209472894669	-18.0322
175.225102901459	-13.97627
175.240732908249	-8.845717
175.256352901459	-3.365088
175.271982908249	1.773579
175.287602901459	6.1115
175.303232908249	9.432844
175.318852901459	11.73674
175.334482908249	13.11737
175.350112915039	13.67843
175.365732908249	13.51368
175.381362915039	12.78042
175.396982908249	11.72711
175.412612915039	10.65176
175.428232908249	9.843021
175.443862915039	9.422035
175.459492921829	9.362379
175.475112915039	9.498877
175.490742921829	9.656092
175.506362915039	9.714834
175.521992921829	9.639463
175.537612915039	9.419725
175.553242921829	9.018187
175.568872928619	8.34779
175.584492921829	7.285313
175.600122928619	5.743475
175.615742921829	3.726284
175.631372928619	1.337032
175.64700293541	-1.24098
175.662622928619	-3.784925
175.67825293541	-6.069672
175.693872928619	-7.929571
175.70950293541	-9.280586
175.725122928619	-10.1911
175.74075293541	-10.88409
175.7563829422	-11.68939
175.77200293541	-12.92597
175.7876329422	-14.73138
175.80325293541	-16.95628
175.8188829422	-19.16984
175.83450293541	-20.77654
175.8501329422	-21.19449
175.86576294899	-20.06556
175.8813829422	-17.31967
175.89701294899	-13.19565
175.9126329422	-8.159536
175.92826294899	-2.795826
175.9438829422	2.316397
175.95951294899	6.674059
175.97514295578	9.919468
175.99076294899	11.90827
176.00639295578	12.70682
176.02201294899	12.55403
176.03764295578	11.80424
176.05326294899	10.82347
176.06889295578	9.907177
176.08452296257	9.26086
176.10014295578	8.961813
176.11577296257	9.008554
176.13139295578	9.334604
176.14702296257	9.839762
176.16264295578	10.37287
176.17827296257	10.78259
176.19390296936	10.89729
176.20952296257	10.5688
176.22515296936	9.704163
176.24077296257	8.267878
176.25640296936	6.314363
176.27202296257	3.984011
176.28765296936	1.480257
176.303282976151	-0.9829311
176.31890296936	-3.209047
176.334532976151	-5.073805
176.35015296936	-6.552362
176.365782976151	-7.691393
176.38140296936	-8.619537
176.397032976151	-9.487902
176.412662982941	-10.4419
176.428282976151	-11.63648
176.443912982941	-13.17558
176.459532976151	-15.07117
176.475162982941	-17.1854
176.490782976151	-19.19672
176.506412982941	-20.5704
176.522042989731	-20.76753
176.537662982941	-19.38783
176.553292989731	-16.34808
176.568912982941	-11.94455
176.584542989731	-6.743071
176.600162982941	-1.412157
176.615792989731	3.458799
176.631422996521	7.435923
176.647042989731	10.30487
176.662672996521	11.97574
176.678292989731	12.48428
176.693922996521	11.99052
176.709542989731	10.78856
176.725172996521	9.282988
176.740803003311	7.905245
176.756422996521	6.97958
176.772053003311	6.612309
176.787672996521	6.733364
176.803303003311	7.141575
176.818922996521	7.653303
176.834553003311	8.155321
176.850183010101	8.565056
176.865803003311	8.804321
176.881433010101	8.728304
176.897053003311	8.155224
176.912683010101	6.945816
176.928303003311	5.123167
176.943933010101	2.851669
176.959563016891	0.4063492
176.975183010101	-1.947615
176.990813016891	-4.065277
177.006433010101	-5.897167
177.022063016891	-7.47106
177.037683010101	-8.817554
177.053313016891	-9.985922
177.068943023682	-11.05685
177.084563016891	-12.18263
177.100193023682	-13.53767
177.115813016891	-15.19457
177.131443023682	-17.04876
177.147063016891	-18.73332
177.162693023682	-19.70464
177.178323030472	-19.41851
177.193943023682	-17.5471
177.209573030472	-14.12658
177.225193023682	-9.56525
177.240823030472	-4.467813
177.256443023682	0.5695171
177.272073030472	5.078787
177.287703037262	8.808905
177.303323030472	11.63443
177.318953037262	13.48642
177.334573030472	14.30741
177.350203037262	14.08498
177.365823030472	12.94763
177.381453037262	11.22371
177.397083044052	9.406734
177.412703037262	7.987675
177.428333044052	7.301401
177.443953037262	7.373989
177.459583044052	7.949261
177.475203037262	8.649755
177.490833044052	9.130371
177.506463050842	9.219877
177.522083044052	8.905344
177.537713050842	8.281269
177.553333044052	7.403385
177.568963050842	6.289904
177.584583044052	4.878857
177.600213050842	3.136862
177.615843057632	1.11767
177.631463050842	-1.026634
177.647093057632	-3.095995
177.662713050842	-4.925543
177.678343057632	-6.449238
177.693963050842	-7.735746
177.709593057632	-8.93578
177.725223064423	-10.25812
177.740843057632	-11.85229
177.756473064423	-13.75438
177.772093057632	-15.83968
177.787723064423	-17.79669
177.803353071213	-19.1896
177.818973064423	-19.55362
177.834603071213	-18.53429
177.850223064423	-16.01448
177.865853071213	-12.17522
177.881473064423	-7.452837
177.897103071213	-2.433485
177.912733078003	2.298176
177.928353071213	6.307685
177.943983078003	9.353112
177.959603071213	11.36018
177.975233078003	12.39595
177.990853071213	12.57832
178.006483078003	12.06845
178.022113084793	11.08216
178.037733078003	9.877832
178.053363084793	8.728376
178.068983078003	7.881261
178.084613084793	7.470206
178.100233078003	7.47046
178.115863084793	7.724486
178.131493091583	7.988845
178.147113084793	8.045992
178.162743091583	7.75357
178.178363084793	7.08514
178.193993091583	6.086027
178.209613084793	4.856777
178.225243091583	3.477361
178.240873098373	2.023052
178.256493091583	0.5281572
178.272123098373	-0.9944983
178.287743091583	-2.531599
178.303373098373	-4.081411
178.318993091583	-5.632801
178.334623098373	-7.181655
178.350253105164	-8.727079
178.365873098373	-10.27926
178.381503105164	-11.84023
178.397123098373	-13.39187
178.412753105164	-14.86526
178.428373098373	-16.11895
178.444003105164	-16.91833
178.459632873535	-16.95343
178.475253105164	-15.90168
178.490882873535	-13.54837
178.506503105164	-9.890913
178.522132873535	-5.170717
178.537753105164	0.1183805
178.553382873535	5.360995
178.569012880325	9.944036
178.584632873535	13.40247
178.600262880325	15.50183
178.615882873535	16.2609
178.631512880325	15.89208
178.647132873535	14.72842
178.662762880325	13.13405
178.678392887115	11.44186
178.694012880325	9.9184
178.709642887115	8.736013
178.725262880325	7.947681
178.740892887115	7.53721
178.756512880325	7.434632
178.772142887115	7.545818
178.787772893906	7.754184
178.803392887115	7.916659
178.819022893906	7.853071
178.834642887115	7.412535
178.850272893906	6.521411
178.865892887115	5.201303
178.881522893906	3.586935
178.897152900696	1.860895
178.912772893906	0.1929725
178.928402900696	-1.32842
178.944022893906	-2.699933
178.959652900696	-4.000678
178.975272893906	-5.296757
178.990902900696	-6.644298
179.006532907486	-8.07373
179.022152900696	-9.600052
179.037782907486	-11.21014
179.053402900696	-12.80547
179.069032907486	-14.15116
179.084652900696	-14.86014
179.100282907486	-14.49613
179.115912914276	-12.70926
179.131532907486	-9.400974
179.147162914276	-4.83354
179.162782907486	0.4235139
179.178412914276	5.646841
179.194032907486	10.1748
179.209662914276	13.59467
179.225292921066	15.80103
179.240912914276	16.92336
179.256542921066	17.19941
179.272162914276	16.87357
179.287792921066	16.12422
179.303412914276	15.1457
179.319042921066	14.14405
179.334672927856	13.36591
179.350292921066	13.04772
179.365922927856	13.31652
179.381542921066	14.11573
179.397172927856	15.19666
179.412792921066	16.20402
179.428422927856	16.79073
179.444052934647	16.77633
179.459672927856	16.14635
179.475302934647	15.00689
179.490922927856	13.51092
179.506552934647	11.74665
179.522172927856	9.723349
179.537802934647	7.429249
179.553432941437	4.905869
179.569052934647	2.27519
179.584682941437	-0.2449055
179.600302934647	-2.420336
179.615932941437	-4.15114
179.631552934647	-5.468855
179.647182941437	-6.550842
179.662812948227	-7.587736
179.678432941437	-8.639263
179.694062948227	-9.517443
179.709682941437	-9.846191
179.725312948227	-9.164762
179.740932941437	-7.116779
179.756562948227	-3.654129
179.772192955017	0.9249306
179.787812948227	6.009335
179.803442955017	10.86358
179.819062948227	14.83022
179.834692955017	17.52084
179.850312948227	18.88085
179.865942955017	19.15555
179.881572961807	18.76176
179.897192955017	18.10685
179.912822961807	17.48833
179.928442955017	17.01368
179.944072961807	16.66835
179.959692955017	16.3876
179.975322961807	16.17055
179.990952968597	16.13626
180.006572961807	16.49261
180.022202968597	17.49715
180.037822961807	19.31041
180.053452968597	21.94209
180.069072961807	25.15532
180.084702968597	28.48589
180.100332975388	31.35912
180.115952968597	33.28615
180.131582975388	34.10079
180.147202968597	34.11093
180.162832975388	34.05747
180.178452968597	34.83611
180.194082975388	37.11814
180.209712982178	41.00042
180.225332975388	45.85845
180.240962982178	50.59715
180.256582975388	54.07644
180.272212982178	55.5945
180.287832975388	55.1692
180.303462982178	53.54756
180.319092988968	51.92415
180.334712982178	51.57849
180.350342988968	53.56462
180.365962982178	58.42732
180.381592988968	65.88524
180.397222995758	74.46346
180.412842988968	81.35802
180.428472995758	82.78712
180.444092988968	75.10472
180.459722995758	56.20291
180.475342988968	26.67371
180.490972995758	-10.04472
180.506603002548	-48.73404
180.522222995758	-84.20593
180.537853002548	-112.9869
180.553472995758	-134.0038
180.569103002548	-148.0549
180.584722995758	-156.5384
180.600353002548	-160.3464
180.615983009338	-159.522
180.631603002548	-153.7897
180.647233009338	-143.4078
180.662853002548	-129.6293
180.678483009338	-114.4465
180.694103002548	-99.79387
180.709733009338	-86.73517
180.725363016129	-75.12518
180.740983009338	-63.93112
180.756613016129	-51.92557
180.772233009338	-38.44766
180.787863016129	-23.80444
180.803483009338	-9.1633
180.819113016129	3.955292
180.834743022919	14.32275
180.850363016129	21.43954
180.865993022919	25.60974
180.881613016129	27.66516
180.897243022919	28.52127
180.912863016129	28.84064
180.928493022919	28.87125
180.944123029709	28.56656
180.959743022919	27.78766
180.975373029709	26.44513
180.990993022919	24.46237
181.006623029709	21.73181
181.022243022919	17.97406
181.037873029709	12.79886
181.053503036499	5.853943
181.069123029709	-2.983521
181.084753036499	-13.4761
181.100373029709	-25.0408
181.116003036499	-36.86411
181.131623029709	-48.06186
181.147253036499	-57.75098
181.162883043289	-65.12811
181.178503036499	-69.49896
181.194133043289	-70.31982
181.209753036499	-67.35269
181.225383043289	-60.758
181.241003036499	-51.19678
181.256633043289	-39.80048
181.272263050079	-27.97702
181.287883043289	-17.09433
181.303513050079	-8.185822
181.319133043289	-1.78717
181.334763050079	2.052185
181.350383043289	3.594482
181.366013050079	3.175201
181.38164305687	1.130493
181.397263050079	-2.176849
181.41289305687	-6.212036
181.428513050079	-10.16483
181.44414305687	-13.12262
181.459763050079	-14.32382
181.47539305687	-13.47723
181.49102306366	-10.88232
181.50664305687	-7.263336
181.52227306366	-3.376465
181.53789305687	0.3431702
181.55352306366	4.04776
181.56914305687	8.423004
181.58477306366	14.36121
181.60040307045	22.57791
181.61602306366	33.24438
181.63165307045	45.84213
181.64727306366	59.258
181.66290307045	72.11771
181.67852306366	83.13013
181.69415307045	91.44
181.70978307724	96.69104
181.72540307045	98.89749
181.74103307724	98.24323
181.75665307045	94.87192
181.77228307724	88.90143
181.78790307045	80.58734
181.80353307724	70.51224
181.81916308403	59.61816
181.83478307724	49.03497
181.85041308403	39.76379
181.86603307724	32.37292
181.88166308403	26.90179
181.89728307724	22.94147
181.91291308403	19.83997
181.92854309082	16.95935
181.94416308403	13.80008
181.95979309082	10.05692
181.97541308403	5.597351
181.99104309082	0.4326172
182.00666308403	-5.342468
182.02229309082	-11.54456
182.03792309761	-17.98029
182.05354309082	-24.41119
182.06917309761	-30.52972
182.08479309082	-35.93594
182.10042309761	-40.1925
182.11604309082	-42.94992
182.13167309761	-44.10635
182.147303104401	-43.90308
182.16292309761	-42.84348
182.178553104401	-41.51413
182.19417309761	-40.30515
182.209803104401	-39.2587
182.22542309761	-38.12814
182.241053104401	-36.53668
182.256683111191	-34.23853
182.272303104401	-31.23465
182.287933111191	-27.78284
182.303553104401	-24.2601
182.319183111191	-21.02618
182.334803104401	-18.34305
182.350433111191	-16.36282
182.366062879562	-15.2142
182.381683111191	-15.01965
182.397312879562	-15.88101
182.412933111191	-17.83282
182.428562879562	-20.7359
182.444183111191	-24.27109
182.459812879562	-27.96591
182.475442886353	-31.33411
182.491062879562	-34.00009
182.506692886353	-35.81723
182.522312879562	-36.84726
182.537942886353	-37.2905
182.553562879562	-37.36279
182.569192886353	-37.2085
182.584822893143	-36.86981
182.600442886353	-36.358
182.616072893143	-35.73285
182.631692886353	-35.07281
182.647322893143	-34.43576
182.662942886353	-33.74173
182.678572893143	-32.78937
182.694202899933	-31.35898
182.709822893143	-29.37592
182.725452899933	-27.04294
182.741072893143	-24.76672
182.756702899933	-22.99393
182.772332906723	-21.94308
182.787952899933	-21.48108
182.803582906723	-21.17154
182.819202899933	-20.47168
182.834832906723	-18.89972
182.850452899933	-16.09854
182.866082906723	-11.84195
182.881712913513	-5.919952
182.897332906723	1.812744
182.912962913513	11.36426
182.928582906723	22.47684
182.944212913513	34.586
182.959832906723	46.8992
182.975462913513	58.53003
182.991092920303	68.74481
183.006712913513	77.02161
183.022342920303	83.13141
183.037962913513	87.06842
183.053592920303	89.03006
183.069212913513	89.37576
183.084842920303	88.62045
183.100472927094	87.43222
183.116092920303	86.52258
183.131722927094	86.54056
183.147342920303	87.81784
183.162972927094	90.18137
183.178592920303	92.81567
183.194222927094	94.35672
183.209852933884	93.21368
183.225472927094	88.06216
183.241102933884	78.40088
183.256722927094	64.81882
183.272352933884	48.9166
183.287972927094	32.81885
183.303602933884	18.52414
183.319232940674	7.28537
183.334852933884	-0.6297913
183.350482940674	-5.815002
183.366102933884	-9.335846
183.381732940674	-12.20734
183.397352933884	-15.08572
183.412982940674	-18.17068
183.428612947464	-21.33997
183.444232940674	-24.35284
183.459862947464	-27.02692
183.475482940674	-29.30011
183.491112947464	-31.1633
183.506732940674	-32.64297
183.522362947464	-33.76114
183.537992954254	-34.58789
183.553612947464	-35.26517
183.569242954254	-35.98203
183.584862947464	-36.88324
183.600492954254	-38.01447
183.616112947464	-39.26422
183.631742954254	-40.39575
183.647372961044	-41.11273
183.662992954254	-41.1283
183.678622961044	-40.22974
183.694242954254	-38.31628
183.709872961044	-35.46317
183.725492954254	-31.92642
183.741122961044	-28.1434
183.756752967834	-24.56653
183.772372961044	-21.53302
183.788002967834	-19.1293
183.803622961044	-17.20602
183.819252967834	-15.53424
183.834872961044	-13.98975
183.850502967834	-12.6055
183.866132974625	-11.49164
183.881752967834	-10.55417
183.897382974625	-9.327179
183.913002967834	-7.067078
183.928632974625	-3.076416
183.944252967834	2.869751
183.959882974625	10.24704
183.975512981415	17.89966
183.991132974625	24.46677
184.006762981415	28.90573
184.022382974625	30.84991
184.038012981415	30.65723
184.053632974625	29.09247
184.069262981415	26.92981
184.084892988205	24.67758
184.100512981415	22.51569
184.116142988205	20.46146
184.131762981415	18.58337
184.147392988205	17.09305
184.163012981415	16.24191
184.178642988205	16.15543
184.194272994995	16.63535
184.209892988205	17.15829
184.225522994995	17.04926
184.241142988205	15.71216
184.256772994995	12.87769
184.272392988205	8.680298
184.288022994995	3.610535
184.303653001785	-1.6474
184.319272994995	-6.377686
184.334903001785	-10.03149
184.350522994995	-12.3114
184.366153001785	-13.23547
184.381772994995	-13.10455
184.397403001785	-12.40771
184.413033008575	-11.664
184.428653001785	-11.27228
184.444283008575	-11.41534
184.459903001785	-12.04199
184.475533008575	-13.01996
184.491153001785	-14.25311
184.506783008575	-15.76868
184.522413015366	-17.6936
184.538033008575	-20.13116
184.553663015366	-23.0155
184.569283008575	-26.07709
184.584913015366	-28.91479
184.600533008575	-31.16248
184.616163015366	-32.67865
184.631793022156	-33.56879
184.647413015366	-34.10724
184.663043022156	-34.53772
184.678663015366	-34.86517
184.694293022156	-34.80945
184.709913015366	-33.9715
184.725543022156	-32.11658
184.741173028946	-29.39459
184.756793022156	-26.34595
184.772423028946	-23.67596
184.788043022156	-21.92767
184.803673028946	-21.24573
184.819293022156	-21.3446
184.834923028946	-21.65125
184.850553035736	-21.61084
184.866173028946	-20.87006
184.881803035736	-19.39972
184.897423028946	-17.46747
184.913053035736	-15.57965
184.928683042526	-14.32642
184.944303035736	-14.21375
184.959933042526	-15.49774
184.975553035736	-18.09723
184.991183042526	-21.66748
185.006803035736	-25.81653
185.022433042526	-30.35034
185.038063049316	-35.38995
185.053683042526	-41.20746
185.069313049316	-47.92798
185.084933042526	-55.23004
185.100563049316	-62.33447
185.116183042526	-68.31586
185.131813049316	-72.54987
185.147443056107	-74.97375
185.163063049316	-76.06018
185.178693056107	-76.52142
185.194313049316	-76.90125
185.209943056107	-77.42285
185.225563049316	-78.06311
185.241193056107	-78.7601
185.256823062897	-79.47003
185.272443056107	-80.01935
185.288073062897	-79.84329
185.303693056107	-77.8418
185.319323062897	-72.58975
185.334943056107	-62.85818
185.350573062897	-48.21075
185.366203069687	-29.33215
185.381823062897	-7.919495
185.397453069687	13.87717
185.413073062897	34.05377
185.428703069687	51.21472
185.444323062897	64.70377
185.459953069687	74.42703
185.475583076477	80.59494
185.491203069687	83.58374
185.506833076477	83.93243
185.522453069687	82.42834
185.538083076477	80.10654
185.553703069687	78.04254
185.569333076477	76.98254
185.584963083267	77.05392
185.600583076477	77.65308
185.616213083267	77.68286
185.631833076477	76.02609
185.647463083267	72.03687
185.663083076477	65.86151
185.678713083267	58.40277
185.694343090057	50.93375
185.709963083267	44.56876
185.725593090057	39.87231
185.741213083267	36.73755
185.756843090057	34.54724
185.772463083267	32.52536
185.788093090057	30.01392
185.803723096848	26.66562
185.819343090057	22.47086
185.834973096848	17.69162
185.850593090057	12.78055
185.866223096848	8.317993
185.881843090057	4.885773
185.897473096848	2.944366
185.913103103638	2.6716
185.928723096848	3.886353
185.944353103638	6.081512
185.959973096848	8.616638
185.975603103638	10.94116
185.991223096848	12.71106
186.006853103638	13.8851
186.022483110428	14.62299
186.038103103638	15.07565
186.053733110428	15.28287
186.069353103638	15.21152
186.084983110428	14.85373
186.100603103638	14.32687
186.116233110428	13.83936
186.131862878799	13.54883
186.147483110428	13.49731
186.163112878799	13.51093
186.178733110428	13.27731
186.194362878799	12.48871
186.209983110428	11.01102
186.225612878799	8.972565
186.24124288559	6.718109
186.256862878799	4.588287
186.27249288559	2.607849
186.288112878799	0.5690918
186.30374288559	-1.856323
186.319362878799	-5.020416
186.33499288559	-9.087219
186.35062289238	-13.9436
186.36624288559	-19.16553
186.38187289238	-24.2074
186.39749288559	-28.6358
186.41312289238	-32.6825
186.42874288559	-36.65735
186.44437289238	-40.71286
186.46000289917	-44.76947
186.47562289238	-48.55023
186.49125289917	-51.66391
186.50687289238	-53.72659
186.52250289917	-54.57022
186.53812289238	-54.42847
186.55375289917	-54.6843
186.56938290596	-56.37625
186.58500289917	-59.72235
186.60063290596	-64.18762
186.61625289917	-68.99432
186.63188290596	-73.4021
186.64750289917	-76.94385
186.66313290596	-79.58701
186.67876291275	-81.71255
186.69438290596	-85.12311
186.71001291275	-90.75702
186.72563290596	-98.20219
186.74126291275	-106.187
186.75688290596	-113.5518
186.77251291275	-119.5459
186.78814291954	-123.7899
186.80376291275	-126.0247
186.81939291954	-125.8705
186.83501291275	-124.3307
186.85064291954	-121.4014
186.86626291275	-116.0809
186.88189291954	-107.4483
186.897522926331	-95.83655
186.91314291954	-82.70049
186.928772926331	-69.82581
186.94439291954	-58.4021
186.960022926331	-39.45988
186.97564291954	-11.94052
186.991272926331	17.83843
187.006902933121	41.55461
187.022522926331	54.88272
187.038152933121	57.66215
187.053772926331	52.66808
187.069402933121	43.39675
187.085022926331	32.35274
187.100652933121	21.35658
187.116282939911	9.915734
187.131902933121	-2.107187
187.147532939911	-14.52348
187.163152933121	-26.14629
187.178782939911	-35.76993
187.194402933121	-42.115
187.210032939911	-43.74274
187.225662946701	-39.23836
187.241282939911	-27.67895
187.256912946701	-10.34751
187.272532939911	11.14053
187.288162946701	35.36142
187.303782939911	61.12904
187.319412946701	87.08762
187.335042953491	111.7983
187.350662946701	133.9483
187.366292953491	152.3985
187.381912946701	166.2531
187.397542953491	174.1157
187.413162946701	175.424
187.428792953491	170.6988
187.444422960281	161.2692
187.460042953491	148.5519
187.475672960281	133.8518
187.491292953491	118.3395
187.506922960281	103.0435
187.522542953491	88.79422
187.538172960281	75.66107
187.553802967072	63.46609
187.569422960281	52.05161
187.585052967072	41.46017
187.600672960281	31.99191
187.616302967072	24.24689
187.631932973862	18.9877
187.647552967072	16.79471
187.663182973862	17.66165
187.678802967072	20.69028
187.694432973862	24.48801
187.710052967072	27.66495
187.725682973862	29.27057
187.741312980652	28.97208
187.756932973862	27.00183
187.772562980652	23.94528
187.788182973862	20.44061
187.803812980652	16.94452
187.819432973862	13.66495
187.835062980652	10.60251
187.850692987442	7.665283
187.866312980652	4.73761
187.881942987442	1.716522
187.897562980652	-1.437134
187.913192987442	-4.608429
187.928812980652	-7.433441
187.944442987442	-9.29184
187.960072994232	-9.384125
187.975692987442	-6.963623
187.991322994232	-1.653931
188.006942987442	6.342224
188.022572994232	16.24878
188.038192987442	26.90515
188.053822994232	37.1066
188.069453001022	45.90036
188.085072994232	52.71936
188.100703001022	57.37988
188.116322994232	59.96967
188.131953001022	60.711
188.147572994232	59.88577
188.163203001022	57.8356
188.178833007812	54.91461
188.194453001022	51.46942
188.210083007812	47.79849
188.225703001022	44.07358
188.241333007812	40.35507
188.256953001022	36.6087
188.272583007812	32.79904
188.288213014603	28.96756
188.303833007812	25.26065
188.319463014603	21.90408
188.335083007812	19.10361
188.350713014603	16.96207
188.366333007812	15.39801
188.381963014603	14.13177
188.397593021393	12.78726
188.413213014603	11.01416
188.428843021393	8.633514
188.444463014603	5.704559
188.460093021393	2.500336
188.475713014603	-0.6191711
188.491343021393	-3.35968
188.506973028183	-5.634613
188.522593021393	-7.58548
188.538223028183	-9.529236
188.553843021393	-11.83185
188.569473028183	-14.77942
188.585093021393	-18.45721
188.600723028183	-22.68491
188.616353034973	-26.99387
188.631973028183	-30.6467
188.647603034973	-32.742
188.663223028183	-32.37732
188.678853034973	-28.92938
188.694473028183	-22.3504
188.710103034973	-13.26239
188.725733041763	-2.862793
188.741353034973	7.429688
188.756983041763	16.35059
188.772603034973	23.11319
188.788233041763	27.44962
188.803853034973	29.48889
188.819483041763	29.5379
188.835113048553	27.93549
188.850733041763	25.02612
188.866363048553	21.22229
188.881983041763	17.03842
188.897613048553	13.02399
188.913233041763	9.67218
188.928863048553	7.283447
188.944493055344	5.895905
188.960113048553	5.344849
188.975743055344	5.323914
188.991363048553	5.500732
189.006993055344	5.581085
189.022613048553	5.398285
189.038243055344	4.86557
189.053873062134	3.991425
189.069493055344	2.816711
189.085123062134	1.341705
189.100743055344	-0.4917908
189.116373062134	-2.776825
189.131993055344	-5.596771
189.147623062134	-8.931122
189.163253068924	-12.59109
189.178873062134	-16.28171
189.194503068924	-19.69318
189.210123062134	-22.63156
189.225753068924	-25.10263
189.241373062134	-27.29654
189.257003068924	-29.49115
189.272633075714	-31.88474
189.288253068924	-34.48563
189.303883075714	-36.99686
189.319503068924	-38.86234
189.335133075714	-39.36322
189.350753068924	-37.8175
189.366383075714	-33.80301
189.382013082504	-27.32019
189.397633075714	-18.84579
189.413263082504	-9.218445
189.428883075714	0.555481
189.444513082504	9.551544
189.460133075714	17.1001
189.475763082504	22.84918
189.491393089294	26.73126
189.507013082504	28.84778
189.522643089294	29.42805
189.538263082504	28.7944
189.553893089294	27.33057
189.569513082504	25.44666
189.585143089294	23.53886
189.600773096085	21.87408
189.616393089294	20.57503
189.632023096085	19.61803
189.647643089294	18.8598
189.663273096085	18.12114
189.678893089294	17.24983
189.694523096085	16.16878
189.710153102875	14.88412
189.725773096085	13.46062
189.741403102875	11.95186
189.757023096085	10.32632
189.772653102875	8.468033
189.788283109665	6.180389
189.803903102875	3.317139
189.819533109665	-0.1324921
189.835153102875	-3.979538
189.850783109665	-7.903198
189.866403102875	-11.56865
189.882033109665	-14.78784
189.897662878036	-17.58585
189.913283109665	-20.17505
189.928912878036	-22.85582
189.944533109665	-25.86095
189.960162878036	-29.22626
189.975783109665	-32.728
189.991412878036	-35.85106
190.007042884827	-37.87405
190.022662878036	-38.02774
190.038292884827	-35.72845
190.053912878036	-30.76784
190.069542884827	-23.45886
190.085162878036	-14.56842
190.100792884827	-5.109756
190.116422891617	3.931107
190.132042884827	11.81824
190.147672891617	18.13963
190.163292884827	22.75311
190.178922891617	25.67281
190.194542884827	27.00278
190.210172891617	26.94847
190.225802898407	25.85555
190.241422891617	24.21429
190.257052898407	22.56207
190.272672891617	21.3266
190.288302898407	20.70268
190.303922891617	20.60611
190.319552898407	20.76616
190.335182905197	20.86218
190.350802898407	20.66057
190.366432905197	20.06902
190.382052898407	19.09448
190.397682905197	17.78964
190.413302898407	16.1846
190.428932905197	14.26161
190.444562911987	11.97264
190.460182905197	9.239105
190.475812911987	5.995819
190.491432905197	2.213913
190.507062911987	-2.072189
190.522682905197	-6.687691
190.538312911987	-11.3915
190.553942918777	-15.92295
190.569562911987	-20.12708
190.585192918777	-24.05139
190.600812911987	-27.91742
190.616442918777	-32.04391
190.632062911987	-36.61274
190.647692918777	-41.56472
190.663322925568	-46.47032
190.678942918777	-50.6086
190.694572925568	-53.12357
190.710192918777	-53.24987
190.725822925568	-50.52484
190.741442918777	-44.93137
190.757072925568	-36.9279
190.772702932358	-27.35146
190.788322925568	-17.26521
190.803952932358	-7.730698
190.819572925568	0.3972168
190.835202932358	6.60865
190.850822925568	10.7645
190.866452932358	13.03652
190.882082939148	13.78007
190.897702932358	13.42374
190.913332939148	12.39062
190.928952932358	11.0558
190.944582939148	9.738411
190.960202932358	8.67424
190.975832939148	8.014732
190.991462945938	7.820297
191.007082939148	8.042252
191.022712945938	8.551598
191.038332939148	9.134033
191.053962945938	9.550011
191.069582939148	9.560242
191.085212945938	8.970192
191.100842952728	7.69239
191.116462945938	5.730537
191.132092952728	3.245705
191.147712945938	0.4809723
191.163342952728	-2.27079
191.178962945938	-4.768524
191.194592952728	-6.888573
191.210222959518	-8.664429
191.225842952728	-10.24934
191.241472959518	-11.84384
191.257092952728	-13.67275
191.272722959518	-15.9017
191.288342952728	-18.6096
191.303972959518	-21.67442
191.319602966309	-24.74406
191.335222959518	-27.19306
191.350852966309	-28.26017
191.366472959518	-27.2594
191.382102966309	-23.85711
191.397722959518	-18.26549
191.413352966309	-11.23938
191.428982973099	-3.854626
191.444602966309	2.873737
191.460232973099	8.272858
191.475852966309	12.11845
191.491482973099	14.51413
191.507102966309	15.68045
191.522732973099	15.81785
191.538362979889	15.06454
191.553982973099	13.5868
191.569612979889	11.66114
191.585232973099	9.635567
191.600862979889	7.838772
191.616482973099	6.46381
191.632112979889	5.514229
191.647742986679	4.845684
191.663362979889	4.315723
191.678992986679	3.837337
191.694612979889	3.376942
191.710242986679	2.901295
191.725862979889	2.307304
191.741492986679	1.433929
191.757122993469	0.1502075
191.772742986679	-1.594193
191.788372993469	-3.759335
191.803992986679	-6.207672
191.819622993469	-8.809772
191.835242986679	-11.45421
191.850872993469	-14.07638
191.866503000259	-16.63932
191.882122993469	-19.15135
191.897753000259	-21.64298
191.913372993469	-24.18441
191.929003000259	-26.8281
191.944622993469	-29.46563
191.960253000259	-31.73289
191.97588300705	-33.01131
191.991503000259	-32.56797
192.00713300705	-29.86913
192.022753000259	-24.81857
192.03838300705	-17.84803
192.05401301384	-9.819054
192.06963300705	-1.744102
192.08526301384	5.51432
192.10088300705	11.40355
192.11651301384	15.71975
192.13213300705	18.50834
192.14776301384	19.93376
192.16339302063	20.19097
192.17901301384	19.50232
192.19464302063	18.12097
192.21026301384	16.35872
192.22589302063	14.54282
192.24151301384	12.93645
192.25714302063	11.69418
192.27277302742	10.81763
192.28839302063	10.22132
192.30402302742	9.772495
192.31964302063	9.336163
192.33527302742	8.795349
192.35089302063	8.052845
192.36652302742	7.010937
192.38215303421	5.559853
192.39777302742	3.623165
192.41340303421	1.186314
192.42902302742	-1.663189
192.44465303421	-4.760719
192.46027302742	-7.897598
192.47590303421	-10.89758
192.491533041	-13.65758
192.50715303421	-16.1764
192.522783041	-18.55507
192.53840303421	-20.93575
192.554033041	-23.45692
192.56965303421	-26.13568
192.585283041	-28.73034
192.600913047791	-30.70747
192.616533041	-31.32187
192.632163047791	-29.86699
192.647783041	-25.9456
192.663413047791	-19.6959
192.679033041	-11.78015
192.694663047791	-3.213169
192.710293054581	4.950352
192.725913047791	11.90048
192.741543054581	17.18814
192.757163047791	20.73188
192.772793054581	22.66478
192.788413047791	23.25463
192.804043054581	22.80842
192.819673061371	21.65599
192.835293054581	20.12515
192.850923061371	18.53696
192.866543054581	17.18
192.882173061371	16.25433
192.897793054581	15.82662
192.913423061371	15.85315
192.929053068161	16.17544
192.944673061371	16.5527
192.960303068161	16.72714
192.975923061371	16.48447
192.991553068161	15.68444
193.007173061371	14.27225
193.022803068161	12.2756
193.038433074951	9.773865
193.054053068161	6.897102
193.069683074951	3.804214
193.085303068161	0.6819992
193.100933074951	-2.30941
193.116553068161	-5.088234
193.132183074951	-7.691078
193.147813081741	-10.29426
193.163433074951	-13.11548
193.179063081741	-16.31597
193.194683074951	-19.86005
193.210313081741	-23.47933
193.225933074951	-26.61542
193.241563081741	-28.54012
193.257193088531	-28.5304
193.272813081741	-26.12033
193.288443088531	-21.26527
193.304063081741	-14.4351
193.319693088531	-6.516953
193.335313081741	1.429932
193.350943088531	8.449341
193.366573095322	13.92383
193.382193088531	17.64412
193.397823095322	19.72497
193.413443088531	20.4465
193.429073095322	20.1339
193.444693088531	19.0798
193.460323095322	17.5583
193.475953102112	15.86188
193.491573095322	14.28783
193.507203102112	13.09053
193.522823095322	12.40971
193.538453102112	12.21539
193.554073095322	12.30328
193.569703102112	12.38771
193.585333108902	12.19098
193.600953102112	11.5093
193.616583108902	10.28831
193.632203102112	8.59993
193.647833108902	6.613541
193.663453102112	4.508629
193.679083108902	2.414612
193.694712877274	0.3577652
193.710333108902	-1.710403
193.725962877274	-3.859558
193.741583108902	-6.10907
193.757212877274	-8.379814
193.772833108902	-10.55798
193.788462877274	-12.56257
193.804092884064	-14.43641
193.819712877274	-16.33829
193.835342884064	-18.44066
193.850962877274	-20.72554
193.866592884064	-22.87601
193.882212877274	-24.26093
193.897842884064	-24.12526
193.913472890854	-21.87142
193.929092884064	-17.34377
193.944722890854	-10.94498
193.960342884064	-3.540588
193.975972890854	3.815353
193.991592884064	10.18843
194.007222890854	14.98383
194.022852897644	18.03914
194.038472890854	19.54005
194.054102897644	19.82216
194.069722890854	19.25038
194.085352897644	18.12269
194.100972890854	16.65289
194.116602897644	15.03107
194.132232904434	13.45774
194.147852897644	12.1477
194.163482904434	11.25319
194.179102897644	10.83851
194.194732904434	10.80393
194.210352897644	10.94659
194.225982904434	11.01047
194.241612911224	10.74555
194.257232904434	9.97625
194.272862911224	8.601234
194.288482904434	6.614204
194.304112911224	4.090538
194.319732904434	1.214584
194.335362911224	-1.780975
194.350992918015	-4.631607
194.366612911224	-7.138008
194.382242918015	-9.214684
194.397862911224	-10.90374
194.413492918015	-12.35835
194.429112911224	-13.78351
194.444742918015	-15.38783
194.460372924805	-17.31763
194.475992918015	-19.59946
194.491622924805	-22.04469
194.507242918015	-24.22194
194.522872924805	-25.48356
194.538492918015	-25.11635
194.554122924805	-22.63754
194.569752931595	-17.98444
194.585372924805	-11.6277
194.601002931595	-4.44862
194.616622924805	2.501812
194.632252931595	8.338593
194.647882938385	12.54829
194.663502931595	15.02495
194.679132938385	15.98423
194.694752931595	15.73753
194.710382938385	14.60787
194.726002931595	12.84875
194.741632938385	10.72015
194.757262945175	8.502384
194.772882938385	6.540127
194.788512945175	5.142815
194.804132938385	4.468941
194.819762945175	4.466656
194.835382938385	4.857162
194.851012945175	5.278126
194.866642951965	5.439571
194.882262945175	5.225136
194.897892951965	4.684696
194.913512945175	3.93993
194.929142951965	3.050835
194.944762945175	1.952389
194.960392951965	0.5381508
194.976022958755	-1.237419
194.991642951965	-3.251831
195.007272958755	-5.260761
195.022892951965	-7.00079
195.038522958755	-8.343613
195.054142951965	-9.359459
195.069772958755	-10.31313
195.085402965546	-11.53576
195.101022958755	-13.26329
195.116652965546	-15.51844
195.132272958755	-18.01448
195.147902965546	-20.1943
195.163522958755	-21.34612
195.179152965546	-20.80635
195.194782972336	-18.18985
195.210402965546	-13.54203
195.226032972336	-7.398506
195.241652965546	-0.6056709
195.257282972336	5.876884
195.272902965546	11.28064
195.288532972336	15.15635
195.304162979126	17.4088
195.319782972336	18.1853
195.335412979126	17.77368
195.351032972336	16.47114
195.366662979126	14.5865
195.382282972336	12.44818
195.397912979126	10.37946
195.413542985916	8.700958
195.429162979126	7.630604
195.444792985916	7.223
195.460412979126	7.352573
195.476042985916	7.752312
195.491662979126	8.094196
195.507292985916	8.114204
195.522922992706	7.684338
195.538542985916	6.811047
195.554172992706	5.591316
195.569792985916	4.105343
195.585422992706	2.385937
195.601042985916	0.4334373
195.616672992706	-1.749615
195.632302999496	-4.07262
195.647922992706	-6.359547
195.663552999496	-8.398678
195.679172992706	-10.04027
195.694802999496	-11.29258
195.710422992706	-12.33241
195.726052999496	-13.44999
195.741683006287	-14.87017
195.757302999496	-16.56805
195.772933006287	-18.18163
195.788552999496	-19.08176
195.804183006287	-18.58611
195.819802999496	-16.28041
195.835433006287	-12.18434
195.851063013077	-6.782772
195.866683006287	-0.841156
195.882313013077	4.873833
195.897933006287	9.789288
195.913563013077	13.60837
195.929183006287	16.21561
195.944813013077	17.60135
195.960443019867	17.76003
195.976063013077	16.78754
195.991693019867	14.93288
196.007313013077	12.64608
196.022943019867	10.48137
196.038563013077	8.900806
196.054193019867	8.134129
196.069823026657	8.091644
196.085443019867	8.466137
196.101073026657	8.886848
196.116693019867	9.059856
196.132323026657	8.834824
196.147943019867	8.169392
196.163573026657	7.090809
196.179203033447	5.620903
196.194823026657	3.811287
196.210453033447	1.742821
196.226073026657	-0.4244804
196.241703033447	-2.52319
196.257323026657	-4.396057
196.272953033447	-6.016872
196.288583040237	-7.471111
196.304203033447	-8.948994
196.319833040237	-10.6641
196.335453033447	-12.75833
196.351083040237	-15.23507
196.366703033447	-17.90074
196.382333040237	-20.35561
196.397963047028	-22.03426
196.413583040237	-22.36646
196.429213047028	-20.91945
196.444833040237	-17.57849
196.460463047028	-12.63086
196.476083040237	-6.708393
196.491713047028	-0.6220169
196.507343053818	4.876278
196.522963047028	9.268948
196.538593053818	12.36011
196.554213047028	14.18921
196.569843053818	14.94479
196.585463047028	14.81973
196.601093053818	14.00595
196.616723060608	12.71337
196.632343053818	11.21805
196.647973060608	9.827091
196.663593053818	8.809681
196.679223060608	8.295887
196.694843053818	8.236431
196.710473060608	8.426559
196.726103067398	8.604778
196.741723060608	8.568176
196.757353067398	8.224312
196.772973060608	7.562668
196.788603067398	6.606873
196.804223060608	5.339783
196.819853067398	3.754078
196.835483074188	1.855988
196.851103067398	-0.2604446
196.866733074188	-2.420712
196.882353067398	-4.432716
196.897983074188	-6.159725
196.913613080978	-7.589241
196.929233074188	-8.823719
196.944863080978	-10.04104
196.960483074188	-11.41783
196.976113080978	-13.06049
196.991733074188	-14.93784
197.007363080978	-16.83009
197.022993087769	-18.34942
197.038613080978	-18.97254
197.054243087769	-18.21024
197.069863080978	-15.77582
197.085493087769	-11.73981
197.101113080978	-6.555099
197.116743087769	-0.9654808
197.132373094559	4.246658
197.147993087769	8.475864
197.163623094559	11.44772
197.179243087769	13.20372
197.194873094559	13.97175
197.210493087769	14.01565
197.226123094559	13.51807
197.241753101349	12.60875
197.257373094559	11.41031
197.273003101349	10.0904
197.288623094559	8.855778
197.304253101349	7.884331
197.319873094559	7.271
197.335503101349	7.002335
197.351133108139	6.973553
197.366753101349	7.031345
197.382383108139	7.032349
197.398003101349	6.831043
197.413633108139	6.307766
197.429253101349	5.373142
197.444883108139	3.98605
197.460512876511	2.178791
197.476133108139	0.07497025
197.491762876511	-2.148964
197.507383108139	-4.319031
197.523012876511	-6.305267
197.538633108139	-8.0756
197.554262876511	-9.669662
197.569892883301	-11.19697
197.585512876511	-12.77831
197.601142883301	-14.51843
197.616762876511	-16.4366
197.632392883301	-18.41922
197.648012876511	-20.19611
197.663642883301	-21.33889
197.679272890091	-21.3501
197.694892883301	-19.80479
197.710522890091	-16.55024
197.726142883301	-11.78755
197.741772890091	-6.080524
197.757392883301	-0.187397
197.773022890091	5.141125
197.788652896881	9.371128
197.804272890091	12.26488
197.819902896881	13.84585
197.835522890091	14.29924
197.851152896881	13.84111
197.866772890091	12.71272
197.882402896881	11.17949
197.898032903671	9.561073
197.913652896881	8.203175
197.929282903671	7.374058
197.944902896881	7.14402
197.960532903671	7.357597
197.976152896881	7.715992
197.991782903671	7.909027
198.007412910461	7.755684
198.023032903671	7.274509
198.038662910461	6.569527
198.054282903671	5.768768
198.069912910461	4.898346
198.085532903671	3.873203
198.101162910461	2.556427
198.116792917252	0.8864098
198.132412910461	-1.088013
198.148042917252	-3.203613
198.163662910461	-5.269455
198.179292917252	-7.160408
198.194912910461	-8.854084
198.210542917252	-10.44294
198.226172924042	-12.07584
198.241792917252	-13.89667
198.257422924042	-15.97342
198.273042917252	-18.22517
198.288672924042	-20.38639
198.304292917252	-21.99836
198.319922924042	-22.50874
198.335552930832	-21.42127
198.351172924042	-18.50774
198.366802930832	-13.94508
198.382422924042	-8.288975
198.398052930832	-2.33326
198.413672924042	3.146637
198.429302930832	7.586605
198.444932937622	10.72347
198.460552930832	12.54779
198.476182937622	13.21286
198.491802930832	12.95065
198.507432937622	12.00895
198.523052930832	10.66318
198.538682937622	9.189785
198.554312944412	7.837917
198.569932937622	6.805431
198.585562944412	6.195911
198.601182937622	6.02282
198.616812944412	6.228474
198.632432937622	6.670773
198.648062944412	7.158524
198.663692951202	7.444378
198.679312944412	7.286068
198.694942951202	6.507931
198.710562944412	5.085014
198.726192951202	3.146378
198.741812944412	0.9587555
198.757442951202	-1.178776
198.773072957993	-3.042885
198.788692951202	-4.55138
198.804322957993	-5.780281
198.819942951202	-6.868446
198.835572957993	-7.958088
198.851192951202	-9.110741
198.866822957993	-10.31926
198.882452964783	-11.57531
198.898072957993	-12.89737
198.913702964783	-14.30532
198.929322957993	-15.73813
198.944952964783	-16.93935
198.960572957993	-17.44624
198.976202964783	-16.70818
198.991832971573	-14.30474
199.007452964783	-10.18415
199.023082971573	-4.766602
199.038702964783	1.177734
199.054332971573	6.772282
199.069952964783	11.33482
199.085582971573	14.52775
199.101212978363	16.37591
199.116832971573	17.12338
199.132462978363	17.04279
199.148082971573	16.35862
199.163712978363	15.24096
199.179332971573	13.8572
199.194962978363	12.41664
199.210592985153	11.15046
199.226212978363	10.22607
199.241842985153	9.699696
199.257462978363	9.505711
199.273092985153	9.473751
199.288712978363	9.419884
199.304342985153	9.217072
199.319972991943	8.78347
199.335592985153	8.080334
199.351222991943	7.09866
199.366842985153	5.853943
199.382472991943	4.381855
199.398102998734	2.755337
199.413722991943	1.064156
199.429352998734	-0.6253357
199.444972991943	-2.258667
199.460602998734	-3.834339
199.476222991943	-5.375168
199.491852998734	-6.896416
199.507483005524	-8.431759
199.523102998734	-10.04708
199.538733005524	-11.81961
199.554352998734	-13.77055
199.569983005524	-15.73714
199.585602998734	-17.31766
199.601233005524	-17.92825
199.616863012314	-17.00192
199.632483005524	-14.2269
199.648113012314	-9.770195
199.663733005524	-4.258186
199.679363012314	1.41655
199.694983005524	6.410789
199.710613012314	10.20026
199.726243019104	12.63845
199.741863012314	13.86649
199.757493019104	14.1668
199.773113012314	13.80958
199.788743019104	13.00171
199.804363012314	11.94096
199.819993019104	10.83434
199.835623025894	9.876236
199.851243019104	9.21413
199.866873025894	8.864117
199.882493019104	8.730404
199.898123025894	8.662247
199.913743019104	8.561283
199.929373025894	8.396259
199.945003032684	8.207809
199.960623025894	8.021282
199.976253032684	7.779591
199.991873025894	7.350395
200.007503032684	6.558971
200.023123025894	5.277779
200.038753032684	3.496056
200.054383039474	1.329514
200.070003032684	-1.007381
200.085633039474	-3.276466
200.101253032684	-5.292873
200.116883039474	-6.965893
200.132503032684	-8.300552
200.148133039474	-9.405796
200.163763046265	-10.462
200.179383039474	-11.69001
200.195013046265	-13.25534
200.210633039474	-15.14627
200.226263046265	-17.10001
200.241883039474	-18.60689
200.257513046265	-19.04559
200.273143053055	-17.90036
200.288763046265	-14.96189
200.304393053055	-10.43587
200.320013046265	-4.903378
200.335643053055	0.8421707
200.351263046265	6.048477
200.366893053055	10.15926
200.382523059845	12.91263
200.398143053055	14.31617
200.413773059845	14.56445
200.429393053055	13.93686
200.445023059845	12.76587
200.460643053055	11.36917
200.476273059845	10.02201
200.491903066635	8.978397
200.507523059845	8.3969
200.523153066635	8.324108
200.538773059845	8.687687
200.554403066635	9.302067
200.570023059845	9.919785
200.585653066635	10.32648
200.601283073425	10.408
200.616903066635	10.13202
200.632533073425	9.540615
200.648153066635	8.667461
200.663783073425	7.511311
200.679403066635	6.048826
200.695033073425	4.263435
200.710663080215	2.225597
200.726283073425	0.05354118
200.741913080215	-2.071766
200.757533073425	-4.003389
200.773163080215	-5.657652
200.788783073425	-7.048706
200.804413080215	-8.247412
200.820043087006	-9.373863
200.835663080215	-10.5824
200.851293087006	-12.0146
200.866913080215	-13.77733
200.882543087006	-15.84415
200.898163080215	-17.98114
200.913793087006	-19.69009
200.929423093796	-20.3449
200.945043087006	-19.36966
200.960673093796	-16.49558
200.976293087006	-11.93928
200.991923093796	-6.332687
201.007543087006	-0.534544
201.023173093796	4.638943
201.038803100586	8.638758
201.054423093796	11.27626
201.070053100586	12.63298
201.085673093796	12.91142
201.101303100586	12.34883
201.116923093796	11.15728
201.132553100586	9.60045
201.148183107376	8.007094
201.163803100586	6.723227
201.179433107376	6.01991
201.195053100586	5.972578
201.210683107376	6.431654
201.226303100586	7.06587
201.241933107376	7.519848
201.257562875748	7.554701
201.273183107376	7.138674
201.288812875748	6.417532
201.304433107376	5.622953
201.320062875748	4.926665
201.335683107376	4.364228
201.351312875748	3.82036
201.366942882538	3.087714
201.382562875748	1.977522
201.398192882538	0.4031506
201.413812875748	-1.542205
201.429442882538	-3.648137
201.445062875748	-5.632268
201.460692882538	-7.257608
201.476322889328	-8.432416
201.491942882538	-9.238542
201.507572889328	-9.90702
201.523192882538	-10.72506
201.538822889328	-11.93606
201.554442882538	-13.63305
201.570072889328	-15.69468
201.585702896118	-17.79699
201.601322889328	-19.4275
201.616952896118	-20.05663
201.632572889328	-19.27852
201.648202896118	-16.94024
201.663822889328	-13.22716
201.679452896118	-8.5888
201.695082902908	-3.63468
201.710702896118	1.050635
201.726332902908	5.008078
201.741952896118	7.981503
201.757582902908	9.875091
201.773212909698	10.72488
201.788832902908	10.65774
201.804462909698	9.876527
201.820082902908	8.666053
201.835712909698	7.338289
201.851332902908	6.207165
201.866962909698	5.490683
201.882592916489	5.269381
201.898212909698	5.465145
201.913842916489	5.919466
201.929462909698	6.397879
201.945092916489	6.710624
201.960712909698	6.732527
201.976342916489	6.429515
201.991972923279	5.865171
202.007592916489	5.124416
202.023222923279	4.276038
202.038842916489	3.315405
202.054472923279	2.179813
202.070092916489	0.789012
202.085722923279	-0.8831482
202.101352930069	-2.771108
202.116972923279	-4.724706
202.132602930069	-6.564407
202.148222923279	-8.158686
202.163852930069	-9.457313
202.179472923279	-10.50019
202.195102930069	-11.38948
202.210732936859	-12.24314
202.226352930069	-13.16924
202.241982936859	-14.22858
202.257602930069	-15.40017
202.273232936859	-16.5351
202.288852930069	-17.31697
202.304482936859	-17.30324
202.320112943649	-16.05238
202.335732936859	-13.32831
202.351362943649	-9.22171
202.366982936859	-4.212687
202.382612943649	0.9770327
202.398232936859	5.617444
202.413862943649	9.174039
202.429492950439	11.41375
202.445112943649	12.38945
202.460742950439	12.34249
202.476362943649	11.55963
202.491992950439	10.3493
202.507612943649	8.990788
202.523242950439	7.739965
202.53887295723	6.821117
202.554492950439	6.384321
202.57012295723	6.47163
202.585742950439	7.002928
202.60137295723	7.791483
202.616992950439	8.595133
202.63262295723	9.161327
202.64825296402	9.314732
202.66387295723	8.988209
202.67950296402	8.2313
202.69512295723	7.16774
202.71075296402	5.922131
202.72637295723	4.54707
202.74200296402	3.036617
202.75763297081	1.335941
202.77325296402	-0.5575752
202.78888297081	-2.549715
202.80450296402	-4.477627
202.82013297081	-6.175201
202.83575296402	-7.579849
202.85138297081	-8.728239
202.8670129776	-9.784563
202.88263297081	-10.91644
202.8982629776	-12.26894
202.91388297081	-13.89108
202.9295129776	-15.74424
202.94513297081	-17.67868
202.9607629776	-19.38678
202.97639298439	-20.43647
202.9920129776	-20.33039
203.00764298439	-18.67929
203.0232629776	-15.35387
203.03889298439	-10.62426
203.0545129776	-5.088396
203.07014298439	0.4744129
203.08577299118	5.330612
203.10139298439	9.000011
203.11702299118	11.3149
203.13264298439	12.37032
203.14827299118	12.4114
203.16389298439	11.7347
203.17952299118	10.6339
203.195152997971	9.376894
203.21077299118	8.21792
203.226402997971	7.353138
203.24202299118	6.905136
203.257652997971	6.888239
203.27327299118	7.212132
203.288902997971	7.688856
203.304533004761	8.095444
203.320152997971	8.238405
203.335783004761	8.007936
203.351402997971	7.435051
203.367033004761	6.639622
203.382652997971	5.773624
203.398283004761	4.891932
203.413913011551	3.947649
203.429533004761	2.814489
203.445163011551	1.370201
203.460783004761	-0.3965797
203.476413011551	-2.373459
203.492033004761	-4.349964
203.507663011551	-6.130581
203.523293018341	-7.588295
203.538913011551	-8.721275
203.554543018341	-9.609623
203.570163011551	-10.40488
203.585793018341	-11.30554
203.601413011551	-12.51784
203.617043018341	-14.17946
203.632673025131	-16.28126
203.648293018341	-18.55297
203.663923025131	-20.47528
203.679543018341	-21.40513
203.695173025131	-20.78609
203.710793018341	-18.36189
203.726423025131	-14.28128
203.742053031921	-9.06418
203.757673025131	-3.402756
203.773303031921	2.02445
203.788923025131	6.70484
203.804553031921	10.31706
203.820173025131	12.72011
203.835803031921	13.88463
203.851433038712	13.9112
203.867053031921	13.0163
203.882683038712	11.56789
203.898303031921	10.01339
203.913933038712	8.770691
203.929563045502	8.135729
203.945183038712	8.169121
203.960813045502	8.722454
203.976433038712	9.499472
203.992063045502	10.19175
204.007683038712	10.57094
204.023313045502	10.53913
204.038943052292	10.13877
204.054563045502	9.505215
204.070193052292	8.778316
204.085813045502	8.066816
204.101443052292	7.371689
204.117063045502	6.593317
204.132693052292	5.566788
204.148323059082	4.146923
204.163943052292	2.29114
204.179573059082	0.1083612
204.195193052292	-2.179708
204.210823059082	-4.319046
204.226443052292	-6.13148
204.242073059082	-7.553926
204.257703065872	-8.647906
204.273323059082	-9.549079
204.288953065872	-10.42347
204.304573059082	-11.44496
204.320203065872	-12.74065
204.335823059082	-14.35841
204.351453065872	-16.16383
204.367083072662	-17.80368
204.382703065872	-18.73604
204.398333072662	-18.39839
204.413953065872	-16.42475
204.429583072662	-12.82326
204.445203065872	-8.008122
204.460833072662	-2.674239
204.476463079453	2.448924
204.492083072662	6.814003
204.507713079453	10.13971
204.523333072662	12.37255
204.538963079453	13.54885
204.554583072662	13.73932
204.570213079453	13.03004
204.585843086243	11.60155
204.601463079453	9.775702
204.617093086243	7.98714
204.632713079453	6.665034
204.648343086243	6.086705
204.663963079453	6.2844
204.679593086243	7.008998
204.695223093033	7.8573
204.710843086243	8.427001
204.726473093033	8.467142
204.742093086243	7.97062
204.757723093033	7.117999
204.773343086243	6.152941
204.788973093033	5.241356
204.804603099823	4.401206
204.820223093033	3.49184
204.835853099823	2.322786
204.851473093033	0.8024817
204.867103099823	-1.024184
204.882723093033	-2.948346
204.898353099823	-4.703094
204.913983106613	-6.095764
204.929603099823	-7.087179
204.945233106613	-7.78006
204.960853099823	-8.371113
204.976483106613	-9.055188
204.992103099823	-9.953436
205.007733106613	-11.14803
205.023362874985	-12.64142
205.038983106613	-14.35416
205.054612874985	-16.10448
205.070233106613	-17.56012
205.085862874985	-18.28169
205.101483106613	-17.81789
205.117112874985	-15.84648
205.132742881775	-12.33506
205.148362874985	-7.601059
205.163992881775	-2.236851
205.179612874985	3.067067
205.195242881775	7.697673
205.210862874985	11.27776
205.226492881775	13.66795
205.242122888565	14.8921
205.257742881775	15.07346
205.273372888565	14.38549
205.288992881775	13.04127
205.304622888565	11.34291
205.320242881775	9.660136
205.335872888565	8.338393
205.351502895355	7.637581
205.367122888565	7.607426
205.382752895355	8.080237
205.398372888565	8.743328
205.414002895355	9.286593
205.429622888565	9.503222
205.445252895355	9.367564
205.460882902145	8.974811
205.476502895355	8.429283
205.492132902145	7.781241
205.507752895355	6.963584
205.523382902145	5.859591
205.539002895355	4.379883
205.554632902145	2.533205
205.570262908936	0.4499111
205.585882902145	-1.64844
205.601512908936	-3.528262
205.617132902145	-5.051663
205.632762908936	-6.186834
205.648382902145	-7.048617
205.664012908936	-7.823182
205.679642915726	-8.689813
205.695262908936	-9.78275
205.710892915726	-11.13686
205.726512908936	-12.67129
205.742142915726	-14.22353
205.757762908936	-15.5258
205.773392915726	-16.24146
205.789022922516	-16.04319
205.804642915726	-14.67243
205.820272922516	-12.03342
205.835892915726	-8.271194
205.851522922516	-3.739671
205.867142915726	1.072411
205.882772922516	5.658378
205.898402929306	9.587478
205.914022922516	12.57245
205.929652929306	14.44047
205.945272922516	15.13236
205.960902929306	14.70766
205.976522922516	13.35903
205.992152929306	11.41111
206.007782936096	9.308159
206.023402929306	7.497455
206.039032936096	6.320201
206.054652929306	5.914938
206.070282936096	6.181616
206.085902929306	6.8405
206.101532936096	7.540238
206.117162942886	7.963886
206.132782936096	7.918773
206.148412942886	7.361897
206.164032936096	6.401826
206.179662942886	5.209967
206.195282936096	3.953093
206.210912942886	2.72249
206.226542949677	1.511343
206.242162942886	0.2204924
206.257792949677	-1.240449
206.273412942886	-2.910229
206.289042949677	-4.719594
206.304662942886	-6.518272
206.320292949677	-8.117773
206.335922956467	-9.394859
206.351542949677	-10.34553
206.367172956467	-11.07424
206.382792949677	-11.79093
206.398422956467	-12.69889
206.414042949677	-13.92091
206.429672956467	-15.42649
206.445302963257	-17.01794
206.460922956467	-18.31406
206.476552963257	-18.85472
206.492172956467	-18.20343
206.507802963257	-16.06776
206.523422956467	-12.44092
206.539052963257	-7.61508
206.554682970047	-2.156872
206.570302963257	3.264212
206.585932970047	8.021557
206.601552963257	11.68193
206.617182970047	14.0468
206.632812976837	15.15017
206.648432970047	15.15452
206.664062976837	14.29989
206.679682970047	12.87343
206.695312976837	11.19368
206.710932970047	9.590269
206.726562976837	8.380358
206.742192983627	7.775631
206.757812976837	7.82235
206.773442983627	8.389063
206.789062976837	9.201723
206.804692983627	9.939981
206.820312976837	10.36826
206.835942983627	10.38218
206.851572990417	9.993839
206.867192983627	9.30295
206.882822990417	8.406204
206.898442983627	7.351583
206.914072990417	6.117527
206.929692983627	4.656809
206.945322990417	2.909378
206.960952997208	0.8863468
206.976572990417	-1.329557
206.992202997208	-3.583176
207.007822990417	-5.697996
207.023452997208	-7.529593
207.039072990417	-9.020863
207.054702997208	-10.21043
207.070333003998	-11.20149
207.085952997208	-12.14237
207.101583003998	-13.14444
207.117202997208	-14.28724
207.132833003998	-15.56417
207.148452997208	-16.85356
207.164083003998	-17.91286
207.179713010788	-18.37892
207.195333003998	-17.85019
207.210963010788	-16.01997
207.226583003998	-12.81691
207.242213010788	-8.479446
207.257833003998	-3.524675
207.273463010788	1.42062
207.289093017578	5.805571
207.304713010788	9.293257
207.320343017578	11.76735
207.335963010788	13.26342
207.351593017578	13.8806
207.367213010788	13.73596
207.382843017578	12.98296
207.398473024368	11.84359
207.414093017578	10.61413
207.429723024368	9.632389
207.445343017578	9.164564
207.460973024368	9.312531
207.476593017578	9.986858
207.492223024368	10.9575
207.507853031158	11.93545
207.523473024368	12.685
207.539103031158	13.05548
207.554723024368	12.99006
207.570353031158	12.48512
207.585973024368	11.5405
207.601603031158	10.13156
207.617233037949	8.229771
207.632853031158	5.83769
207.648483037949	3.044867
207.664103031158	0.0770359
207.679733037949	-2.691668
207.695353031158	-4.849564
207.710983037949	-6.05212
207.726613044739	-6.212959
207.742233037949	-5.536118
207.757863044739	-4.477386
207.773483037949	-3.579021
207.789113044739	-3.288029
207.804733037949	-3.819088
207.820363044739	-5.118294
207.835993051529	-6.966022
207.851613044739	-9.053558
207.867243051529	-11.02665
207.882863044739	-12.50406
207.898493051529	-13.07789
207.914113044739	-12.39959
207.929743051529	-10.3264
207.945373058319	-7.043198
207.960993051529	-3.106556
207.976623058319	0.6840782
207.992243051529	3.566257
208.007873058319	5.063587
208.023493051529	5.140884
208.039123058319	4.135372
208.054753065109	2.596817
208.070373058319	1.028862
208.086003065109	-0.2159653
208.101623058319	-1.0005
208.117253065109	-1.309502
208.132873058319	-1.185398
208.148503065109	-0.7007637
208.164133071899	0.01907349
208.179753065109	0.7751617
208.195383071899	1.33308
208.211003065109	1.478783
208.226633071899	1.122959
208.242253065109	0.3147812
208.257883071899	-0.781105
208.27351307869	-1.974552
208.289133071899	-3.155849
208.30476307869	-4.30505
208.320383071899	-5.476791
208.33601307869	-6.697975
208.351633071899	-7.937065
208.36726307869	-9.088032
208.38289308548	-10.06288
208.39851307869	-10.82761
208.41414308548	-11.44633
208.42976307869	-12.06434
208.44539308548	-12.79637
208.46101307869	-13.70042
208.47664308548	-14.733
208.49227309227	-15.78362
208.50789308548	-16.73417
208.52352309227	-17.51442
208.53914308548	-18.10075
208.55477309227	-18.48414
208.57039308548	-18.58516
208.58602309227	-18.18493
208.60165309906	-17.01405
208.61727309227	-14.82751
208.63290309906	-11.56268
208.64852309227	-7.413177
208.66415309906	-2.772064
208.67977309227	1.892982
208.69540309906	6.187504
208.71103310585	9.83168
208.72665309906	12.63268
208.74228310585	14.38311
208.75790309906	14.87234
208.77353310585	13.99549
208.789162874222	11.89708
208.80478310585	9.075005
208.820412874222	6.307343
208.83603310585	4.366695
208.851662874222	3.749813
208.86728310585	4.482445
208.882912874222	6.12043
208.898542881012	7.967815
208.914162874222	9.392368
208.929792881012	10.02461
208.945412874222	9.86043
208.961042881012	9.174604
208.976662874222	8.320843
208.992292881012	7.558989
209.007922887802	6.940382
209.023542881012	6.308807
209.039172887802	5.423431
209.054792881012	4.102617
209.070422887802	2.308844
209.086042881012	0.1833839
209.101672887802	-1.984907
209.117302894592	-3.851145
209.132922887802	-5.079271
209.148552894592	-5.447874
209.164172887802	-4.948193
209.179802894592	-3.845963
209.195422887802	-2.641891
209.211052894592	-1.973135
209.226682901382	-2.325226
209.242302894592	-3.787029
209.257932901382	-5.909117
209.273552894592	-7.792475
209.289182901382	-8.418352
209.304802894592	-7.050419
209.320432901382	-3.520082
209.336062908173	1.736994
209.351682901382	7.827789
209.367312908173	13.74505
209.382932901382	18.64592
209.398562908173	21.98606
209.414182901382	23.5398
209.429812908173	23.30226
209.445442914963	21.43976
209.461062908173	18.28136
209.476692914963	14.33511
209.492312908173	10.2656
209.507942914963	6.780685
209.523562908173	4.464994
209.539192914963	3.59549
209.554822921753	4.058784
209.570442914963	5.417934
209.586072921753	7.088892
209.601692914963	8.567783
209.617322921753	9.563482
209.632942914963	9.98361
209.648572921753	9.867477
209.664202928543	9.247965
209.679822921753	8.095724
209.695452928543	6.341991
209.711072921753	3.951563
209.726702928543	0.9790878
209.742322921753	-2.433426
209.757952928543	-6.080341
209.773582935333	-9.767689
209.789202928543	-13.30586
209.804832935333	-16.54273
209.820452928543	-19.37737
209.836082935333	-21.7776
209.851702928543	-23.76819
209.867332935333	-25.40933
209.882962942123	-26.67251
209.898582935333	-27.36616
209.914212942123	-27.11534
209.929832935333	-25.49004
209.945462942123	-22.23638
209.961082935333	-17.46056
209.976712942123	-11.69614
209.992342948914	-5.730713
210.007962942123	-0.3727283
210.023592948914	3.799372
210.039212942123	6.535315
210.054842948914	7.872742
210.070462942123	8.004101
210.086092948914	7.208048
210.101722955704	5.824181
210.117342948914	4.291233
210.132972955704	3.134586
210.148592948914	2.850872
210.164222955704	3.741753
210.179842948914	5.788542
210.195472955704	8.601948
210.211102962494	11.55784
210.226722955704	14.00135
210.242352962494	15.44319
210.257972955704	15.70683
210.273602962494	14.91335
210.289222955704	13.3786
210.304852962494	11.46844
210.320482969284	9.449888
210.336102962494	7.375725
210.351732969284	5.110743
210.367352962494	2.424156
210.382982969284	-0.8752804
210.398602962494	-4.785727
210.414232969284	-9.046541
210.429862976074	-13.17319
210.445482969284	-16.60096
210.461112976074	-18.85299
210.476732969284	-19.72709
210.492362976074	-19.36018
210.507982969284	-18.1936
210.523612976074	-16.81842
210.539242982864	-15.80185
210.554862976074	-15.50614
210.570492982864	-16.02189
210.586112976074	-17.14445
210.601742982864	-18.42193
210.617362976074	-19.27195
210.632992982864	-19.0679
210.648622989655	-17.30297
210.664242982864	-13.72469
210.679872989655	-8.454035
210.695492982864	-2.047026
210.711122989655	4.552742
210.726742982864	10.24756
210.742372989655	14.11618
210.758002996445	15.69714
210.773622989655	15.13832
210.789252996445	13.0983
210.804872989655	10.47108
210.820502996445	8.069798
210.836122989655	6.393981
210.851752996445	5.571509
210.867383003235	5.491662
210.883002996445	5.991988
210.898633003235	6.976686
210.914252996445	8.437578
210.929883003235	10.36678
210.945502996445	12.65202
210.961133003235	15.062
210.976763010025	17.30428
210.992383003235	19.11747
211.008013010025	20.35645
211.023633003235	20.96589
211.039263010025	20.92274
211.054893016815	20.16017
211.070513010025	18.58362
211.086143016815	16.13527
211.101763010025	12.92175
211.117393016815	9.216789
211.133013010025	5.442872
211.148643016815	2.088516
211.164273023605	-0.4763002
211.179893016815	-2.063663
211.195523023605	-2.695719
211.211143016815	-2.522316
211.226773023605	-1.678504
211.242393016815	-0.1209536
211.258023023605	2.392618
211.273653030396	6.22535
211.289273023605	11.62497
211.304903030396	18.47696
211.320523023605	26.20129
211.336153030396	33.82092
211.351773023605	40.22887
211.367403030396	44.49573
211.383033037186	46.12651
211.398653030396	45.09617
211.414283037186	41.73752
211.429903030396	36.60125
211.445533037186	30.35197
211.461153030396	23.75692
211.476783037186	17.66742
211.492413043976	12.90973
211.508033037186	10.11356
211.523663043976	9.51968
211.539283037186	10.90364
211.554913043976	13.64333
211.570533037186	16.94581
211.586163043976	20.05935
211.601793050766	22.50152
211.617413043976	24.10457
211.633043050766	24.9534
211.648663043976	25.30248
211.664293050766	25.41167
211.679913043976	25.38467
211.695543050766	25.11012
211.711173057556	24.25125
211.726793050766	22.4217
211.742423057556	19.44707
211.758043050766	15.58948
211.773673057556	11.59021
211.789293050766	8.431885
211.804923057556	6.902573
211.820553064346	7.179169
211.836173057556	8.658363
211.851803064346	10.08584
211.867423057556	9.927849
211.883053064346	6.794518
211.898673057556	-0.2477264
211.914303064346	-11.52395
211.929933071136	-26.6907
211.945553064346	-44.72325
211.961183071136	-63.90216
211.976803064346	-81.96655
211.992433071136	-96.4682
212.008053064346	-105.3047
212.023683071136	-107.2448
212.039313077927	-102.1937
212.054933071136	-91.17256
212.070563077927	-75.92949
212.086183071136	-58.50481
212.101813077927	-40.79942
212.117433071136	-24.3941
212.133063077927	-10.41783
212.148693084717	0.4736633
212.164313077927	8.169876
212.179943084717	13.04381
212.195563077927	15.80737
212.211193084717	17.25883
212.226813077927	17.99246
212.242443084717	18.26993
212.258073091507	18.01935
212.273693084717	17.10999
212.289323091507	15.59286
212.304943084717	13.87106
212.320573091507	12.56888
212.336193084717	12.26277
212.351823091507	13.1235
