onset	BVP
1.93165683746338	-18.36665
1.94727683067322	-19.5896
1.96290683746338	-21.08018
1.97853684425354	-22.7923
1.99415683746338	-24.5421
2.00978684425354	-25.96919
2.02540683746338	-26.62606
2.04103684425354	-26.0917
2.05665683746338	-24.1427
2.07228684425354	-20.86643
2.0879168510437	-16.61957
2.10353684425354	-11.95731
2.1191668510437	-7.381794
2.13478684425354	-3.213921
2.1504168510437	0.4748955
2.16603684425354	3.821444
2.1816668510437	7.024517
2.19729685783386	10.18825
2.2129168510437	13.24409
2.22854685783386	15.98556
2.2441668510437	18.12786
2.25979685783386	19.48607
2.2754168510437	20.01936
2.29104685783386	19.84165
2.30667686462402	19.14453
2.32229685783386	18.13778
2.33792686462402	16.99667
2.35354685783386	15.85936
2.36917686462402	14.81831
2.38479685783386	13.94034
2.40042686462402	13.248
2.41605687141418	12.7024
2.43167686462402	12.21059
2.44730687141418	11.66037
2.46292686462402	10.93355
2.47855687141418	9.958138
2.49417686462402	8.714943
2.50980687141418	7.300098
2.52543687820435	5.841312
2.54105687141418	4.492981
2.55668687820435	3.346348
2.57230687141418	2.407291
2.58793687820435	1.53722
2.60355687141418	0.5400238
2.61918687820435	-0.741375
2.63481688499451	-2.385857
2.65043687820435	-4.315788
2.66606688499451	-6.360062
2.68168687820435	-8.312195
2.69731688499451	-10.01699
2.71293687820435	-11.35629
2.72856688499451	-12.32488
2.74419689178467	-13.03638
2.75981688499451	-13.68118
2.77544689178467	-14.56523
2.79106688499451	-15.92559
2.80669689178467	-17.83091
2.82231688499451	-20.06565
2.83794689178467	-22.15868
2.85357689857483	-23.45609
2.86919689178467	-23.39808
2.88482689857483	-21.69503
2.90044689178467	-18.39944
2.91607689857483	-13.95865
2.93169689178467	-8.979088
2.94732689857483	-4.059517
2.96295690536499	0.359539
2.97857689857483	4.049522
2.99420690536499	7.003784
3.00982689857483	9.359879
3.02545690536499	11.29342
3.04107689857483	12.98262
3.05670690536499	14.44732
3.07233691215515	15.62852
3.08795690536499	16.38018
3.10358691215515	16.55091
3.11920690536499	16.07616
3.13483691215515	15.04214
3.15045690536499	13.64014
3.16608691215515	12.14668
3.18171691894531	10.80101
3.19733691215515	9.672028
3.21296691894531	8.729996
3.22858691215515	7.896233
3.24421691894531	7.108917
3.25983691215515	6.397495
3.27546691894531	5.814709
3.29109692573547	5.357716
3.30671691894531	4.951897
3.32234692573547	4.41386
3.33796691894531	3.548275
3.35359692573547	2.254471
3.36921691894531	0.5949173
3.38484692573547	-1.251972
3.40047693252563	-3.013615
3.41609692573547	-4.466831
3.43172693252563	-5.514816
3.44734692573547	-6.191231
3.46297693252563	-6.656166
3.47859692573547	-7.161037
3.49422693252563	-7.889702
3.5098569393158	-8.947117
3.52547693252563	-10.33138
3.5411069393158	-11.89247
3.55672693252563	-13.42864
3.5723569393158	-14.73761
3.58798694610596	-15.70684
3.6036069393158	-16.33382
3.61923694610596	-16.75858
3.6348569393158	-17.16179
3.65048694610596	-17.73636
3.6661069393158	-18.56129
3.68173694610596	-19.48098
3.69736695289612	-20.13104
3.71298694610596	-20.04273
3.72861695289612	-18.78797
3.74423694610596	-16.14732
3.75986695289612	-12.21428
3.77548694610596	-7.370106
3.79111695289612	-2.159035
3.80674695968628	2.898499
3.82236695289612	7.463188
3.83799695968628	11.43964
3.85361695289612	14.8783
3.86924695968628	17.89162
3.88486695289612	20.54049
3.90049695968628	22.74387
3.91612696647644	24.33091
3.93174695968628	25.09024
3.94737696647644	24.89579
3.96299695968628	23.80558
3.97862696647644	22.02194
3.99424695968628	19.82004
4.00987696647644	17.46384
4.0255069732666	15.09575
4.04112696647644	12.78322
4.0567569732666	10.55412
4.07237696647644	8.492119
4.0880069732666	6.702572
4.10362696647644	5.265289
4.1192569732666	4.178238
4.13488698005676	3.304749
4.1505069732666	2.470627
4.16613698005676	1.503757
4.1817569732666	0.3626595
4.19738698005676	-0.8926926
4.2130069732666	-2.141598
4.22863698005676	-3.313267
4.24426698684692	-4.380749
4.25988698005676	-5.330444
4.27551698684692	-6.143272
4.29113698005676	-6.725586
4.30676698684692	-7.011116
4.32238698005676	-7.048817
4.33801698684692	-6.980968
4.35364699363708	-7.038036
4.36926698684692	-7.428913
4.38489699363708	-8.189434
4.40051698684692	-9.188229
4.41614699363708	-10.17859
4.43176698684692	-10.88832
4.44739699363708	-11.23173
4.46302700042725	-11.34937
4.47864699363708	-11.57535
4.49427700042725	-12.3039
4.50989699363708	-13.79552
4.52552700042725	-16.03864
4.54114699363708	-18.67488
4.55677700042725	-21.09256
4.57240700721741	-22.55544
4.58802700042725	-22.48834
4.60365700721741	-20.69654
4.61927700042725	-17.37717
4.63490700721741	-13.04807
4.65052700042725	-8.2976
4.66615700721741	-3.631382
4.68178701400757	0.6548538
4.69740700721741	4.449223
4.71303701400757	7.760319
4.72865700721741	10.61281
4.74428701400757	12.98995
4.75990700721741	14.91377
4.77553701400757	16.38932
4.79116702079773	17.44505
4.80678701400757	18.11912
4.82241702079773	18.42422
4.83803701400757	18.36999
4.85366702079773	18.0102
4.86928701400757	17.42893
4.88491702079773	16.72773
4.90054702758789	16.01191
4.91616702079773	15.34969
4.93179702758789	14.7439
4.94741702079773	14.21225
4.96304702758789	13.75694
4.97866702079773	13.38353
4.99429702758789	13.07507
5.00992703437805	12.73804
5.02554702758789	12.1988
5.04117703437805	11.27224
5.05679702758789	9.821301
5.07242703437805	7.824501
5.08804702758789	5.433678
5.10367703437805	2.898457
5.11930704116821	0.4654503
5.13492703437805	-1.672985
5.15055704116821	-3.47327
5.16617703437805	-5.034378
5.18180704116821	-6.511353
5.19742703437805	-8.037563
5.21305704116821	-9.669815
5.22868704795837	-11.33534
5.24430704116821	-12.93985
5.25993704795837	-14.36823
5.27555704116821	-15.57155
5.29118704795837	-16.62428
5.30680704116821	-17.69429
5.32243704795837	-19.01255
5.33806705474854	-20.75331
5.35368704795837	-22.93278
5.36931705474854	-25.30801
5.38493704795837	-27.45586
5.40056705474854	-28.83244
5.41618704795837	-28.92024
5.43181705474854	-27.44574
5.44744682312012	-24.42098
5.46306705474854	-20.15319
5.47869682312012	-15.15809
5.49431705474854	-9.960133
5.50994682312012	-4.954721
5.52556705474854	-0.3830566
5.54119682312012	3.671434
5.55682682991028	7.234745
5.57244682312012	10.38068
5.58807682991028	13.16431
5.60369682312012	15.60292
5.61932682991028	17.65985
5.63494682312012	19.26606
5.65057682991028	20.35368
5.66620683670044	20.85026
5.68182682991028	20.72006
5.69745683670044	20.00147
5.71307682991028	18.8116
5.72870683670044	17.34709
5.74432682991028	15.84888
5.75995683670044	14.50586
5.7755868434906	13.42652
5.79120683670044	12.61735
5.8068368434906	12.00706
5.82245683670044	11.47831
5.8380868434906	10.88867
5.85371685028076	10.10273
5.8693368434906	9.054825
5.88496685028076	7.739975
5.9005868434906	6.211935
5.91621685028076	4.574926
5.9318368434906	2.99988
5.94746685028076	1.616266
5.96309685707092	0.5156269
5.97871685028076	-0.3167019
5.99434685707092	-1.002995
6.00996685028076	-1.720415
6.02559685707092	-2.610985
6.04121685028076	-3.756567
6.05684685707092	-5.153864
6.07247686386108	-6.671482
6.08809685707092	-8.120749
6.10372686386108	-9.329468
6.11934685707092	-10.21195
6.13497686386108	-10.79168
6.15059685707092	-11.2318
6.16622686386108	-11.73921
6.18185687065125	-12.55079
6.19747686386108	-13.84245
6.21310687065125	-15.68137
6.22872686386108	-17.98152
6.24435687065125	-20.45555
6.25997686386108	-22.65844
6.27560687065125	-24.0358
6.29123687744141	-24.09476
6.30685687065125	-22.54608
6.32248687744141	-19.43242
6.33810687065125	-15.09675
6.35373687744141	-10.07538
6.36935687065125	-4.893631
6.38498687744141	0.09282112
6.40061688423157	4.766171
6.41623687744141	9.125431
6.43186688423157	13.20049
6.44748687744141	16.93512
6.46311688423157	20.17372
6.47873687744141	22.73647
6.49436688423157	24.47632
6.50999689102173	25.29552
6.52561688423157	25.2008
6.54124689102173	24.27967
6.55686688423157	22.67484
6.57249689102173	20.59488
6.58811688423157	18.2798
6.60374689102173	15.9918
6.61937689781189	13.95681
6.63499689102173	12.31858
6.65062689781189	11.08792
6.66624689102173	10.17955
6.68187689781189	9.460064
6.69749689102173	8.804024
6.71312689781189	8.115835
6.72875690460205	7.341652
6.74437689781189	6.458275
6.76000690460205	5.444555
6.77562689781189	4.257114
6.79125690460205	2.847307
6.80687689781189	1.182095
6.82250690460205	-0.6984863
6.83813691139221	-2.684139
6.85375690460205	-4.629219
6.86938691139221	-6.383163
6.88500690460205	-7.859699
6.90063691139221	-9.037954
6.91625690460205	-9.981886
6.93188691139221	-10.794
6.94751691818237	-11.54844
6.96313691139221	-12.26032
6.97876691818237	-12.89514
6.99438691139221	-13.39194
7.01001691818237	-13.72978
7.02563691139221	-13.95872
7.04126691818237	-14.18425
7.05689692497253	-14.52467
7.07251691818237	-15.10635
7.08814692497253	-16.03633
7.10376691818237	-17.40823
7.11939692497253	-19.22878
7.13501691818237	-21.33267
7.15064692497253	-23.35857
7.1662769317627	-24.78947
7.18189692497253	-25.10768
7.1975269317627	-23.95444
7.21314692497253	-21.30064
7.2287769317627	-17.42694
7.24439692497253	-12.81385
7.2600269317627	-7.915017
7.27565693855286	-3.026158
7.2912769317627	1.751212
7.30690693855286	6.37335
7.3225269317627	10.76545
7.33815693855286	14.81982
7.3537769317627	18.39383
7.36940693855286	21.3949
7.38503694534302	23.78971
7.40065693855286	25.58962
7.41628694534302	26.79251
7.43190693855286	27.38915
7.44753694534302	27.36047
7.46315693855286	26.763
7.47878694534302	25.73242
7.49441695213318	24.44878
7.51003694534302	23.05853
7.52566695213318	21.64543
7.54128694534302	20.21524
7.55691695213318	18.77773
7.57253694534302	17.32947
7.58816695213318	15.87156
7.60379695892334	14.40341
7.61941695213318	12.8695
7.63504695892334	11.16631
7.65066695213318	9.2078
7.66629695892334	6.977676
7.68191695213318	4.566899
7.69754695892334	2.184604
7.7131769657135	0.04498959
7.72879695892334	-1.710162
7.7444269657135	-3.030931
7.76004695892334	-4.036919
7.7756769657135	-4.931656
7.79129695892334	-5.898694
7.8069269657135	-7.008549
7.82255697250366	-8.220926
7.8381769657135	-9.408326
7.85380697250366	-10.45837
7.8694269657135	-11.34704
7.88505697250366	-12.16392
7.9006769657135	-13.07977
7.91630697250366	-14.25937
7.93193697929382	-15.81532
7.94755697250366	-17.77669
7.96318697929382	-20.09154
7.97880697250366	-22.58952
7.99443697929382	-24.95593
8.01005697250366	-26.77834
8.02568697929382	-27.58315
8.04131698608398	-26.98448
8.05693697929382	-24.8497
8.07256698608398	-21.31607
8.08818697929382	-16.80895
8.10381698608398	-11.86348
8.11944699287415	-6.97493
8.13506698608398	-2.468716
8.15069699287415	1.514515
8.16631698608398	4.992386
8.18194699287415	8.04398
8.19756698608398	10.75478
8.21319699287415	13.19396
8.22882699966431	15.36176
8.24444699287415	17.20739
8.26007699966431	18.63371
8.27569699287415	19.5247
8.29132699966431	19.80725
8.30694699287415	19.50283
8.32257699966431	18.74187
8.33820700645447	17.72472
8.35382699966431	16.65168
8.36945700645447	15.68657
8.38507699966431	14.90802
8.40070700645447	14.29964
8.41632699966431	13.81005
8.43195700645447	13.34785
8.44758701324463	12.80528
8.46320700645447	12.0555
8.47883701324463	10.98025
8.49445700645447	9.500574
8.51008701324463	7.616896
8.52570700645447	5.423237
8.54133701324463	3.105204
8.55696702003479	0.8686237
8.57258701324463	-1.084608
8.58821702003479	-2.659672
8.60383701324463	-3.829464
8.61946702003479	-4.666855
8.63508701324463	-5.290579
8.65071702003479	-5.823252
8.66634702682495	-6.363703
8.68196702003479	-6.944603
8.69759702682495	-7.575556
8.71321702003479	-8.226233
8.72884702682495	-8.888277
8.74446702003479	-9.582357
8.76009702682495	-10.38458
8.77572703361511	-11.40253
8.79134702682495	-12.75722
8.80697703361511	-14.5713
8.82259702682495	-16.88174
8.83822703361511	-19.58121
8.85384702682495	-22.3845
8.86947703361511	-24.83603
8.88510704040527	-26.3966
8.90072703361511	-26.61277
8.91635704040527	-25.26174
8.93197703361511	-22.42738
8.94760704040527	-18.48328
8.96322703361511	-13.94357
8.97885704040527	-9.273487
8.99448704719543	-4.782721
9.01010704040527	-0.5861855
9.02573704719543	3.364849
9.04135704040527	7.17123
9.05698704719543	10.87894
9.07260704040527	14.41816
9.08823704719543	17.59831
9.1038670539856	20.15324
9.11948704719543	21.81953
9.1351170539856	22.44521
9.15073704719543	22.04266
9.1663670539856	20.80709
9.18198704719543	19.04844
9.1976170539856	17.08519
9.21324682235718	15.1381
9.2288670539856	13.32653
9.24449682235718	11.68625
9.2601170539856	10.1917
9.27574682235718	8.852186
9.2913670539856	7.6626
9.30699682235718	6.613398
9.32262682914734	5.662888
9.33824682235718	4.749891
9.35387682914734	3.7987
9.36949682235718	2.772436
9.38512682914734	1.666533
9.40074682235718	0.4823437
9.41637682914734	-0.7596035
9.4320068359375	-2.051229
9.44762682914734	-3.348173
9.4632568359375	-4.60932
9.47887682914734	-5.791348
9.4945068359375	-6.885502
9.51012682914734	-7.943811
9.5257568359375	-9.020351
9.54138684272766	-10.16747
9.5570068359375	-11.32425
9.57263684272766	-12.35998
9.5882568359375	-13.08741
9.60388684272766	-13.37374
9.6195068359375	-13.19592
9.63513684272766	-12.70444
9.65076684951782	-12.18094
9.66638684272766	-11.93217
9.68201684951782	-12.21636
9.69763684272766	-13.13152
9.71326684951782	-14.55301
9.72888684272766	-16.16161
9.74451684951782	-17.47307
9.76014685630798	-17.9807
9.77576684951782	-17.31531
9.79139685630798	-15.38114
9.80701684951782	-12.37122
9.82264685630798	-8.704605
9.83826684951782	-4.881661
9.85389685630798	-1.318589
9.86952686309814	1.732407
9.88514685630798	4.224691
9.90077686309814	6.238793
9.91639685630798	7.913296
9.93202686309814	9.367123
9.94764685630798	10.66645
9.96327686309814	11.80236
9.97890686988831	12.6808
9.99452686309814	13.19452
10.0101568698883	13.20225
10.0257768630981	12.68427
10.0414068698883	11.7467
10.0570268630981	10.63897
10.0726568698883	9.673953
10.0882868766785	9.116956
10.1039068698883	9.092924
10.1195368766785	9.573766
10.1351568698883	10.38345
10.1507868766785	11.25988
10.1664068698883	11.94116
10.1820368766785	12.21164
10.1976668834686	11.92533
10.2132868766785	11.05308
10.2289168834686	9.658644
10.2445368766785	7.871498
10.2601668834686	5.886049
10.2757868766785	3.9018
10.2914168834686	2.086028
10.3070468902588	0.5283504
10.3226668834686	-0.7326131
10.3382968902588	-1.763203
10.3539168834686	-2.656641
10.3695468902588	-3.520854
10.3851668834686	-4.446281
10.4007968902588	-5.476855
10.416426897049	-6.628984
10.4320468902588	-7.897097
10.447676897049	-9.320429
10.4632968902588	-10.93999
10.478926897049	-12.84235
10.4945468902588	-15.08625
10.510176897049	-17.67416
10.5258069038391	-20.51229
10.541426897049	-23.36834
10.5570569038391	-25.89342
10.572676897049	-27.63161
10.5883069038391	-28.15521
10.603926897049	-27.19729
10.6195569038391	-24.74268
10.6351869106293	-21.08386
10.6508069038391	-16.70784
10.6664369106293	-12.14329
10.6820569038391	-7.749481
10.6976869106293	-3.669395
10.7133169174194	0.1605783
10.7289369106293	3.880674
10.7445669174194	7.547142
10.7601869106293	11.07747
10.7758169174194	14.26354
10.7914369106293	16.87236
10.8070669174194	18.72351
10.8226969242096	19.77498
10.8383169174194	20.06408
10.8539469242096	19.7214
10.8695669174194	18.90601
10.8851969242096	17.76929
10.9008169174194	16.47151
10.9164469242096	15.15973
10.9320769309998	13.98447
10.9476969242096	13.0448
10.9633269309998	12.37575
10.9789469242096	11.92465
10.9945769309998	11.55239
11.0101969242096	11.04004
11.0258269309998	10.19441
11.0414569377899	8.892248
11.0570769309998	7.142019
11.0727069377899	5.094139
11.0883269309998	2.962503
11.1039569377899	0.9682331
11.1195769309998	-0.7590237
11.1352069377899	-2.227764
11.1508369445801	-3.578257
11.1664569377899	-4.981119
11.1820869445801	-6.557594
11.1977069377899	-8.30928
11.2133369445801	-10.10766
11.2289569377899	-11.76168
11.2445869445801	-13.09022
11.2602169513702	-13.98197
11.2758369445801	-14.48339
11.2914669513702	-14.77095
11.3070869445801	-15.11961
11.3227169513702	-15.81201
11.3383369445801	-17.09227
11.3539669513702	-19.07003
11.3695969581604	-21.66754
11.3852169513702	-24.63033
11.4008469581604	-27.51635
11.4164669513702	-29.75785
11.4320969581604	-30.79051
11.4477169513702	-30.13712
11.4633469581604	-27.57416
11.4789769649506	-23.2041
11.4945969581604	-17.40447
11.5102269649506	-10.76128
11.5258469581604	-3.909939
11.5414769649506	2.650578
11.5570969581604	8.637402
11.5727269649506	13.9732
11.5883569717407	18.7252
11.6039769649506	22.92767
11.6196069717407	26.53173
11.6352269649506	29.42601
11.6508569717407	31.44036
11.6664769649506	32.44751
11.6821069717407	32.44732
11.6977369785309	31.56185
11.7133569717407	30.01206
11.7289869785309	28.08606
11.7446069717407	26.01759
11.7602369785309	23.95031
11.7758569717407	21.98858
11.7914869785309	20.19192
11.807116985321	18.59021
11.8227369785309	17.21342
11.838366985321	16.07983
11.8539869785309	15.09793
11.869616985321	14.10815
11.8852369785309	12.85493
11.900866985321	11.13292
11.9164969921112	8.890312
11.932116985321	6.260441
11.9477469921112	3.526054
11.963366985321	1.038635
11.9789969921112	-0.9464836
11.994616985321	-2.410465
12.0102469921112	-3.506714
12.0258769989014	-4.555946
12.0414969921112	-5.848091
12.0571269989014	-7.533497
12.0727469921112	-9.584908
12.0883769989014	-11.82055
12.1039969921112	-14.00487
12.1196269989014	-15.94363
12.1352570056915	-17.5713
12.1508769989014	-18.90274
12.1665070056915	-20.06517
12.1821269989014	-21.22768
12.1977570056915	-22.55653
12.2133769989014	-24.20262
12.2290070056915	-26.20569
12.2446370124817	-28.4638
12.2602570056915	-30.69624
12.2758870124817	-32.44574
12.2915070056915	-33.10141
12.3071370124817	-32.10741
12.3227570056915	-29.16541
12.3383870124817	-24.34189
12.3540170192719	-18.11727
12.3696370124817	-11.18102
12.3852670192719	-4.249626
12.4008870124817	2.182304
12.4165170192719	7.89447
12.4321370124817	12.9193
12.4477670192719	17.34992
12.463397026062	21.20132
12.4790170192719	24.38276
12.494647026062	26.7226
12.5102670192719	28.09501
12.525897026062	28.4974
12.5415170192719	28.07918
12.557147026062	27.04459
12.5727770328522	25.62901
12.588397026062	24.02542
12.6040270328522	22.34591
12.619647026062	20.65233
12.6352770328522	18.99089
12.650897026062	17.39318
12.6665270328522	15.91812
12.6821570396423	14.60627
12.6977770328522	13.42276
12.7134070396423	12.25857
12.7290270328522	10.90197
12.7446570396423	9.136658
12.7602770328522	6.844162
12.7759070396423	4.104424
12.7915370464325	1.181633
12.8071570396423	-1.580551
12.8227870464325	-3.924515
12.8384070396423	-5.808876
12.8540370464325	-7.411606
12.8696570396423	-9.018333
12.8852870464325	-10.83174
12.9009170532227	-12.88531
12.9165370464325	-15.00603
12.9321670532227	-16.92557
12.9477870464325	-18.42221
12.9634170532227	-19.44038
12.9790470600128	-20.10616
12.9946670532227	-20.65314
13.0102970600128	-21.35017
13.0259170532227	-22.40433
13.0415470600128	-23.8689
13.0571670532227	-25.61821
13.0727970600128	-27.34713
13.0884268283844	-28.57413
13.1040470600128	-28.72467
13.1196768283844	-27.29951
13.1352970600128	-24.00411
13.1509268283844	-18.96474
13.1665470600128	-12.66381
13.1821768283844	-5.817421
13.1978068351746	0.854126
13.2134268283844	6.886749
13.2290568351746	12.1346
13.2446768283844	16.71539
13.2603068351746	20.82586
13.2759268283844	24.59779
13.2915568351746	27.96835
13.3071868419647	30.71987
13.3228068351746	32.60123
13.3384368419647	33.43398
13.3540568351746	33.18703
13.3696868419647	31.96782
13.3853068351746	30.00135
13.4009368419647	27.53976
13.4165668487549	24.84743
13.4321868419647	22.16121
13.4478168487549	19.68615
13.4634368419647	17.57846
13.4790668487549	15.91695
13.4946868419647	14.68738
13.5103168487549	13.81897
13.525946855545	13.14927
13.5415668487549	12.46941
13.557196855545	11.59129
13.5728168487549	10.38102
13.588446855545	8.814262
13.6040668487549	6.974892
13.619696855545	5.007797
13.6353268623352	3.070274
13.650946855545	1.232147
13.6665768623352	-0.538353
13.682196855545	-2.336761
13.6978268623352	-4.271851
13.713446855545	-6.369064
13.7290768623352	-8.589577
13.7447068691254	-10.78456
13.7603268623352	-12.83034
13.7759568691254	-14.61255
13.7915768623352	-16.09943
13.8072068691254	-17.27247
13.8228268623352	-18.16068
13.8384568691254	-18.86561
13.8540868759155	-19.57096
13.8697068691254	-20.58058
13.8853368759155	-22.13947
13.9009568691254	-24.27882
13.9165868759155	-26.67226
13.9322068691254	-28.65031
13.9478368759155	-29.41525
13.9634668827057	-28.34151
13.9790868759155	-25.20425
13.9947168827057	-20.30342
14.0103368759155	-14.25317
14.0259668827057	-7.783707
14.0415868759155	-1.493423
14.0572168827057	4.288101
14.0728468894958	9.442535
14.0884668827057	13.96929
14.1040968894958	17.91202
14.1197168827057	21.3327
14.1353468894958	24.29918
14.1509668827057	26.88651
14.1665968894958	29.11606
14.182226896286	30.88116
14.1978468894958	31.97255
14.213476896286	32.15965
14.2290968894958	31.29236
14.244726896286	29.43436
14.2603468894958	26.86013
14.275976896286	23.95497
14.2916069030762	21.14165
14.307226896286	18.71089
14.3228569030762	16.82271
14.338476896286	15.45921
14.3541069030762	14.55544
14.369726896286	14.01879
14.3853569030762	13.76181
14.4009869098663	13.65397
14.4166069030762	13.50593
14.4322369098663	13.10182
14.4478569030762	12.18607
14.4634869098663	10.59379
14.4791069030762	8.314651
14.4947369098663	5.492607
14.5103669166565	2.420868
14.5259869098663	-0.5759583
14.5416169166565	-3.300102
14.5572369098663	-5.705963
14.5728669166565	-7.892723
14.5884869098663	-10.0176
14.6041169166565	-12.1538
14.6197469234467	-14.20403
14.6353669166565	-15.99451
14.6509969234467	-17.3576
14.6666169166565	-18.24601
14.6822469234467	-18.7987
14.6978669166565	-19.29444
14.7134969234467	-20.04527
14.7291269302368	-21.27414
14.7447469234467	-23.06377
14.7603769302368	-25.27046
14.7759969234467	-27.61403
14.7916269302368	-29.61714
14.8072469234467	-30.74662
14.8228769302368	-30.49148
14.838506937027	-28.54523
14.8541269302368	-24.91364
14.869756937027	-19.9234
14.8853769302368	-14.09864
14.901006937027	-7.965179
14.9166269302368	-1.9869
14.932256937027	3.649696
14.9478869438171	8.875824
14.963506937027	13.7002
14.9791369438171	18.11612
14.994756937027	22.04497
15.0103869438171	25.34715
15.026006937027	27.87617
15.0416369438171	29.50175
15.0572669506073	30.12847
15.0728869438171	29.77998
15.0885169506073	28.57455
15.1041369438171	26.73782
15.1197669506073	24.55484
15.1353969573975	22.32547
15.1510169506073	20.28014
15.1666469573975	18.57848
15.1822669506073	17.32229
15.1978969573975	16.52332
15.2135169506073	16.09498
15.2291469573975	15.88028
15.2447769641876	15.67925
15.2603969573975	15.27241
15.2760269641876	14.48768
15.2916469573975	13.23606
15.3072769641876	11.47793
15.3228969573975	9.2495
15.3385269641876	6.624718
15.3541569709778	3.720333
15.3697769641876	0.7028389
15.3854069709778	-2.220432
15.4010269641876	-4.846512
15.4166569709778	-7.109707
15.4322769641876	-9.054939
15.4479069709778	-10.8656
15.4635369777679	-12.71306
15.4791569709778	-14.68059
15.4947869777679	-16.71045
15.5104069709778	-18.57689
15.5260369777679	-20.01769
15.5416569709778	-20.82073
15.5572869777679	-20.92555
15.5729169845581	-20.45135
15.5885369777679	-19.67805
15.6041669845581	-18.92071
15.6197869777679	-18.44607
15.6354169845581	-18.37936
15.6510369777679	-18.6649
15.6666669845581	-19.08332
15.6822969913483	-19.31068
15.6979169845581	-18.9855
15.7135469913483	-17.80158
15.7291669845581	-15.6235
15.7447969913483	-12.48943
15.7604169845581	-8.641331
15.7760469913483	-4.443144
15.7916769981384	-0.2514153
15.8072969913483	3.689812
15.8229269981384	7.284986
15.8385469913483	10.58313
15.8541769981384	13.66078
15.8697969913483	16.52215
15.8854269981384	19.04406
15.9010570049286	21.03945
15.9166769981384	22.30902
15.9323070049286	22.77285
15.9479269981384	22.48193
15.9635570049286	21.58094
15.9791769981384	20.28922
15.9948070049286	18.78448
16.0104370117188	17.22313
16.0260570049286	15.67418
16.0416870117188	14.17413
16.0573070049286	12.70958
16.0729370117188	11.27676
16.0885570049286	9.893301
16.1041870117188	8.584538
16.1198170185089	7.367468
16.1354370117188	6.234476
16.1510670185089	5.138402
16.1666870117188	4.002912
16.1823170185089	2.820267
16.1979370117188	1.616868
16.2135670185089	0.4363797
16.2291970252991	-0.6972015
16.2448170185089	-1.829539
16.2604470252991	-3.071675
16.2760670185089	-4.550056
16.2916970252991	-6.334991
16.3073170185089	-8.397983
16.3229470252991	-10.59347
16.3385770320892	-12.75541
16.3541970252991	-14.73714
16.3698270320892	-16.46177
16.3854470252991	-17.9212
16.4010770320892	-19.14997
16.4166970252991	-20.23614
16.4323270320892	-21.29575
16.4479570388794	-22.46229
16.4635770320892	-23.77636
16.4792070388794	-25.15025
16.4948270320892	-26.33089
16.5104570388794	-26.90417
16.5260770320892	-26.45273
16.5417070388794	-24.70981
16.5573370456696	-21.68028
16.5729570388794	-17.6619
16.5885870456696	-13.13296
16.6042070388794	-8.563681
16.6198370456696	-4.258207
16.6354570388794	-0.3518677
16.6510870456696	3.212687
16.6667170524597	6.508764
16.6823370456696	9.552006
16.6979670524597	12.28171
16.7135870456696	14.57484
16.7292170524597	16.31877
16.7448370456696	17.44874
16.7604670524597	17.99616
16.7760970592499	18.02962
16.7917170524597	17.67765
16.8073470592499	17.05687
16.8229670524597	16.31102
16.8385970592499	15.5684
16.8542170524597	14.96372
16.8698470592499	14.53632
16.8854768276215	14.26487
16.9010970592499	14.05652
16.9167268276215	13.79335
16.9323470592499	13.39335
16.9479768276215	12.78921
16.9635970592499	11.93738
16.9792268276215	10.78211
16.9948568344116	9.286758
17.0104768276215	7.427532
17.0261068344116	5.280766
17.0417268276215	3.010311
17.0573568344116	0.8186913
17.0729768276215	-1.121151
17.0886068344116	-2.736473
17.1042368412018	-4.075279
17.1198568344116	-5.240967
17.1354868412018	-6.325481
17.1511068344116	-7.352016
17.1667368412018	-8.304142
17.1823568344116	-9.1366
17.1979868412018	-9.827782
17.2136168479919	-10.39706
17.2292368412018	-10.89721
17.2448668479919	-11.43895
17.2604868412018	-12.16444
17.2761168479919	-13.24909
17.2917368412018	-14.84847
17.3073668479919	-17.05994
17.3229968547821	-19.79788
17.3386168479919	-22.76168
17.3542468547821	-25.4458
17.3698668479919	-27.27586
17.3854968547821	-27.77937
17.4011168479919	-26.70239
17.4167468547821	-24.10558
17.4323768615723	-20.29172
17.4479968547821	-15.75425
17.4636268615723	-10.97485
17.4792468547821	-6.373367
17.4948768615723	-2.204937
17.5104968547821	1.461658
17.5261268615723	4.688435
17.5417568683624	7.609608
17.5573768615723	10.3168
17.5730068683624	12.77972
17.5886268615723	14.83564
17.6042568683624	16.27329
17.6198768615723	16.9309
17.6355068683624	16.77297
17.6511368751526	15.97039
17.6667568683624	14.80756
17.6823868751526	13.57774
17.6980068683624	12.50061
17.7136368751526	11.6657
17.7292568683624	11.04703
17.7448868751526	10.5716
17.7605168819427	10.17107
17.7761368751526	9.761032
17.7917668819427	9.281059
17.8073868751526	8.647377
17.8230168819427	7.789505
17.8386468887329	6.701355
17.8542668819427	5.440468
17.8698968887329	4.093246
17.8855168819427	2.75872
17.9011468887329	1.515884
17.9167668819427	0.3705444
17.9323968887329	-0.6598358
17.9480268955231	-1.59816
17.9636468887329	-2.465347
17.9792768955231	-3.27076
17.9948968887329	-4.053589
18.0105268955231	-4.8965
18.0261468887329	-5.922081
18.0417768955231	-7.221489
18.0574069023132	-8.822319
18.0730268955231	-10.60622
18.0886569023132	-12.33865
18.1042768955231	-13.74702
18.1199069023132	-14.63216
18.1355268955231	-15.00674
18.1511569023132	-15.06858
18.1667869091034	-15.17511
18.1824069023132	-15.68166
18.1980369091034	-16.77294
18.2136569023132	-18.41292
18.2292869091034	-20.328
18.2449069023132	-22.09513
18.2605369091034	-23.2447
18.2761669158936	-23.37947
18.2917869091034	-22.24062
18.3074169158936	-19.7928
18.3230369091034	-16.24139
18.3386669158936	-11.97477
18.3542869091034	-7.464096
18.3699169158936	-3.137268
18.3855469226837	0.7454376
18.4011669158936	4.148232
18.4167969226837	7.172005
18.4324169158936	9.997299
18.4480469226837	12.74295
18.4636669158936	15.38744
18.4792969226837	17.74836
18.4949269294739	19.60983
18.5105469226837	20.73148
18.5261769294739	20.97658
18.5417969226837	20.34903
18.5574269294739	18.99046
18.5730469226837	17.14282
18.5886769294739	15.07387
18.604306936264	13.02779
18.6199269294739	11.13103
18.635556936264	9.429764
18.6511769294739	7.90258
18.666806936264	6.544373
18.6824269294739	5.337128
18.698056936264	4.326118
18.7136869430542	3.514236
18.729306936264	2.866905
18.7449369430542	2.284065
18.760556936264	1.606796
18.7761869430542	0.7317886
18.791806936264	-0.3924103
18.8074369430542	-1.665039
18.8230669498444	-2.949677
18.8386869430542	-4.080315
18.8543169498444	-4.979652
18.8699369430542	-5.678581
18.8855669498444	-6.285934
18.9011869430542	-6.898773
18.9168169498444	-7.562012
18.9324469566345	-8.255829
18.9480669498444	-8.895844
18.9636969566345	-9.446411
18.9793169498444	-9.937431
18.9949469566345	-10.44217
19.0105669498444	-11.05539
19.0261969566345	-11.85334
19.0418269634247	-12.85284
19.0574469566345	-14.0423
19.0730769634247	-15.41675
19.0886969566345	-16.93501
19.1043269634247	-18.54887
19.1199469566345	-20.11504
19.1355769634247	-21.40707
19.1512069702148	-22.08573
19.1668269634247	-21.79511
19.1824569702148	-20.26286
19.1980769634247	-17.39954
19.2137069702148	-13.40441
19.2293269634247	-8.671944
19.2449569702148	-3.746391
19.260586977005	0.8883972
19.2762069702148	4.932747
19.291836977005	8.301079
19.3074569702148	11.09225
19.323086977005	13.46774
19.3387069702148	15.50902
19.354336977005	17.17622
19.3699669837952	18.35739
19.385586977005	18.94663
19.4012169837952	18.92334
19.416836977005	18.37309
19.4324669837952	17.43764
19.448086977005	16.28053
19.4637169837952	15.04285
19.4793469905853	13.84198
19.4949669837952	12.7944
19.5105969905853	12.02588
19.5262169837952	11.59927
19.5418469905853	11.47958
19.5574669837952	11.52828
19.5730969905853	11.47139
19.5887269973755	11.0637
19.6043469905853	10.12459
19.6199769973755	8.603592
19.6355969905853	6.596352
19.6512269973755	4.287743
19.6668469905853	1.867485
19.6824769973755	-0.4991531
19.6981070041656	-2.650414
19.7137269973755	-4.488007
19.7293570041656	-5.950287
19.7449769973755	-7.100853
19.7606070041656	-8.074356
19.7762269973755	-9.075546
19.7918570041656	-10.24125
19.8074870109558	-11.62138
19.8231070041656	-13.15297
19.8387370109558	-14.67317
19.8543570041656	-16.07529
19.8699870109558	-17.33147
19.8856070041656	-18.53085
19.9012370109558	-19.80923
19.916867017746	-21.30065
19.9324870109558	-23.05828
19.948117017746	-25.03383
19.9637370109558	-27.05733
19.979367017746	-28.81368
19.9949970245361	-29.94936
20.010617017746	-30.0751
20.0262470245361	-28.88956
20.041867017746	-26.29614
20.0574970245361	-22.4513
20.073117017746	-17.73952
20.0887470245361	-12.62721
20.1043770313263	-7.547543
20.1199970245361	-2.779022
20.1356270313263	1.577671
20.1512470245361	5.554127
20.1668770313263	9.225487
20.1824970245361	12.59398
20.1981270313263	15.58844
20.2137570381165	18.05704
20.2293770313263	19.87128
20.2450070381165	20.92824
20.2606270313263	21.24231
20.2762570381165	20.88906
20.2918770313263	20.0344
20.3075070381165	18.89162
20.3231370449066	17.67168
20.3387570381165	16.58443
20.3543870449066	15.7752
20.3700070381165	15.32502
20.3856370449066	15.17122
20.4012570381165	15.19736
20.4168870449066	15.24672
20.4325170516968	15.20938
20.4481370449066	15.02136
20.4637670516968	14.61435
20.4793870449066	13.914
20.4950170516968	12.81204
20.5106370449066	11.22675
20.5262670516968	9.170799
20.5418970584869	6.805737
20.5575170516968	4.398148
20.5731470584869	2.209244
20.5887670516968	0.3897324
20.6043970584869	-1.12072
20.6200170516968	-2.521999
20.6356470584869	-4.030464
20.6512768268585	-5.763454
20.6668970584869	-7.667898
20.6825268268585	-9.607443
20.6981470584869	-11.40172
20.7137768268585	-12.94159
20.7293970584869	-14.18187
20.7450268268585	-15.18519
20.7606568336487	-16.06914
20.7762768268585	-17.00469
20.7919068336487	-18.18262
20.8075268268585	-19.76122
20.8231568336487	-21.8155
20.8387768268585	-24.24137
20.8544068336487	-26.73999
20.8700368404388	-28.75645
20.8856568336487	-29.6895
20.9012868404388	-29.02688
20.9169068336487	-26.56912
20.9325368404388	-22.49404
20.9481568336487	-17.3202
20.9637868404388	-11.71493
20.979416847229	-6.276239
20.9950368404388	-1.352214
21.010666847229	3.016304
21.0262868404388	6.973719
21.041916847229	10.71997
21.0575368404388	14.35349
21.073166847229	17.81935
21.0887968540192	20.96837
21.104416847229	23.63438
21.1200468540192	25.65644
21.135666847229	26.94389
21.1512968540192	27.45807
21.166916847229	27.24755
21.1825468540192	26.44036
21.1981768608093	25.24718
21.2137968540192	23.88711
21.2294268608093	22.54857
21.2450468540192	21.30117
21.2606768608093	20.09238
21.2762968540192	18.81582
21.2919268608093	17.38881
21.3075568675995	15.80014
21.3231768608093	14.13264
21.3388068675995	12.48719
21.3544268608093	10.88435
21.3700568675995	9.317514
21.3856768608093	7.721115
21.4013068675995	6.049935
21.4169368743896	4.341244
21.4325568675995	2.71792
21.4481868743896	1.300553
21.4638068675995	0.1787612
21.4794368743896	-0.6682229
21.4950568675995	-1.392515
21.5106868743896	-2.169693
21.5263168811798	-3.161375
21.5419368743896	-4.435237
21.5575668811798	-5.931666
21.5731868743896	-7.488985
21.5888168811798	-8.958078
21.6044368743896	-10.24753
21.6200668811798	-11.41432
21.63569688797	-12.59474
21.6513168811798	-13.9297
21.66694688797	-15.47611
21.6825668811798	-17.19671
21.69819688797	-18.97541
21.7138168811798	-20.73856
21.72944688797	-22.47317
21.7450768947601	-24.20514
21.76069688797	-25.88063
21.7763268947601	-27.24763
21.79194688797	-27.8004
21.8075768947601	-26.99723
21.82319688797	-24.46883
21.8388268947601	-20.22059
21.8544569015503	-14.68545
21.8700768947601	-8.529308
21.8857069015503	-2.385769
21.9013268947601	3.325038
21.9169569015503	8.452337
21.9325768947601	13.0316
21.9482069015503	17.11332
21.9638369083405	20.70449
21.9794569015503	23.7491
21.9950869083405	26.17089
22.0107069015503	27.94556
22.0263369083405	29.06519
22.0419569015503	29.57265
22.0575869083405	29.46535
22.0732169151306	28.76533
22.0888369083405	27.52329
22.1044669151306	25.8885
22.1200869083405	24.01635
22.1357169151306	22.06233
22.1513369083405	20.13344
22.1669669151306	18.28641
22.1825969219208	16.58636
22.1982169151306	15.08842
22.2138469219208	13.84334
22.2294669151306	12.81277
22.2450969219208	11.87176
22.2607169151306	10.79758
22.2763469219208	9.35351
22.2919769287109	7.461918
22.3075969219208	5.222424
22.3232269287109	2.900099
22.3388469219208	0.8324623
22.3544769287109	-0.7274837
22.3700969219208	-1.722324
22.3857269287109	-2.235209
22.4013569355011	-2.452044
22.4169769287109	-2.576599
22.4326069355011	-2.763451
22.4482269287109	-3.124849
22.4638569355011	-3.717911
22.4794769287109	-4.571335
22.4951069355011	-5.641017
22.5107369422913	-6.828306
22.5263569355011	-8.007867
22.5419869422913	-9.076097
22.5576069355011	-10.04389
22.5732369422913	-11.0156
22.5888669490814	-12.16801
22.6044869422913	-13.60877
22.6201169490814	-15.35222
22.6357369422913	-17.28637
22.6513669490814	-19.23142
22.6669869422913	-20.9618
22.6826169490814	-22.20123
22.6982469558716	-22.6814
22.7138669490814	-22.13357
22.7294969558716	-20.39413
22.7451169490814	-17.40579
22.7607469558716	-13.3083
22.7763669490814	-8.422418
22.7919969558716	-3.149528
22.8076269626617	2.119386
22.8232469558716	7.090257
22.8388769626617	11.61659
22.8544969558716	15.6587
22.8701269626617	19.1972
22.8857469558716	22.2133
22.9013769626617	24.62762
22.9170069694519	26.31135
22.9326269626617	27.12863
22.9482569694519	26.9449
22.9638769626617	25.73691
22.9795069694519	23.59041
22.9951269626617	20.77366
23.0107569694519	17.61767
23.0263869762421	14.47778
23.0420069694519	11.64274
23.0576369762421	9.282747
23.0732569694519	7.431572
23.0888869762421	6.014589
23.1045069694519	4.925048
23.1201369762421	4.02216
23.1357669830322	3.247809
23.1513869762421	2.560618
23.1670169830322	1.946623
23.1826369762421	1.388976
23.1982669830322	0.892374
23.2138869762421	0.4728994
23.2295169830322	0.1371908
23.2451469898224	-0.1011434
23.2607669830322	-0.262547
23.2763969898224	-0.3857136
23.2920169830322	-0.5267076
23.3076469898224	-0.7619944
23.3232669830322	-1.171534
23.3388969898224	-1.8181
23.3545269966125	-2.724958
23.3701469898224	-3.856415
23.3857769966125	-5.084718
23.4013969898224	-6.277294
23.4170269966125	-7.298637
23.4326469898224	-8.077413
23.4482769966125	-8.623099
23.4639070034027	-9.004599
23.4795269966125	-9.370623
23.4951570034027	-9.867289
23.5107769966125	-10.6881
23.5264070034027	-11.96066
23.5420269966125	-13.76731
23.5576570034027	-16.01247
23.5732870101929	-18.44661
23.5889070034027	-20.61519
23.6045370101929	-21.96411
23.6201570034027	-22.04936
23.6357870101929	-20.61471
23.6514070034027	-17.76918
23.6670370101929	-13.87403
23.682667016983	-9.487602
23.6982870101929	-5.091995
23.713917016983	-1.009647
23.7295370101929	2.648294
23.745167016983	5.963293
23.7607870101929	9.030064
23.776417016983	11.87978
23.7920470237732	14.39084
23.807667016983	16.37058
23.8232970237732	17.62193
23.838917016983	18.10638
23.8545470237732	17.94409
23.870167016983	17.35339
23.8857970237732	16.58907
23.9014270305634	15.77295
23.9170470237732	14.92259
23.9326770305634	13.99292
23.9482970237732	12.9733
23.9639270305634	11.91137
23.9795470237732	10.9135
23.9951770305634	10.06432
24.0108070373535	9.340618
24.0264270305634	8.673241
24.0420570373535	7.917896
24.0576770305634	6.976551
24.0733070373535	5.801205
24.0889270305634	4.422901
24.1045570373535	2.908188
24.1201870441437	1.301964
24.1358070373535	-0.3266754
24.1514370441437	-1.956127
24.1670570373535	-3.507469
24.1826870441437	-4.956558
24.1983070373535	-6.263008
24.2139370441437	-7.43668
24.2295670509338	-8.486904
24.2451870441437	-9.439709
24.2608170509338	-10.29839
24.2764370441437	-11.02657
24.2920670509338	-11.65441
24.3076870441437	-12.19295
24.3233170509338	-12.75561
24.338947057724	-13.47147
24.3545670509338	-14.48607
24.370197057724	-15.89955
24.3858170509338	-17.69376
24.401447057724	-19.68218
24.4170670509338	-21.51783
24.432697057724	-22.82415
24.4483268260956	-23.23325
24.463947057724	-22.54411
24.4795768260956	-20.70845
24.495197057724	-17.84754
24.5108268260956	-14.23375
24.526447057724	-10.20524
24.5420768260956	-6.09713
24.5577068328857	-2.185879
24.5733268260956	1.332989
24.5889568328857	4.428898
24.6045768260956	7.140285
24.6202068328857	9.50827
24.6358268260956	11.50005
24.6514568328857	12.97954
24.6670868396759	13.80847
24.6827068328857	13.92494
24.6983368396759	13.46317
24.7139568328857	12.66862
24.7295868396759	11.8872
24.7452068328857	11.37562
24.7608368396759	11.23151
24.7764668464661	11.3898
24.7920868396759	11.66995
24.8077168464661	11.87122
24.8233368396759	11.80521
24.8389668464661	11.36811
24.8545968532562	10.54026
24.8702168464661	9.397816
24.8858468532562	8.086681
24.9014668464661	6.748264
24.9170968532562	5.474522
24.9327168464661	4.268673
24.9483468532562	3.067944
24.9639768600464	1.818409
24.9795968532562	0.5172462
24.9952268600464	-0.7301788
25.0108468532562	-1.804184
25.0264768600464	-2.636574
25.0420968532562	-3.283859
25.0577268600464	-3.881531
25.0733568668365	-4.61042
25.0889768600464	-5.595909
25.1046068668365	-6.860779
25.1202268600464	-8.314285
25.1358568668365	-9.807938
25.1514768600464	-11.21944
25.1671068668365	-12.47259
25.1827368736267	-13.59599
25.1983568668365	-14.62248
25.2139868736267	-15.62027
25.2296068668365	-16.69074
25.2452368736267	-17.91846
25.2608568668365	-19.32348
25.2764868736267	-20.82029
25.2921168804169	-22.14971
25.3077368736267	-22.94468
25.3233668804169	-22.83106
25.3389868736267	-21.52965
25.3546168804169	-18.95902
25.3702368736267	-15.31786
25.3858668804169	-10.98107
25.401496887207	-6.384048
25.4171168804169	-1.955826
25.432746887207	2.052765
25.4483668804169	5.555748
25.463996887207	8.590103
25.4796168804169	11.28777
25.495246887207	13.74001
25.5108768939972	15.90586
25.526496887207	17.64246
25.5421268939972	18.76594
25.557746887207	19.1287
25.5733768939972	18.74966
25.588996887207	17.81882
25.6046268939972	16.59182
25.6202569007874	15.32489
25.6358768939972	14.13118
25.6515069007874	12.96184
25.6671268939972	11.74127
25.6827569007874	10.42007
25.6983768939972	9.041267
25.7140069007874	7.752678
25.7296369075775	6.713974
25.7452569007874	5.965919
25.7608869075775	5.43232
25.7765069007874	4.946442
25.7921369075775	4.318703
25.8077569007874	3.470932
25.8233869075775	2.424629
25.8390169143677	1.276352
25.8546369075775	0.1684799
25.8702669143677	-0.8039627
25.8858869075775	-1.662598
25.9015169143677	-2.47261
25.9171369075775	-3.346886
25.9327669143677	-4.38427
25.9483969211578	-5.593575
25.9640169143677	-6.961884
25.9796469211578	-8.421906
25.9952669143677	-9.898575
26.0108969211578	-11.34615
26.0265169143677	-12.76144
26.0421469211578	-14.13873
26.057776927948	-15.49902
26.0733969211578	-16.86429
26.089026927948	-18.23901
26.1046469211578	-19.66075
26.120276927948	-21.1394
26.1358969211578	-22.59963
26.151526927948	-23.88232
26.1671569347382	-24.71537
26.182776927948	-24.75154
26.1984069347382	-23.73502
26.214026927948	-21.59193
26.2296569347382	-18.44967
26.245276927948	-14.61562
26.2609069347382	-10.46486
26.2765369415283	-6.273582
26.2921569347382	-2.204765
26.3077869415283	1.68071
26.3234069347382	5.369144
26.3390369415283	8.785778
26.3546569347382	11.79288
26.3702869415283	14.27343
26.3859169483185	16.15103
26.4015369415283	17.41875
26.4171669483185	18.16322
26.4327869415283	18.48097
26.4484169483185	18.43161
26.4640369415283	18.02293
26.4796669483185	17.23478
26.4952969551086	16.09016
26.5109169483185	14.67687
26.5265469551086	13.17427
26.5421669483185	11.73962
26.5577969551086	10.51081
26.5734169483185	9.502239
26.5890469551086	8.608322
26.6046769618988	7.657753
26.6202969551086	6.50145
26.6359269618988	5.077915
26.6515469551086	3.405567
26.6671769618988	1.565636
26.6827969551086	-0.3720741
26.6984269618988	-2.329357
26.714056968689	-4.2439
26.7296769618988	-6.047359
26.745306968689	-7.622387
26.7609269618988	-8.917316
26.776556968689	-9.923489
26.7921769618988	-10.719
26.807806968689	-11.44385
26.8234369754791	-12.22104
26.839056968689	-13.08822
26.8546869754791	-14.00076
26.870306968689	-14.87617
26.8859369754791	-15.66053
26.901556968689	-16.43937
26.9171869754791	-17.38456
26.9328169822693	-18.65604
26.9484369754791	-20.30349
26.9640669822693	-22.19826
26.9796869754791	-24.03853
26.9953169822693	-25.41681
27.0109369754791	-25.92763
27.0265669822693	-25.23823
27.0421969890594	-23.17406
27.0578169822693	-19.75784
27.0734469890594	-15.16911
27.0890669822693	-9.731474
27.1046969890594	-3.878817
27.1203269958496	1.92411
27.1359469890594	7.30394
27.1515769958496	12.04421
27.1671969890594	16.13226
27.1828269958496	19.65669
27.1984469890594	22.70129
27.2140769958496	25.26971
27.2297070026398	27.22898
27.2453269958496	28.41879
27.2609570026398	28.7256
27.2765769958496	28.16334
27.2922070026398	26.8937
27.3078269958496	25.17533
27.3234570026398	23.2853
27.3390870094299	21.40782
27.3547070026398	19.67402
27.3703370094299	18.16645
27.3859570026398	16.94928
27.4015870094299	16.01672
27.4172070026398	15.27988
27.4328370094299	14.54722
27.4484670162201	13.58495
27.4640870094299	12.21105
27.4797170162201	10.3763
27.4953370094299	8.176704
27.5109670162201	5.856027
27.5265870094299	3.684695
27.5422170162201	1.873435
27.5578470230103	0.5026007
27.5734670162201	-0.5212498
27.5890970230103	-1.398976
27.6047170162201	-2.367176
27.6203470230103	-3.588387
27.6359670162201	-5.144195
27.6515970230103	-6.973708
27.6672270298004	-8.919411
27.6828470230103	-10.79675
27.6984770298004	-12.45259
27.7140970230103	-13.8546
27.7297270298004	-15.10225
27.7453470230103	-16.39475
27.7609770298004	-17.90349
27.7766070365906	-19.76063
27.7922270298004	-21.97678
27.8078570365906	-24.37191
27.8234770298004	-26.58319
27.8391070365906	-28.13013
27.8547270298004	-28.50054
27.8703570365906	-27.32886
27.8859870433807	-24.50883
27.9016070365906	-20.25764
27.9172370433807	-15.04512
27.9328570365906	-9.446878
27.9484870433807	-3.98413
27.9641070365906	1.043352
27.9797370433807	5.587061
27.9953670501709	9.759111
28.0109870433807	13.71668
28.0266170501709	17.54617
28.0422370433807	21.18371
28.0578670501709	24.43166
28.0734870433807	27.00718
28.0891170501709	28.61377
28.1047470569611	29.06985
28.1203670501709	28.41724
28.1359970569611	26.90946
28.1516170501709	24.93912
28.1672470569611	22.93161
28.1828670501709	21.17484
28.1984970569611	19.73531
28.2141268253326	18.48445
28.2297470569611	17.26008
28.2453768253326	15.93491
28.2609970569611	14.51552
28.2766268253326	13.1044
28.2922470569611	11.7803
28.3078768253326	10.60807
28.3235068321228	9.559605
28.3391268253326	8.576973
28.3547568321228	7.598526
28.3703768253326	6.616485
28.3860068321228	5.624151
28.4016268253326	4.576684
28.4172568321228	3.410659
28.432886838913	2.053377
28.4485068321228	0.4641542
28.464136838913	-1.38147
28.4797568321228	-3.424305
28.495386838913	-5.603184
28.5110068321228	-7.802416
28.526636838913	-9.881737
28.5422668457031	-11.72732
28.557886838913	-13.25085
28.5735168457031	-14.49972
28.589136838913	-15.62972
28.6047668457031	-16.9196
28.620386838913	-18.60719
28.6360168457031	-20.80932
28.6516468524933	-23.37418
28.6672668457031	-25.94727
28.6828968524933	-28.03061
28.6985168457031	-29.10886
28.7141468524933	-28.82616
28.7297668457031	-27.02937
28.7453968524933	-23.81817
28.7610268592834	-19.4807
28.7766468524933	-14.44591
28.7922768592834	-9.149861
28.8078968524933	-3.987428
28.8235268592834	0.73844
28.8391468524933	4.908501
28.8547768592834	8.490143
28.8704068660736	11.58971
28.8860268592834	14.3153
28.9016568660736	16.74018
28.9172768592834	18.81035
28.9329068660736	20.38306
28.9485268592834	21.27441
28.9641568660736	21.36745
28.9797868728638	20.75319
28.9954068660736	19.65745
29.0110368728638	18.38113
29.0266568660736	17.17823
29.0422868728638	16.12323
29.0579068660736	15.12105
29.0735368728638	14.01856
29.0891668796539	12.73072
29.1047868728638	11.3076
29.1204168796539	9.928961
29.1360368728638	8.709866
29.1516668796539	7.672157
29.1672868728638	6.705956
29.1829168796539	5.661677
29.1985468864441	4.475847
29.2141668796539	3.214081
29.2297968864441	2.040346
29.2454168796539	1.071326
29.2610468864441	0.3274736
29.2766668796539	-0.3485966
29.2922968864441	-1.16939
29.3079268932343	-2.293756
29.3235468864441	-3.747104
29.3391768932343	-5.419079
29.3547968864441	-7.16085
29.3704268932343	-8.831905
29.3860468864441	-10.40231
29.4016768932343	-11.88576
29.4173069000244	-13.35417
29.4329268932343	-14.87112
29.4485569000244	-16.48533
29.4641768932343	-18.22975
29.4798069000244	-20.04147
29.4954268932343	-21.71698
29.5110569000244	-22.87305
29.5266869068146	-23.0459
29.5423069000244	-21.80576
29.5579369068146	-18.95654
29.5735569000244	-14.67535
29.5891869068146	-9.441389
29.6048069000244	-3.931493
29.6204369068146	1.279281
29.6360669136047	5.859794
29.6516869068146	9.765599
29.6673169136047	13.09601
29.6829369068146	15.9886
29.6985669136047	18.43997
29.7141969203949	20.32507
29.7298169136047	21.49447
29.7454469203949	21.85062
29.7610669136047	21.46143
29.7766969203949	20.54115
29.7923169136047	19.33811
29.8079469203949	18.01003
29.8235769271851	16.63908
29.8391969203949	15.18083
29.8548269271851	13.62729
29.8704469203949	12.06185
29.8860769271851	10.67996
29.9016969203949	9.666117
29.9173269271851	9.136792
29.9329569339752	8.998706
29.9485769271851	8.99435
29.9642069339752	8.842796
29.9798269271851	8.311058
29.9954569339752	7.358533
30.0110769271851	6.083906
30.0267069339752	4.679413
30.0423369407654	3.289981
30.0579569339752	2.02733
30.0735869407654	0.9016619
30.0892069339752	-0.09428024
30.1048369407654	-1.010381
30.1204569339752	-1.912136
30.1360869407654	-2.871812
30.1517169475555	-3.931258
30.1673369407654	-5.063333
30.1829669475555	-6.133041
30.1985869407654	-6.9336
30.2142169475555	-7.300868
30.2298369407654	-7.162523
30.2454669475555	-6.645185
30.2610969543457	-6.01737
30.2767169475555	-5.568258
30.2923469543457	-5.467978
30.3079669475555	-5.658113
30.3235969543457	-5.816357
30.3392169475555	-5.472582
30.3548469543457	-4.147203
30.3704769611359	-1.540728
30.3860969543457	2.404558
30.4017269611359	7.46014
30.4173469543457	13.26522
30.4329769611359	19.4285
30.4485969543457	25.63492
30.4642269611359	31.69361
30.479856967926	37.49701
30.4954769611359	42.96078
30.511106967926	47.96407
30.5267269611359	52.30074
30.542356967926	55.66858
30.5579769611359	57.75437
30.573606967926	58.29308
30.5892369747162	57.1593
30.604856967926	54.43058
30.6204869747162	50.36911
30.636106967926	45.35477
30.6517369747162	39.77154
30.667356967926	33.89236
30.6829869747162	27.85022
30.6986169815063	21.7466
30.7142369747162	15.61385
30.7298669815063	9.550095
30.7454869747162	3.683151
30.7611169815063	-1.901024
30.7767369747162	-7.136177
30.7923669815063	-12.05437
30.8079969882965	-16.7197
30.8236169815063	-21.22631
30.8392469882965	-25.64526
30.8548669815063	-30.01892
30.8704969882965	-34.29095
30.8861169815063	-38.32798
30.9017469882965	-41.97213
30.9173769950867	-45.04237
30.9329969882965	-47.41023
30.9486269950867	-49.02088
30.9642469882965	-49.89647
30.9798769950867	-50.04478
30.9954969882965	-49.47292
31.0111269950867	-48.16705
31.0267570018768	-46.14888
31.0423769950867	-43.60042
31.0580070018768	-40.82526
31.0736269950867	-38.20663
31.0892570018768	-36.06808
31.1048769950867	-34.62065
31.1205070018768	-33.86513
31.136137008667	-33.68317
31.1517570018768	-33.87589
31.167387008667	-34.22289
31.1830070018768	-34.52272
31.198637008667	-34.52203
31.2142570018768	-33.93582
31.229887008667	-32.47017
31.2455170154572	-29.94618
31.261137008667	-26.37019
31.2767670154572	-21.97983
31.292387008667	-17.18033
31.3080170154572	-12.35327
31.323637008667	-7.747635
31.3392670154572	-3.3871
31.3548970222473	0.8372192
31.3705170154572	5.052078
31.3861470222473	9.266083
31.4017670154572	13.35083
31.4173970222473	17.03998
31.4330170154572	20.06221
31.4486470222473	22.24472
31.4642770290375	23.54048
31.4798970222473	24.02789
31.4955270290375	23.8793
31.5111470222473	23.27986
31.5267770290375	22.40871
31.5423970222473	21.40549
31.5580270290375	20.37549
31.5736570358276	19.39273
31.5892770290375	18.51218
31.6049070358276	17.75502
31.6205270290375	17.09906
31.6361570358276	16.45895
31.6517770290375	15.69943
31.6674070358276	14.65265
31.6830370426178	13.19261
31.6986570358276	11.32303
31.7142870426178	9.166611
31.7299070358276	6.937012
31.7455370426178	4.835098
31.7611570358276	2.965302
31.7767870426178	1.321457
31.792417049408	-0.1898041
31.8080370426178	-1.646469
31.823667049408	-3.094284
31.8392870426178	-4.520477
31.854917049408	-5.905701
31.8705370426178	-7.237885
31.886167049408	-8.54184
31.9017970561981	-9.830185
31.917417049408	-11.11618
31.9330470561981	-12.4285
31.948667049408	-13.81526
31.9642970561981	-15.34978
31.9799268245697	-17.10966
31.9955470561981	-19.071
32.0111768245697	-21.08904
32.0267970561981	-22.87006
32.0424268245697	-24.03819
32.0580470561981	-24.26601
32.0736768245697	-23.3434
32.0893068313599	-21.28145
32.1049268245697	-18.2729
32.1205568313599	-14.68268
32.1361768245697	-10.90215
32.1518068313599	-7.235245
32.1674268245697	-3.80658
32.1830568313599	-0.5743408
32.19868683815	2.590805
32.2143068313599	5.799957
32.22993683815	9.009369
32.2455568313599	12.04845
32.26118683815	14.65033
32.2768068313599	16.57678
32.29243683815	17.70007
32.3080668449402	18.04329
32.32368683815	17.76198
32.3393168449402	17.09525
32.35493683815	16.28127
32.3705668449402	15.48309
32.38618683815	14.767
32.4018168449402	14.07594
32.4174468517303	13.31845
32.4330668449402	12.42651
32.4486968517303	11.4064
32.4643168449402	10.32616
32.4799468517303	9.271179
32.4955668449402	8.223343
32.5111968517303	7.040405
32.5268268585205	5.556335
32.5424468517303	3.654541
32.5580768585205	1.425568
32.5736968517303	-0.8777618
32.5893268585205	-2.929062
32.6049468517303	-4.499466
32.6205768585205	-5.5495
32.6362068653107	-6.262421
32.6518268585205	-6.904572
32.6674568653107	-7.693039
32.6830768585205	-8.70929
32.6987068653107	-9.866302
32.7143268585205	-11.00682
32.7299568653107	-11.98442
32.7455868721008	-12.76788
32.7612068653107	-13.42583
32.7768368721008	-14.13582
32.7924568653107	-15.06424
32.8080868721008	-16.31653
32.8237068653107	-17.89038
32.8393368721008	-19.62654
32.854966878891	-21.21112
32.8705868721008	-22.24744
32.886216878891	-22.34021
32.9018368721008	-21.2478
32.917466878891	-18.95486
32.9330868721008	-15.68951
32.948716878891	-11.83147
32.9643468856812	-7.822464
32.979966878891	-4.005951
32.9955968856812	-0.5462341
33.011216878891	2.516724
33.0268468856812	5.25621
33.042466878891	7.744431
33.0580968856812	10.00929
33.0737268924713	12.0132
33.0893468856812	13.69728
33.1049768924713	14.96667
33.1205968856812	15.75624
33.1362268924713	16.03625
33.1518468856812	15.79991
33.1674768924713	15.11429
33.1831068992615	14.09181
33.1987268924713	12.8956
33.2143568992615	11.69543
33.2299768924713	10.66728
33.2456068992615	9.923431
33.2612268924713	9.504211
33.2768568992615	9.343842
33.2924869060516	9.26918
33.3081068992615	9.096756
33.3237369060516	8.660309
33.3393568992615	7.873993
33.3549869060516	6.72998
33.3706068992615	5.311295
33.3862369060516	3.737869
33.4018669128418	2.139954
33.4174869060516	0.6522369
33.4331169128418	-0.6407318
33.4487369060516	-1.721603
33.4643669128418	-2.606842
33.4799869060516	-3.378357
33.4956169128418	-4.125778
33.511246919632	-4.945313
33.5268669128418	-5.913116
33.542496919632	-7.091492
33.5581169128418	-8.474289
33.573746919632	-9.998108
33.5893669128418	-11.5455
33.604996919632	-12.97177
33.6206269264221	-14.21513
33.636246919632	-15.33415
33.6518769264221	-16.55003
33.667496919632	-18.13332
33.6831269264221	-20.28867
33.698746919632	-22.95267
33.7143769264221	-25.76654
33.7300069332123	-28.1433
33.7456269264221	-29.45201
33.7612569332123	-29.27083
33.7768769264221	-27.48964
33.7925069332123	-24.3484
33.8081269264221	-20.27763
33.8237569332123	-15.75076
33.8393869400024	-11.13849
33.8550069332123	-6.669891
33.8706369400024	-2.437012
33.8862569332123	1.519379
33.9018869400024	5.197433
33.9175069332123	8.596741
33.9331369400024	11.71909
33.9487669467926	14.57379
33.9643869400024	17.13402
33.9800169467926	19.28751
33.9956369400024	20.86636
34.0112669467926	21.6795
34.0268869400024	21.61359
34.0425169467926	20.74232
34.0581469535828	19.3075
34.0737669467926	17.66635
34.0893969535828	16.15482
34.1050169467926	14.98061
34.1206469535828	14.18581
34.1362769603729	13.67509
34.1518969535828	13.29521
34.1675269603729	12.89844
34.1831469535828	12.36382
34.1987769603729	11.60774
34.2143969535828	10.57771
34.2300269603729	9.221054
34.2456569671631	7.529861
34.2612769603729	5.552292
34.2769069671631	3.422928
34.2925269603729	1.317719
34.3081569671631	-0.5537567
34.3237769603729	-2.043137
34.3394069671631	-3.140121
34.3550369739532	-3.980743
34.3706569671631	-4.793137
34.3862869739532	-5.815872
34.4019069671631	-7.1819
34.4175369739532	-8.846115
34.4331569671631	-10.62767
34.4487869739532	-12.29214
34.4644169807434	-13.62617
34.4800369739532	-14.58206
34.4956669807434	-15.295
34.5112869739532	-16.0152
34.5269169807434	-17.07045
34.5425369739532	-18.69885
34.5581669807434	-20.96945
34.5737969875336	-23.73326
34.5894169807434	-26.64699
34.6050469875336	-29.19594
34.6206669807434	-30.81747
34.6362969875336	-31.03404
34.6519169807434	-29.53636
34.6675469875336	-26.30896
34.6831769943237	-21.66608
34.6987969875336	-16.14781
34.7144269943237	-10.4006
34.7300469875336	-4.98674
34.7456769943237	-0.2476807
34.7612969875336	3.752991
34.7769269943237	7.178009
34.7925570011139	10.25499
34.8081769943237	13.13275
34.8238070011139	15.77034
34.8394269943237	17.98709
34.8550570011139	19.56715
34.8706769943237	20.39198
34.8863070011139	20.50298
34.9019370079041	20.07475
34.9175570011139	19.38251
34.9331870079041	18.65915
34.9488070011139	18.01839
34.9644370079041	17.44079
34.9800570011139	16.84438
34.9956870079041	16.1214
35.0113170146942	15.23071
35.0269370079041	14.22786
35.0425670146942	13.19427
35.0581870079041	12.21365
35.0738170146942	11.32397
35.0894370079041	10.45409
35.1050670146942	9.474701
35.1206970214844	8.287361
35.1363170146942	6.858292
35.1519470214844	5.282974
35.1675670146942	3.746048
35.1831970214844	2.403427
35.1988170146942	1.302078
35.2144470214844	0.3359299
35.2300770282745	-0.6818619
35.2456970214844	-1.962189
35.2613270282745	-3.594345
35.2769470214844	-5.51619
35.2925770282745	-7.528854
35.3081970214844	-9.407768
35.3238270282745	-11.03308
35.3394570350647	-12.42418
35.3550770282745	-13.70947
35.3707070350647	-15.06081
35.3863270282745	-16.59708
35.4019570350647	-18.42181
35.4175770282745	-20.58319
35.4332070350647	-23.0685
35.4488370418549	-25.75283
35.4644570350647	-28.34492
35.4800870418549	-30.33484
35.4957070350647	-31.13143
35.5113370418549	-30.26939
35.5269570350647	-27.54897
35.5425870418549	-23.21506
35.558217048645	-17.84544
35.5738370418549	-12.1164
35.589467048645	-6.569687
35.6050870418549	-1.447388
35.620717048645	3.292015
35.6363370418549	7.79425
35.651967048645	12.12321
35.6675970554352	16.1676
35.683217048645	19.66063
35.6988470554352	22.27052
35.714467048645	23.78591
35.7300970554352	24.18314
35.745717048645	23.6823
35.7613470554352	22.69592
35.7769768238068	21.63982
35.7925970554352	20.8437
35.8082268238068	20.42583
35.8238470554352	20.32997
35.8394768238068	20.34581
35.8550970554352	20.26848
35.8707268238068	19.94978
35.8863568305969	19.34432
35.9019768238068	18.47553
35.9176068305969	17.34514
35.9332268238068	15.94034
35.9488568305969	14.20399
35.9644768238068	12.12355
35.9801068305969	9.782467
35.9957368373871	7.374619
36.0113568305969	5.108494
36.0269868373871	3.137722
36.0426068305969	1.492222
36.0582368373871	0.02148438
36.0738568305969	-1.484852
36.0894868373871	-3.205708
36.1051168441772	-5.225502
36.1207368373871	-7.461224
36.1363668441772	-9.724346
36.1519868373871	-11.79789
36.1676168441772	-13.50367
36.1832368373871	-14.78083
36.1988668441772	-15.73312
36.2144968509674	-16.53444
36.2301168441772	-17.43364
36.2457468509674	-18.70496
36.2613668441772	-20.54815
36.2769968509674	-23.0588
36.2926168441772	-26.13854
36.3082468509674	-29.43193
36.3238768577576	-32.33854
36.3394968509674	-34.16925
36.3551268577576	-34.31373
36.3707468509674	-32.46234
36.3863768577576	-28.71862
36.4019968509674	-23.55875
36.4176268577576	-17.67178
36.4332568645477	-11.66492
36.4488768577576	-5.903137
36.4645068645477	-0.4860764
36.4801268577576	4.672573
36.4957568645477	9.667135
36.5113768577576	14.44788
36.5270068645477	18.7996
36.5426368713379	22.44901
36.5582568645477	25.12827
36.5738868713379	26.72254
36.5895068645477	27.33656
36.6051368713379	27.19127
36.6207568645477	26.59933
36.6363868713379	25.805
36.6520168781281	24.9387
36.6676368713379	24.03182
36.6832668781281	23.07733
36.6988868713379	22.08001
36.7145168781281	21.10653
36.7301368713379	20.2477
36.7457668781281	19.5021
36.7613968849182	18.79768
36.7770168781281	17.94819
36.7926468849182	16.71078
36.8082668781281	14.91911
36.8238968849182	12.56324
36.8395268917084	9.768923
36.8551468849182	6.8038
36.8707768917084	3.944636
36.8863968849182	1.42457
36.9020268917084	-0.6056161
36.9176468849182	-2.150939
36.9332768917084	-3.360703
36.9489068984985	-4.456661
36.9645268917084	-5.682146
36.9801568984985	-7.174181
36.9957768917084	-8.9086
37.0114068984985	-10.71201
37.0270268917084	-12.37377
37.0426568984985	-13.77297
37.0582869052887	-14.93309
37.0739068984985	-16.05831
37.0895369052887	-17.42387
37.1051568984985	-19.2641
37.1207869052887	-21.65618
37.1364068984985	-24.5153
37.1520369052887	-27.63485
37.1676669120789	-30.67752
37.1832869052887	-33.24714
37.1989169120789	-34.92053
37.2145369052887	-35.25093
37.2301669120789	-33.85759
37.2457869052887	-30.58791
37.2614169120789	-25.55932
37.277046918869	-19.17053
37.2926669120789	-12.06478
37.308296918869	-4.89599
37.3239169120789	1.783144
37.339546918869	7.624382
37.3551669120789	12.56757
37.370796918869	16.72315
37.3864269256592	20.27347
37.402046918869	23.33779
37.4176769256592	25.91918
37.433296918869	27.88206
37.4489269256592	29.08467
37.464546918869	29.42621
37.4801769256592	28.95493
37.4958069324493	27.85074
37.5114269256592	26.37091
37.5270569324493	24.7547
37.5426769256592	23.15693
37.5583069324493	21.64088
37.5739269256592	20.22754
37.5895569324493	18.92989
37.6051869392395	17.7641
37.6208069324493	16.73122
37.6364369392395	15.80659
37.6520569324493	14.86578
37.6676869392395	13.75939
37.6833069324493	12.35869
37.6989369392395	10.6017
37.7145669460297	8.529705
37.7301869392395	6.273415
37.7458169460297	4.009857
37.7614369392395	1.884426
37.7770669460297	-0.01338959
37.7926869392395	-1.740314
37.8083169460297	-3.427437
37.8239469528198	-5.205654
37.8395669460297	-7.192051
37.8551969528198	-9.355247
37.8708169460297	-11.59148
37.8864469528198	-13.74987
37.9020669460297	-15.76993
37.9176969528198	-17.63127
37.93332695961	-19.38876
37.9489469528198	-21.08096
37.96457695961	-22.69986
37.9801969528198	-24.24704
37.99582695961	-25.75476
38.0114469528198	-27.36722
38.02707695961	-29.27026
38.0427069664001	-31.6284
38.05832695961	-34.41785
38.0739569664001	-37.31673
38.08957695961	-39.72227
38.1052069664001	-40.90895
38.12082695961	-40.30407
38.1364569664001	-37.65324
38.1520869731903	-33.16833
38.1677069664001	-27.39462
38.1833369731903	-21.03259
38.1989569664001	-14.69315
38.2145869731903	-8.75238
38.2302069664001	-3.360352
38.2458369731903	1.443291
38.2614669799805	5.623604
38.2770869731903	9.104553
38.2927169799805	11.75135
38.3083369731903	13.48374
38.3239669799805	14.27629
38.3395869731903	14.15755
38.3552169799805	13.22479
38.3708469867706	11.60837
38.3864669799805	9.491982
38.4020969867706	7.121826
38.4177169799805	4.812614
38.4333469867706	2.865883
38.4489669799805	1.497467
38.4645969867706	0.7738037
38.4802269935608	0.6399231
38.4958469867706	0.9599838
38.5114769935608	1.606987
38.5270969867706	2.514839
38.5427269935608	3.674103
38.5583469867706	5.096603
38.5739769935608	6.746857
38.589607000351	8.520279
38.6052269935608	10.26753
38.620857000351	11.79906
38.6364769935608	12.99626
38.652107000351	13.79045
38.6677269935608	14.16373
38.683357000351	14.1382
38.6989870071411	13.72734
38.714607000351	12.96175
38.7302370071411	11.88968
38.745857000351	10.61493
38.7614870071411	9.248352
38.777107000351	7.91864
38.7927370071411	6.667145
38.8083670139313	5.499359
38.8239870071411	4.373901
38.8396170139313	3.226028
38.8552370071411	2.022095
38.8708670139313	0.7538452
38.8864870071411	-0.6217651
38.9021170139313	-2.193787
38.9177470207214	-4.083618
38.9333670139313	-6.400528
38.9489970207214	-9.09996
38.9646170139313	-11.96494
38.9802470207214	-14.56296
38.9958670139313	-16.36484
39.0114970207214	-16.88156
39.0271270275116	-15.79306
39.0427470207214	-13.06268
39.0583770275116	-8.89679
39.0739970207214	-3.67746
39.0896270275116	2.155029
39.1052570343018	8.191467
39.1208770275116	14.08186
39.1365070343018	19.55943
39.1521270275116	24.42549
39.1677570343018	28.58353
39.1833770275116	32.02664
39.1990070343018	34.77148
39.2146370410919	36.85513
39.2302570343018	38.22034
39.2458870410919	38.76479
39.2615070343018	38.39159
39.2771370410919	37.08865
39.2927570343018	35.01071
39.3083870410919	32.438
39.3240170478821	29.71216
39.3396370410919	27.09885
39.3552670478821	24.75671
39.3708870410919	22.73022
39.3865170478821	21.01073
39.4021370410919	19.59253
39.4177670478821	18.46249
39.4333970546722	17.55588
39.4490170478821	16.71909
39.4646470546722	15.73792
39.4802670478821	14.40939
39.4958970546722	12.63556
39.5115170478821	10.47423
39.5271470546722	8.127594
39.5427768230438	5.851151
39.5583970546722	3.831696
39.5740268230438	2.138763
39.5896470546722	0.7314301
39.6052768230438	-0.5077667
39.6208970546722	-1.670364
39.6365268230438	-2.807236
39.652156829834	-3.964905
39.6677768230438	-5.206192
39.683406829834	-6.596191
39.6990268230438	-8.170288
39.714656829834	-9.86557
39.7302768230438	-11.54297
39.745906829834	-13.05476
39.7615368366241	-14.30824
39.777156829834	-15.38948
39.7927868366241	-16.48413
39.808406829834	-17.81143
39.8240368366241	-19.50331
39.839656829834	-21.51053
39.8552868366241	-23.55476
39.8709168434143	-25.20018
39.8865368366241	-25.96123
39.9021668434143	-25.39369
39.9177868366241	-23.22348
39.9334168434143	-19.42065
39.9490368366241	-14.2323
39.9646668434143	-8.148819
39.9802968502045	-1.781326
39.9959168434143	4.298599
40.0115468502045	9.68631
40.0271668434143	14.22617
40.0427968502045	17.97021
40.0584168434143	21.08127
40.0740468502045	23.69753
40.0896768569946	25.83994
40.1052968502045	27.39558
40.1209268569946	28.17712
40.1365468502045	28.05278
40.1521768569946	27.01775
40.1677968502045	25.26591
40.1834268569946	23.1265
40.1990568637848	20.95226
40.2146768569946	18.96091
40.2303068637848	17.22685
40.2459268569946	15.66177
40.2615568637848	14.18434
40.2771768569946	12.73592
40.2928068637848	11.35466
40.308436870575	10.11929
40.3240568637848	9.035095
40.339686870575	8.014832
40.3553068637848	6.856735
40.370936870575	5.384598
40.3865568637848	3.541611
40.402186870575	1.460159
40.4178168773651	-0.6067047
40.433436870575	-2.376541
40.4490668773651	-3.649734
40.464686870575	-4.425735
40.4803168773651	-4.811752
40.495936870575	-5.01239
40.5115668773651	-5.246155
40.5271968841553	-5.641205
40.5428168773651	-6.22316
40.5584468841553	-6.983261
40.5740668773651	-7.858017
40.5896968841553	-8.793839
40.6053168773651	-9.804855
40.6209468841553	-10.90181
40.6365768909454	-12.09923
40.6521968841553	-13.45125
40.6678268909454	-15.00784
40.6834468841553	-16.79617
40.6990768909454	-18.78055
40.7146968841553	-20.80038
40.7303268909454	-22.5123
40.7459568977356	-23.50433
40.7615768909454	-23.33339
40.7772068977356	-21.73224
40.7928268909454	-18.72105
40.8084568977356	-14.57974
40.8240768909454	-9.785736
40.8397068977356	-4.858688
40.8553369045258	-0.2278442
40.8709568977356	3.839508
40.8865869045258	7.193161
40.9022068977356	9.805038
40.9178369045258	11.68599
40.9334568977356	12.89464
40.9490869045258	13.55722
40.9647169113159	13.78764
40.9803369045258	13.70862
40.9959669113159	13.41063
41.0115869045258	12.90973
41.0272169113159	12.17377
41.0428369045258	11.20122
41.0584669113159	10.02173
41.0740969181061	8.751633
41.0897169113159	7.581146
41.1053469181061	6.693893
41.1209669113159	6.206573
41.1365969181061	6.122055
41.1522169113159	6.312363
41.1678469181061	6.517273
41.1834769248962	6.49752
41.1990969181061	6.103348
41.2147269248962	5.290627
41.2303469181061	4.16597
41.2459769248962	2.865509
41.2615969181061	1.5131
41.2772269248962	0.176033
41.2928569316864	-1.112267
41.3084769248962	-2.38028
41.3241069316864	-3.615356
41.3397269248962	-4.793396
41.3553569316864	-5.885254
41.3709769248962	-6.827583
41.3866069316864	-7.599991
41.4022369384766	-8.175934
41.4178569316864	-8.589134
41.4334869384766	-8.940704
41.4491069316864	-9.383888
41.4647369384766	-10.07867
41.4803669452667	-11.16199
41.4959869384766	-12.64494
41.5116169452667	-14.3894
41.5272369384766	-16.16576
41.5428669452667	-17.65327
41.5584869384766	-18.54014
41.5741169452667	-18.55744
41.5897469520569	-17.55863
41.6053669452667	-15.50705
41.6209969520569	-12.5598
41.6366169452667	-9.014786
41.6522469520569	-5.225082
41.6678669452667	-1.530647
41.6834969520569	1.842552
41.699126958847	4.812126
41.7147469520569	7.417099
41.730376958847	9.669701
41.7459969520569	11.58244
41.761626958847	13.05553
41.7772469520569	13.94596
41.792876958847	14.17536
41.8085069656372	13.73823
41.824126958847	12.73708
41.8397569656372	11.33694
41.855376958847	9.747749
41.8710069656372	8.149727
41.886626958847	6.700081
41.9022569656372	5.515762
41.9178869724274	4.661911
41.9335069656372	4.150757
41.9491369724274	3.915482
41.9647569656372	3.866577
41.9803869724274	3.868973
41.9960069656372	3.818985
42.0116369724274	3.651543
42.0272669792175	3.30497
42.0428869724274	2.759331
42.0585169792175	2.003578
42.0741369724274	1.052551
42.0897669792175	-0.09085846
42.1053869724274	-1.35955
42.1210169792175	-2.696144
42.1366469860077	-4.025536
42.1522669792175	-5.289482
42.1678969860077	-6.455498
42.1835169792175	-7.538063
42.1991469860077	-8.5784
42.2147669792175	-9.623444
42.2303969860077	-10.73512
42.2460269927979	-11.92881
42.2616469860077	-13.23565
42.2772769927979	-14.71937
42.2928969860077	-16.43285
42.3085269927979	-18.3793
42.3241469860077	-20.42197
42.3397769927979	-22.25677
42.355406999588	-23.43566
42.3710269927979	-23.49974
42.386656999588	-22.15291
42.4022769927979	-19.37125
42.417906999588	-15.44253
42.4335269927979	-10.83093
42.449156999588	-6.034637
42.4647870063782	-1.445869
42.480406999588	2.722008
42.4960370063782	6.414375
42.511656999588	9.670334
42.5272870063782	12.53695
42.542906999588	14.999
42.5585370063782	16.98224
42.5741670131683	18.38961
42.5897870063782	19.12086
42.6054170131683	19.13519
42.6210370063782	18.50987
42.6366670131683	17.41577
42.6522870063782	16.0846
42.6679170131683	14.75269
42.6835470199585	13.5846
42.6991670131683	12.67668
42.7147970199585	12.04507
42.7304170131683	11.65438
42.7460470199585	11.4201
42.7616670131683	11.21704
42.7772970199585	10.86382
42.7929270267487	10.18796
42.8085470199585	9.079044
42.8241770267487	7.534603
42.8397970199585	5.686111
42.8554270267487	3.670628
42.8710470199585	1.614113
42.8866770267487	-0.4534111
42.9023070335388	-2.533772
42.9179270267487	-4.64753
42.9335570335388	-6.791595
42.9491770267487	-8.933784
42.9648070335388	-11.06047
42.9804270267487	-13.16054
42.9960570335388	-15.22897
43.011687040329	-17.21018
43.0273070335388	-18.97094
43.042937040329	-20.33952
43.0585570335388	-21.23468
43.074187040329	-21.68169
43.0898070335388	-21.8471
43.105437040329	-22.0056
43.1210670471191	-22.41538
43.136687040329	-23.24472
43.1523170471191	-24.48023
43.167937040329	-25.90414
43.1835670471191	-27.1004
43.199187040329	-27.54247
43.2148170471191	-26.75589
43.2304470539093	-24.48059
43.2460670471191	-20.79484
43.2616970539093	-16.07705
43.2773170471191	-10.8802
43.2929470539093	-5.709793
43.3085670471191	-0.8816032
43.3241970539093	3.498417
43.3398268222809	7.471439
43.3554470539093	11.05154
43.3710768222809	14.16823
43.3866970539093	16.66339
43.4023268222809	18.4101
43.4179470539093	19.34724
43.4335768222809	19.55321
43.449206829071	19.15006
43.4648268222809	18.28112
43.480456829071	17.08639
43.4960768222809	15.72081
43.511706829071	14.35485
43.5273268222809	13.15554
43.542956829071	12.26249
43.5585868358612	11.68338
43.574206829071	11.36035
43.5898368358612	11.139
43.605456829071	10.88697
43.6210868358612	10.51505
43.636706829071	9.978638
43.6523368358612	9.259232
43.6679668426514	8.317703
43.6835868358612	7.121666
43.6992168426514	5.66106
43.7148368358612	4.040146
43.7304668426514	2.404202
43.7460868358612	0.8964539
43.7617168426514	-0.4117661
43.7773468494415	-1.592697
43.7929668426514	-2.802456
43.8085968494415	-4.201359
43.8242168426514	-5.846214
43.8398468494415	-7.686989
43.8554668426514	-9.528702
43.8710968494415	-11.15748
43.8867268562317	-12.43588
43.9023468494415	-13.30958
43.9179768562317	-13.88075
43.9335968494415	-14.33236
43.9492268562317	-14.87761
43.9648568630219	-15.72428
43.9804768562317	-17.01872
43.9961068630219	-18.75227
44.0117268562317	-20.72211
44.0273568630219	-22.49832
44.0429768562317	-23.50919
44.0586068630219	-23.24982
44.074236869812	-21.41996
44.0898568630219	-18.09168
44.105486869812	-13.65117
44.1211068630219	-8.676369
44.136736869812	-3.711739
44.1523568630219	0.864212
44.167986869812	4.937508
44.1836168766022	8.573471
44.199236869812	11.88821
44.2148668766022	14.99901
44.230486869812	17.89037
44.2461168766022	20.41741
44.261736869812	22.35008
44.2773668766022	23.46808
44.2929968833923	23.64149
44.3086168766022	22.91599
44.3242468833923	21.51846
44.3398668766022	19.71964
44.3554968833923	17.78149
44.3711168766022	15.8726
44.3867468833923	14.04259
44.4023768901825	12.32713
44.4179968833923	10.79292
44.4336268901825	9.533356
44.4492468833923	8.649712
44.4648768901825	8.139236
44.4804968833923	7.86245
44.4961268901825	7.557266
44.5117568969727	6.949738
44.5273768901825	5.885208
44.5430068969727	4.392998
44.5586268901825	2.680473
44.5742568969727	1.029022
44.5898768901825	-0.309845
44.6055068969727	-1.208344
44.6211369037628	-1.720955
44.6367568969727	-2.008873
44.6523869037628	-2.350914
44.6680068969727	-2.963524
44.6836369037628	-3.955193
44.6992568969727	-5.292358
44.7148869037628	-6.808281
44.730516910553	-8.289345
44.7461369037628	-9.551865
44.761766910553	-10.53542
44.7773869037628	-11.29388
44.793016910553	-11.99245
44.8086369037628	-12.82505
44.824266910553	-13.97092
44.8398969173431	-15.50546
44.855516910553	-17.37506
44.8711469173431	-19.35079
44.886766910553	-21.01482
44.9023969173431	-21.86147
44.918016910553	-21.41502
44.9336469173431	-19.36277
44.9492769241333	-15.68951
44.9648969173431	-10.73183
44.9805269241333	-5.057663
44.9961469173431	0.6955795
45.0117769241333	5.987137
45.0273969173431	10.54681
45.0430269241333	14.35621
45.0586569309235	17.61677
45.0742769241333	20.53907
45.0899069309235	23.22391
45.1055269241333	25.57275
45.1211569309235	27.31856
45.1367769241333	28.16116
45.1524069309235	27.87953
45.1680369377136	26.49516
45.1836569309235	24.21213
45.1992869377136	21.37713
45.2149069309235	18.32758
45.2305369377136	15.29047
45.2461569309235	12.3819
45.2617869377136	9.654594
45.2774169445038	7.141182
45.2930369377136	4.858452
45.3086669445038	2.873055
45.3242869377136	1.192558
45.3399169445038	-0.2365646
45.3555369377136	-1.485016
45.3711669445038	-2.666199
45.3867969512939	-3.875183
45.4024169445038	-5.090675
45.4180469512939	-6.24646
45.4336669445038	-7.229721
45.4492969512939	-7.875984
45.4649169445038	-8.098228
45.4805469512939	-7.926376
45.4961769580841	-7.516506
45.5117969512939	-7.120667
45.5274269580841	-6.996399
45.5430469512939	-7.269718
45.5586769580841	-7.905197
45.5742969512939	-8.723537
45.5899269580841	-9.473839
45.6055569648743	-9.967731
45.6211769580841	-10.1314
45.6368069648743	-10.05439
45.6524269580841	-9.934307
45.6680569648743	-9.990105
45.6836769580841	-10.42227
45.6993069648743	-11.33709
45.7149369716644	-12.69797
45.7305569648743	-14.34775
45.7461869716644	-16.02521
45.7618069648743	-17.35884
45.7774369716644	-17.95398
45.7930569648743	-17.45662
45.8086869716644	-15.64103
45.8243169784546	-12.47714
45.8399369716644	-8.196507
45.8555669784546	-3.248619
45.8711869716644	1.868855
45.8868169784546	6.665512
45.9024369716644	10.87199
45.9180669784546	14.44662
45.9336969852448	17.48415
45.9493169784546	20.06544
45.9649469852448	22.14305
45.9805669784546	23.54195
45.9961969852448	24.06479
46.0118169784546	23.66309
46.0274469852448	22.45578
46.0430769920349	20.74558
46.0586969852448	18.90585
46.0743269920349	17.23285
46.0899469852448	15.84433
46.1055769920349	14.69498
46.1212069988251	13.66201
46.1368269920349	12.63367
46.1524569988251	11.54105
46.1680769920349	10.37616
46.1837069988251	9.163841
46.1993269920349	7.915043
46.2149569988251	6.628086
46.2305870056152	5.282932
46.2462069988251	3.83231
46.2618370056152	2.277637
46.2774569988251	0.6413002
46.2930870056152	-1.000526
46.3087069988251	-2.547794
46.3243370056152	-3.886864
46.3399670124054	-4.968784
46.3555870056152	-5.831757
46.3712170124054	-6.5756
46.3868370056152	-7.334335
46.4024670124054	-8.193333
46.4180870056152	-9.171059
46.4337170124054	-10.21733
46.4493470191956	-11.18669
46.4649670124054	-11.97818
46.4805970191956	-12.52718
46.4962170124054	-12.87344
46.5118470191956	-13.11647
46.5274670124054	-13.39411
46.5430970191956	-13.85654
46.5587270259857	-14.62101
46.5743470191956	-15.74939
46.5899770259857	-17.15854
46.6055970191956	-18.63392
46.6212270259857	-19.85137
46.6368470191956	-20.39048
46.6524770259857	-19.86557
46.6681070327759	-18.03945
46.6837270259857	-14.88144
46.6993570327759	-10.6324
46.7149770259857	-5.700813
46.7306070327759	-0.5641708
46.7462270259857	4.344891
46.7618570327759	8.719959
46.777487039566	12.45827
46.7931070327759	15.5702
46.808737039566	18.09727
46.8243570327759	20.05276
46.839987039566	21.36627
46.8556070327759	21.96112
46.871237039566	21.83028
46.8868670463562	21.07229
46.902487039566	19.88917
46.9181170463562	18.54678
46.933737039566	17.22039
46.9493670463562	15.98811
46.964987039566	14.78791
46.9806170463562	13.50191
46.9962470531464	12.04118
47.0118670463562	10.38751
47.0274970531464	8.591581
47.0431170463562	6.726032
47.0587470531464	4.868361
47.0743670463562	3.019621
47.0899970531464	1.15192
47.1056270599365	-0.757143
47.1212470531464	-2.706936
47.1368770599365	-4.605801
47.1524970531464	-6.338337
47.1681270599365	-7.768993
47.1837470531464	-8.792185
47.1993770599365	-9.391777
47.2150068283081	-9.633581
47.2306270599365	-9.657482
47.2462568283081	-9.620331
47.2618770599365	-9.712961
47.2775068283081	-10.03583
47.2931270599365	-10.61916
47.3087568283081	-11.40116
47.3243868350983	-12.27215
47.3400068283081	-13.12079
47.3556368350983	-13.90837
47.3712568283081	-14.64598
47.3868868350983	-15.41872
47.4025068283081	-16.3478
47.4181368350983	-17.5068
47.4337668418884	-18.91718
47.4493868350983	-20.47015
47.4650168418884	-21.9295
47.4806368350983	-22.93527
47.4962668418884	-23.10039
47.5118868350983	-22.04902
47.5275168418884	-19.59091
47.5431468486786	-15.81706
47.5587668418884	-11.0565
47.5743968486786	-5.84665
47.5900168418884	-0.7308931
47.6056468486786	3.884542
47.6212668418884	7.816473
47.6368968486786	11.06004
47.6525268554688	13.72874
47.6681468486786	15.93485
47.6837768554688	17.71723
47.6993968486786	19.06139
47.7150268554688	19.88862
47.7306468486786	20.14825
47.7462768554688	19.8305
47.7619068622589	19.00496
47.7775268554688	17.78616
47.7931568622589	16.33516
47.8087768554688	14.80768
47.8244068622589	13.32591
47.8400268554688	11.95169
47.8556568622589	10.66287
47.8712868690491	9.398466
47.8869068622589	8.093103
47.9025368690491	6.753815
47.9181568622589	5.447905
47.9337868690491	4.274421
47.9494068622589	3.294988
47.9650368690491	2.480087
47.9806668758392	1.736187
47.9962868690491	0.9115353
48.0119168758392	-0.05532169
48.0275368690491	-1.120971
48.0431668758392	-2.153327
48.0587868690491	-2.998433
48.0744168758392	-3.592288
48.0900468826294	-3.987277
48.1056668758392	-4.342687
48.1212968826294	-4.809893
48.1369168758392	-5.507724
48.1525468826294	-6.449064
48.1681668758392	-7.537857
48.1837968826294	-8.669183
48.1994268894196	-9.780445
48.2150468826294	-10.87475
48.2306768894196	-11.97926
48.2462968826294	-13.15814
48.2619268894196	-14.4492
48.2775468826294	-15.88329
48.2931768894196	-17.46426
48.3088068962097	-19.10511
48.3244268894196	-20.65591
48.3400568962097	-21.87535
48.3556768894196	-22.44121
48.3713068962097	-22.04047
48.3869268894196	-20.48526
48.4025568962097	-17.75753
48.4181869029999	-14.04527
48.4338068962097	-9.714359
48.4494369029999	-5.176066
48.4650568962097	-0.8094957
48.4806869029999	3.157162
48.4963068962097	6.640191
48.5119369029999	9.657089
48.52756690979	12.25706
48.5431869029999	14.49114
48.55881690979	16.3551
48.5744369029999	17.7941
48.59006690979	18.74371
48.6056869029999	19.13247
48.62131690979	18.96745
48.6369469165802	18.32378
48.65256690979	17.33204
48.6681969165802	16.16442
48.68381690979	14.99531
48.6994469165802	13.90876
48.71506690979	12.8751
48.7306969165802	11.81413
48.7463269233704	10.62651
48.7619469165802	9.296816
48.7775769233704	7.931444
48.7931969165802	6.65939
48.8088269233704	5.562194
48.8244569301605	4.636337
48.8400769233704	3.722663
48.8557069301605	2.632785
48.8713269233704	1.285842
48.8869569301605	-0.2214875
48.9025769233704	-1.664431
48.9182069301605	-2.768316
48.9338369369507	-3.405202
48.9494569301605	-3.646263
48.9650869369507	-3.731654
48.9807069301605	-3.983017
48.9963369369507	-4.647865
49.0119569301605	-5.757545
49.0275869369507	-7.158106
49.0432169437408	-8.580436
49.0588369369507	-9.731853
49.0744669437408	-10.49273
49.0900869369507	-10.90028
49.1057169437408	-11.17919
49.1213369369507	-11.58994
49.1369669437408	-12.39467
49.152596950531	-13.67669
49.1682169437408	-15.36698
49.183846950531	-17.20048
49.1994669437408	-18.77504
49.215096950531	-19.67241
49.2307169437408	-19.49714
49.246346950531	-18.03701
49.2619769573212	-15.3077
49.277596950531	-11.56666
49.2932269573212	-7.217205
49.308846950531	-2.715286
49.3244769573212	1.588766
49.340096950531	5.540818
49.3557269573212	9.096148
49.3713569641113	12.28493
49.3869769573212	15.09829
49.4026069641113	17.45972
49.4182269573212	19.25655
49.4338569641113	20.41531
49.4494769573212	20.90898
49.4651069641113	20.78766
49.4807369709015	20.17441
49.4963569641113	19.16887
49.5119869709015	17.88268
49.5276069641113	16.43482
49.5432369709015	14.91621
49.5588569641113	13.44174
49.5744869709015	12.09424
49.5901169776917	10.9155
49.6057369709015	9.882973
49.6213669776917	8.996721
49.6369869709015	8.194764
49.6526169776917	7.443625
49.6682369709015	6.693341
49.6838669776917	5.892426
49.6994969844818	4.990003
49.7151169776917	3.941526
49.7307469844818	2.705473
49.7463669776917	1.25942
49.7619969844818	-0.3436325
49.7776169776917	-2.011683
49.7932469844818	-3.637978
49.808876991272	-5.099454
49.8244969844818	-6.360334
49.840126991272	-7.415325
49.8557469844818	-8.338618
49.871376991272	-9.236757
49.8869969844818	-10.19247
49.902626991272	-11.18897
49.9182569980621	-12.1448
49.933876991272	-12.9156
49.9495069980621	-13.42004
49.965126991272	-13.68951
49.9807569980621	-13.84944
49.996376991272	-14.10761
50.0120069980621	-14.67243
50.0276370048523	-15.65468
50.0432569980621	-17.01669
50.0588870048523	-18.60389
50.0745069980621	-20.14498
50.0901370048523	-21.2893
50.1057569980621	-21.66259
50.1213870048523	-20.94922
50.1370170116425	-18.9642
50.1526370048523	-15.72904
50.1682670116425	-11.51028
50.1838870048523	-6.756524
50.1995170116425	-1.995504
50.2151370048523	2.333425
50.2307670116425	5.984834
50.2463970184326	8.939842
50.2620170116425	11.33823
50.2776470184326	13.38746
50.2932670116425	15.22771
50.3088970184326	16.86752
50.3245170116425	18.18828
50.3401470184326	18.99248
50.3557770252228	19.14639
50.3713970184326	18.6207
50.3870270252228	17.55744
50.4026470184326	16.20951
50.4182770252228	14.86558
50.4338970184326	13.74408
50.4495270252228	12.90804
50.4651570320129	12.31615
50.4807770252228	11.8103
50.4964070320129	11.24914
50.5120270252228	10.49665
50.5276570320129	9.49127
50.5432770252228	8.223333
50.5589070320129	6.763319
50.5745370388031	5.207632
50.5901570320129	3.683038
50.6057870388031	2.327782
50.6214070320129	1.201671
50.6370370388031	0.3380842
50.6526570320129	-0.301815
50.6682870388031	-0.7577381
50.6839170455933	-1.112211
50.6995370388031	-1.416941
50.7151670455933	-1.779708
50.7307870388031	-2.275452
50.7464170455933	-2.964653
50.7620370388031	-3.887915
50.7776670455933	-5.000566
50.7932970523834	-6.223787
50.8089170455933	-7.435568
50.8245470523834	-8.531362
50.8401670455933	-9.461877
50.8557970523834	-10.24385
50.8714170455933	-10.91455
50.8870470523834	-11.50592
50.9026770591736	-12.12111
50.9182970523834	-12.86489
50.9339270591736	-13.88621
50.9495470523834	-15.31027
50.9651770591736	-17.08065
50.9808068275452	-18.93169
50.9964270591736	-20.37766
51.0120568275452	-20.88934
51.0276770591736	-20.05892
51.0433068275452	-17.81102
51.0589270591736	-14.34127
51.0745568275452	-10.12005
51.0901868343353	-5.638557
51.1058068275452	-1.275535
51.1214368343353	2.738017
51.1370568275452	6.323705
51.1526868343353	9.449518
51.1683068275452	12.13002
51.1839368343353	14.32046
51.1995668411255	16.06313
51.2151868343353	17.33942
51.2308168411255	18.13345
51.2464368343353	18.42662
51.2620668411255	18.19746
51.2776868343353	17.48983
51.2933168411255	16.42661
51.3089468479156	15.18167
51.3245668411255	13.93178
51.3401968479156	12.82512
51.3558168411255	11.88658
51.3714468479156	11.03333
51.3870668411255	10.1851
51.4026968479156	9.253266
51.4183268547058	8.192858
51.4339468479156	7.029712
51.4495768547058	5.795169
51.4651968479156	4.559621
51.4808268547058	3.40815
51.4964468479156	2.42075
51.5120768547058	1.591282
51.527706861496	0.900795
51.5433268547058	0.2393818
51.558956861496	-0.4574165
51.5745768547058	-1.199778
51.590206861496	-1.906361
51.6058268547058	-2.471485
51.621456861496	-2.870655
51.6370868682861	-3.198088
51.652706861496	-3.647053
51.6683368682861	-4.362764
51.683956861496	-5.38821
51.6995868682861	-6.584023
51.715206861496	-7.713957
51.7308368682861	-8.581499
51.7464668750763	-9.157484
51.7620868682861	-9.62672
51.7777168750763	-10.27186
51.7933368682861	-11.33953
51.8089668750763	-12.9294
51.8245868682861	-14.95555
51.8402168750763	-17.1802
51.8558468818665	-19.26233
51.8714668750763	-20.85708
51.8870968818665	-21.65284
51.9027168750763	-21.401
51.9183468818665	-19.98281
51.9339668750763	-17.43387
51.9495968818665	-13.97491
51.9652268886566	-9.949286
51.9808468818665	-5.750299
51.9964768886566	-1.674953
52.0120968818665	2.090439
52.0277268886566	5.510548
52.0433468818665	8.635872
52.0589768886566	11.54745
52.0746068954468	14.27114
52.0902268886566	16.74627
52.1058568954468	18.86297
52.1214768886566	20.43641
52.1371068954468	21.30899
52.1527268886566	21.3643
52.1683568954468	20.60038
52.1839869022369	19.16108
52.1996068954468	17.31819
52.2152369022369	15.39739
52.2308568954468	13.66892
52.2464869022369	12.29562
52.2621068954468	11.25614
52.2777369022369	10.40484
52.2933669090271	9.553053
52.3089869022369	8.563131
52.3246169090271	7.382387
52.3402369022369	6.019039
52.3558669090271	4.515083
52.3714869022369	2.88784
52.3871169090271	1.177597
52.4027469158173	-0.5724125
52.4183669090271	-2.240564
52.4339969158173	-3.664034
52.4496169090271	-4.682913
52.4652469158173	-5.243494
52.4808669090271	-5.437754
52.4964969158173	-5.496078
52.5121269226074	-5.682468
52.5277469158173	-6.176746
52.5433769226074	-7.026323
52.5589969158173	-8.090805
52.5746269226074	-9.128963
52.5902469158173	-9.919861
52.6058769226074	-10.35271
52.6215069293976	-10.52326
52.6371269226074	-10.66392
52.6527569293976	-11.03611
52.6683769226074	-11.81001
52.6840069293976	-13.05317
52.6996269226074	-14.69834
52.7152569293976	-16.628
52.7308869361877	-18.72202
52.7465069293976	-20.83792
52.7621369361877	-22.7461
52.7777569293976	-24.08155
52.7933869361877	-24.39509
52.8090069293976	-23.28817
52.8246369361877	-20.63104
52.8402669429779	-16.62529
52.8558869361877	-11.769
52.8715169429779	-6.688793
52.8871369361877	-1.868267
52.9027669429779	2.440605
52.9183869361877	6.278332
52.9340169429779	9.783941
52.9496469497681	13.08672
52.9652669429779	16.17241
52.9808969497681	18.90937
52.9965169429779	21.08796
53.0121469497681	22.51564
53.0277669429779	23.13106
53.0433969497681	22.93455
53.0590269565582	22.09203
53.0746469497681	20.81882
53.0902769565582	19.37086
53.1058969497681	17.93725
53.1215269565582	16.63232
53.1371469497681	15.4367
53.1527769565582	14.25333
53.1684069633484	13.03376
53.1840269565582	11.72904
53.1996569633484	10.37289
53.2152769565582	8.987087
53.2309069633484	7.594597
53.2465369701385	6.159576
53.2621569633484	4.622753
53.2777869701385	2.970139
53.2934069633484	1.258427
53.3090369701385	-0.3452778
53.3246569633484	-1.706478
53.3402869701385	-2.73744
53.3559169769287	-3.461931
53.3715369701385	-4.004593
53.3871669769287	-4.498323
53.4027869701385	-5.096891
53.4184169769287	-5.851665
53.4340369701385	-6.759043
53.4496669769287	-7.736753
53.4652969837189	-8.726408
53.4809169769287	-9.670113
53.4965469837189	-10.5665
53.5121669769287	-11.44787
53.5277969837189	-12.35214
53.5434169769287	-13.36301
53.5590469837189	-14.54012
53.574676990509	-15.98011
53.5902969837189	-17.72061
53.605926990509	-19.72752
53.6215469837189	-21.82519
53.637176990509	-23.69918
53.6527969837189	-24.94826
53.668426990509	-25.16134
53.6840569972992	-24.05046
53.699676990509	-21.53776
53.7153069972992	-17.80349
53.730926990509	-13.21349
53.7465569972992	-8.22934
53.762176990509	-3.271076
53.7778069972992	1.347071
53.7934370040894	5.442238
53.8090569972992	8.985525
53.8246870040894	12.02982
53.8403069972992	14.66497
53.8559370040894	16.95503
53.8715569972992	18.84056
53.8871870040894	20.19978
53.9028170108795	20.86418
53.9184370040894	20.71727
53.9340670108795	19.80125
53.9496870040894	18.35719
53.9653170108795	16.73846
53.9809370040894	15.30045
53.9965670108795	14.26538
54.0121970176697	13.62238
54.0278170108795	13.15297
54.0434470176697	12.52489
54.0590670108795	11.46712
54.0746970176697	9.911236
54.0903170108795	8.029528
54.1059470176697	6.155769
54.1215770244598	4.626324
54.1371970176697	3.644962
54.1528270244598	3.177523
54.1684470176697	2.989325
54.1840770244598	2.781887
54.1996970176697	2.318766
54.2153270244598	1.554615
54.23095703125	0.609972
54.2465770244598	-0.3460846
54.26220703125	-1.215897
54.2778270244598	-1.995186
54.29345703125	-2.808563
54.3090770244598	-3.764191
54.32470703125	-4.919928
54.3403370380402	-6.276703
54.35595703125	-7.741041
54.3715870380402	-9.261499
54.38720703125	-10.81276
54.4028370380402	-12.40494
54.41845703125	-14.03279
54.4340870380402	-15.69864
54.4497170448303	-17.31778
54.4653370380402	-18.79418
54.4809670448303	-20.08788
54.4965870380402	-21.19207
54.5122170448303	-22.1764
54.5278370380402	-23.06889
54.5434670448303	-23.79389
54.5590970516205	-24.15276
54.5747170448303	-23.90325
54.5903470516205	-22.82041
54.6059670448303	-20.80625
54.6215970516205	-17.9792
54.6372170448303	-14.54431
54.6528470516205	-10.76947
54.6684770584106	-6.86153
54.6840970516205	-2.907202
54.6997270584106	1.062284
54.7153470516205	4.980078
54.7309770584106	8.716473
54.7465970516205	12.07924
54.7622270584106	14.8295
54.7778568267822	16.82784
54.7934770584106	18.00164
54.8091068267822	18.37894
54.8247270584106	18.04427
54.8403568267822	17.09034
54.8559770584106	15.61139
54.8716068267822	13.73879
54.8872368335724	11.63564
54.9028568267822	9.466287
54.9184868335724	7.427607
54.9341068267822	5.645345
54.9497368335724	4.186474
54.9653568267822	3.08823
54.9809868335724	2.324799
54.9966168403625	1.847501
55.0122368335724	1.578339
55.0278668403625	1.370449
55.0434868335724	1.03963
55.0591168403625	0.4374571
55.0747368335724	-0.4737368
55.0903668403625	-1.610623
55.1059968471527	-2.736097
55.1216168403625	-3.602825
55.1372468471527	-4.057758
55.1528668403625	-4.107226
55.1684968471527	-3.913582
55.1841168403625	-3.748569
55.1997468471527	-3.87572
55.2153768539429	-4.462605
55.2309968471527	-5.552933
55.2466268539429	-7.072282
55.2622468471527	-8.867434
55.2778768539429	-10.73784
55.2934968471527	-12.49994
55.3091268539429	-13.98898
55.324756860733	-15.15588
55.3403768539429	-16.04464
55.356006860733	-16.83388
55.3716268539429	-17.77443
55.387256860733	-19.0696
55.4028768539429	-20.73403
55.418506860733	-22.53514
55.4341368675232	-23.98745
55.449756860733	-24.52929
55.4653868675232	-23.72764
55.481006860733	-21.44553
55.4966368675232	-17.91779
55.512256860733	-13.58899
55.5278868675232	-8.962992
55.5435168743134	-4.390949
55.5591368675232	-0.04504776
55.5747668743134	4.069542
55.5903868675232	7.990067
55.6060168743134	11.70555
55.6216368675232	15.15291
55.6372668743134	18.19885
55.6528968811035	20.6965
55.6685168743134	22.52159
55.6841468811035	23.6064
55.6997668743134	23.92567
55.7153968811035	23.52495
55.7310168743134	22.50464
55.7466468811035	20.9813
55.7622768878937	19.10051
55.7778968811035	17.00154
55.7935268878937	14.80983
55.8091468811035	12.67582
55.8247768878937	10.77406
55.8404068946838	9.229378
55.8560268878937	8.078815
55.8716568946838	7.243484
55.8872768878937	6.520267
55.9029068946838	5.69603
55.9185268878937	4.61731
55.9341568946838	3.274693
55.949786901474	1.786007
55.9654068946838	0.3340111
55.981036901474	-0.9076195
55.9966568946838	-1.887375
56.012286901474	-2.63369
56.0279068946838	-3.246857
56.043536901474	-3.810562
56.0591669082642	-4.379654
56.074786901474	-4.937241
56.0904169082642	-5.444962
56.106036901474	-5.852692
56.1216669082642	-6.133255
56.137286901474	-6.318893
56.1529169082642	-6.523766
56.1685469150543	-6.951859
56.1841669082642	-7.786652
56.1997969150543	-9.160927
56.2154169082642	-11.0329
56.2310469150543	-13.17234
56.2466669082642	-15.20587
56.2622969150543	-16.68112
56.2779269218445	-17.17978
56.2935469150543	-16.41874
56.3091769218445	-14.36194
56.3247969150543	-11.17513
56.3404269218445	-7.182091
56.3560469150543	-2.792137
56.3716769218445	1.6381
56.3873069286346	5.855118
56.4029269218445	9.754097
56.4185569286346	13.36325
56.4341769218445	16.7314
56.4498069286346	19.82775
56.4654269218445	22.52185
56.4810569286346	24.62923
56.4966869354248	25.95312
56.5123069286346	26.41985
56.5279369354248	26.07638
56.5435569286346	25.08962
56.5591869354248	23.70011
56.5748069286346	22.15649
56.5904369354248	20.67565
56.606066942215	19.40071
56.6216869354248	18.36045
56.637316942215	17.47304
56.6529369354248	16.61176
56.668566942215	15.63102
56.6841869354248	14.47556
56.699816942215	13.18668
56.7154469490051	11.85913
56.731066942215	10.59151
56.7466969490051	9.402084
56.762316942215	8.227325
56.7779469490051	6.948891
56.793566942215	5.544365
56.8091969490051	4.062477
56.8248269557953	2.641457
56.8404469490051	1.423859
56.8560769557953	0.3975067
56.8716969490051	-0.5616379
56.8873269557953	-1.668358
56.9029469490051	-3.082077
56.9185769557953	-4.81797
56.9342069625854	-6.721008
56.9498269557953	-8.596603
56.9654569625854	-10.29379
56.9810769557953	-11.80298
56.9967069625854	-13.26192
57.0123269557953	-14.88992
57.0279569625854	-16.90596
57.0435869693756	-19.40598
57.0592069625854	-22.28549
57.0748369693756	-25.2392
57.0904569625854	-27.77013
57.1060869693756	-29.34646
57.1217069625854	-29.49123
57.1373369693756	-27.98722
57.1529669761658	-24.91612
57.1685869693756	-20.69004
57.1842169761658	-15.85056
57.1998369693756	-10.86787
57.2154669761658	-6.02916
57.2310869693756	-1.407051
57.2467169761658	3.026024
57.2623469829559	7.304848
57.2779669761658	11.31063
57.2935969829559	14.8259
57.3092169761658	17.59834
57.3248469829559	19.45245
57.3404669761658	20.37847
57.3560969829559	20.52147
57.3717269897461	20.09379
57.3873469829559	19.31358
57.4029769897461	18.34512
57.4185969829559	17.26358
57.4342269897461	16.11739
57.4498469829559	14.95116
57.4654769897461	13.83908
57.4811069965363	12.84001
57.4967269897461	11.98806
57.5123569965363	11.24391
57.5279769897461	10.47508
57.5436069965363	9.504456
57.5592269897461	8.195442
57.5748569965363	6.512184
57.5904870033264	4.591911
57.6061069965363	2.65361
57.6217370033264	0.9166565
57.6373569965363	-0.4968872
57.6529870033264	-1.609268
57.6686069965363	-2.58577
57.6842370033264	-3.643051
57.6998670101166	-4.905449
57.7154870033264	-6.397362
57.7311170101166	-8.015495
57.7467370033264	-9.651604
57.7623670101166	-11.19538
57.7779870033264	-12.59774
57.7936170101166	-13.8654
57.8092470169067	-15.03648
57.8248670101166	-16.13985
57.8404970169067	-17.20084
57.8561170101166	-18.20341
57.8717470169067	-19.12453
57.8873670101166	-19.93008
57.9029970169067	-20.48885
57.9186270236969	-20.5802
57.9342470169067	-19.90063
57.9498770236969	-18.13252
57.9654970169067	-15.06207
57.9811270236969	-10.71104
57.9967470169067	-5.368568
58.0123770236969	0.4708099
58.0280070304871	6.215965
58.0436270236969	11.37399
58.0592570304871	15.66751
58.0748770236969	19.06046
58.0905070304871	21.71584
58.1061370372772	23.86272
58.1217570304871	25.6406
58.1373870372772	27.04176
58.1530070304871	27.95008
58.1686370372772	28.19608
58.1842570304871	27.64468
58.1998870372772	26.28212
58.2155170440674	24.20659
58.2311370372772	21.61691
58.2467670440674	18.76323
58.2623870372772	15.89346
58.2780170440674	13.20663
58.2936370372772	10.87495
58.3092670440674	8.997856
58.3248970508575	7.62645
58.3405170440674	6.716911
58.3561470508575	6.150551
58.3717670440674	5.771385
58.3873970508575	5.376129
58.4030170440674	4.787392
58.4186470508575	3.906174
58.4342770576477	2.741524
58.4498970508575	1.388565
58.4655270576477	0.02490234
58.4811470508575	-1.187164
58.4967770576477	-2.178162
58.5123970508575	-2.962944
58.5280270576477	-3.644356
58.5436568260193	-4.36451
58.5592770576477	-5.235718
58.5749068260193	-6.304237
58.5905270576477	-7.558083
58.6061568260193	-8.972672
58.6217770576477	-10.54047
58.6374068260193	-12.30073
58.6530368328094	-14.27845
58.6686568260193	-16.40148
58.6842868328094	-18.47119
58.6999068260193	-20.13587
58.7155368328094	-20.98486
58.7311568260193	-20.68702
58.7467868328094	-19.06657
58.7624168395996	-16.17558
58.7780368328094	-12.28413
58.7936668395996	-7.773987
58.8092868328094	-3.066521
58.8249168395996	1.487793
58.8405368328094	5.621849
58.8561668395996	9.202698
58.8717968463898	12.17233
58.8874168395996	14.60545
58.9030468463898	16.67053
58.9186668395996	18.49158
58.9342968463898	20.15807
58.9499168395996	21.58635
58.9655468463898	22.54819
58.9811768531799	22.77413
58.9967968463898	22.07992
59.0124268531799	20.47668
59.0280468463898	18.19077
59.0436768531799	15.59367
59.0592968463898	13.03448
59.0749268531799	10.77824
59.0905568599701	8.888161
59.1061768531799	7.28775
59.1218068599701	5.834137
59.1374268531799	4.390717
59.1530568599701	2.866631
59.1686768531799	1.22123
59.1843068599701	-0.5341034
59.1999368667603	-2.357765
59.2155568599701	-4.172188
59.2311868667603	-5.892525
59.2468068599701	-7.447586
59.2624368667603	-8.768913
59.2780568599701	-9.848755
59.2936868667603	-10.71595
59.3093168735504	-11.44942
59.3249368667603	-12.13442
59.3405668735504	-12.83454
59.3561868667603	-13.5451
59.3718168735504	-14.25726
59.3874368667603	-14.98573
59.4030668735504	-15.73752
59.4186968803406	-16.6101
59.4343168735504	-17.69292
59.4499468803406	-19.00359
59.4655668735504	-20.4464
59.4811968803406	-21.78853
59.4968168735504	-22.69633
59.5124468803406	-22.79834
59.5280768871307	-21.7895
59.5436968803406	-19.50189
59.5593268871307	-16.01529
59.5749468803406	-11.60301
59.5905768871307	-6.691296
59.6061968803406	-1.738098
59.6218268871307	2.874332
59.6374568939209	6.933441
59.6530768871307	10.42664
59.6687068939209	13.45861
59.6843268871307	16.12824
59.6999568939209	18.46478
59.7155768871307	20.37729
59.7312068939209	21.72408
59.7468369007111	22.35143
59.7624568939209	22.19253
59.7780869007111	21.26524
59.7937068939209	19.72284
59.8093369007111	17.77765
59.8249568939209	15.65862
59.8405869007111	13.58037
59.8562169075012	11.71433
59.8718369007111	10.15044
59.8874669075012	8.868206
59.9030869007111	7.801628
59.9187169075012	6.828506
59.9343369007111	5.809425
59.9499669075012	4.62262
59.9655969142914	3.197563
59.9812169075012	1.521828
59.9968469142914	-0.3402786
60.0124669075012	-2.267048
60.0280969142914	-4.159924
60.0437169075012	-5.938908
60.0593469142914	-7.609303
60.0749769210815	-9.198006
60.0905969142914	-10.74018
60.1062269210815	-12.23821
60.1218469142914	-13.66454
60.1374769210815	-14.97153
60.1530969142914	-16.10999
60.1687269210815	-17.02018
60.1843569278717	-17.64637
60.1999769210815	-17.98526
60.2156069278717	-18.09354
60.2312269210815	-18.12591
60.2468569278717	-18.30666
60.2624769210815	-18.81076
60.2781069278717	-19.68686
60.2937369346619	-20.75449
60.3093569278717	-21.57648
60.3249869346619	-21.64075
60.3406069278717	-20.51773
60.3562369346619	-18.0545
60.3718569278717	-14.44877
60.3874869346619	-10.14596
60.403116941452	-5.691624
60.4187369346619	-1.534481
60.434366941452	2.134201
60.4499869346619	5.351971
60.465616941452	8.298786
60.4812469482422	11.12495
60.496866941452	13.86614
60.5124969482422	16.41613
60.528116941452	18.55822
60.5437469482422	20.10582
60.559366941452	20.93624
60.5749969482422	21.06252
60.5906269550323	20.56721
60.6062469482422	19.57633
60.6218769550323	18.20893
60.6374969482422	16.6056
60.6531269550323	14.93591
60.6687469482422	13.38963
60.6843769550323	12.2062
60.7000069618225	11.49554
60.7156269550323	11.25827
60.7312569618225	11.30908
60.7468769550323	11.38236
60.7625069618225	11.21527
60.7781269550323	10.65541
60.7937569618225	9.682774
60.8093869686127	8.391283
60.8250069618225	6.957432
60.8406369686127	5.503653
60.8562569618225	4.146488
60.8718869686127	2.877651
60.8875069618225	1.679102
60.9031369686127	0.4858665
60.9187669754028	-0.7647038
60.9343869686127	-2.100857
60.9500169754028	-3.530457
60.9656369686127	-5.003401
60.9812669754028	-6.504784
60.9968869686127	-8.01222
61.0125169754028	-9.545345
61.028146982193	-11.13272
61.0437669754028	-12.80088
61.059396982193	-14.58485
61.0750169754028	-16.4616
61.090646982193	-18.3414
61.1062669754028	-19.99469
61.121896982193	-21.10746
61.1375269889832	-21.31976
61.153146982193	-20.37832
61.1687769889832	-18.21851
61.184396982193	-14.97276
61.2000269889832	-10.99572
61.215646982193	-6.713873
61.2312769889832	-2.575695
61.2469069957733	1.114758
61.2625269889832	4.17934
61.2781569957733	6.618027
61.2937769889832	8.537023
61.3094069957733	10.06883
61.3250269889832	11.34034
61.3406569957733	12.38237
61.3562870025635	13.17593
61.3719069957733	13.63203
61.3875370025635	13.7096
61.4031569957733	13.40336
61.4187870025635	12.75837
61.4344069957733	11.83679
61.4500370025635	10.66208
61.4656670093536	9.256468
61.4812870025635	7.666451
61.4969170093536	5.997026
61.5125370025635	4.390285
61.5281670093536	2.998715
61.5437870025635	1.903142
61.5594170093536	1.091735
61.5750470161438	0.4745307
61.5906670093536	-0.0883472
61.6062970161438	-0.6909688
61.6219170093536	-1.386676
61.6375470161438	-2.147117
61.6531670093536	-2.904458
61.6687970161438	-3.597958
61.684427022934	-4.182302
61.7000470161438	-4.677916
61.715677022934	-5.172905
61.7312970161438	-5.835331
61.746927022934	-6.787995
61.7625470161438	-8.071346
61.778177022934	-9.577924
61.7938070297241	-11.09616
61.809427022934	-12.38576
61.8250570297241	-13.28689
61.840677022934	-13.81635
61.8563070297241	-14.11467
61.871927022934	-14.38272
61.8875570297241	-14.80009
61.9031870365143	-15.4547
61.9188070297241	-16.35306
61.9344370365143	-17.41884
61.9500570297241	-18.47668
61.9656870365143	-19.22377
61.9813070297241	-19.2772
61.9969370365143	-18.24028
62.0125670433044	-15.86418
62.0281870365143	-12.21708
62.0438170433044	-7.675494
62.0594370365143	-2.81548
62.0750670433044	1.775747
62.0906870365143	5.728369
62.1063170433044	8.989861
62.1219470500946	11.7021
62.1375670433044	14.05405
62.1531970500946	16.17354
62.1688170433044	18.02127
62.1844470500946	19.4605
62.2000670433044	20.35424
62.2156970500946	20.59361
62.2313270568848	20.16249
62.2469470500946	19.12449
62.2625770568848	17.61332
62.2781970500946	15.78488
62.2938270568848	13.85653
62.3094470500946	12.03325
62.3250770568848	10.51826
62.3407068252563	9.458641
62.3563270568848	8.869514
62.3719568252563	8.644773
62.3875770568848	8.566152
62.4032068252563	8.387112
62.4188270568848	7.902068
62.4344568252563	7.038765
62.4500868320465	5.836688
62.4657068252563	4.475201
62.4813368320465	3.176982
62.4969568252563	2.103441
62.5125868320465	1.343775
62.5282068252563	0.8504744
62.5438368320465	0.4981241
62.5594668388367	0.1403828
62.5750868320465	-0.3313084
62.5907168388367	-0.9898224
62.6063368320465	-1.802986
62.6219668388367	-2.670077
62.6375868320465	-3.513955
62.6532168388367	-4.28977
62.6688468456268	-5.037909
62.6844668388367	-5.900315
62.7000968456268	-7.059562
62.7157168388367	-8.689913
62.7313468456268	-10.90052
62.7469668388367	-13.65579
62.7625968456268	-16.73727
62.778226852417	-19.79213
62.7938468456268	-22.33345
62.809476852417	-23.89044
62.8250968456268	-24.14596
62.840726852417	-23.02002
62.8563468456268	-20.71497
62.871976852417	-17.62956
62.8876068592072	-14.25321
62.903226852417	-10.97495
62.9188568592072	-7.98123
62.934476852417	-5.238262
62.9501068592072	-2.556313
62.9657368659973	0.2319813
62.9813568592072	3.172367
62.9969868659973	6.130169
63.0126068592072	8.813072
63.0282368659973	10.89386
63.0438568592072	12.13089
63.0594868659973	12.48806
63.0751168727875	12.12605
63.0907368659973	11.30788
63.1063668727875	10.32903
63.1219868659973	9.406586
63.1376168727875	8.664011
63.1532368659973	8.139084
63.1688668727875	7.794811
63.1844968795776	7.566029
63.2001168727875	7.364735
63.2157468795776	7.114752
63.2313668727875	6.721338
63.2469968795776	6.140507
63.2626168727875	5.363846
63.2782468795776	4.376322
63.2938768863678	3.197292
63.3094968795776	1.868763
63.3251268863678	0.457262
63.3407468795776	-0.9235744
63.3563768863678	-2.150507
63.3719968795776	-3.19475
63.3876268863678	-4.133142
63.403256893158	-5.152115
63.4188768863678	-6.442659
63.434506893158	-8.091331
63.4501268863678	-9.973934
63.465756893158	-11.80844
63.4813768863678	-13.26237
63.497006893158	-14.16037
63.5126368999481	-14.54704
63.528256893158	-14.68978
63.5438868999481	-14.95729
63.559506893158	-15.65459
63.5751368999481	-16.87534
63.590756893158	-18.487
63.6063868999481	-20.15081
63.6220169067383	-21.44717
63.6376368999481	-21.97369
63.6532669067383	-21.41538
63.6688868999481	-19.59328
63.6845169067383	-16.49872
63.7001368999481	-12.32961
63.7157669067383	-7.44055
63.7313969135284	-2.306601
63.7470169067383	2.594442
63.7626469135284	6.926039
63.7782669067383	10.55196
63.7938969135284	13.56838
63.8095169067383	16.24275
63.8251469135284	18.80685
63.8407769203186	21.33676
63.8563969135284	23.7128
63.8720269203186	25.63047
63.8876469135284	26.78235
63.9032769203186	27.02076
63.9188969135284	26.41153
63.9345269203186	25.17396
63.9501569271088	23.612
63.9657769203186	21.96089
63.9814069271088	20.33518
63.9970269203186	18.79716
64.0126569271088	17.35289
64.0282769203186	16.02296
64.0439069271088	14.82979
64.0595369338989	13.74902
64.0751569271088	12.65358
64.0907869338989	11.37229
64.1064069271088	9.754763
64.1220369338989	7.734211
64.1376569271088	5.376652
64.1532869338989	2.849846
64.1689169406891	0.3869743
64.1845369338989	-1.821039
64.2001669406891	-3.681702
64.2157869338989	-5.201899
64.2314169406891	-6.498014
64.2470369338989	-7.733892
64.2626669406891	-9.089861
64.2782969474792	-10.65263
64.2939169406891	-12.42209
64.3095469474792	-14.26715
64.3251669406891	-16.00096
64.3407969474792	-17.46128
64.3564169406891	-18.54955
64.3720469474792	-19.32368
64.3876769542694	-19.96105
64.4032969474792	-20.70898
64.4189269542694	-21.76666
64.4345469474792	-23.24997
64.4501769542694	-25.13778
64.4657969474792	-27.22391
64.4814269542694	-29.18854
64.4970569610596	-30.59056
64.5126769542694	-30.96408
64.5283069610596	-29.94108
64.5439269542694	-27.389
64.5595569610596	-23.43323
64.5751769542694	-18.49416
64.5908069610596	-13.16125
64.6064369678497	-7.963914
64.6220569610596	-3.262315
64.6376869678497	0.8399734
64.6533069610596	4.426709
64.6689369678497	7.705362
64.6845569610596	10.82948
64.7001869678497	13.83967
64.7158169746399	16.63529
64.7314369678497	19.00388
64.7470669746399	20.72258
64.7626869678497	21.63255
64.7783169746399	21.6984
64.7939369678497	21.0374
64.8095669746399	19.88359
64.8251969814301	18.49585
64.8408169746399	17.11356
64.8564469814301	15.87273
64.8720669746399	14.8116
64.8876969814301	13.93848
64.9033169746399	13.22621
64.9189469814301	12.66742
64.9345769882202	12.2463
64.9501969814301	11.87775
64.9658269882202	11.40679
64.9814469814301	10.63999
64.9970769882202	9.43906
65.0126969814301	7.818919
65.0283269882202	5.965137
65.0439569950104	4.146838
65.0595769882202	2.622355
65.0752069950104	1.485116
65.0908269882202	0.6245494
65.1064569950104	-0.2142735
65.1220769882202	-1.291666
65.1377069950104	-2.745481
65.1533370018005	-4.547639
65.1689569950104	-6.473683
65.1845870018005	-8.275938
65.2002069950104	-9.773256
65.2158370018005	-10.95536
65.2314670085907	-11.92723
65.2470870018005	-12.93075
65.2627170085907	-14.17872
65.2783370018005	-15.81929
65.2939670085907	-17.8856
65.3095870018005	-20.22964
65.3252170085907	-22.56997
65.3408470153809	-24.50331
65.3564670085907	-25.60872
65.3720970153809	-25.52427
65.3877170085907	-24.07009
65.4033470153809	-21.27866
65.4189670085907	-17.41745
65.4345970153809	-12.87009
65.450227022171	-8.040318
65.4658470153809	-3.240147
65.481477022171	1.329702
65.4970970153809	5.55094
65.512727022171	9.360153
65.5283470153809	12.73063
65.543977022171	15.67789
65.5596070289612	18.22326
65.575227022171	20.37246
65.5908570289612	22.06643
65.606477022171	23.1972
65.6221070289612	23.6483
65.637727022171	23.39398
65.6533570289612	22.51701
65.6689870357513	21.22606
65.6846070289612	19.76918
65.7002370357513	18.35257
65.7158570289612	17.0599
65.7314870357513	15.91392
65.7471070289612	14.90402
65.7627370357513	14.04096
65.7783670425415	13.3762
65.7939870357513	12.90539
65.8096170425415	12.54723
65.8252370357513	12.13109
65.8408670425415	11.46407
65.8564870357513	10.40133
65.8721170425415	8.949572
65.8877470493317	7.241681
65.9033670425415	5.516912
65.9189970493317	4.002597
65.9346170425415	2.871409
65.9502470493317	2.121817
65.9658670425415	1.641205
65.9814970493317	1.233987
65.9971270561218	0.6723108
66.0127470493317	-0.2206826
66.0283770561218	-1.524794
66.0439970493317	-3.188945
66.0596270561218	-5.064311
66.0752470493317	-6.932928
66.0908770561218	-8.627363
66.1065068244934	-10.05718
66.1221270561218	-11.22675
66.1377568244934	-12.23374
66.1533770561218	-13.22609
66.1690068244934	-14.37552
66.1846270561218	-15.80019
66.2002568244934	-17.5134
66.2158868312836	-19.34619
66.2315068244934	-20.96051
66.2471368312836	-21.89511
66.2627568244934	-21.73224
66.2783868312836	-20.23979
66.2940068244934	-17.45707
66.3096368312836	-13.71667
66.3252668380737	-9.512308
66.3408868312836	-5.345894
66.3565168380737	-1.561601
66.3721368312836	1.684522
66.3877668380737	4.427393
66.4033868312836	6.794878
66.4190168380737	8.913985
66.4346468448639	10.87264
66.4502668380737	12.65672
66.4658968448639	14.17672
66.4815168380737	15.28222
66.4971468448639	15.8568
66.5127668380737	15.81634
66.5283968448639	15.20084
66.5440268516541	14.14502
66.5596468448639	12.8133
66.5752768516541	11.4159
66.5908968448639	10.10288
66.6065268516541	8.925138
66.6221468448639	7.879405
66.6377768516541	6.897192
66.6534068584442	5.941218
66.6690268516541	5.012174
66.6846568584442	4.211187
66.7002768516541	3.629653
66.7159068584442	3.346637
66.7315268516541	3.305421
66.7471568584442	3.318634
66.7627868652344	3.182989
66.7784068584442	2.738056
66.7940368652344	1.982199
66.8096568584442	1.084595
66.8252868652344	0.2769036
66.8409068584442	-0.2901134
66.8565368652344	-0.6161871
66.8721668720245	-0.8486309
66.8877868652344	-1.200398
66.9034168720245	-1.841217
66.9190368652344	-2.795163
66.9346668720245	-3.979817
66.9502868652344	-5.215569
66.9659168720245	-6.323269
66.9815468788147	-7.200329
66.9971668720245	-7.788367
67.0127968788147	-8.091043
67.0284168720245	-8.168479
67.0440468788147	-8.088852
67.0596668720245	-7.980939
67.0752968788147	-7.997741
67.0909268856049	-8.258053
67.1065468788147	-8.824911
67.1221768856049	-9.662174
67.1377968788147	-10.59799
67.1534268856049	-11.3617
67.1690468788147	-11.68966
67.1846768856049	-11.36699
67.200306892395	-10.37541
67.2159268856049	-8.833509
67.231556892395	-6.949185
67.2471768856049	-4.974583
67.262806892395	-3.043054
67.2784268856049	-1.146129
67.294056892395	0.8208981
67.3096868991852	2.936369
67.325306892395	5.2104
67.3409368991852	7.483576
67.356556892395	9.489857
67.3721868991852	10.97056
67.387806892395	11.74972
67.4034368991852	11.81231
67.4190669059753	11.29438
67.4346868991852	10.4124
67.4503169059753	9.357519
67.4659368991852	8.296423
67.4815669059753	7.323462
67.4971868991852	6.50386
67.5128169059753	5.900225
67.5284469127655	5.530205
67.5440669059753	5.395382
67.5596969127655	5.455475
67.5753169059753	5.671833
67.5909469127655	5.965172
67.6065669059753	6.283484
67.6221969127655	6.565615
67.6378269195557	6.764601
67.6534469127655	6.891645
67.6690769195557	6.971533
67.6846969127655	7.089745
67.7003269195557	7.334146
67.7159469127655	7.75017
67.7315769195557	8.285957
67.7472069263458	8.820641
67.7628269195557	9.171707
67.7784569263458	9.18375
67.7940769195557	8.796223
67.8097069263458	8.028332
67.825336933136	6.968349
67.8409569263458	5.678373
67.856586933136	4.125128
67.8722069263458	2.144711
67.887836933136	-0.4525871
67.9034569263458	-3.818754
67.919086933136	-7.944969
67.9347169399261	-12.59613
67.950336933136	-17.37319
67.9659669399261	-21.74935
67.981586933136	-25.22158
67.9972169399261	-27.39841
68.012836933136	-28.06214
68.0284669399261	-27.18066
68.0440969467163	-24.88743
68.0597169399261	-21.50069
68.0753469467163	-17.43076
68.0909669399261	-13.16963
68.1065969467163	-9.139236
68.1222169399261	-5.612667
68.1378469467163	-2.644066
68.1534769535065	-0.0893631
68.1690969467163	2.256611
68.1847269535065	4.532967
68.2003469467163	6.72047
68.2159769535065	8.677593
68.2315969467163	10.19631
68.2472269535065	11.1621
68.2628569602966	11.58743
68.2784769535065	11.63732
68.2941069602966	11.52176
68.3097269535065	11.39481
68.3253569602966	11.24998
68.3409769535065	10.98296
68.3566069602966	10.44571
68.3722369670868	9.514118
68.3878569602966	8.178417
68.4034869670868	6.516491
68.4191069602966	4.679508
68.4347369670868	2.837624
68.4503569602966	1.103954
68.4659869670868	-0.4774895
68.481616973877	-1.915279
68.4972369670868	-3.232372
68.512866973877	-4.453449
68.5284869670868	-5.562054
68.544116973877	-6.512802
68.5597369670868	-7.268009
68.575366973877	-7.82888
68.5909969806671	-8.275837
68.606616973877	-8.716133
68.6222469806671	-9.26754
68.637866973877	-9.97715
68.6534969806671	-10.79698
68.669116973877	-11.64981
68.6847469806671	-12.45569
68.7003769874573	-13.20301
68.7159969806671	-13.9375
68.7316269874573	-14.76709
68.7472469806671	-15.79375
68.7628769874573	-17.06406
68.7784969806671	-18.52876
68.7941269874573	-19.98764
68.8097569942474	-21.13877
68.8253769874573	-21.63114
68.8410069942474	-21.14115
68.8566269874573	-19.50407
68.8722569942474	-16.78056
68.8878769874573	-13.27868
68.9035069942474	-9.431599
68.9191370010376	-5.654404
68.9347569942474	-2.164444
68.9503870010376	1.052761
68.9660069942474	4.18819
68.9816370010376	7.470715
68.9972569942474	10.99916
69.0128870010376	14.68234
69.0285170078278	18.22924
69.0441370010376	21.30058
69.0597670078278	23.59989
69.0753870010376	25.01797
69.0910170078278	25.62221
69.1066370010376	25.61657
69.1222670078278	25.26175
69.1378970146179	24.7422
69.1535170078278	24.1414
69.1691470146179	23.41737
69.1847670078278	22.5214
69.2003970146179	21.422
69.2160170078278	20.20334
69.2316470146179	19.01581
69.2472770214081	17.98723
69.2628970146179	17.16579
69.2785270214081	16.45791
69.2941470146179	15.66179
69.3097770214081	14.6034
69.3253970146179	13.19815
69.3410270214081	11.51649
69.3566570281982	9.736988
69.3722770214081	8.051903
69.3879070281982	6.566856
69.4035270214081	5.278843
69.4191570281982	4.067394
69.4347770214081	2.751968
69.4504070281982	1.182365
69.4660370349884	-0.7400589
69.4816570281982	-3.063255
69.4972870349884	-5.778923
69.5129070281982	-8.858143
69.5285370349884	-12.26366
69.5441570281982	-15.91596
69.5597870349884	-19.74289
69.5754170417786	-23.67414
69.5910370349884	-27.64434
69.6066670417786	-31.60461
69.6222870349884	-35.49604
69.6379170417786	-39.1685
69.6535370349884	-42.36839
69.6691670417786	-44.75587
69.6847970485687	-45.95787
69.7004170417786	-45.68114
69.7160470485687	-43.81277
69.7316670417786	-40.46516
69.7472970485687	-35.99382
69.7629170417786	-30.95174
69.7785470485687	-25.91433
69.7941770553589	-21.38255
69.8097970485687	-17.6287
69.8254270553589	-14.65841
69.8410470485687	-12.26963
69.8566770553589	-10.19311
69.8722970485687	-8.238773
69.8879270553589	-6.371872
69.9035568237305	-4.70393
69.9191770553589	-3.350056
69.9348068237305	-2.358223
69.9504270553589	-1.656342
69.9660568237305	-1.09898
69.9816770553589	-0.5718689
69.9973068237305	-0.03581238
70.0129368305206	0.50704
70.0285568237305	1.080923
70.0441868305206	1.786753
70.0598068237305	2.792385
70.0754368305206	4.213671
70.0910668373108	6.044594
70.1066868305206	8.147966
70.1223168373108	10.23314
70.1379368305206	12.01076
70.1535668373108	13.24528
70.1691868305206	13.82972
70.1848168373108	13.79054
70.200446844101	13.28488
70.2160668373108	12.50502
70.231696844101	11.63599
70.2473168373108	10.79443
70.262946844101	9.958439
70.2785668373108	9.004493
70.294196844101	7.779949
70.3098268508911	6.188788
70.325446844101	4.243474
70.3410768508911	2.102941
70.356696844101	-0.03249931
70.3723268508911	-2.013291
70.387946844101	-3.803306
70.4035768508911	-5.46672
70.4192068576813	-7.134617
70.4348268508911	-8.931976
70.4504568576813	-10.92292
70.4660768508911	-13.12096
70.4817068576813	-15.40292
70.4973268508911	-17.546
70.5129568576813	-19.21621
70.5285868644714	-20.04687
70.5442068576813	-19.70723
70.5598368644714	-18.03253
70.5754568576813	-15.09913
70.5910868644714	-11.20237
70.6067068576813	-6.789757
70.6223368644714	-2.285812
70.6379668712616	1.982433
70.6535868644714	5.890694
70.6692168712616	9.454308
70.6848368644714	12.75309
70.7004668712616	15.84855
70.7160868644714	18.6981
70.7317168712616	21.18257
70.7473468780518	23.13227
70.7629668712616	24.42647
70.7785968780518	24.96353
70.7942168712616	24.7718
70.8098468780518	23.96587
70.8254668712616	22.72869
70.8410968780518	21.29332
70.8567268848419	19.87261
70.8723468780518	18.64918
70.8879768848419	17.6886
70.9035968780518	16.97112
70.9192268848419	16.41098
70.9348468780518	15.89854
70.9504768848419	15.32273
70.9661068916321	14.55751
70.9817268848419	13.48849
70.9973568916321	12.03068
71.0129768848419	10.18032
71.0286068916321	8.040794
71.0442268848419	5.850197
71.0598568916321	3.857697
71.0754868984222	2.226723
71.0911068916321	0.954422
71.1067368984222	-0.1621094
71.1223568916321	-1.402481
71.1379868984222	-3.011856
71.1536068916321	-5.035248
71.1692368984222	-7.322105
71.1848669052124	-9.570786
71.2004868984222	-11.4742
71.2161169052124	-12.83531
71.2317368984222	-13.70718
71.2473669052124	-14.31811
71.2629868984222	-14.99928
71.2786169052124	-16.08463
71.2942469120026	-17.76972
71.3098669052124	-20.04043
71.3254969120026	-22.63147
71.3411169052124	-25.07644
71.3567469120026	-26.79176
71.3723669052124	-27.24621
71.3879969120026	-26.05022
71.4036269187927	-23.14001
71.4192469120026	-18.7716
71.4348769187927	-13.47314
71.4504969120026	-7.878151
71.4661269187927	-2.529129
71.4817469120026	2.256477
71.4973769187927	6.4506
71.5130069255829	10.18618
71.5286269187927	13.6578
71.5442569255829	16.92675
71.5598769187927	19.92289
71.5755069255829	22.44982
71.5911269187927	24.32054
71.6067569255829	25.42374
71.622386932373	25.77296
71.6380069255829	25.4672
71.653636932373	24.65907
71.6692569255829	23.54045
71.684886932373	22.26106
71.7005069255829	20.95753
71.716136932373	19.71332
71.7317669391632	18.53275
71.747386932373	17.35171
71.7630169391632	16.14171
71.778636932373	14.91305
71.7942669391632	13.7333
71.809886932373	12.68535
71.8255169391632	11.76777
71.8411469459534	10.88203
71.8567669391632	9.861038
71.8723969459534	8.55056
71.8880169391632	6.919693
71.9036469459534	5.111176
71.9192669391632	3.365837
71.9348969459534	1.895103
71.9505269527435	0.7791443
71.9661469459534	-0.1077881
71.9817769527435	-0.9834213
71.9973969459534	-2.055992
72.0130269527435	-3.441444
72.0286469459534	-5.120804
72.0442769527435	-6.988777
72.0599069595337	-8.899246
72.0755269527435	-10.72076
72.0911569595337	-12.34893
72.1067769527435	-13.78268
72.1224069595337	-15.07373
72.1380269527435	-16.35792
72.1536569595337	-17.85168
72.1692869663239	-19.701
72.1849069595337	-21.92227
72.2005369663239	-24.25761
72.2161569595337	-26.25076
72.2317869663239	-27.30186
72.247416973114	-26.95055
72.2630369663239	-24.9873
72.278666973114	-21.52982
72.2942869663239	-16.97885
72.309916973114	-11.83199
72.3255369663239	-6.54911
72.341166973114	-1.448761
72.3567969799042	3.284027
72.372416973114	7.601418
72.3880469799042	11.50037
72.403666973114	15.01488
72.4192969799042	18.16766
72.434916973114	20.95482
72.4505469799042	23.30668
72.4661769866943	25.06637
72.4817969799042	26.06884
72.4974269866943	26.20225
72.5130469799042	25.53905
72.5286769866943	24.29637
72.5442969799042	22.80669
72.5599269866943	21.34628
72.5755569934845	20.0554
72.5911769866943	18.93744
72.6068069934845	17.90262
72.6224269866943	16.90034
72.6380569934845	15.94795
72.6536769866943	15.12378
72.6693069934845	14.4418
72.6849370002747	13.82673
72.7005569934845	13.08637
72.7161870002747	12.00658
72.7318069934845	10.49826
72.7474370002747	8.621803
72.7630569934845	6.597588
72.7786870002747	4.652496
72.7943170070648	2.963341
72.8099370002747	1.530357
72.8255670070648	0.2792892
72.8411870002747	-0.9311218
72.8568170070648	-2.224815
72.8724370002747	-3.658386
72.8880670070648	-5.260757
72.903697013855	-7.005554
72.9193170070648	-8.839874
72.934947013855	-10.66891
72.9505670070648	-12.38682
72.966197013855	-13.91114
72.9818170070648	-15.18156
72.997447013855	-16.26786
73.0130770206451	-17.32318
73.028697013855	-18.59164
73.0443270206451	-20.26814
73.059947013855	-22.40673
73.0755770206451	-24.81255
73.091197013855	-27.07527
73.1068270206451	-28.6465
73.1224570274353	-28.96059
73.1380770206451	-27.69158
73.1537070274353	-24.77678
73.1693270206451	-20.50929
73.1849570274353	-15.37067
73.2005770206451	-9.862427
73.2162070274353	-4.407738
73.2318370342255	0.778862
73.2474570274353	5.603516
73.2630870342255	10.02702
73.2787070274353	13.96152
73.2943370342255	17.33832
73.3099570274353	20.04314
73.3255870342255	22.04197
73.3412170410156	23.3615
73.3568370342255	24.05359
73.3724670410156	24.23151
73.3880870342255	23.96189
73.4037170410156	23.31667
73.4193370342255	22.35661
73.4349670410156	21.17686
73.4505970478058	19.84313
73.4662170410156	18.42886
73.4818470478058	17.00951
73.4974670410156	15.67456
73.5130970478058	14.52108
73.5287170410156	13.58479
73.5443470478058	12.82411
73.5599770545959	12.08933
73.5755970478058	11.16831
73.5912270545959	9.858498
73.6068470478058	8.063805
73.6224770545959	5.871887
73.6380970478058	3.523773
73.6537270545959	1.326401
73.6693568229675	-0.4673386
73.6849770545959	-1.738838
73.7006068229675	-2.533394
73.7162270545959	-3.050995
73.7318568229675	-3.536011
73.7474770545959	-4.21328
73.7631068229675	-5.19355
73.7787368297577	-6.46801
73.7943568229675	-7.92382
73.8099868297577	-9.390877
73.8256068229675	-10.72928
73.8412368297577	-11.86245
73.8568568229675	-12.81573
73.8724868297577	-13.68356
73.8881168365479	-14.59669
73.9037368297577	-15.67362
73.9193668365479	-16.97771
73.9349868297577	-18.49754
73.9506168365479	-20.12725
73.9662368297577	-21.64978
73.9818668365479	-22.73127
73.997496843338	-22.94723
74.0131168365479	-21.89627
74.028746843338	-19.35815
74.0443668365479	-15.41548
74.059996843338	-10.45907
74.0756168365479	-5.109505
74.091246843338	0.04698944
74.1068768501282	4.627388
74.122496843338	8.561928
74.1381268501282	12.00984
74.153746843338	15.16763
74.1693768501282	18.11045
74.184996843338	20.71476
74.2006268501282	22.72177
74.2162568569183	23.87843
74.2318768501282	24.10588
74.2475068569183	23.50256
74.2631268501282	22.31896
74.2787568569183	20.87449
74.2943768501282	19.42033
74.3100068569183	18.10303
74.3256368637085	16.94148
74.3412568569183	15.88103
74.3568868637085	14.84912
74.3725068569183	13.82702
74.3881368637085	12.84417
74.4037568569183	11.9894
74.4193868637085	11.35378
74.4350168704987	10.96465
74.4506368637085	10.70408
74.4662668704987	10.32664
74.4818868637085	9.522133
74.4975168704987	8.078644
74.5131368637085	5.983406
74.5287668704987	3.444908
74.5443968772888	0.8202133
74.5600168704987	-1.51664
74.5756468772888	-3.349152
74.5912668704987	-4.676842
74.6068968772888	-5.710022
74.6225168704987	-6.713921
74.6381468772888	-7.863297
74.653776884079	-9.183929
74.6693968772888	-10.58454
74.685026884079	-11.91889
74.7006468772888	-13.078
74.716276884079	-14.03174
74.7318968772888	-14.79701
74.747526884079	-15.48413
74.7631568908691	-16.19693
74.778776884079	-17.03552
74.7944068908691	-18.09263
74.810026884079	-19.42138
74.8256568908691	-20.98374
74.841276884079	-22.64024
74.8569068908691	-24.14558
74.8725368976593	-25.10988
74.8881568908691	-25.16696
74.9037868976593	-24.01939
74.9194068908691	-21.60319
74.9350368976593	-18.06519
74.9506669044495	-13.76141
74.9662868976593	-9.112434
74.9819169044495	-4.498608
74.9975368976593	-0.2161522
75.0131669044495	3.602295
75.0287868976593	6.885139
75.0444169044495	9.604099
75.0600469112396	11.747
75.0756669044495	13.31201
75.0912969112396	14.36044
75.1069169044495	14.96271
75.1225469112396	15.21119
75.1381669044495	15.14811
75.1537969112396	14.782
75.1694269180298	14.08926
75.1850469112396	13.0574
75.2006769180298	11.75211
75.2162969112396	10.3035
75.2319269180298	8.928829
75.2475469112396	7.834728
75.2631769180298	7.137199
75.2788069248199	6.828205
75.2944269180298	6.763237
75.3100569248199	6.701572
75.3256769180298	6.414143
75.3413069248199	5.766174
75.3569269180298	4.778961
75.3725569248199	3.607738
75.3881869316101	2.468662
75.4038069248199	1.556683
75.4194369316101	0.9788132
75.4350569248199	0.7065163
75.4506869316101	0.5939217
75.4663069248199	0.398037
75.4819369316101	-0.1278648
75.4975669384003	-1.173431
75.5131869316101	-2.74234
75.5288169384003	-4.64365
75.5444369316101	-6.564777
75.5600669384003	-8.190632
75.5756869316101	-9.320576
75.5913169384003	-9.948818
75.6069469451904	-10.26244
75.6225669384003	-10.54036
75.6381969451904	-11.08166
75.6538169384003	-12.06256
75.6694469451904	-13.50117
75.6850669384003	-15.24477
75.7006969451904	-17.00391
75.7163269519806	-18.3942
75.7319469451904	-19.02863
75.7475769519806	-18.56695
75.7631969451904	-16.85189
75.7788269519806	-13.96505
75.7944469451904	-10.2131
75.8100769519806	-6.068716
75.8257069587708	-1.986416
75.8413269519806	1.683485
75.8569569587708	4.807489
75.8725769519806	7.41419
75.8882069587708	9.641027
75.9038269519806	11.61812
75.9194569587708	13.38553
75.9350869655609	14.88849
75.9507069587708	15.99626
75.9663369655609	16.58451
75.9819569587708	16.5942
75.9975869655609	16.07176
76.0132069587708	15.13389
76.0288369655609	13.96865
76.0444669723511	12.76435
76.0600869655609	11.66835
76.0757169723511	10.79259
76.0913369655609	10.1831
76.1069669723511	9.829206
76.1225869655609	9.691307
76.1382169723511	9.703642
76.1538469791412	9.754995
76.1694669723511	9.722992
76.1850969791412	9.48555
76.2007169723511	8.938249
76.2163469791412	8.04397
76.2319669723511	6.833913
76.2475969791412	5.447108
76.2632269859314	4.081796
76.2788469791412	2.990713
76.2944769859314	2.331044
76.3100969791412	2.105387
76.3257269859314	2.144619
76.3413469791412	2.134954
76.3569769859314	1.814114
76.3726069927216	1.018184
76.3882269859314	-0.2239566
76.4038569927216	-1.755368
76.4194769859314	-3.403019
76.4351069927216	-5.057278
76.4507269859314	-6.725797
76.4663569927216	-8.453443
76.4819869995117	-10.30786
76.4976069927216	-12.29079
76.5132369995117	-14.41254
76.5288569927216	-16.6612
76.5444869995117	-19.03222
76.5601069927216	-21.44842
76.5757369995117	-23.69739
76.5913670063019	-25.40292
76.6069869995117	-26.13052
76.6226170063019	-25.57871
76.6382369995117	-23.6788
76.6538670063019	-20.69111
76.6694869995117	-17.049
76.6851170063019	-13.22183
76.700747013092	-9.560998
76.7163670063019	-6.201867
76.731997013092	-3.114327
76.7476170063019	-0.1877651
76.763247013092	2.617625
76.7788670063019	5.279969
76.794497013092	7.69669
76.8101270198822	9.725903
76.825747013092	11.28179
76.8413770198822	12.31631
76.856997013092	12.858
76.8726270198822	12.93604
76.888247013092	12.62066
76.9038770198822	11.97126
76.9195070266724	11.07296
76.9351270198822	10.06285
76.9507570266724	9.077208
76.9663770198822	8.248924
76.9820070266724	7.635653
76.9976270198822	7.208575
77.0132570266724	6.836905
77.0288870334625	6.360504
77.0445070266724	5.663895
77.0601370334625	4.688085
77.0757570266724	3.45195
77.0913870334625	2.029072
77.1070170402527	0.5428333
77.1226370334625	-0.8737659
77.1382670402527	-2.105976
77.1538870334625	-3.121929
77.1695170402527	-3.950581
77.1851370334625	-4.702042
77.2007670402527	-5.550777
77.2163970470428	-6.619707
77.2320170402527	-7.99297
77.2476470470428	-9.623487
77.2632670402527	-11.38656
77.2788970470428	-13.14557
77.2945170402527	-14.76837
77.3101470470428	-16.1922
77.325777053833	-17.41753
77.3413970470428	-18.54238
77.357027053833	-19.65997
77.3726470470428	-20.91038
77.388277053833	-22.38994
77.4038970470428	-24.09891
77.419527053833	-25.90468
77.4351568222046	-27.55035
77.450777053833	-28.6857
77.4664068222046	-28.97304
77.482027053833	-28.15605
77.4976568222046	-26.10783
77.513277053833	-22.91882
77.5289068222046	-18.87157
77.5445368289948	-14.35098
77.5601568222046	-9.723744
77.5757868289948	-5.282715
77.5914068222046	-1.159907
77.6070368289948	2.62192
77.6226568222046	6.108109
77.6382868289948	9.364292
77.6539168357849	12.3613
77.6695368289948	15.01576
77.6851668357849	17.21727
77.7007868289948	18.85534
77.7164168357849	19.89595
77.7320368289948	20.40108
77.7476668357849	20.50864
77.7632968425751	20.39181
77.7789168357849	20.20869
77.7945468425751	20.0836
77.8101668357849	20.03761
77.8257968425751	20.04822
77.8414168357849	20.02827
77.8570468425751	19.89664
77.8726768493652	19.59717
77.8882968425751	19.13921
77.9039268493652	18.57152
77.9195468425751	17.94197
77.9351768493652	17.27813
77.9507968425751	16.52753
77.9664268493652	15.59785
77.9820568561554	14.40254
77.9976768493652	12.95671
78.0133068561554	11.37426
78.0289268493652	9.844899
78.0445568561554	8.500935
78.0601768493652	7.332986
78.0758068561554	6.171137
78.0914368629456	4.724109
78.1070568561554	2.762366
78.1226868629456	0.2380913
78.1383068561554	-2.666087
78.1539368629456	-5.588562
78.1695568561554	-8.20458
78.1851868629456	-10.3349
78.2008168697357	-12.02987
78.2164368629456	-13.46637
78.2320668697357	-14.83668
78.2476868629456	-16.23412
78.2633168697357	-17.65971
78.2789368629456	-19.08674
78.2945668697357	-20.43892
78.3101968765259	-21.63818
78.3258168697357	-22.50971
78.3414468765259	-22.80195
78.3570668697357	-22.20701
78.3726968765259	-20.50753
78.3883168697357	-17.69205
78.4039468765259	-13.95642
78.419576883316	-9.707908
78.4351968765259	-5.310616
78.450826883316	-1.019881
78.4664468765259	3.080807
78.482076883316	6.983335
78.4976968765259	10.66432
78.513326883316	14.02572
78.5289568901062	16.92694
78.544576883316	19.27723
78.5602068901062	21.03171
78.575826883316	22.27605
78.5914568901062	23.08189
78.607076883316	23.51772
78.6227068901062	23.61415
78.6383368968964	23.33483
78.6539568901062	22.66285
78.6695868968964	21.58031
78.6852068901062	20.11971
78.7008368968964	18.28949
78.7164568901062	16.10747
78.7320868968964	13.58713
78.7477169036865	10.80683
78.7633368968964	7.937121
78.7789669036865	5.202129
78.7945868968964	2.837028
78.8102169036865	0.9533234
78.8258368968964	-0.482955
78.8414669036865	-1.634725
78.8570969104767	-2.710284
78.8727169036865	-3.84519
78.8883469104767	-5.050707
78.9039669036865	-6.188074
78.9195969104767	-7.096347
78.9352169036865	-7.653933
78.9508469104767	-7.884281
78.9664769172668	-7.943562
78.9820969104767	-8.032266
78.9977269172668	-8.323293
79.0133469104767	-8.874816
79.0289769172668	-9.659792
79.0445969104767	-10.56812
79.0602269172668	-11.50651
79.075856924057	-12.38118
79.0914769172668	-13.19436
79.107106924057	-14.02829
79.1227269172668	-15.03238
79.138356924057	-16.38111
79.1539769172668	-18.19046
79.169606924057	-20.44768
79.1852369308472	-22.90887
79.200856924057	-25.15705
79.2164869308472	-26.65127
79.232106924057	-26.93145
79.2477369308472	-25.75291
79.263356924057	-23.15092
79.2789869308472	-19.40051
79.2946169376373	-14.90019
79.3102369308472	-10.0343
79.3258669376373	-5.125486
79.3414869308472	-0.4287224
79.3571169376373	3.855764
79.3727469444275	7.580485
79.3883669376373	10.63433
79.4039969444275	12.99732
79.4196169376373	14.68183
79.4352469444275	15.7422
79.4508669376373	16.20309
79.4664969444275	16.09098
79.4821269512177	15.44083
79.4977469444275	14.31767
79.5133769512177	12.8385
79.5289969444275	11.14104
79.5446269512177	9.34813
79.5602469444275	7.552398
79.5758769512177	5.860285
79.5915069580078	4.392196
79.6071269512177	3.310231
79.6227569580078	2.739779
79.6383769512177	2.690257
79.6540069580078	3.043097
79.6696269512177	3.55642
79.6852569580078	3.945518
79.700886964798	3.998739
79.7165069580078	3.605963
79.732136964798	2.776292
79.7477569580078	1.624536
79.763386964798	0.2868867
79.7790069580078	-1.081818
79.794636964798	-2.361783
79.8102669715881	-3.492095
79.825886964798	-4.480818
79.8415169715881	-5.416453
79.857136964798	-6.445362
79.8727669715881	-7.688526
79.888386964798	-9.17443
79.9040169715881	-10.79206
79.9196469783783	-12.33407
79.9352669715881	-13.5759
79.9508969783783	-14.4234
79.9665169715881	-14.91928
79.9821469783783	-15.26324
79.9977669715881	-15.73906
80.0133969783783	-16.58889
80.0290269851685	-17.91816
80.0446469783783	-19.69796
80.0602769851685	-21.73125
80.0758969783783	-23.66804
80.0915269851685	-25.0838
80.1071469783783	-25.52247
80.1227769851685	-24.61384
80.1384069919586	-22.19347
80.1540269851685	-18.42335
80.1696569919586	-13.70727
80.1852769851685	-8.646058
80.2009069919586	-3.788184
80.2165269851685	0.5725126
80.2321569919586	4.419941
80.2477869987488	7.980129
80.2634069919586	11.47109
80.2790369987488	14.9654
80.2946569919586	18.27538
80.3102869987488	21.0566
80.3259069919586	22.94884
80.3415369987488	23.74522
80.3571670055389	23.51397
80.3727869987488	22.51766
80.3884170055389	21.13941
80.4040369987488	19.71821
80.4196670055389	18.44391
80.4352869987488	17.33943
80.4509170055389	16.34722
80.4665470123291	15.40128
80.4821670055389	14.48132
80.4977970123291	13.6144
80.5134170055389	12.78162
80.5290470123291	11.92082
80.5446670055389	10.92313
80.5602970123291	9.663399
80.5759270191193	8.089432
80.5915470123291	6.271427
80.6071770191193	4.383705
80.6227970123291	2.60257
80.6384270191193	1.050018
80.6540470123291	-0.3388138
80.6696770191193	-1.711346
80.6853070259094	-3.231045
80.7009270191193	-5.036018
80.7165570259094	-7.103035
80.7321770191193	-9.33223
80.7478070259094	-11.53967
80.7634270191193	-13.57889
80.7790570259094	-15.33369
80.7946870326996	-16.82776
80.8103070259094	-18.17249
80.8259370326996	-19.53292
80.8415570259094	-21.13522
80.8571870326996	-23.10197
80.8728070259094	-25.4505
80.8884370326996	-28.01174
80.9040670394897	-30.441
80.9196870326996	-32.256
80.9353170394897	-33.0183
80.9509370326996	-32.39139
80.9665670394897	-30.21955
80.9821870326996	-26.57882
80.9978170394897	-21.70763
81.0134470462799	-15.9481
81.0290670394897	-9.700413
81.0446970462799	-3.37471
81.0603170394897	2.726547
81.0759470462799	8.384933
81.0915670394897	13.48804
81.1071970462799	17.99653
81.1228270530701	21.85926
81.1384470462799	24.98831
81.1540770530701	27.255
81.1696970462799	28.54704
81.1853270530701	28.83647
81.2009470462799	28.26405
81.2165770530701	27.07961
81.2322070598602	25.58028
81.2478270530701	23.99338
81.2634570598602	22.39463
81.2790770530701	20.75656
81.2947070598602	19.03177
81.3103270530701	17.2234
81.3259570598602	15.41884
81.3415868282318	13.78391
81.3572070598602	12.45354
81.3728368282318	11.48689
81.3884570598602	10.7907
81.4040868282318	10.15884
81.4197070598602	9.353569
81.4353368282318	8.22052
81.450966835022	6.73671
81.4665868282318	5.019463
81.482216835022	3.306931
81.4978368282318	1.784317
81.513466835022	0.5518494
81.5290868282318	-0.4345779
81.544716835022	-1.334496
81.5603468418121	-2.361397
81.575966835022	-3.673546
81.5915968418121	-5.335297
81.607216835022	-7.294212
81.6228468418121	-9.438751
81.638466835022	-11.67361
81.6540968418121	-13.92466
81.6697268486023	-16.20461
81.6853468418121	-18.54101
81.7009768486023	-20.98825
81.7165968418121	-23.56931
81.7322268486023	-26.22431
81.7478468418121	-28.77722
81.7634768486023	-30.87196
81.7791068553925	-32.1005
81.7947268486023	-31.98298
81.8103568553925	-30.20284
81.8259768486023	-26.70886
81.8416068553925	-21.75985
81.8572268486023	-15.88916
81.8728568553925	-9.707405
81.8884868621826	-3.758125
81.9041068553925	1.638611
81.9197368621826	6.357445
81.9353568553925	10.49992
81.9509868621826	14.24593
81.9666168689728	17.72676
81.9822368621826	20.99158
81.9978668689728	23.92731
82.0134868621826	26.35235
82.0291168689728	28.07095
82.0447368621826	28.99618
82.0603668689728	29.1263
82.0759968757629	28.58782
82.0916168689728	27.5524
82.1072468757629	26.18243
82.1228668689728	24.62551
82.1384968757629	22.96606
82.1541168689728	21.28521
82.1697468757629	19.63078
82.1853768825531	18.02306
82.2009968757629	16.43829
82.2166268825531	14.8356
82.2322468757629	13.19164
82.2478768825531	11.48936
82.2634968757629	9.772766
82.2791268825531	8.046021
82.2947568893433	6.329193
82.3103768825531	4.657608
82.3260068893433	3.078766
82.3416268825531	1.660172
82.3572568893433	0.4262848
82.3728768825531	-0.6781158
82.3885068893433	-1.848404
82.4041368961334	-3.285065
82.4197568893433	-5.151306
82.4353868961334	-7.412491
82.4510068893433	-9.83728
82.4666368961334	-12.12224
82.4822568893433	-13.99316
82.4978868961334	-15.34206
82.5135169029236	-16.26718
82.5291368961334	-17.0482
82.5447669029236	-18.01559
82.5603868961334	-19.43762
82.5760169029236	-21.41391
82.5916368961334	-23.787
82.6072669029236	-26.17213
82.6228969097137	-27.99879
82.6385169029236	-28.65799
82.6541469097137	-27.68005
82.6697669029236	-24.87482
82.6853969097137	-20.36482
82.7010169029236	-14.57465
82.7166469097137	-8.093048
82.7322769165039	-1.460373
82.7478969097137	4.878159
82.7635269165039	10.67448
82.7791469097137	15.84894
82.7947769165039	20.39922
82.8103969097137	24.31534
82.8260269165039	27.58434
82.8416569232941	30.14832
82.8572769165039	31.88765
82.8729069232941	32.74251
82.8885269165039	32.65129
82.9041569232941	31.6586
82.9197769165039	29.91847
82.9354069232941	27.64813
82.9510369300842	25.13287
82.9666569232941	22.6655
82.9822869300842	20.47142
82.9979069232941	18.67607
83.0135369300842	17.30768
83.0291569232941	16.28624
83.0447869300842	15.4946
83.0604169368744	14.78377
83.0760369300842	14.0069
83.0916669368744	13.0274
83.1072869300842	11.73483
83.1229169368744	10.04434
83.1385369300842	7.964233
83.1541669368744	5.596725
83.1697969436646	3.13707
83.1854169368744	0.8443756
83.2010469436646	-1.092773
83.2166669368744	-2.637222
83.2322969436646	-3.895905
83.2479169368744	-5.075607
83.2635469436646	-6.400772
83.2791769504547	-7.930511
83.2947969436646	-9.543243
83.3104269504547	-11.01321
83.3260469436646	-12.11865
83.3416769504547	-12.76247
83.3572969436646	-13.07422
83.3729269504547	-13.31801
83.3885569572449	-13.80888
83.4041769504547	-14.8027
83.4198069572449	-16.37418
83.4354269504547	-18.4091
83.4510569572449	-20.59337
83.4666769504547	-22.4819
83.4823069572449	-23.57426
83.497936964035	-23.43114
83.5135569572449	-21.8177
83.529186964035	-18.75084
83.5448069572449	-14.50618
83.560436964035	-9.542969
83.5760569572449	-4.347153
83.591686964035	0.708725
83.6073169708252	5.416321
83.622936964035	9.701294
83.6385669708252	13.58244
83.654186964035	17.05338
83.6698169708252	20.04968
83.685436964035	22.45006
83.7010669708252	24.12476
83.7166969776154	24.94603
83.7323169708252	24.86928
83.7479469776154	23.93396
83.7635669708252	22.24739
83.7791969776154	20.01411
83.7948169708252	17.45972
83.8104469776154	14.8541
83.8260769844055	12.4444
83.8416969776154	10.42551
83.8573269844055	8.887039
83.8729469776154	7.833046
83.8885769844055	7.175957
83.9041969776154	6.797684
83.9198269844055	6.587753
83.9354569911957	6.418388
83.9510769844055	6.209923
83.9667069911957	5.890648
83.9823269844055	5.38916
83.9979569911957	4.673431
84.0135769844055	3.765427
84.0292069911957	2.720306
84.0448369979858	1.609673
84.0604569911957	0.4873123
84.0760869979858	-0.672081
84.0917069911957	-1.918755
84.1073369979858	-3.290108
84.1229569911957	-4.790337
84.1385869979858	-6.353859
84.154217004776	-7.898445
84.1698369979858	-9.332153
84.185467004776	-10.63004
84.2010869979858	-11.79057
84.216717004776	-12.86649
84.2323470115662	-13.92102
84.247967004776	-15.046
84.2635970115662	-16.34351
84.279217004776	-17.90258
84.2948470115662	-19.75745
84.310467004776	-21.7992
84.3260970115662	-23.78293
84.3417270183563	-25.30123
84.3573470115662	-25.94495
84.3729770183563	-25.38522
84.3885970115662	-23.49841
84.4042270183563	-20.39957
84.4198470115662	-16.40186
84.4354770183563	-11.93176
84.4511070251465	-7.376213
84.4667270183563	-3.050636
84.4823570251465	0.8739014
84.4979770183563	4.320816
84.5136070251465	7.300537
84.5292270183563	9.864388
84.5448570251465	12.06986
84.5604870319366	13.9229
84.5761070251465	15.37384
84.5917370319366	16.32261
84.6073570251465	16.68324
84.6229870319366	16.45918
84.6386070251465	15.76696
84.6542370319366	14.77501
84.6698670387268	13.70444
84.6854870319366	12.71616
84.7011170387268	11.91222
84.7167370319366	11.3408
84.7323670387268	10.98367
84.7479870319366	10.78221
84.7636170387268	10.65311
84.779247045517	10.44218
84.7948670387268	9.973015
84.810497045517	9.155693
84.8261170387268	7.96563
84.841747045517	6.539482
84.8573670387268	5.066086
84.872997045517	3.716759
84.8886270523071	2.541756
84.904247045517	1.511192
84.9198770523071	0.5327454
84.935497045517	-0.4774017
84.9511270523071	-1.485336
84.966747045517	-2.412506
84.9823770523071	-3.153175
84.9980070590973	-3.653976
85.0136270523071	-3.961884
85.0292570590973	-4.197548
85.0448770523071	-4.511833
85.0605070590973	-5.02726
85.0761270523071	-5.827553
85.0917570590973	-6.960823
85.1073868274689	-8.471512
85.1230070590973	-10.35378
85.1386368274689	-12.48029
85.1542570590973	-14.55519
85.1698868274689	-16.11224
85.1855070590973	-16.66306
85.2011368274689	-15.88267
85.216766834259	-13.75165
85.2323868274689	-10.58303
85.248016834259	-6.902466
85.2636368274689	-3.21376
85.279266834259	0.164711
85.2948868274689	3.131592
85.310516834259	5.772079
85.3261468410492	8.205009
85.341766834259	10.48921
85.3573968410492	12.59094
85.373016834259	14.39874
85.3886468410492	15.76997
85.404266834259	16.60965
85.4198968410492	16.86485
85.4355268478394	16.53745
85.4511468410492	15.65527
85.4667768478394	14.31373
85.4823968410492	12.65259
85.4980268478394	10.82241
85.5136468410492	8.952896
85.5292768478394	7.19342
85.5449068546295	5.648205
85.5605268478394	4.417168
85.5761568546295	3.542789
85.5917768478394	2.987003
85.6074068546295	2.627956
85.6230268478394	2.30064
85.6386568546295	1.823769
85.6542868614197	1.046825
85.6699068546295	-0.07901764
85.6855368614197	-1.509766
85.7011568546295	-3.143749
85.7167868614197	-4.824497
85.7324068546295	-6.399845
85.7480368614197	-7.774502
85.7636668682098	-8.935539
85.7792868614197	-9.963619
85.7949168682098	-10.94491
85.8105368614197	-11.93923
85.8261668682098	-12.93572
85.8417868614197	-13.85634
85.8574168682098	-14.56264
85.873046875	-14.96634
85.8886668682098	-15.09145
85.904296875	-15.09466
85.9199168682098	-15.22643
85.935546875	-15.69873
85.9511668682098	-16.61543
85.966796875	-17.89587
85.9824268817902	-19.30226
85.998046875	-20.46781
86.0136768817902	-21.04075
86.029296875	-20.74591
86.0449268817902	-19.43151
86.060546875	-17.12561
86.0761768817902	-13.98897
86.0918068885803	-10.28953
86.1074268817902	-6.328209
86.1230568885803	-2.383659
86.1386768817902	1.345779
86.1543068885803	4.769085
86.1699268817902	7.848957
86.1855568885803	10.59913
86.2011868953705	12.9978
86.2168068885803	14.95632
86.2324368953705	16.33762
86.2480568885803	16.99966
86.2636868953705	16.86953
86.2793068885803	15.98812
86.2949368953705	14.51161
86.3105669021606	12.69121
86.3261868953705	10.78517
86.3418169021606	9.011742
86.3574368953705	7.53961
86.3730669021606	6.440338
86.3886868953705	5.701424
86.4043169021606	5.245241
86.4199469089508	4.959408
86.4355669021606	4.70224
86.4511969089508	4.345739
86.4668169021606	3.830999
86.4824469089508	3.103308
86.4980669021606	2.172577
86.5136969089508	1.122179
86.529326915741	-0.01817513
86.5449469089508	-1.165066
86.560576915741	-2.244127
86.5761969089508	-3.165216
86.591826915741	-3.877153
86.6074469089508	-4.343548
86.623076915741	-4.620056
86.6387069225311	-4.835861
86.654326915741	-5.110586
86.6699569225311	-5.548668
86.685576915741	-6.165607
86.7012069225311	-6.889914
86.716826915741	-7.62743
86.7324569225311	-8.29908
86.7480869293213	-8.918348
86.7637069225311	-9.593132
86.7793369293213	-10.49103
86.7949569225311	-11.75733
86.8105869293213	-13.44708
86.8262169361115	-15.4696
86.8418369293213	-17.59
86.8574669361115	-19.47589
86.8730869293213	-20.73141
86.8887169361115	-21.0297
86.9043369293213	-20.14928
86.9199669361115	-18.04982
86.9355969429016	-14.87691
86.9512169361115	-10.93332
86.9668469429016	-6.581842
86.9824669361115	-2.182926
86.9980969429016	1.96529
87.0137169361115	5.697746
87.0293469429016	8.972898
87.0449769496918	11.83001
87.0605969429016	14.32599
87.0762269496918	16.46419
87.0918469429016	18.1678
87.1074769496918	19.30182
87.1230969429016	19.7537
87.1387269496918	19.49848
87.1543569564819	18.66557
87.1699769496918	17.5125
87.1856069564819	16.3201
87.2012269496918	15.3056
87.2168569564819	14.50706
87.2324769496918	13.87667
87.2481069564819	13.31067
87.2637369632721	12.75564
87.2793569564819	12.21612
87.2949869632721	11.76691
87.3106069564819	11.45035
87.3262369632721	11.21284
87.3418569564819	10.90344
87.3574869632721	10.32228
87.3731169700623	9.318525
87.3887369632721	7.847412
87.4043669700623	6.004919
87.4199869632721	3.990431
87.4356169700623	2.084793
87.4512369632721	0.4975567
87.4668669700623	-0.6959877
87.4824969768524	-1.584131
87.4981169700623	-2.369915
87.5137469768524	-3.309027
87.5293669700623	-4.577599
87.5449969768524	-6.214851
87.5606169700623	-8.082842
87.5762469768524	-9.934872
87.5918769836426	-11.51386
87.6074969768524	-12.67177
87.6231269836426	-13.42594
87.6387469768524	-13.95529
87.6543769836426	-14.50167
87.6699969768524	-15.29963
87.6856269836426	-16.50492
87.7012569904327	-18.09937
87.7168769836426	-19.91771
87.7325069904327	-21.61724
87.7481269836426	-22.77165
87.7637569904327	-22.93638
87.7793769836426	-21.79498
87.7950069904327	-19.24699
87.8106369972229	-15.48701
87.8262569904327	-10.95915
87.8418869972229	-6.235655
87.8575069904327	-1.818087
87.8731369972229	2.019923
87.8887569904327	5.26995
87.9043869972229	8.123953
87.9200170040131	10.80331
87.9356369972229	13.41782
87.9512670040131	15.88977
87.9668869972229	17.98677
87.9825170040131	19.46157
87.9981369972229	20.18677
88.0137670040131	20.22622
88.0293970108032	19.78343
88.0450170040131	19.08772
88.0606470108032	18.28874
88.0762670040131	17.40494
88.0918970108032	16.38495
88.1075170040131	15.19226
88.1231470108032	13.88373
88.1387770175934	12.55092
88.1543970108032	11.29763
88.1700270175934	10.13098
88.1856470108032	8.966076
88.2012770175934	7.674033
88.2168970108032	6.103314
88.2325270175934	4.208662
88.2481570243835	2.025856
88.2637770175934	-0.3232932
88.2794070243835	-2.651179
88.2950270175934	-4.732287
88.3106570243835	-6.328148
88.3262770175934	-7.25855
88.3419070243835	-7.464927
88.3575370311737	-7.096981
88.3731570243835	-6.448121
88.3887870311737	-5.890178
88.4044070243835	-5.716434
88.4200370311737	-6.035653
88.4356570243835	-6.762537
88.4512870311737	-7.668594
88.4669170379639	-8.538533
88.4825370311737	-9.231015
88.4981670379639	-9.779316
88.5137870311737	-10.28437
88.5294170379639	-10.92439
88.5450370311737	-11.85576
88.5606670379639	-13.17606
88.576297044754	-14.92525
88.5919170379639	-17.00224
88.607547044754	-19.16875
88.6231670379639	-20.99862
88.638797044754	-22.01412
88.6544170379639	-21.78901
88.670047044754	-20.12067
88.6856770515442	-17.08181
88.701297044754	-12.96002
88.7169270515442	-8.219078
88.732547044754	-3.273222
88.7481770515442	1.543859
88.763797044754	6.018786
88.7794270515442	10.00455
88.7950570583344	13.38305
88.8106770515442	16.0705
88.8263070583344	18.02728
88.8419270515442	19.27766
88.8575570583344	19.87071
88.8731770515442	19.82658
88.8888070583344	19.14463
88.9044368267059	17.84053
88.9200570583344	16.0308
88.9356868267059	13.94305
88.9513070583344	11.88734
88.9669368267059	10.10902
88.9825570583344	8.756328
88.9981868267059	7.797745
89.0138168334961	7.108291
89.0294368267059	6.564838
89.0450668334961	6.115711
89.0606868267059	5.798322
89.0763168334961	5.638813
89.0919468402863	5.577267
89.1075668334961	5.435916
89.1231968402863	5.029586
89.1388168334961	4.241739
89.1544468402863	3.122242
89.1700668334961	1.839506
89.1856968402863	0.6000605
89.2013268470764	-0.4291983
89.2169468402863	-1.242612
89.2325768470764	-1.945224
89.2481968402863	-2.702508
89.2638268470764	-3.64406
89.2794468402863	-4.786285
89.2950768470764	-6.0525
89.3107068538666	-7.305731
89.3263268470764	-8.422878
89.3419568538666	-9.352245
89.3575768470764	-10.14611
89.3732068538666	-10.91134
89.3888268470764	-11.79719
89.4044568538666	-12.9018
89.4200868606567	-14.24413
89.4357068538666	-15.71778
89.4513368606567	-17.09193
89.4669568538666	-18.06745
89.4825868606567	-18.34142
89.4982068538666	-17.66227
89.5138368606567	-15.90188
89.5294668674469	-13.13151
89.5450868606567	-9.555382
89.5607168674469	-5.520294
89.5763368606567	-1.402067
89.5919668674469	2.477468
89.6075868606567	5.943666
89.6232168674469	8.96702
89.6388468742371	11.61194
89.6544668674469	13.93783
89.6700968742371	15.86712
89.6857168674469	17.23565
89.7013468742371	17.83138
89.7169668674469	17.51366
89.7325968742371	16.27334
89.7482268810272	14.28636
89.7638468742371	11.83141
89.7794768810272	9.253864
89.7950968742371	6.871367
89.8107268810272	4.894747
89.8263468742371	3.438532
89.8419768810272	2.471832
89.8576068878174	1.821962
89.8732268810272	1.279995
89.8888568878174	0.6370392
89.9044768810272	-0.2251396
89.9201068878174	-1.294029
89.9357268810272	-2.462591
89.9513568878174	-3.607983
89.9669868946075	-4.612871
89.9826068878174	-5.420448
89.9982368946075	-6.033312
90.0138568878174	-6.434565
90.0294868946075	-6.628254
90.0451068878174	-6.640387
90.0607368946075	-6.527838
90.0763669013977	-6.401842
90.0919868946075	-6.402229
90.1076169013977	-6.648592
90.1232368946075	-7.237392
90.1388669013977	-8.221672
90.1544868946075	-9.540895
90.1701169013977	-11.07978
90.1857469081879	-12.64556
90.2013669013977	-14.03218
90.2169969081879	-15.12227
90.2326169013977	-15.92668
90.2482469081879	-16.60423
90.2638669013977	-17.38256
90.2794969081879	-18.43943
90.295126914978	-19.78208
90.3107469081879	-21.21761
90.326376914978	-22.38234
90.3419969081879	-22.83325
90.357626914978	-22.23281
90.3732469081879	-20.43629
90.388876914978	-17.53032
90.4045069217682	-13.79994
90.420126914978	-9.601252
90.4357569217682	-5.309412
90.451376914978	-1.215315
90.4670069217682	2.508797
90.482626914978	5.816458
90.4982569217682	8.742863
90.5138869285583	11.35189
90.5295069217682	13.71947
90.5451369285583	15.89075
90.5607569217682	17.90185
90.5763869285583	19.68859
90.5920069217682	21.12338
90.6076369285583	22.05675
90.6232669353485	22.3782
90.6388869285583	22.07169
90.6545169353485	21.26227
90.6701369285583	20.15542
90.6857669353485	18.98798
90.7013869285583	17.95257
90.7170169353485	17.13659
90.7326469421387	16.56243
90.7482669353485	16.18167
90.7638969421387	15.9046
90.7795169353485	15.62072
90.7951469421387	15.17313
90.8107669353485	14.41598
90.8263969421387	13.22013
90.8420269489288	11.53897
90.8576469421387	9.412449
90.8732769489288	6.995432
90.8888969421387	4.470397
90.9045269489288	1.983441
90.9201469421387	-0.312911
90.9357769489288	-2.352932
90.951406955719	-4.112247
90.9670269489288	-5.595249
90.982656955719	-6.843988
90.9982769489288	-7.926165
91.013906955719	-8.901432
91.0295269489288	-9.796604
91.045156955719	-10.66158
91.0607869625092	-11.47601
91.076406955719	-12.21971
91.0920369625092	-12.89055
91.107656955719	-13.48572
91.1232869625092	-14.04046
91.138906955719	-14.64917
91.1545369625092	-15.44967
91.1701669692993	-16.58997
91.1857869625092	-18.18365
91.2014169692993	-20.1521
91.2170369625092	-22.24041
91.2326669692993	-23.98941
91.2482969760895	-24.86345
91.2639169692993	-24.42464
91.2795469760895	-22.49211
91.2951669692993	-19.19349
91.3107969760895	-14.90646
91.3264169692993	-10.11902
91.3420469760895	-5.271908
91.3576769828796	-0.6677532
91.3732969760895	3.579089
91.3889269828796	7.471684
91.4045469760895	11.05001
91.4201769828796	14.35889
91.4357969760895	17.39626
91.4514269828796	20.05919
91.4670569896698	22.20052
91.4826769828796	23.64472
91.4983069896698	24.21141
91.5139269828796	23.82147
91.5295569896698	22.56153
91.5451769828796	20.64269
91.5608069896698	18.41388
91.57643699646	16.236
91.5920569896698	14.37738
91.60768699646	12.95729
91.6233069896698	11.96932
91.63893699646	11.26233
91.6545569896698	10.66133
91.67018699646	10.01854
91.6858170032501	9.247995
91.70143699646	8.326865
91.7170670032501	7.280924
91.73268699646	6.122694
91.7483170032501	4.845046
91.76393699646	3.447348
91.7795670032501	1.947734
91.7951970100403	0.4432812
91.8108170032501	-0.9449015
91.8264470100403	-2.101629
91.8420670032501	-3.018147
91.8576970100403	-3.808928
91.8733170032501	-4.677773
91.8889470100403	-5.822591
91.9045770168304	-7.303522
91.9201970100403	-9.047546
91.9358270168304	-10.83589
91.9514470100403	-12.46509
91.9670770168304	-13.82163
91.9826970100403	-14.92382
91.9983270168304	-15.90528
92.0139570236206	-16.93534
92.0295770168304	-18.13227
92.0452070236206	-19.53949
92.0608270168304	-21.11454
92.0764570236206	-22.75633
92.0920770168304	-24.26527
92.1077070236206	-25.43269
92.1233370304108	-25.96276
92.1389570236206	-25.59223
92.1545870304108	-24.11813
92.1702070236206	-21.45427
92.1858370304108	-17.67474
92.2014570236206	-13.02448
92.2170870304108	-7.889678
92.2327170372009	-2.711336
92.2483370304108	2.086247
92.2639670372009	6.228316
92.2795870304108	9.600636
92.2952170372009	12.24702
92.3108370304108	14.30062
92.3264670372009	15.90605
92.3420970439911	17.12318
92.3577170372009	17.94097
92.3733470439911	18.37536
92.3889670372009	18.45496
92.4045970439911	18.31598
92.4202170372009	18.07917
92.4358470439911	17.78747
92.4514770507812	17.35444
92.4670970439911	16.63158
92.4827270507812	15.52936
92.4983470439911	14.10579
92.5139770507812	12.59617
92.5295970439911	11.25436
92.5452270507812	10.25391
92.5608570575714	9.580436
92.5764770507812	9.023535
92.5921070575714	8.337281
92.6077270507812	7.326778
92.6233570575714	5.973202
92.6389770507812	4.399625
92.6546070575714	2.775551
92.670236825943	1.243947
92.6858570575714	-0.113832
92.701486825943	-1.319955
92.7171070575714	-2.465409
92.732736825943	-3.657891
92.7483570575714	-5.013257
92.763986825943	-6.606978
92.7796168327332	-8.431631
92.795236825943	-10.38508
92.8108668327332	-12.33105
92.826486825943	-14.10408
92.8421168327332	-15.61043
92.857736825943	-16.86776
92.8733668327332	-17.96983
92.8889968395233	-19.08091
92.9046168327332	-20.34711
92.9202468395233	-21.80075
92.9358668327332	-23.28991
92.9514968395233	-24.49115
92.9671168327332	-24.94547
92.9827468395233	-24.21723
92.9983768463135	-22.07382
93.0139968395233	-18.54647
93.0296268463135	-13.98268
93.0452468395233	-8.928964
93.0608768463135	-3.926717
93.0764968395233	0.6282492
93.0921268463135	4.574003
93.1077568531036	7.982702
93.1233768463135	11.04906
93.1390068531036	13.96835
93.1546268463135	16.8299
93.1702568531036	19.59292
93.1858768463135	22.05809
93.2015068531036	23.96454
93.2171368598938	25.0706
93.2327568531036	25.26325
93.2483868598938	24.6436
93.2640068531036	23.45403
93.2796368598938	21.9892
93.2952568531036	20.48134
93.3108868598938	19.01825
93.326516866684	17.58272
93.3421368598938	16.13004
93.357766866684	14.69724
93.3733868598938	13.34721
93.389016866684	12.17034
93.4046368598938	11.18467
93.420266866684	10.27499
93.4358968734741	9.219637
93.451516866684	7.801203
93.4671468734741	5.93605
93.482766866684	3.722889
93.4983968734741	1.439396
93.514016866684	-0.6268272
93.5296468734741	-2.270763
93.5452768802643	-3.492172
93.5608968734741	-4.468639
93.5765268802643	-5.482647
93.5921468734741	-6.780899
93.6077768802643	-8.437954
93.6233968734741	-10.32071
93.6390268802643	-12.15627
93.6546568870544	-13.69932
93.6702768802643	-14.81539
93.6859068870544	-15.57401
93.7015268802643	-16.18576
93.7171568870544	-16.88515
93.7327768802643	-17.83218
93.7484068870544	-19.05125
93.7640368938446	-20.41152
93.7796568870544	-21.67359
93.7952868938446	-22.55137
93.8109068870544	-22.73859
93.8265368938446	-21.97203
93.8421568870544	-20.15382
93.8577868938446	-17.33636
93.8734169006348	-13.77313
93.8890368938446	-9.821152
93.9046669006348	-5.853333
93.9202868938446	-2.081093
93.9359169006348	1.426277
93.9515469074249	4.735605
93.9671669006348	7.937651
93.9827969074249	11.02817
93.9984169006348	13.94148
94.0140469074249	16.54023
94.0296669006348	18.69197
94.0452969074249	20.26735
94.0609269142151	21.19633
94.0765469074249	21.41409
94.0921769142151	20.94673
94.1077969074249	19.86665
94.1234269142151	18.34336
94.1390469074249	16.59932
94.1546769142151	14.81632
94.1703069210052	13.10847
94.1859269142151	11.49431
94.2015569210052	9.962627
94.2171769142151	8.511585
94.2328069210052	7.212109
94.2484269142151	6.094883
94.2640569210052	5.125252
94.2796869277954	4.19146
94.2953069210052	3.128437
94.3109369277954	1.847446
94.3265569210052	0.4068642
94.3421869277954	-1.006557
94.3578069210052	-2.152111
94.3734369277954	-2.889206
94.3890669345856	-3.25309
94.4046869277954	-3.471596
94.4203169345856	-3.790367
94.4359369277954	-4.407906
94.4515669345856	-5.362808
94.4671869277954	-6.565331
94.4828169345856	-7.893299
94.4984469413757	-9.22546
94.5140669345856	-10.50271
94.5296969413757	-11.73526
94.5453169345856	-12.96604
94.5609469413757	-14.24741
94.5765669345856	-15.66248
94.5921969413757	-17.24891
94.6078269481659	-19.02419
94.6234469413757	-20.89912
94.6390769481659	-22.6526
94.6546969413757	-23.96633
94.6703269481659	-24.48933
94.6859469413757	-23.92656
94.7015769481659	-22.1194
94.7172069549561	-19.11861
94.7328269481659	-15.09813
94.7484569549561	-10.36715
94.7640769481659	-5.276905
94.7797069549561	-0.1682281
94.7953269481659	4.688629
94.8109569549561	9.11937
94.8265869617462	13.07034
94.8422069549561	16.53884
94.8578369617462	19.53399
94.8734569549561	22.0228
94.8890869617462	23.89586
94.9047069549561	25.00388
94.9203369617462	25.23784
94.9359669685364	24.63285
94.9515869617462	23.39043
94.9672169685364	21.84269
94.9828369617462	20.32555
94.9984669685364	19.07182
95.0140869617462	18.15773
95.0297169685364	17.5096
95.0453469753265	16.98576
95.0609669685364	16.42981
95.0765969753265	15.74057
95.0922169685364	14.88008
95.1078469753265	13.81166
95.1234669685364	12.50814
95.1390969753265	10.96341
95.1547269821167	9.212559
95.1703469753265	7.356091
95.1859769821167	5.537586
95.2015969753265	3.874126
95.2172269821167	2.417488
95.2328469753265	1.110336
95.2484769821167	-0.1885834
95.2641069889069	-1.609379
95.2797269821167	-3.213959
95.2953569889069	-4.945759
95.3109769821167	-6.641045
95.3266069889069	-8.13607
95.3422269821167	-9.339111
95.3578569889069	-10.26295
95.373486995697	-11.01543
95.3891069889069	-11.75514
95.404736995697	-12.59665
95.4203569889069	-13.62893
95.435986995697	-14.9149
95.4516069889069	-16.46779
95.467236995697	-18.22285
95.4828670024872	-20.02554
95.498486995697	-21.57526
95.5141170024872	-22.50644
95.529736995697	-22.48986
95.5453670024872	-21.28814
95.560986995697	-18.8697
95.5766170024872	-15.42822
95.5922470092773	-11.28682
95.6078670024872	-6.83353
95.6234970092773	-2.408569
95.6391170024872	1.761604
95.6547470092773	5.562183
95.6703670024872	8.966839
95.6859970092773	11.99547
95.7016270160675	14.64777
95.7172470092773	16.84596
95.7328770160675	18.4888
95.7484970092773	19.47504
95.7641270160675	19.77354
95.7797470092773	19.44596
95.7953770160675	18.61144
95.8110070228577	17.42116
95.8266270160675	16.02758
95.8422570228577	14.57262
95.8578770160675	13.17238
95.8735070228577	11.95911
95.8891270160675	10.99649
95.9047570228577	10.29026
95.9203870296478	9.767838
95.9360070228577	9.298615
95.9516370296478	8.727638
95.9672570228577	7.962372
95.9828870296478	7.012268
95.9985070228577	5.953049
96.0141370296478	4.892097
96.029767036438	3.886318
96.0453870296478	2.918152
96.061017036438	1.939808
96.0766370296478	0.8984299
96.092267036438	-0.2396812
96.1078870296478	-1.521427
96.123517036438	-2.984398
96.1391470432281	-4.649319
96.154767036438	-6.522251
96.1703970432281	-8.533787
96.186017036438	-10.55529
96.2016470432281	-12.41171
96.2172770500183	-13.95629
96.2328970432281	-15.13644
96.2485270500183	-16.02367
96.2641470432281	-16.7532
96.2797770500183	-17.462
96.2953970432281	-18.26059
96.3110270500183	-19.16383
96.3266570568085	-20.10459
96.3422770500183	-20.91369
96.3579070568085	-21.34448
96.3735270500183	-21.07888
96.3891570568085	-19.85985
96.4047770500183	-17.53093
96.4204070568085	-14.14614
96.4360368251801	-9.97438
96.4516570568085	-5.433949
96.4672868251801	-0.9668274
96.4829070568085	3.113136
96.4985368251801	6.699516
96.5141570568085	9.881107
96.5297868251801	12.79564
96.5454168319702	15.5432
96.5610368251801	18.05704
96.5766668319702	20.15691
96.5922868251801	21.62482
96.6079168319702	22.32748
96.6235368251801	22.27446
96.6391668319702	21.61347
96.6547968387604	20.55837
96.6704168319702	19.2737
96.6860468387604	17.87261
96.7016668319702	16.43013
96.7172968387604	15.03954
96.7329168319702	13.82774
96.7485468387604	12.8828
96.7641768455505	12.21942
96.7797968387604	11.72172
96.7954268455505	11.18065
96.8110468387604	10.39188
96.8266768455505	9.236942
96.8422968387604	7.726601
96.8579268455505	5.950827
96.8735568523407	4.054451
96.8891768455505	2.137486
96.9048068523407	0.2674465
96.9204268455505	-1.501122
96.9360568523407	-3.101231
96.9516768455505	-4.473866
96.9673068523407	-5.573137
96.9829368591309	-6.430786
96.9985568523407	-7.141813
97.0141868591309	-7.797987
97.0298068523407	-8.462431
97.0454368591309	-9.118681
97.0610568523407	-9.710236
97.0766868591309	-10.17679
97.092316865921	-10.54738
97.1079368591309	-10.93401
97.123566865921	-11.5385
97.1391868591309	-12.55924
97.154816865921	-14.10211
97.1704368591309	-16.10376
97.186066865921	-18.31297
97.2016968727112	-20.33094
97.217316865921	-21.69406
97.2329468727112	-21.98036
97.248566865921	-20.93681
97.2641968727112	-18.54819
97.279816865921	-15.0143
97.2954468727112	-10.66973
97.3110768795013	-5.933169
97.3266968727112	-1.194255
97.3423268795013	3.23012
97.3579468727112	7.134196
97.3735768795013	10.41163
97.3891968727112	13.06255
97.4048268795013	15.11361
97.4204568862915	16.62518
97.4360768795013	17.65256
97.4517068862915	18.22914
97.4673268795013	18.3721
97.4829568862915	18.0864
97.4985768795013	17.40666
97.5142068862915	16.41738
97.5298368930817	15.29633
97.5454568862915	14.21103
97.5610868930817	13.30948
97.5767068862915	12.66459
97.5923368930817	12.19775
97.6079568862915	11.79948
97.6235868930817	11.31852
97.6392168998718	10.68029
97.6548368930817	9.878488
97.6704668998718	8.963899
97.6860868930817	7.949001
97.7017168998718	6.81354
97.7173368930817	5.46467
97.7329668998718	3.834718
97.748596906662	1.991704
97.7642168998718	0.1150527
97.779846906662	-1.557243
97.7954668998718	-2.846313
97.811096906662	-3.686986
97.8267168998718	-4.221296
97.842346906662	-4.663024
97.8579769134521	-5.211821
97.873596906662	-5.968674
97.8892269134521	-6.853472
97.904846906662	-7.681819
97.9204769134521	-8.262398
97.936096906662	-8.495858
97.9517269134521	-8.412897
97.9673569202423	-8.163357
97.9829769134521	-7.920138
97.9986069202423	-7.854814
98.0142269134521	-8.108645
98.0298569202423	-8.804009
98.0454769134521	-10.0424
98.0611069202423	-11.89787
98.0767369270325	-14.25944
98.0923569202423	-16.81952
98.1079869270325	-19.04056
98.1236069202423	-20.29118
98.1392369270325	-20.09739
98.1548569202423	-18.27699
98.1704869270325	-15.04757
98.1861169338226	-10.8767
98.2017369270325	-6.33251
98.2173669338226	-1.835308
98.2329869270325	2.365017
98.2486169338226	6.186001
98.2642369270325	9.612696
98.2798669338226	12.62625
98.2954969406128	15.14513
98.3111169338226	17.11188
98.3267469406128	18.48524
98.3423669338226	19.2097
98.3579969406128	19.27392
98.373626947403	18.67205
98.3892469406128	17.45097
98.404876947403	15.7406
98.4204969406128	13.76831
98.436126947403	11.79187
98.4517469406128	10.04134
98.467376947403	8.639988
98.4830069541931	7.564259
98.498626947403	6.694489
98.5142569541931	5.911369
98.529876947403	5.134697
98.5455069541931	4.371529
98.561126947403	3.680103
98.5767569541931	3.117977
98.5923869609833	2.681793
98.6080069541931	2.317745
98.6236369609833	1.941559
98.6392569541931	1.460766
98.6548869609833	0.832901
98.6705069541931	0.06937027
98.6861369609833	-0.7826996
98.7017669677734	-1.658054
98.7173869609833	-2.515358
98.7330169677734	-3.324333
98.7486369609833	-4.084171
98.7642669677734	-4.816563
98.7798869609833	-5.514343
98.7955169677734	-6.192478
98.8111469745636	-6.866795
98.8267669677734	-7.540314
98.8423969745636	-8.233612
98.8580169677734	-8.958778
98.8736469745636	-9.692318
98.8892669677734	-10.40276
98.9048969745636	-11.09835
98.9205269813538	-11.81485
98.9361469745636	-12.66367
98.9517769813538	-13.78962
98.9673969745636	-15.25185
98.9830269813538	-16.95927
98.9986469745636	-18.63125
99.0142769813538	-19.81734
99.0299069881439	-20.05321
99.0455269813538	-19.03843
99.0611569881439	-16.72965
99.0767769813538	-13.36946
99.0924069881439	-9.40369
99.1080269813538	-5.317272
99.1236569881439	-1.504051
99.1392869949341	1.826279
99.1549069881439	4.619598
99.1705369949341	6.956718
99.1861569881439	8.928169
99.2017869949341	10.59603
99.2174069881439	11.93826
99.2330369949341	12.90609
99.2486670017242	13.42543
99.2642869949341	13.4552
99.2799170017242	13.03309
99.2955369949341	12.22744
99.3111670017242	11.14492
99.3267869949341	9.930168
99.3424170017242	8.746147
99.3580470085144	7.737083
99.3736670017242	7.026604
99.3892970085144	6.663353
99.4049170017242	6.588921
99.4205470085144	6.694473
99.4361670017242	6.821854
99.4517970085144	6.838768
99.4674270153046	6.645592
99.4830470085144	6.181839
99.4986770153046	5.401382
99.5142970085144	4.298874
99.5299270153046	2.926239
99.5455470085144	1.396744
99.5611770153046	-0.1100464
99.5768070220947	-1.465675
99.5924270153046	-2.596062
99.6080570220947	-3.54216
99.6236770153046	-4.420235
99.6393070220947	-5.333183
99.6549270153046	-6.333801
99.6705570220947	-7.416344
99.6861870288849	-8.497398
99.7018070220947	-9.50528
99.7174370288849	-10.45072
99.7330570220947	-11.35448
99.7486870288849	-12.28675
99.7643070220947	-13.29275
99.7799370288849	-14.40349
99.795567035675	-15.60758
99.8111870288849	-16.91563
99.826817035675	-18.33701
99.8424370288849	-19.84641
99.858067035675	-21.35458
99.8736870288849	-22.61661
99.889317035675	-23.27916
99.9049470424652	-22.91743
99.920567035675	-21.24165
99.9361970424652	-18.22119
99.951817035675	-14.14745
99.9674470424652	-9.524124
99.983067035675	-4.925369
99.9986970424652	-0.7548599
100.014327049255	2.852028
100.029947042465	5.949623
100.045577049255	8.706619
100.061197042465	11.22225
100.076827049255	13.47341
100.092447042465	15.32714
100.108077049255	16.6369
100.123707056046	17.30225
100.139327049255	17.34592
100.154957056046	16.89369
100.170577049255	16.10313
100.186207056046	15.18119
100.201827049255	14.28661
100.217457056046	13.52541
100.233086824417	12.93015
100.248707056046	12.47516
100.264336824417	12.09142
100.279957056046	11.73384
100.295586824417	11.38156
100.311207056046	11.022
100.326836824417	10.64054
100.342466831207	10.16035
100.358086824417	9.473511
100.373716831207	8.492683
100.389336824417	7.193138
100.404966831207	5.616295
100.420586824417	3.888206
100.436216831207	2.113091
100.451846837997	0.369751
100.467466831207	-1.284309
100.483096837997	-2.854416
100.498716831207	-4.389923
100.514346837997	-5.932213
100.529966831207	-7.537399
100.545596837997	-9.227524
100.561226844788	-10.94058
100.576846837997	-12.55969
100.592476844788	-13.95654
100.608096837997	-15.0567
100.623726844788	-15.89891
100.639346837997	-16.62717
100.654976844788	-17.42912
100.670606851578	-18.4504
100.686226844788	-19.75093
100.701856851578	-21.26461
100.717476844788	-22.84683
100.733106851578	-24.28423
100.748726844788	-25.30534
100.764356851578	-25.61695
100.779986858368	-24.94997
100.795606851578	-23.14872
100.811236858368	-20.27534
100.826856851578	-16.62144
100.842486858368	-12.57737
100.858106851578	-8.542175
100.873736858368	-4.770424
100.889366865158	-1.310791
100.904986858368	1.898788
100.920616865158	4.972328
100.936236858368	7.958633
100.951866865158	10.82502
100.967486858368	13.44091
100.983116865158	15.67725
100.998746871948	17.38305
101.014366865158	18.48542
101.029996871948	18.99573
101.045616865158	18.98305
101.061246871948	18.60469
101.076876878738	18.00394
101.092496871948	17.30456
101.108126878738	16.56519
101.123746871948	15.79651
101.139376878738	14.96633
101.154996871948	14.05116
101.170626878738	13.06709
101.186256885529	12.05437
101.201876878738	11.05362
101.217506885529	10.06161
101.233126878738	9.049904
101.248756885529	7.936592
101.264376878738	6.687477
101.280006885529	5.305061
101.295636892319	3.836166
101.311256885529	2.394485
101.326886892319	1.04818
101.342506885529	-0.1573257
101.358136892319	-1.268471
101.373756885529	-2.399185
101.389386892319	-3.683884
101.405016899109	-5.186371
101.420636892319	-6.882317
101.436266899109	-8.695053
101.451886892319	-10.47541
101.467516899109	-12.15135
101.483136892319	-13.66863
101.498766899109	-15.03843
101.514396905899	-16.29243
101.530016899109	-17.43481
101.545646905899	-18.47528
101.561266899109	-19.4587
101.576896905899	-20.50123
101.592516899109	-21.74027
101.608146905899	-23.26677
101.623776912689	-25.02112
101.639396905899	-26.70495
101.655026912689	-27.86163
101.670646905899	-28.00041
101.686276912689	-26.78767
101.701896905899	-24.18755
101.717526912689	-20.4929
101.733156919479	-16.17752
101.748776912689	-11.73785
101.764406919479	-7.523399
101.780026912689	-3.63842
101.795656919479	-0.03908539
101.811276912689	3.359978
101.826906919479	6.548119
101.84253692627	9.40509
101.858156919479	11.76644
101.87378692627	13.51503
101.889406919479	14.58609
101.90503692627	15.03465
101.920656919479	14.96753
101.93628692627	14.48491
101.95191693306	13.69873
101.96753692627	12.69847
101.98316693306	11.6035
101.99878692627	10.5436
102.01441693306	9.596863
102.03003692627	8.799305
102.04566693306	8.139309
102.06129693985	7.586781
102.07691693306	7.09293
102.09254693985	6.61248
102.10816693306	6.074509
102.12379693985	5.388012
102.13941693306	4.484821
102.15504693985	3.335197
102.17067694664	2.013409
102.18629693985	0.6751137
102.20192694664	-0.488636
102.21754693985	-1.368057
102.23317694664	-1.978931
102.24879693985	-2.502407
102.26442694664	-3.209042
102.28005695343	-4.328754
102.29567694664	-5.955494
102.31130695343	-7.975338
102.32692694664	-10.13258
102.34255695343	-12.14199
102.35817694664	-13.7987
102.37380695343	-15.04938
102.38943696022	-16.02415
102.40505695343	-16.95212
102.42068696022	-18.05572
102.43630695343	-19.50181
102.45193696022	-21.31418
102.46755695343	-23.38707
102.48318696022	-25.44108
102.49881696701	-27.06112
102.51443696022	-27.78532
102.53006696701	-27.18147
102.54568696022	-25.03613
102.56131696701	-21.39257
102.57693696022	-16.61436
102.59256696701	-11.21883
102.608196973801	-5.748355
102.62381696701	-0.5956635
102.639446973801	4.102549
102.65506696701	8.355882
102.670696973801	12.28758
102.68631696701	15.94699
102.701946973801	19.27157
102.717576980591	22.09599
102.733196973801	24.22247
102.748826980591	25.52969
102.764446973801	25.97786
102.780076980591	25.6522
102.795696973801	24.68855
102.811326980591	23.293
102.826956987381	21.65373
102.842576980591	19.94736
102.858206987381	18.34135
102.873826980591	16.98026
102.889456987381	15.93027
102.905076980591	15.17435
102.920706987381	14.61125
102.936336994171	14.04629
102.951956987381	13.29029
102.967586994171	12.19527
102.983206987381	10.70407
102.998836994171	8.874937
103.014456987381	6.881908
103.030086994171	4.957066
103.045717000961	3.314915
103.061336994171	2.09309
103.076967000961	1.269535
103.092586994171	0.6681786
103.108217000961	0.01449203
103.123836994171	-0.9709473
103.139467000961	-2.414948
103.155097007751	-4.273602
103.170717000961	-6.30344
103.186347007751	-8.215408
103.201967000961	-9.805996
103.217597007751	-11.03114
103.233227014542	-12.04518
103.248847007751	-13.1113
103.264477014542	-14.45315
103.280097007751	-16.20795
103.295727014542	-18.43415
103.311347007751	-21.01447
103.326977014542	-23.69653
103.342607021332	-26.04975
103.358227014542	-27.50226
103.373857021332	-27.47393
103.389477014542	-25.62976
103.405107021332	-22.00306
103.420727014542	-17.06957
103.436357021332	-11.61325
103.451987028122	-6.392609
103.467607021332	-1.939507
103.483237028122	1.631538
103.498857021332	4.511475
103.514487028122	6.996628
103.530107021332	9.308754
103.545737028122	11.47488
103.561367034912	13.3842
103.576987028122	14.87859
103.592617034912	15.88318
103.608237028122	16.35609
103.623867034912	16.35834
103.639487028122	15.9654
103.655117034912	15.25746
103.670747041702	14.3366
103.686367034912	13.28856
103.701997041702	12.20846
103.717617034912	11.14429
103.733247041702	10.18861
103.748867034912	9.342552
103.764497041702	8.621979
103.780127048492	8.008125
103.795747041702	7.409355
103.811377048492	6.70845
103.826997041702	5.806038
103.842627048492	4.662941
103.858247041702	3.330086
103.873877048492	1.97554
103.889507055283	0.7487869
103.905127048492	-0.2240906
103.920757055283	-0.8677521
103.936377048492	-1.22773
103.952007055283	-1.369324
103.967627048492	-1.453285
103.983257055283	-1.662971
103.998886823654	-2.195152
104.014507055283	-3.191994
104.030136823654	-4.673058
104.045757055283	-6.519653
104.061386823654	-8.489128
104.077007055283	-10.34993
104.092636823654	-11.94554
104.108266830444	-13.33905
104.123886823654	-14.73526
104.139516830444	-16.44473
104.155136823654	-18.66145
104.170766830444	-21.32973
104.186386823654	-24.10329
104.202016830444	-26.30528
104.217646837234	-27.18523
104.233266830444	-26.08957
104.248896837234	-22.75096
104.264516830444	-17.35681
104.280146837234	-10.5211
104.295766830444	-3.070023
104.311396837234	4.239914
104.327026844025	10.8752
104.342646837234	16.68272
104.358276844025	21.74557
104.373896837234	26.27713
104.389526844025	30.40964
104.405146837234	34.1299
104.420776844025	37.30214
104.436406850815	39.75266
104.452026844025	41.38718
104.467656850815	42.20427
104.483276844025	42.3351
104.498906850815	41.91905
104.514526844025	41.06465
104.530156850815	39.80312
104.545786857605	38.11284
104.561406850815	36.00174
104.577036857605	33.55341
104.592656850815	30.93047
104.608286857605	28.32925
104.623906850815	25.88855
104.639536857605	23.62645
104.655166864395	21.40656
104.670786857605	19.05032
104.686416864395	16.39146
104.702036857605	13.36626
104.717666864395	10.05377
104.733286857605	6.636124
104.748916864395	3.333389
104.764546871185	0.3643341
104.780166864395	-2.172363
104.795796871185	-4.333344
104.811416864395	-6.255249
104.827046871185	-8.136169
104.842666864395	-10.15356
104.858296871185	-12.38213
104.873926877975	-14.79573
104.889546871185	-17.24809
104.905176877975	-19.5463
104.920796871185	-21.54913
104.936426877975	-23.20078
104.952046871185	-24.5358
104.967676877975	-25.67734
104.983306884766	-26.79279
104.998926877975	-28.05458
105.014556884766	-29.59381
105.030176877975	-31.42108
105.045806884766	-33.39078
105.061426877975	-35.1364
105.077056884766	-36.09818
105.092686891556	-35.66199
105.108306884766	-33.35747
105.123936891556	-29.08229
105.139556884766	-23.14639
105.155186891556	-16.19543
105.170806884766	-8.997849
105.186436891556	-2.147903
105.202066898346	4.053757
105.217686891556	9.581818
105.233316898346	14.55383
105.248936891556	19.02379
105.264566898346	22.91528
105.280186891556	26.06926
105.295816898346	28.31314
105.311446905136	29.53149
105.327066898346	29.75056
105.342696905136	29.1003
105.358316898346	27.82202
105.373946905136	26.18271
105.389566898346	24.44746
105.405196905136	22.82994
105.420826911926	21.47206
105.436446905136	20.40186
105.452076911926	19.53468
105.467696905136	18.75551
105.483326911926	17.96414
105.498946905136	17.10237
105.514576911926	16.11516
105.530206918716	14.98293
105.545826911926	13.63687
105.561456918716	12.02893
105.577076911926	10.16563
105.592706918716	8.125885
105.608326911926	6.082474
105.623956918716	4.223404
105.639586925507	2.685822
105.655206918716	1.477463
105.670836925507	0.5137482
105.686456918716	-0.3671265
105.702086925507	-1.308685
105.717706918716	-2.387146
105.733336925507	-3.604263
105.748966932297	-4.888214
105.764586925507	-6.155563
105.780216932297	-7.336563
105.795836925507	-8.397598
105.811466932297	-9.288528
105.827086925507	-10.06259
105.842716932297	-10.86377
105.858346939087	-11.90002
105.873966932297	-13.40192
105.889596939087	-15.45927
105.905216932297	-17.94403
105.920846939087	-20.46439
105.936476945877	-22.42834
105.952096939087	-23.20866
105.967726945877	-22.37384
105.983346939087	-19.81061
105.998976945877	-15.74132
106.014596939087	-10.65602
106.030226945877	-5.086456
106.045856952667	0.4687042
106.061476945877	5.662476
106.077106952667	10.31934
106.092726945877	14.35716
106.108356952667	17.7518
106.123976945877	20.47697
106.139606952667	22.53627
106.155236959457	23.9066
106.170856952667	24.63751
106.186486959457	24.77524
106.202106952667	24.39079
106.217736959457	23.57791
106.233356952667	22.42383
106.248986959457	21.00925
106.264616966248	19.42616
106.280236959457	17.77618
106.295866966248	16.10571
106.311486959457	14.50163
106.327116966248	13.00156
106.342736959457	11.64468
106.358366966248	10.43611
106.373996973038	9.344376
106.389616966248	8.305511
106.405246973038	7.225449
106.420866966248	6.029495
106.436496973038	4.654129
106.452116966248	3.129898
106.467746973038	1.522064
106.483376979828	-0.06389618
106.498996973038	-1.557274
106.514626979828	-2.934929
106.530246973038	-4.259384
106.545876979828	-5.613129
106.561496973038	-7.046356
106.577126979828	-8.512375
106.592756986618	-9.881744
106.608376979828	-10.98398
106.624006986618	-11.72887
106.639626979828	-12.14538
106.655256986618	-12.40135
106.670876979828	-12.72836
106.686506986618	-13.32651
106.702136993408	-14.32925
106.717756986618	-15.77328
106.733386993408	-17.63452
106.749006986618	-19.78681
106.764636993408	-21.97985
106.780256986618	-23.82323
106.795886993408	-24.80972
106.811517000198	-24.4458
106.827136993408	-22.43053
106.842767000198	-18.80251
106.858386993408	-13.94387
106.874017000198	-8.509781
106.889636993408	-3.195801
106.905267000198	1.493362
106.920897006989	5.310257
106.936517000198	8.292671
106.952147006989	10.63796
106.967767000198	12.55212
106.983397006989	14.11687
106.999017000198	15.26081
107.014647006989	15.83994
107.030277013779	15.74924
107.045897006989	15.0304
107.061527013779	13.89556
107.077147006989	12.67641
107.092777013779	11.65375
107.108397006989	10.96244
107.124027013779	10.52818
107.139657020569	10.15833
107.155277013779	9.6763
107.170907020569	9.051056
107.186527013779	8.389244
107.202157020569	7.837662
107.217777013779	7.4543
107.233407020569	7.093369
107.249037027359	6.47966
107.264657020569	5.363678
107.280287027359	3.667755
107.295907020569	1.578667
107.311537027359	-0.5517426
107.327157020569	-2.369217
107.342787027359	-3.676659
107.358417034149	-4.495384
107.374037027359	-5.005241
107.389667034149	-5.488243
107.405287027359	-6.149536
107.420917034149	-7.133629
107.436537027359	-8.487488
107.452167034149	-10.18163
107.467797040939	-12.1405
107.483417034149	-14.20274
107.499047040939	-16.16854
107.514667034149	-17.82048
107.530297040939	-19.06429
107.545917034149	-19.93108
107.561547040939	-20.61924
107.577177047729	-21.37953
107.592797040939	-22.41315
107.608427047729	-23.7558
107.624047040939	-25.23463
107.639677047729	-26.4963
107.655297040939	-27.11847
107.670927047729	-26.76014
107.68655705452	-25.22974
107.702177047729	-22.57428
107.71780705452	-19.01501
107.733427047729	-14.88148
107.74905705452	-10.54325
107.764677047729	-6.306404
107.78030705452	-2.364227
107.795936822891	1.245159
107.81155705452	4.560162
107.827186822891	7.664669
107.84280705452	10.61971
107.858436822891	13.36056
107.87405705452	15.80469
107.889686822891	17.79421
107.905316829681	19.14999
107.920936822891	19.75288
107.936566829681	19.5891
107.952186822891	18.76371
107.967816829681	17.48444
107.983436822891	16.00883
107.999066829681	14.53426
108.014696836472	13.22258
108.030316829681	12.13179
108.045946836472	11.25174
108.061566829681	10.53373
108.077196836472	9.932686
108.092826843262	9.39127
108.108446836472	8.850437
108.124076843262	8.258186
108.139696836472	7.528522
108.155326843262	6.624638
108.170946836472	5.511135
108.186576843262	4.210285
108.202206850052	2.784435
108.217826843262	1.297077
108.233456850052	-0.1963921
108.249076843262	-1.644485
108.264706850052	-3.004604
108.280326843262	-4.280895
108.295956850052	-5.472946
108.311586856842	-6.642132
108.327206850052	-7.829723
108.342836856842	-9.057449
108.358456850052	-10.31195
108.374086856842	-11.55738
108.389706850052	-12.73743
108.405336856842	-13.83108
108.420966863632	-14.88979
108.436586856842	-15.97641
108.452216863632	-17.20496
108.467836856842	-18.64294
108.483466863632	-20.27839
108.499086856842	-21.96658
108.514716863632	-23.42709
108.530346870422	-24.27905
108.545966863632	-24.11843
108.561596870422	-22.64184
108.577216863632	-19.75606
108.592846870422	-15.69445
108.608466863632	-10.93458
108.624096870422	-6.058071
108.639726877213	-1.543575
108.655346870422	2.379032
108.670976877213	5.763191
108.686596870422	8.822613
108.702226877213	11.77906
108.717846870422	14.70114
108.733476877213	17.46922
108.749106884003	19.84694
108.764726877213	21.59653
108.780356884003	22.59015
108.795976877213	22.82976
108.811606884003	22.41484
108.827226877213	21.51109
108.842856884003	20.2743
108.858486890793	18.80041
108.874106884003	17.17748
108.889736890793	15.46252
108.905356884003	13.74154
108.920986890793	12.05135
108.936606884003	10.43841
108.952236890793	8.918129
108.967866897583	7.504311
108.983486890793	6.186768
108.999116897583	4.92173
109.014736890793	3.654736
109.030366897583	2.297829
109.045986890793	0.8118591
109.061616897583	-0.7926407
109.077246904373	-2.415497
109.092866897583	-3.919109
109.108496904373	-5.181988
109.124116897583	-6.190853
109.139746904373	-7.018955
109.155366897583	-7.778084
109.170996904373	-8.578671
109.186626911163	-9.437332
109.202246904373	-10.29016
109.217876911163	-10.97606
109.233496904373	-11.3582
109.249126911163	-11.33346
109.264746904373	-10.95195
109.280376911163	-10.33781
109.296006917953	-9.684898
109.311626911163	-9.268826
109.327256917953	-9.368439
109.342876911163	-10.18233
109.358506917953	-11.74202
109.374126911163	-13.82035
109.389756917953	-15.95663
109.405386924744	-17.55708
109.421006917953	-18.05634
109.436636924744	-17.0863
109.452256917953	-14.6154
109.467886924744	-10.91644
109.483506917953	-6.456314
109.499136924744	-1.744804
109.514766931534	2.816402
109.530386924744	6.971851
109.546016931534	10.62
109.561636924744	13.77824
109.577266931534	16.52333
109.592886924744	18.88078
109.608516931534	20.87702
109.624146938324	22.45208
109.639766931534	23.47624
109.655396938324	23.85168
109.671016931534	23.53769
109.686646938324	22.60269
109.702266931534	21.2089
109.717896938324	19.58228
109.733526945114	17.8995
109.749146938324	16.30671
109.764776945114	14.88314
109.780396938324	13.63172
109.796026945114	12.5319
109.811646938324	11.51638
109.827276945114	10.53231
109.842906951904	9.529797
109.858526945114	8.501419
109.874156951904	7.447472
109.889776945114	6.37122
109.905406951904	5.260014
109.921026945114	4.075104
109.936656951904	2.817394
109.952286958694	1.542263
109.967906951904	0.3355713
109.983536958694	-0.7147217
109.999156951904	-1.609262
110.014786958694	-2.434584
110.030406951904	-3.328573
110.046036958694	-4.40403
110.061666965485	-5.673622
110.077286958694	-7.047569
110.092916965485	-8.396801
110.108536958694	-9.610262
110.124166965485	-10.63093
110.139786958694	-11.48149
110.155416965485	-12.19489
110.171046972275	-12.81618
110.186666965485	-13.3989
110.202296972275	-14.08419
110.217916965485	-15.08356
110.233546972275	-16.60852
110.249166965485	-18.74175
110.264796972275	-21.33059
110.280426979065	-23.9384
110.296046972275	-25.94629
110.311676979065	-26.77685
110.327296972275	-26.05205
110.342926979065	-23.76206
110.358556985855	-20.2041
110.374176979065	-15.82375
110.389806985855	-11.06564
110.405426979065	-6.283829
110.421056985855	-1.680328
110.436676979065	2.604777
110.452306985855	6.457804
110.467936992645	9.793778
110.483556985855	12.51348
110.499186992645	14.57407
110.514806985855	15.98151
110.530436992645	16.7988
110.546056985855	17.06662
110.561686992645	16.86544
110.577316999435	16.27513
110.592936992645	15.38824
110.608566999435	14.33929
110.624186992645	13.2764
110.639816999435	12.3531
110.655436992645	11.67465
110.671066999435	11.24519
110.686697006226	10.96529
110.702316999435	10.69478
110.717947006226	10.26509
110.733566999435	9.507398
110.749197006226	8.328328
110.764816999435	6.728715
110.780447006226	4.809257
110.796077013016	2.768301
110.811697006226	0.8190846
110.827327013016	-0.8596835
110.842947006226	-2.1627
110.858577013016	-3.083893
110.874197006226	-3.735907
110.889827013016	-4.243067
110.905457019806	-4.711786
110.921077013016	-5.192688
110.936707019806	-5.673679
110.952327013016	-6.165239
110.967957019806	-6.711642
110.983577013016	-7.368202
110.999207019806	-8.156061
111.014837026596	-9.046999
111.030457019806	-9.915368
111.046087026596	-10.63408
111.061707019806	-11.15014
111.077337026596	-11.48858
111.092957019806	-11.81294
111.108587026596	-12.33854
111.124217033386	-13.24585
111.139837026596	-14.54764
111.155467033386	-16.09177
111.171087026596	-17.5462
111.186717033386	-18.55706
111.202337026596	-18.83164
111.217967033386	-18.18683
111.233597040176	-16.58285
111.249217033386	-14.12036
111.264847040176	-10.98999
111.280467033386	-7.445869
111.296097040176	-3.799472
111.311717033386	-0.3433565
111.327347040176	2.693172
111.342977046967	5.178079
111.358597040176	7.146775
111.374227046967	8.716272
111.389847040176	9.992857
111.405477046967	10.99242
111.421097040176	11.61369
111.436727046967	11.70828
111.452357053757	11.24328
111.467977046967	10.31447
111.483607053757	9.154998
111.499227046967	8.011533
111.514857053757	7.040344
111.530477046967	6.24919
111.546107053757	5.572779
111.561736822128	4.930351
111.577357053757	4.320317
111.592986822128	3.810513
111.608607053757	3.434504
111.624236822128	3.140609
111.639857053757	2.778298
111.655486822128	2.211618
111.671116828918	1.408503
111.686736822128	0.4780166
111.702366828918	-0.3975787
111.717986822128	-1.057457
111.733616828918	-1.426887
111.749236822128	-1.556348
111.764866828918	-1.57182
111.780496835709	-1.615355
111.796116828918	-1.791556
111.811746835709	-2.194565
111.827366828918	-2.894629
111.842996835709	-3.937233
111.858616828918	-5.272739
111.874246835709	-6.741055
111.889876842499	-8.111903
111.905496835709	-9.154968
111.921126842499	-9.802126
111.936746835709	-10.21072
111.952376842499	-10.71616
111.967996835709	-11.67446
111.983626842499	-13.22081
111.999256849289	-15.13269
112.014876842499	-16.83591
112.030506849289	-17.67525
112.046126842499	-17.12533
112.061756849289	-15.03447
112.077376842499	-11.6393
112.093006849289	-7.398256
112.108636856079	-2.80384
112.124256849289	1.803823
112.139886856079	6.26941
112.155506849289	10.52
112.171136856079	14.45592
112.186756849289	17.92439
112.202386856079	20.70722
112.218016862869	22.59497
112.233636856079	23.46485
112.249266862869	23.28775
112.264886856079	22.16123
112.280516862869	20.292
112.296136856079	17.96579
112.311766862869	15.49841
112.327396869659	13.18287
112.343016862869	11.18351
112.358646869659	9.499278
112.374266862869	8.045649
112.389896869659	6.695352
112.405516862869	5.380693
112.421146869659	4.110627
112.43677687645	2.936021
112.452396869659	1.888953
112.46802687645	0.9736395
112.483646869659	0.1687069
112.49927687645	-0.5650463
112.514896869659	-1.204535
112.53052687645	-1.73631
112.54615688324	-2.144128
112.56177687645	-2.40848
112.57740688324	-2.543211
112.59302687645	-2.574184
112.60865688324	-2.553556
112.62427687645	-2.568841
112.63990688324	-2.727882
112.65553689003	-3.084008
112.67115688324	-3.623743
112.68678689003	-4.240057
112.70240688324	-4.77932
112.71803689003	-5.155337
112.73365688324	-5.352675
112.74928689003	-5.492652
112.76491689682	-5.763474
112.78053689003	-6.341328
112.79616689682	-7.347336
112.81178689003	-8.81997
112.82741689682	-10.66047
112.84303689003	-12.58158
112.85866689682	-14.199
112.87429690361	-15.01321
112.88991689682	-14.65506
112.90554690361	-12.98334
112.92116689682	-10.22017
112.93679690361	-6.89849
112.9524269104	-3.701344
112.96804690361	-1.239768
112.9836769104	0.1891241
112.99929690361	0.5978708
113.0149269104	0.2813883
113.03054690361	-0.3815031
113.0461769104	-1.074803
113.061806917191	-1.676914
113.0774269104	-2.203744
113.093056917191	-2.756658
113.1086769104	-3.402319
113.124306917191	-4.078769
113.1399269104	-4.64085
113.155556917191	-4.88563
113.171186923981	-4.66252
113.186806917191	-3.929366
113.202436923981	-2.749336
113.218056917191	-1.244972
113.233686923981	0.4874134
113.249306917191	2.40003
113.264936923981	4.483019
113.280566930771	6.690987
113.296186923981	8.901886
113.311816930771	10.91641
113.327436923981	12.4803
113.343066930771	13.40512
113.358686923981	13.60295
113.374316930771	13.18033
113.389946937561	12.3595
113.405566930771	11.4305
113.421196937561	10.62077
113.436816930771	10.02952
113.452446937561	9.608614
113.468066930771	9.201267
113.483696937561	8.633801
113.499326944351	7.774868
113.514946937561	6.541245
113.530576944351	4.910427
113.546196937561	2.910629
113.561826944351	0.5848503
113.577446937561	-1.9795
113.593076944351	-4.686907
113.608706951141	-7.439547
113.624326944351	-10.18011
113.639956951141	-12.94732
113.655576944351	-15.85591
113.671206951141	-19.02057
113.686826944351	-22.4338
113.702456951141	-25.9224
113.718086957932	-29.11207
113.733706951141	-31.54503
113.749336957932	-32.80115
113.764956951141	-32.61436
113.780586957932	-30.92484
113.796206951141	-27.88111
113.811836957932	-23.76737
113.827466964722	-18.87287
113.843086957932	-13.48163
113.858716964722	-7.81818
113.874336957932	-2.063728
113.889966964722	3.562889
113.905586957932	8.826012
113.921216964722	13.47148
113.936846971512	17.30563
113.952466964722	20.24486
113.968096971512	22.35391
113.983716964722	23.79049
113.999346971512	24.73277
114.014966964722	25.32541
114.030596971512	25.62786
114.046226978302	25.68362
114.061846971512	25.54031
114.077476978302	25.27935
114.093096971512	25.01612
114.108726978302	24.80296
114.124346971512	24.64923
114.139976978302	24.50661
114.155606985092	24.3361
114.171226978302	24.09928
114.186856985092	23.80484
114.202476978302	23.45185
114.218106985092	22.99017
114.233726978302	22.311
114.249356985092	21.31437
114.264986991882	19.95258
114.280606985092	18.29441
114.296236991882	16.46733
114.311856985092	14.55119
114.327486991882	12.53275
114.343106985092	10.30946
114.358736991882	7.72327
114.374366998672	4.727097
114.389986991882	1.428307
114.405616998672	-1.886478
114.421236991882	-4.878738
114.436866998672	-7.31538
114.452486991882	-9.191498
114.468116998672	-10.75539
114.483747005463	-12.35278
114.499366998672	-14.36332
114.514997005463	-16.9642
114.530616998672	-20.12857
114.546247005463	-23.61568
114.561866998672	-27.05708
114.577497005463	-30.02122
114.593127012253	-32.09856
114.608747005463	-32.95243
114.624377012253	-32.34486
114.639997005463	-30.22105
114.655627012253	-26.66629
114.671247005463	-21.94766
114.686877012253	-16.45962
114.702507019043	-10.66747
114.718127012253	-4.965313
114.733757019043	0.3562794
114.749377012253	5.185814
114.765007019043	9.552565
114.780627012253	13.52655
114.796257019043	17.13217
114.811887025833	20.28914
114.827507019043	22.82681
114.843137025833	24.56611
114.858757019043	25.42149
114.874387025833	25.44874
114.890007019043	24.85333
114.905637025833	23.92499
114.921267032623	22.94723
114.936887025833	22.11997
114.952517032623	21.5382
114.968137025833	21.1525
114.983767032623	20.84677
114.999387025833	20.47775
115.015017032623	19.91288
115.030647039413	19.07998
115.046267032623	17.95755
115.061897039413	16.50245
115.077517032623	14.68718
115.093147039413	12.48513
115.108767032623	9.913789
115.124397039413	7.084279
115.140027046204	4.215343
115.155647039413	1.521235
115.171277046204	-0.8444376
115.186897039413	-2.869299
115.202527046204	-4.698017
115.218157052994	-6.50233
115.233777046204	-8.378357
115.249407052994	-10.28818
115.265027046204	-12.08041
115.280657052994	-13.57286
115.296277046204	-14.71071
115.311907052994	-15.55606
115.327537059784	-16.26805
115.343157052994	-17.00586
115.358787059784	-17.86227
115.374407052994	-18.84219
115.390037059784	-19.93706
115.405657052994	-21.22662
115.421287059784	-22.84277
115.436916828156	-24.91786
115.452537059784	-27.35009
115.468166828156	-29.77566
115.483787059784	-31.60137
115.499416828156	-32.20957
115.515037059784	-31.21123
115.530666828156	-28.57077
115.546296834946	-24.63272
115.561916828156	-19.91374
115.577546834946	-14.92895
115.593166828156	-10.00612
115.608796834946	-5.301577
115.624416828156	-0.8754139
115.640046834946	3.247829
115.655676841736	7.034464
115.671296834946	10.40625
115.686926841736	13.2872
115.702546834946	15.5933
115.718176841736	17.17678
115.733796834946	17.94062
115.749426841736	17.82542
115.765056848526	16.91489
115.780676841736	15.45164
115.796306848526	13.75978
115.811926841736	12.11704
115.827556848526	10.68248
115.843176841736	9.453312
115.858806848526	8.304523
115.874436855316	7.119118
115.890056848526	5.828693
115.905686855316	4.488071
115.921306848526	3.233097
115.936936855316	2.17532
115.952556848526	1.375603
115.968186855316	0.7975273
115.983816862106	0.3210793
115.999436855316	-0.204937
116.015066862106	-0.8796349
116.030686855316	-1.69075
116.046316862106	-2.517715
116.061936855316	-3.177715
116.077566862106	-3.584793
116.093196868896	-3.781845
116.108816862106	-3.971508
116.124446868896	-4.427574
116.140066862106	-5.339458
116.155696868896	-6.680607
116.171316862106	-8.260998
116.186946868896	-9.808681
116.202576875687	-11.07388
116.218196868896	-12.01152
116.233826875687	-12.66769
116.249446868896	-13.17857
116.265076875687	-13.69176
116.280696868896	-14.34581
116.296326875687	-15.21976
116.311956882477	-16.39454
116.327576875687	-17.88477
116.343206882477	-19.50394
116.358826875687	-20.89042
116.374456882477	-21.45527
116.390076875687	-20.66262
116.405706882477	-18.2177
116.421336889267	-14.23657
116.436956882477	-9.172421
116.452586889267	-3.683922
116.468206882477	1.613197
116.483836889267	6.353661
116.499456882477	10.39011
116.515086889267	13.81804
116.530716896057	16.75043
116.546336889267	19.24652
116.561966896057	21.27671
116.577586889267	22.76654
116.593216896057	23.63285
116.608836889267	23.89249
116.624466896057	23.64662
116.640096902847	22.99813
116.655716896057	22.06056
116.671346902847	20.85792
116.686966896057	19.39367
116.702596902847	17.69883
116.718216896057	15.84357
116.733846902847	13.97284
116.749476909637	12.23618
116.765096902847	10.7449
116.780726909637	9.467712
116.796346902847	8.280785
116.811976909637	7.023689
116.827596902847	5.543911
116.843226909637	3.811764
116.858856916428	1.882355
116.874476909637	-0.1012878
116.890106916428	-1.987282
116.905726909637	-3.643288
116.921356916428	-5.055859
116.936976909637	-6.23703
116.952606916428	-7.224159
116.968236923218	-8.090427
116.983856916428	-8.858452
116.999486923218	-9.561687
117.015106916428	-10.23009
117.030736923218	-10.90876
117.046356916428	-11.651
117.061986923218	-12.5186
117.077616930008	-13.52856
117.093236923218	-14.66422
117.108866930008	-15.93966
117.124486923218	-17.33757
117.140116930008	-18.85326
117.155736923218	-20.44848
117.171366930008	-22.00337
117.186996936798	-23.30122
117.202616930008	-24.0452
117.218246936798	-23.91373
117.233866930008	-22.62829
117.249496936798	-20.06659
117.265116930008	-16.29546
117.280746936798	-11.60601
117.296376943588	-6.441624
117.311996936798	-1.269547
117.327626943588	3.525333
117.343246936798	7.767109
117.358876943588	11.4404
117.374506950378	14.6772
117.390126943588	17.61312
117.405756950378	20.29092
117.421376943588	22.57785
117.437006950378	24.28334
117.452626943588	25.24704
117.468256950378	25.41031
117.483886957169	24.88464
117.499506950378	23.87551
117.515136957169	22.58934
117.530756950378	21.17902
117.546386957169	19.7113
117.562006950378	18.17954
117.577636957169	16.62999
117.593266963959	15.139
117.608886957169	13.78238
117.624516963959	12.60724
117.640136957169	11.54117
117.655766963959	10.40168
117.671386957169	9.000908
117.687016963959	7.216263
117.702646970749	5.057846
117.718266963959	2.705616
117.733896970749	0.4173012
117.749516963959	-1.561245
117.765146970749	-3.084293
117.780766963959	-4.199268
117.796396970749	-5.096603
117.812026977539	-6.003963
117.827646970749	-7.105968
117.843276977539	-8.453243
117.858896970749	-9.963654
117.874526977539	-11.49183
117.890146970749	-12.88509
117.905776977539	-14.05956
117.921406984329	-15.04675
117.937026977539	-15.94279
117.952656984329	-16.85643
117.968276977539	-17.89598
117.983906984329	-19.13997
117.999526977539	-20.59992
118.015156984329	-22.22597
118.030786991119	-23.84336
118.046406984329	-25.12008
118.062036991119	-25.64191
118.077656984329	-25.01056
118.093286991119	-22.96388
118.108906984329	-19.54341
118.124536991119	-15.03709
118.14016699791	-9.876194
118.155786991119	-4.535545
118.17141699791	0.6308708
118.187036991119	5.42429
118.20266699791	9.782661
118.218286991119	13.65387
118.23391699791	16.99168
118.2495470047	19.67387
118.26516699791	21.60258
118.2807970047	22.73193
118.29641699791	23.07085
118.3120470047	22.72267
118.32766699791	21.83734
118.3432970047	20.59576
118.35892701149	19.1501
118.3745470047	17.64252
118.39017701149	16.1656
118.4057970047	14.80034
118.42142701149	13.59604
118.4370470047	12.59293
118.45267701149	11.7907
118.46830701828	11.15528
118.48392701149	10.60604
118.49955701828	10.02734
118.51517701149	9.343109
118.53080701828	8.47686
118.54642701149	7.387924
118.56205701828	6.015297
118.57768702507	4.31411
118.59330701828	2.292641
118.60893702507	0.0368576
118.62455701828	-2.262367
118.64018702507	-4.370461
118.65580701828	-6.098694
118.67143702507	-7.391571
118.68706703186	-8.34716
118.70268702507	-9.147186
118.71831703186	-9.976166
118.73393702507	-10.93398
118.74956703186	-12.03365
118.76518702507	-13.2261
118.78081703186	-14.44466
118.796447038651	-15.66698
118.81206703186	-16.8769
118.827697038651	-18.06625
118.84331703186	-19.20763
118.858947038651	-20.29131
118.87456703186	-21.33859
118.890197038651	-22.41504
118.905827045441	-23.59642
118.921447038651	-24.83041
118.937077045441	-25.93006
118.952697038651	-26.55765
118.968327045441	-26.2933
118.983947038651	-24.76375
118.999577045441	-21.80879
119.015207052231	-17.55955
119.030827045441	-12.43039
119.046457052231	-6.999115
119.062077045441	-1.813309
119.077707052231	2.768936
119.093327045441	6.648605
119.108957052231	9.922852
119.124587059021	12.78419
119.140207052231	15.39035
119.155837059021	17.75735
119.171457052231	19.78773
119.187087059021	21.29964
119.202707052231	22.12708
119.218337059021	22.22052
119.233966827393	21.66729
119.249587059021	20.65875
119.265216827393	19.42535
119.280837059021	18.19051
119.296466827393	17.07082
119.312087059021	16.09824
119.327716827393	15.22459
119.343346834183	14.38109
119.358966827393	13.53126
119.374596834183	12.67879
119.390216827393	11.86523
119.405846834183	11.09064
119.421466827393	10.33132
119.437096834183	9.530624
119.452726840973	8.62677
119.468346834183	7.570244
119.483976840973	6.37812
119.499596834183	5.097557
119.515226840973	3.779938
119.530846834183	2.46772
119.546476840973	1.131981
119.562106847763	-0.2788467
119.577726840973	-1.805878
119.593356847763	-3.453377
119.608976840973	-5.173943
119.624606847763	-6.904373
119.640226840973	-8.575386
119.655856847763	-10.18575
119.671486854553	-11.73144
119.687106847763	-13.20612
119.702736854553	-14.57747
119.718356847763	-15.77885
119.733986854553	-16.77827
119.749606847763	-17.59071
119.765236854553	-18.32703
119.780866861343	-19.11032
119.796486854553	-20.06734
119.812116861343	-21.25527
119.827736854553	-22.63876
119.843366861343	-24.1004
119.858986854553	-25.42307
119.874616861343	-26.27562
119.890246868134	-26.25527
119.905866861343	-25.0163
119.921496868134	-22.3812
119.937116861343	-18.4478
119.952746868134	-13.58595
119.968366861343	-8.331787
119.983996868134	-3.159538
119.999626874924	1.626457
120.015246868134	5.961945
120.030876874924	9.9347
120.046496868134	13.64739
120.062126874924	17.12142
120.077756881714	20.25829
120.093376874924	22.87749
120.109006881714	24.77177
120.124626874924	25.79326
120.140256881714	25.92267
120.155876874924	25.27348
120.171506881714	24.04099
120.187136888504	22.49368
120.202756881714	20.88513
120.218386888504	19.43293
120.234006881714	18.22443
120.249636888504	17.26128
120.265256881714	16.44346
120.280886888504	15.64133
120.296516895294	14.71399
120.312136888504	13.55581
120.327766895294	12.1186
120.343386888504	10.42245
120.359016895294	8.573082
120.374636888504	6.68441
120.390266895294	4.8946
120.405896902084	3.290329
120.421516895294	1.902901
120.437146902084	0.713768
120.452766895294	-0.3422546
120.468396902084	-1.355011
120.484016895294	-2.422859
120.499646902084	-3.623955
120.515276908875	-5.008011
120.530896902084	-6.572861
120.546526908875	-8.237701
120.562146902084	-9.918808
120.577776908875	-11.47137
120.593396902084	-12.79462
120.609026908875	-13.85371
120.624656915665	-14.72181
120.640276908875	-15.5167
120.655906915665	-16.36122
120.671526908875	-17.33042
120.687156915665	-18.42332
120.702776908875	-19.65664
120.718406915665	-21.02665
120.734036922455	-22.58892
120.749656915665	-24.38278
120.765286922455	-26.35284
120.780906915665	-28.26847
120.796536922455	-29.75381
120.812156915665	-30.34219
120.827786922455	-29.63313
120.843416929245	-27.44713
120.859036922455	-23.86758
120.874666929245	-19.24677
120.890286922455	-14.11359
120.905916929245	-8.989716
120.921536922455	-4.229538
120.937166929245	0.02182007
120.952796936035	3.846138
120.968416929245	7.421181
120.984046936035	10.86061
120.999666929245	14.09415
121.015296936035	16.90698
121.030916929245	18.98811
121.046546936035	20.14728
121.062176942825	20.38778
121.077796936035	19.92351
121.093426942825	19.07406
121.109046936035	18.10234
121.124676942825	17.13895
121.140296936035	16.18764
121.155926942825	15.23135
121.171556949615	14.26541
121.187176942825	13.3704
121.202806949615	12.63103
121.218426942825	12.06637
121.234056949615	11.63135
121.249676942825	11.19529
121.265306949615	10.6362
121.280936956406	9.880276
121.296556949615	8.943527
121.312186956406	7.879108
121.327806949615	6.742771
121.343436956406	5.582916
121.359056949615	4.406452
121.374686956406	3.234318
121.390316963196	2.113899
121.405936956406	1.107075
121.421566963196	0.2548599
121.437186956406	-0.4434166
121.452816963196	-1.079472
121.468436956406	-1.803692
121.484066963196	-2.723171
121.499696969986	-3.89172
121.515316963196	-5.251492
121.530946969986	-6.659164
121.546566963196	-7.999981
121.562196969986	-9.235458
121.577816963196	-10.43526
121.593446969986	-11.74023
121.609076976776	-13.31035
121.624696969986	-15.22739
121.640326976776	-17.47023
121.655946969986	-19.86419
121.671576976776	-22.10929
121.687196969986	-23.82493
121.702826976776	-24.62061
121.718456983566	-24.18242
121.734076976776	-22.34402
121.749706983566	-19.17004
121.765326976776	-14.89142
121.780956983566	-9.913452
121.796576976776	-4.663319
121.812206983566	0.473114
121.827836990356	5.220081
121.843456983566	9.408237
121.859086990356	12.98991
121.874706983566	15.94194
121.890336990356	18.25327
121.905956983566	19.88954
121.921586990356	20.80113
121.937216997147	20.94442
121.952836990356	20.39533
121.968466997147	19.30698
121.984086990356	17.92012
121.999716997147	16.50641
122.015336990356	15.26117
122.030966997147	14.28611
122.046597003937	13.59401
122.062216997147	13.12264
122.077847003937	12.75668
122.093466997147	12.45681
122.109097003937	12.19759
122.124716997147	11.97682
122.140347003937	11.8101
122.155977010727	11.62008
122.171597003937	11.27872
122.187227010727	10.62819
122.202847003937	9.558372
122.218477010727	8.02943
122.234107017517	6.158043
122.249727010727	4.11533
122.265357017517	2.100285
122.280977010727	0.2784653
122.296607017517	-1.319305
122.312227010727	-2.768276
122.327857017517	-4.199997
122.343487024307	-5.740936
122.359107017517	-7.479507
122.374737024307	-9.41367
122.390357017517	-11.47166
122.405987024307	-13.55757
122.421607017517	-15.53539
122.437237024307	-17.34795
122.452867031097	-18.98843
122.468487024307	-20.54441
122.484117031097	-22.16061
122.499737024307	-23.99291
122.515367031097	-26.10519
122.530987024307	-28.46052
122.546617031097	-30.88614
122.562247037888	-33.02503
122.577867031097	-34.45767
122.593497037888	-34.69651
122.609117031097	-33.38933
122.624747037888	-30.41439
122.640367031097	-25.96122
122.655997037888	-20.48156
122.671627044678	-14.55832
122.687247037888	-8.73291
122.702877044678	-3.336849
122.718497037888	1.494469
122.734127044678	5.809071
122.749747037888	9.666931
122.765377044678	13.06633
122.781007051468	15.93738
122.796627044678	18.16887
122.812257051468	19.69679
122.827877044678	20.49703
122.843507051468	20.66127
122.859127044678	20.29486
122.874757051468	19.54929
122.890387058258	18.56408
122.906007051468	17.4739
122.921637058258	16.37581
122.937257051468	15.3351
122.952887058258	14.38164
122.968507051468	13.55261
122.984137058258	12.89212
122.99976682663	12.41817
123.015387058258	12.10724
123.03101682663	11.84581
123.046637058258	11.50032
123.06226682663	10.94733
123.077887058258	10.12392
123.09351682663	9.053772
123.10914683342	7.805532
123.12476682663	6.420486
123.14039683342	4.905548
123.15601682663	3.274206
123.17164683342	1.570611
123.18726682663	-0.09375
123.20289683342	-1.588418
123.21852684021	-2.882024
123.23414683342	-4.081612
123.24977684021	-5.394023
123.26539683342	-7.026007
123.28102684021	-9.087849
123.29664683342	-11.49104
123.31227684021	-14.00909
123.327906847	-16.40639
123.34352684021	-18.50118
123.359156847	-20.26804
123.37477684021	-21.81674
123.390406847	-23.35978
123.40602684021	-25.10387
123.421656847	-27.19416
123.43728685379	-29.61678
123.452906847	-32.15767
123.46853685379	-34.37733
123.484156847	-35.71294
123.49978685379	-35.62492
123.515406847	-33.76311
123.53103685379	-30.15049
123.54666686058	-25.14584
123.56228685379	-19.28526
123.57791686058	-13.10453
123.59353685379	-7.023203
123.60916686058	-1.231281
123.62478685379	4.215105
123.64041686058	9.314285
123.656046867371	14.03018
123.67166686058	18.2525
123.687296867371	21.839
123.70291686058	24.67465
123.718546867371	26.71659
123.73416686058	27.96992
123.749796867371	28.51908
123.765426874161	28.51542
123.781046867371	28.11832
123.796676874161	27.48064
123.812296867371	26.70996
123.827926874161	25.85228
123.843546867371	24.89886
123.859176874161	23.8413
123.874806880951	22.73977
123.890426874161	21.66845
123.906056880951	20.71208
123.921676874161	19.91775
123.937306880951	19.22163
123.952926874161	18.50229
123.968556880951	17.60405
123.984186887741	16.41034
123.999806880951	14.90116
124.015436887741	13.18176
124.031056880951	11.41758
124.046686887741	9.776413
124.062306880951	8.345013
124.077936887741	7.103241
124.093566894531	5.958839
124.109186887741	4.759071
124.124816894531	3.370331
124.140436887741	1.704117
124.156066894531	-0.2540016
124.171686887741	-2.454777
124.187316894531	-4.819366
124.202946901321	-7.230473
124.218566894531	-9.550503
124.234196901321	-11.6294
124.249816894531	-13.4098
124.265446901321	-14.94967
124.281066894531	-16.42925
124.296696901321	-18.10234
124.312326908112	-20.17445
124.327946901321	-22.65615
124.343576908112	-25.32758
124.359196901321	-27.76057
124.374826908112	-29.42461
124.390446901321	-29.83285
124.406076908112	-28.67815
124.421706914902	-25.86377
124.437326908112	-21.57133
124.452956914902	-16.17648
124.468576908112	-10.19231
124.484206914902	-4.168774
124.499826908112	1.416416
124.515456914902	6.262802
124.531086921692	10.30876
124.546706914902	13.66371
124.562336921692	16.56966
124.577956914902	19.19678
124.593586921692	21.59833
124.609206914902	23.64725
124.624836921692	25.12717
124.640466928482	25.84615
124.656086921692	25.75074
124.671716928482	24.98215
124.687336921692	23.82796
124.702966928482	22.59048
124.718586921692	21.47092
124.734216928482	20.51386
124.749846935272	19.62319
124.765466928482	18.65285
124.781096935272	17.50649
124.796716928482	16.20667
124.812346935272	14.82922
124.827966928482	13.45409
124.843596935272	12.11188
124.859226942062	10.74313
124.874846935272	9.24836
124.890476942062	7.576408
124.906096935272	5.758209
124.921726942062	3.939217
124.937356948853	2.302551
124.952976942062	0.984436
124.968606948853	-0.01205444
124.984226942062	-0.7872772
124.999856948853	-1.551018
125.015476942062	-2.541809
125.031106948853	-3.904083
125.046736955643	-5.651825
125.062356948853	-7.637123
125.077986955643	-9.636765
125.093606948853	-11.43839
125.109236955643	-12.90293
125.124856948853	-14.06902
125.140486955643	-15.08914
125.156116962433	-16.19926
125.171736955643	-17.56751
125.187366962433	-19.27615
125.202986955643	-21.29832
125.218616962433	-23.51123
125.234236955643	-25.72762
125.249866962433	-27.63656
125.265496969223	-28.87988
125.281116962433	-29.05506
125.296746969223	-27.81495
125.312366962433	-24.94418
125.327996969223	-20.52248
125.343616962433	-14.91251
125.359246969223	-8.68087
125.374876976013	-2.463364
125.390496969223	3.234535
125.406126976013	8.117172
125.421746969223	12.11707
125.437376976013	15.31361
125.452996969223	17.8745
125.468626976013	19.90702
125.484256982803	21.46784
125.499876976013	22.55222
125.515506982803	23.13566
125.531126976013	23.22729
125.546756982803	22.87275
125.562376976013	22.17306
125.578006982803	21.23619
125.593636989594	20.13911
125.609256982803	18.98595
125.624886989594	17.89561
125.640506982803	16.99783
125.656136989594	16.40485
125.671756982803	16.18061
125.687386989594	16.2752
125.703016996384	16.53913
125.718636989594	16.74384
125.734266996384	16.64239
125.749886989594	16.09587
125.765516996384	15.09393
125.781136989594	13.77749
125.796766996384	12.31479
125.812397003174	10.85301
125.828016996384	9.444626
125.843647003174	8.057861
125.859266996384	6.605057
125.874897003174	5.021603
125.890516996384	3.294411
125.906147003174	1.447353
125.921777009964	-0.4651413
125.937397003174	-2.456688
125.953027009964	-4.590279
125.968647003174	-6.925797
125.984277009964	-9.473255
125.999897003174	-12.15651
126.015527009964	-14.84424
126.031157016754	-17.42697
126.046777009964	-19.9187
126.062407016754	-22.42946
126.078027009964	-25.07207
126.093657016754	-27.83747
126.109277009964	-30.4601
126.124907016754	-32.45755
126.140537023544	-33.28578
126.156157016754	-32.5451
126.171787023544	-30.13385
126.187407016754	-26.27445
126.203037023544	-21.41604
126.218657016754	-16.01045
126.234287023544	-10.42503
126.249917030334	-4.869026
126.265537023544	0.5317039
126.281167030334	5.691563
126.296787023544	10.52232
126.312417030334	14.89896
126.328037023544	18.68671
126.343667030334	21.76158
126.359297037125	24.00953
126.374917030334	25.36353
126.390547037125	25.83376
126.406167030334	25.50948
126.421797037125	24.60052
126.437417030334	23.34677
126.453047037125	21.94536
126.468677043915	20.49979
126.484297037125	19.03651
126.499927043915	17.54037
126.515547037125	16.04536
126.531177043915	14.65105
126.546797037125	13.47683
126.562427043915	12.59095
126.578057050705	11.97055
126.593677043915	11.44771
126.609307050705	10.76435
126.624927043915	9.695995
126.640557050705	8.109119
126.656177043915	6.045322
126.671807050705	3.703159
126.687437057495	1.417149
126.703057050705	-0.5665512
126.718687057495	-2.119297
126.734307050705	-3.303764
126.749937057495	-4.35873
126.765557050705	-5.543365
126.781187057495	-7.054295
126.796816825867	-8.91276
126.812437057495	-11.02582
126.828066825867	-13.19706
126.843687057495	-15.25114
126.859316825867	-17.06497
126.874937057495	-18.56514
126.890566825867	-19.74796
126.906196832657	-20.68265
126.921816825867	-21.53093
126.937446832657	-22.53597
126.953066825867	-23.94481
126.968696832657	-25.88037
126.984316825867	-28.26734
126.999946832657	-30.75867
127.015576839447	-32.83934
127.031196832657	-33.9192
127.046826839447	-33.51823
127.062446832657	-31.40142
127.078076839447	-27.62157
127.093696832657	-22.5244
127.109326839447	-16.62159
127.124956846237	-10.47588
127.140576839447	-4.561314
127.156206846237	0.8431358
127.171826839447	5.606365
127.187456846237	9.763838
127.203086853027	13.38532
127.218706846237	16.49156
127.234336853027	19.04311
127.249956846237	20.94448
127.265586853027	22.11671
127.281206846237	22.53578
127.296836853027	22.30242
127.312466859818	21.58268
127.328086853027	20.59848
127.343716859818	19.57527
127.359336853027	18.65126
127.374966859818	17.89809
127.390586853027	17.30508
127.406216859818	16.81446
127.421846866608	16.37025
127.437466859818	15.93245
127.453096866608	15.46048
127.468716859818	14.91487
127.484346866608	14.23631
127.499966859818	13.34781
127.515596866608	12.17416
127.531226873398	10.72714
127.546846866608	9.110697
127.562476873398	7.509851
127.578096866608	6.144356
127.593726873398	5.132212
127.609346866608	4.471466
127.624976873398	4.002493
127.640606880188	3.49283
127.656226873398	2.732201
127.671856880188	1.622
127.687476873398	0.1831293
127.703106880188	-1.452273
127.718726873398	-3.153653
127.734356880188	-4.867327
127.749986886978	-6.607328
127.765606880188	-8.407149
127.781236886978	-10.26677
127.796856880188	-12.12215
127.812486886978	-13.89215
127.828106880188	-15.5755
127.843736886978	-17.28547
127.859366893768	-19.23381
127.874986886978	-21.59068
127.890616893768	-24.30156
127.906236886978	-27.02252
127.921866893768	-29.12052
127.937486886978	-29.91902
127.953116893768	-28.92322
127.968746900558	-26.07153
127.984366893768	-21.70804
127.999996900558	-16.48494
128.015616893768	-11.09145
128.031246900558	-6.012414
128.046866893768	-1.503984
128.062496900558	2.419009
128.078126907349	5.862843
128.093746900558	8.910769
128.109376907349	11.58169
128.124996900558	13.85312
128.140626907349	15.65493
128.156246900558	16.93984
128.171876907349	17.74214
128.187506914139	18.10858
128.203126907349	18.15665
128.218756914139	18.01548
128.234376907349	17.81231
128.250006914139	17.58285
128.265626907349	17.30299
128.281256914139	16.86414
128.296886920929	16.14535
128.312506914139	15.08685
128.328136920929	13.73405
128.343756914139	12.27624
128.359386920929	10.94496
128.375006914139	9.9494
128.390636920929	9.337742
128.406266927719	8.991236
128.421886920929	8.684131
128.437516927719	8.21415
128.453136920929	7.498064
128.468766927719	6.620752
128.484386920929	5.779449
128.500016927719	5.146038
128.515646934509	4.716653
128.531266927719	4.294885
128.546896934509	3.576525
128.562516927719	2.278754
128.578146934509	0.3172193
128.593766927719	-2.181874
128.609396934509	-4.947378
128.625026941299	-7.706132
128.640646934509	-10.3124
128.656276941299	-12.8118
128.671896934509	-15.35798
128.687526941299	-18.09355
128.703146934509	-21.07525
128.718776941299	-24.2453
128.73440694809	-27.4574
128.750026941299	-30.56108
128.76565694809	-33.44385
128.781276941299	-35.96087
128.79690694809	-37.86524
128.812526941299	-38.79114
128.82815694809	-38.33634
128.84378695488	-36.19971
128.85940694809	-32.38646
128.87503695488	-27.22289
128.89065694809	-21.31704
128.90628695488	-15.33476
128.92190694809	-9.777164
128.93753695488	-4.866648
128.95316696167	-0.5169649
128.96878695488	3.469313
128.98441696167	7.253044
129.00003695488	10.83033
129.01566696167	14.05816
129.03128695488	16.7124
129.04691696167	18.61288
129.06254696846	19.7237
129.07816696167	20.12836
129.09379696846	19.99703
129.10941696167	19.50612
129.12504696846	18.82813
129.14066696167	18.07644
129.15629696846	17.33494
129.17192697525	16.65012
129.18754696846	16.0246
129.20317697525	15.41904
129.21879696846	14.77081
129.23442697525	13.96728
129.25004696846	12.92964
129.26567697525	11.64929
129.28130698204	10.15431
129.29692697525	8.551621
129.31255698204	6.967808
129.32817697525	5.539036
129.34380698204	4.371379
129.359436988831	3.565963
129.37505698204	3.150457
129.390686988831	3.073982
129.40630698204	3.203851
129.421936988831	3.335172
129.43755698204	3.248583
129.453186988831	2.816253
129.468816995621	2.008984
129.484436988831	0.9192457
129.500066995621	-0.294878
129.515686988831	-1.501885
129.531316995621	-2.63567
129.546936988831	-3.740594
129.562566995621	-4.954694
129.578197002411	-6.433184
129.593816995621	-8.234461
129.609447002411	-10.3459
129.625066995621	-12.62188
129.640697002411	-14.84913
129.656316995621	-16.81412
129.671947002411	-18.28853
129.687577009201	-19.05756
129.703197002411	-18.94791
129.718827009201	-17.80975
129.734447002411	-15.5878
129.750077009201	-12.40747
129.765697002411	-8.527089
129.781327009201	-4.320045
129.796957015991	-0.1722631
129.812577009201	3.638811
129.828207015991	7.016268
129.843827009201	9.961274
129.859457015991	12.55527
129.875077009201	14.82437
129.890707015991	16.70652
129.906337022781	18.09117
129.921957015991	18.88664
129.937587022781	19.03981
129.953207015991	18.63167
129.968837022781	17.82807
129.984457015991	16.81639
130.000087022781	15.7921
130.015717029572	14.89295
130.031337022781	14.15465
130.046967029572	13.57677
130.062587022781	13.13005
130.078217029572	12.78438
130.093837022781	12.53443
130.109467029572	12.35039
130.125097036362	12.15571
130.140717029572	11.86137
130.156347036362	11.38542
130.171967029572	10.65528
130.187597036362	9.667786
130.203217029572	8.411882
130.218847036362	6.929461
130.234477043152	5.309454
130.250097036362	3.624977
130.265727043152	1.969646
130.281347036362	0.4065742
130.296977043152	-1.081522
130.312597036362	-2.586628
130.328227043152	-4.186028
130.343857049942	-5.941441
130.359477043152	-7.758602
130.375107049942	-9.416363
130.390727043152	-10.69609
130.406357049942	-11.45079
130.421977043152	-11.69267
130.437607049942	-11.64588
130.453237056732	-11.62389
130.468857049942	-11.88478
130.484487056732	-12.59808
130.500107049942	-13.78592
130.515737056732	-15.32325
130.531357049942	-17.04257
130.546987056732	-18.68266
130.562616825104	-19.93959
130.578237056732	-20.50111
130.593866825104	-20.06446
130.609487056732	-18.39876
130.625116825104	-15.49587
130.640737056732	-11.59945
130.656366825104	-7.128635
130.671996831894	-2.632034
130.687616825104	1.464996
130.703246831894	4.912346
130.718866825104	7.668175
130.734496831894	9.886765
130.750116825104	11.7524
130.765746831894	13.36464
130.781376838684	14.68323
130.796996831894	15.59157
130.812626838684	15.92881
130.828246831894	15.65595
130.843876838684	14.82409
130.859496831894	13.55092
130.875126838684	12.02598
130.890756845474	10.4109
130.906376838684	8.85397
130.922006845474	7.486431
130.937626838684	6.403873
130.953256845474	5.628082
130.968876838684	5.108234
130.984506845474	4.756104
131.000136852264	4.41975
131.015756845474	3.97596
131.031386852264	3.327522
131.047006845474	2.42453
131.062636852264	1.279282
131.078256845474	-0.0343399
131.093886852264	-1.382523
131.109516859055	-2.599052
131.125136852264	-3.528549
131.140766859055	-4.142715
131.156386852264	-4.559044
131.172016859055	-5.047943
131.187636852264	-5.913292
131.203266859055	-7.337479
131.218896865845	-9.32383
131.234516859055	-11.66048
131.250146865845	-14.00682
131.265766859055	-16.0186
131.281396865845	-17.47575
131.297016859055	-18.32194
131.312646865845	-18.70113
131.328276872635	-18.89894
131.343896865845	-19.26812
131.359526872635	-20.12206
131.375146865845	-21.55726
131.390776872635	-23.39883
131.406396865845	-25.15148
131.422026872635	-26.17747
131.437656879425	-25.92377
131.453276872635	-24.11019
131.468906879425	-20.87013
131.484526872635	-16.63143
131.500156879425	-11.95922
131.515776872635	-7.302246
131.531406879425	-2.9104
131.547036886215	1.198738
131.562656879425	5.11338
131.578286886215	8.829185
131.593906879425	12.27827
131.609536886215	15.27682
131.625156879425	17.64832
131.640786886215	19.29846
131.656416893005	20.24297
131.672036886215	20.53868
131.687666893005	20.24024
131.703286886215	19.42316
131.718916893005	18.14306
131.734536886215	16.53271
131.750166893005	14.7562
131.765796899796	13.02238
131.781416893005	11.51157
131.797046899796	10.3233
131.812666893005	9.442917
131.828296899796	8.767906
131.843916893005	8.189781
131.859546899796	7.585815
131.875176906586	6.929565
131.890796899796	6.174652
131.906426906586	5.273178
131.922046899796	4.189293
131.937676906586	2.888611
131.953296899796	1.403946
131.968926906586	-0.1727753
131.984556913376	-1.637619
132.000176906586	-2.803787
132.015806913376	-3.519592
132.031426906586	-3.814255
132.047056913376	-3.895287
132.062686920166	-4.048691
132.078306913376	-4.552887
132.093936920166	-5.542686
132.109556913376	-6.94381
132.125186920166	-8.550705
132.140806913376	-10.13869
132.156436920166	-11.56128
132.172066926956	-12.81911
132.187686920166	-14.03896
132.203316926956	-15.40798
132.218936920166	-17.10133
132.234566926956	-19.22186
132.250186920166	-21.80497
132.265816926956	-24.79686
132.281446933746	-27.9858
132.297066926956	-30.94285
132.312696933746	-33.06952
132.328316926956	-33.7319
132.343946933746	-32.48789
132.359566926956	-29.28938
132.375196933746	-24.49052
132.390826940536	-18.75207
132.406446933746	-12.78458
132.422076940536	-7.101891
132.437696933746	-1.895988
132.453326940536	2.908546
132.468946933746	7.482094
132.484576940536	11.90493
132.500206947327	16.0803
132.515826940536	19.75108
132.531456947327	22.61999
132.547076940536	24.464
132.562706947327	25.23737
132.578326940536	25.01991
132.593956947327	24.02686
132.609586954117	22.55972
132.625206947327	20.91384
132.640836954117	19.32504
132.656456947327	17.93779
132.672086954117	16.75253
132.687706947327	15.69817
132.703336954117	14.65975
132.718966960907	13.55076
132.734586954117	12.34801
132.750216960907	11.11626
132.765836954117	9.958286
132.781466960907	8.916622
132.797086954117	7.965702
132.812716960907	7.017174
132.828346967697	5.982647
132.843966960907	4.829544
132.859596967697	3.630676
132.875216960907	2.502838
132.890846967697	1.532974
132.906466960907	0.7070847
132.922096967697	-0.1084251
132.937726974487	-1.114597
132.953346967697	-2.473873
132.968976974487	-4.251537
132.984596967697	-6.378536
133.000226974487	-8.659645
133.015846967697	-10.86414
133.031476974487	-12.8159
133.047106981277	-14.42141
133.062726974487	-15.7082
133.078356981277	-16.7841
133.093976974487	-17.8229
133.109606981277	-18.98458
133.125226974487	-20.40087
133.140856981277	-22.06825
133.156486988068	-23.86426
133.172106981277	-25.55961
133.187736988068	-26.81635
133.203356981277	-27.26775
133.218986988068	-26.58715
133.234606981277	-24.6154
133.250236988068	-21.37735
133.265866994858	-17.14013
133.281486988068	-12.30114
133.297116994858	-7.291161
133.312736988068	-2.454517
133.328366994858	2.056576
133.343986988068	6.260143
133.359616994858	10.22525
133.375247001648	13.98419
133.390866994858	17.43729
133.406497001648	20.33738
133.422116994858	22.42904
133.437747001648	23.52766
133.453366994858	23.63135
133.468997001648	22.92359
133.484627008438	21.72733
133.500247001648	20.34795
133.515877008438	19.03609
133.531497001648	17.87586
133.547127008438	16.81252
133.562747001648	15.74865
133.578377008438	14.58224
133.594007015228	13.31415
133.609627008438	12.05005
133.625257015228	10.92899
133.640877008438	10.02863
133.656507015228	9.369289
133.672127008438	8.84396
133.687757015228	8.248631
133.703387022018	7.409191
133.719007015228	6.223709
133.734637022018	4.720798
133.750257015228	3.055553
133.765887022018	1.409676
133.781507015228	-0.1023521
133.797137022018	-1.432945
133.812767028809	-2.674191
133.828387022018	-3.948635
133.844017028809	-5.335365
133.859637022018	-6.831932
133.875267028809	-8.360115
133.890887022018	-9.778843
133.906517028809	-10.96778
133.922147035599	-11.89652
133.937767028809	-12.61441
133.953397035599	-13.26849
133.969017028809	-14.04533
133.984647035599	-15.0884
134.000267028809	-16.50691
134.015897035599	-18.34592
134.031527042389	-20.54835
134.047147035599	-22.92446
134.062777042389	-25.14843
134.078397035599	-26.76121
134.094027042389	-27.27887
134.109647035599	-26.32543
134.125277042389	-23.74575
134.140907049179	-19.69715
134.156527042389	-14.61502
134.172157049179	-9.049345
134.187777042389	-3.517878
134.203407049179	1.639172
134.219037055969	6.292936
134.234657049179	10.44741
134.250287055969	14.12601
134.265907049179	17.28929
134.281537055969	19.82175
134.297157049179	21.61563
134.312787055969	22.66865
134.328416824341	23.10438
134.344037055969	23.12033
134.359666824341	22.92388
134.375287055969	22.62755
134.390916824341	22.20087
134.406537055969	21.58999
134.422166824341	20.7039
134.437796831131	19.57098
134.453416824341	18.29956
134.469046831131	17.04051
134.484666824341	15.93342
134.500296831131	15.02259
134.515916824341	14.25316
134.531546831131	13.4626
134.547176837921	12.49666
134.562796831131	11.24616
134.578426837921	9.692259
134.594046831131	7.919073
134.609676837921	6.074938
134.625296831131	4.311069
134.640926837921	2.753136
134.656556844711	1.429801
134.672176837921	0.2809181
134.687806844711	-0.8240623
134.703426837921	-2.014109
134.719056844711	-3.361756
134.734676837921	-4.864785
134.750306844711	-6.460014
134.765936851501	-8.08101
134.781556844711	-9.66328
134.797186851501	-11.19948
134.812806844711	-12.71017
134.828436851501	-14.2453
134.844056844711	-15.87718
134.859686851501	-17.6901
134.875316858292	-19.74925
134.890936851501	-22.06637
134.906566858292	-24.45225
134.922186851501	-26.53114
134.937816858292	-27.75976
134.953436851501	-27.63418
134.969066858292	-25.83242
134.984696865082	-22.37142
135.000316858292	-17.61883
135.015946865082	-12.1319
135.031566858292	-6.531473
135.047196865082	-1.268875
135.062816858292	3.40975
135.078446865082	7.497911
135.094076871872	11.06793
135.109696865082	14.26718
135.125326871872	17.11805
135.140946865082	19.556
135.156576871872	21.41905
135.172196865082	22.56258
135.187826871872	22.90945
135.203456878662	22.50077
135.219076871872	21.52416
135.234706878662	20.20555
135.250326871872	18.77334
135.265956878662	17.36254
135.281576871872	16.04364
135.297206878662	14.84173
135.312836885452	13.80365
135.328456878662	12.96148
135.344086885452	12.29484
135.359706878662	11.73765
135.375336885452	11.15633
135.390956878662	10.39175
135.406586885452	9.334382
135.422216892242	7.926245
135.437836885452	6.228265
135.453466892242	4.317555
135.469086885452	2.341062
135.484716892242	0.43295
135.500336885452	-1.291541
135.515966892242	-2.766533
135.531596899033	-4.02909
135.547216892242	-5.162981
135.562846899033	-6.344896
135.578466892242	-7.693663
135.594096899033	-9.302995
135.609716892242	-11.12496
135.625346899033	-13.06779
135.640976905823	-14.9957
135.656596899033	-16.82704
135.672226905823	-18.54301
135.687846899033	-20.16651
135.703476905823	-21.77529
135.719096899033	-23.43068
135.734726905823	-25.19528
135.750356912613	-27.09401
135.765976905823	-29.09142
135.781606912613	-30.97397
135.797226905823	-32.35558
135.812856912613	-32.74686
135.828476905823	-31.68046
135.844106912613	-28.94411
135.859736919403	-24.64635
135.875356912613	-19.21164
135.890986919403	-13.25339
135.906606912613	-7.311444
135.922236919403	-1.782104
135.937856912613	3.217486
135.953486919403	7.733915
135.969116926193	11.88788
135.984736919403	15.7427
136.000366926193	19.26343
136.015986919403	22.32264
136.031616926193	24.7159
136.047236919403	26.27577
136.062866926193	26.88123
136.078496932983	26.53707
136.094116926193	25.39005
136.109746932983	23.7295
136.125366926193	21.87837
136.140996932983	20.13291
136.156616926193	18.66292
136.172246932983	17.5011
136.187876939774	16.62099
136.203496932983	15.96509
136.219126939774	15.49282
136.234746932983	15.16541
136.250376939774	14.8994
136.265996932983	14.55188
136.281626939774	13.91765
136.297256946564	12.82668
136.312876939774	11.16041
136.328506946564	8.950768
136.344126939774	6.345177
136.359756946564	3.573861
136.375376939774	0.9026344
136.391006946564	-1.498993
136.406636953354	-3.514648
136.422256946564	-5.151773
136.437886953354	-6.514493
136.453506946564	-7.771083
136.469136953354	-9.0961
136.484766960144	-10.6303
136.500386953354	-12.4017
136.516016960144	-14.32618
136.531636953354	-16.28212
136.547266960144	-18.15024
136.562886953354	-19.88599
136.578516960144	-21.56697
136.594146966934	-23.36291
136.609766960144	-25.428
136.625396966934	-27.79499
136.641016960144	-30.25168
136.656646966934	-32.33917
136.672266960144	-33.50427
136.687896966934	-33.24409
136.703526973724	-31.29474
136.719146966934	-27.72021
136.734776973724	-22.85411
136.750396966934	-17.17542
136.766026973724	-11.14512
136.781646966934	-5.131733
136.797276973724	0.6716862
136.812906980515	6.151968
136.828526973724	11.23328
136.844156980515	15.85249
136.859776973724	19.94872
136.875406980515	23.46773
136.891026973724	26.36526
136.906656980515	28.60232
136.922286987305	30.13634
136.937906980515	30.96273
136.953536987305	31.1188
136.969156980515	30.7253
136.984786987305	29.92323
137.000406980515	28.86705
137.016036987305	27.68498
137.031666994095	26.44319
137.047286987305	25.17019
137.062916994095	23.88213
137.078536987305	22.59548
137.094166994095	21.3199
137.109786987305	20.03416
137.125416994095	18.62408
137.141047000885	16.95411
137.156666994095	14.91195
137.172297000885	12.45784
137.187916994095	9.667353
137.203547000885	6.724879
137.219166994095	3.838675
137.234797000885	1.193102
137.250427007675	-1.116449
137.266047000885	-3.090485
137.281677007675	-4.811759
137.297297000885	-6.44474
137.312927007675	-8.116612
137.328547000885	-9.931297
137.344177007675	-11.87235
137.359807014465	-13.81483
137.375427007675	-15.57171
137.391057014465	-17.00384
137.406677007675	-18.06641
137.422307014465	-18.86158
137.437927007675	-19.62696
137.453557014465	-20.60785
137.469187021255	-22.00626
137.484807014465	-23.88072
137.500437021255	-26.11977
137.516057014465	-28.44693
137.531687021255	-30.42802
137.547307014465	-31.56019
137.562937021255	-31.35799
137.578567028046	-29.50922
137.594187021255	-25.988
137.609817028046	-21.08755
137.625437021255	-15.32808
137.641067028046	-9.302825
137.656687021255	-3.490395
137.672317028046	1.850473
137.687947034836	6.668959
137.703567028046	11.04927
137.719197034836	15.06846
137.734817028046	18.74179
137.750447034836	21.97919
137.766067028046	24.64456
137.781697034836	26.64346
137.797327041626	27.90789
137.812947034836	28.46889
137.828577041626	28.43025
137.844197034836	27.93454
137.859827041626	27.13203
137.875447034836	26.20081
137.891077041626	25.28316
137.906707048416	24.48336
137.922327041626	23.92426
137.937957048416	23.66727
137.953577041626	23.73972
137.969207048416	24.11356
137.984827041626	24.69427
138.000457048416	25.38874
138.016087055206	26.10551
138.031707048416	26.7968
138.047337055206	27.42213
138.062957048416	27.96052
138.078587055206	28.35839
138.094207048416	28.53262
138.109837055206	28.32716
138.125466823578	27.55317
138.141087055206	26.0126
138.156716823578	23.51525
138.172337055206	19.97357
138.187966823578	15.40945
138.203587055206	9.99174
138.219216823578	3.951447
138.234846830368	-2.445971
138.250466823578	-8.999526
138.266096830368	-15.59478
138.281716823578	-22.21406
138.297346830368	-28.89546
138.312966823578	-35.71019
138.328596830368	-42.7151
138.344226837158	-49.84764
138.359846830368	-56.88725
138.375476837158	-63.37437
138.391096830368	-68.63074
138.406726837158	-71.98061
138.422346830368	-72.97068
138.437976837158	-71.5545
138.453606843948	-68.13902
138.469226837158	-63.39628
138.484856843948	-58.01849
138.500476837158	-52.50698
138.516106843948	-47.07021
138.531726837158	-41.71827
138.547356843948	-36.40965
138.562986850739	-31.17665
138.578606843948	-26.17954
138.594236850739	-21.62164
138.609856843948	-17.67991
138.625486850739	-14.39365
138.641106843948	-11.69722
138.656736850739	-9.44085
138.672366857529	-7.446312
138.687986850739	-5.544177
138.703616857529	-3.594232
138.719236850739	-1.510413
138.734866857529	0.7363868
138.750486850739	3.111468
138.766116857529	5.567431
138.781746864319	8.001733
138.797366857529	10.30187
138.812996864319	12.32321
138.828616857529	13.93379
138.844246864319	15.05792
138.859866857529	15.69606
138.875496864319	15.91257
138.891126871109	15.8196
138.906746864319	15.57642
138.922376871109	15.33027
138.937996864319	15.19896
138.953626871109	15.20875
138.969246864319	15.28654
138.984876871109	15.25437
139.000506877899	14.89144
139.016126871109	14.02429
139.031756877899	12.59283
139.047376871109	10.71888
139.063006877899	8.66494
139.078636884689	6.746578
139.094256877899	5.176514
139.109886884689	4.009476
139.125506877899	3.103157
139.141136884689	2.216255
139.156756877899	1.074722
139.172386884689	-0.4994431
139.188016891479	-2.569633
139.203636884689	-4.986671
139.219266891479	-7.371784
139.234886884689	-9.187466
139.250516891479	-9.834007
139.266136884689	-8.856174
139.281766891479	-6.13063
139.29739689827	-1.917675
139.313016891479	3.189327
139.32864689827	8.450352
139.344266891479	13.23083
139.35989689827	17.18754
139.375516891479	20.30836
139.39114689827	22.79906
139.40677690506	24.89404
139.42239689827	26.73365
139.43802690506	28.29696
139.45364689827	29.43129
139.46927690506	29.96935
139.48489689827	29.81864
139.50052690506	29.03304
139.51615691185	27.80545
139.53177690506	26.40426
139.54740691185	25.05647
139.56302690506	23.93756
139.57865691185	23.11252
139.59427690506	22.54605
139.60990691185	22.15919
139.62553691864	21.83196
139.64115691185	21.45429
139.65678691864	20.90282
139.67240691185	20.06995
139.68803691864	18.81155
139.70365691185	17.03452
139.71928691864	14.75228
139.73491692543	12.08347
139.75053691864	9.29155
139.76616692543	6.693748
139.78178691864	4.554161
139.79741692543	2.937546
139.81303691864	1.728912
139.82866692543	0.6338768
139.84429693222	-0.6665649
139.85991692543	-2.359184
139.87554693222	-4.449726
139.89116692543	-6.781879
139.90679693222	-9.11132
139.92241692543	-11.24324
139.93804693222	-13.08611
139.953676939011	-14.62402
139.96929693222	-15.94303
139.984926939011	-17.19083
140.00054693222	-18.54755
140.016176939011	-20.19939
140.03179693222	-22.19875
140.047426939011	-24.40972
140.063056945801	-26.45316
140.078676939011	-27.78933
140.094306945801	-27.85408
140.109926939011	-26.29026
140.125556945801	-23.06261
140.141176939011	-18.46327
140.156806945801	-13.05128
140.172436952591	-7.395554
140.188056945801	-1.954178
140.203686952591	2.989143
140.219306945801	7.322742
140.234936952591	11.06757
140.250556945801	14.26789
140.266186952591	16.98474
140.281816959381	19.2304
140.297436952591	20.94254
140.313066959381	22.04431
140.328686952591	22.48611
140.344316959381	22.24837
140.359936952591	21.36867
140.375566959381	19.958
140.391196966171	18.11507
140.406816959381	15.99388
140.422446966171	13.76027
140.438066959381	11.59847
140.453696966171	9.697716
140.469316959381	8.200523
140.484946966171	7.157581
140.500576972961	6.506824
140.516196966171	6.090958
140.531826972961	5.671562
140.547446966171	5.064449
140.563076972961	4.158638
140.578696966171	2.958059
140.594326972961	1.592894
140.609956979752	0.2216129
140.625576972961	-1.03636
140.641206979752	-2.114267
140.656826972961	-3.060196
140.672456979752	-4.044886
140.688076972961	-5.213409
140.703706979752	-6.65225
140.719336986542	-8.336796
140.734956979752	-10.1051
140.750586986542	-11.76027
140.766206979752	-13.1592
140.781836986542	-14.23675
140.797456979752	-15.03524
140.813086986542	-15.70557
140.828716993332	-16.4074
140.844336986542	-17.28598
140.859966993332	-18.47187
140.875586986542	-19.97337
140.891216993332	-21.67802
140.906836986542	-23.30561
140.922466993332	-24.42114
140.938097000122	-24.52479
140.953716993332	-23.24835
140.969347000122	-20.4679
140.984966993332	-16.40001
141.000597000122	-11.54934
141.016216993332	-6.508398
141.031847000122	-1.795724
141.047477006912	2.307612
141.063097000122	5.789345
141.078727006912	8.785476
141.094347000122	11.42139
141.109977006912	13.7355
141.125597000122	15.6028
141.141227006912	16.82645
141.156857013702	17.27735
141.172477006912	16.95639
141.188107013702	16.03368
141.203727006912	14.79482
141.219357013702	13.52008
141.234977006912	12.37553
141.250607013702	11.39417
141.266237020493	10.49545
141.281857013702	9.57542
141.297487020493	8.611341
141.313107013702	7.641802
141.328737020493	6.731829
141.344367027283	5.921956
141.359987020493	5.149238
141.375617027283	4.288535
141.391237020493	3.208532
141.406867027283	1.835654
141.422487020493	0.2342973
141.438117027283	-1.402046
141.453747034073	-2.858888
141.469367027283	-3.985362
141.484997034073	-4.767262
141.500617027283	-5.338843
141.516247034073	-5.902656
141.531867027283	-6.639337
141.547497034073	-7.618146
141.563127040863	-8.725984
141.578747034073	-9.759345
141.594377040863	-10.57462
141.609997034073	-11.15516
141.625627040863	-11.63818
141.641247034073	-12.26081
141.656877040863	-13.22017
141.672507047653	-14.62881
141.688127040863	-16.43506
141.703757047653	-18.45378
141.719377040863	-20.39014
141.735007047653	-21.88877
141.750627040863	-22.57404
141.766257047653	-22.12643
141.781887054443	-20.38189
141.797507047653	-17.36103
141.813137054443	-13.31954
141.828757047653	-8.649689
141.844387054443	-3.745269
141.860007047653	1.05075
141.875637054443	5.568392
141.891266822815	9.730625
141.906887054443	13.47058
141.922516822815	16.69389
141.938137054443	19.26389
141.953766822815	21.03906
141.969387054443	21.91391
141.985016822815	21.91887
142.000646829605	21.19148
142.016266822815	20.01841
142.031896829605	18.71407
142.047516822815	17.5112
142.063146829605	16.52491
142.078766822815	15.73005
142.094396829605	15.03038
142.110026836395	14.32961
142.125646829605	13.63033
142.141276836395	12.97017
142.156896829605	12.42032
142.172526836395	11.98592
142.188146829605	11.59087
142.203776836395	11.11213
142.219406843185	10.43764
142.235026836395	9.556195
142.250656843185	8.533644
142.266276836395	7.476184
142.281906843185	6.410125
142.297526836395	5.33106
142.313156843185	4.125268
142.328786849976	2.709053
142.344406843185	1.034834
142.360036849976	-0.9037876
142.375656843185	-3.041274
142.391286849976	-5.27765
142.406906843185	-7.478918
142.422536849976	-9.524295
142.438166856766	-11.28817
142.453786849976	-12.73212
142.469416856766	-13.92421
142.485036849976	-15.04359
142.500666856766	-16.35591
142.516286849976	-18.07245
142.531916856766	-20.22596
142.547546863556	-22.58261
142.563166856766	-24.66955
142.578796863556	-25.87861
142.594416856766	-25.70031
142.610046863556	-23.88312
142.625666856766	-20.49602
142.641296863556	-15.89597
142.656926870346	-10.57879
142.672546863556	-5.06893
142.688176870346	0.1908417
142.703796863556	4.911448
142.719426870346	8.948709
142.735046863556	12.26584
142.750676870346	14.94597
142.766306877136	17.11409
142.781926870346	18.84951
142.797556877136	20.21304
142.813176870346	21.10948
142.828806877136	21.41516
142.844426870346	21.04375
142.860056877136	20.02749
142.875686883926	18.50019
142.891306877136	16.65326
142.906936883926	14.65422
142.922556877136	12.59443
142.938186883926	10.56143
142.953806877136	8.626596
142.969436883926	6.893539
142.985066890717	5.464596
143.000686883926	4.36253
143.016316890717	3.475941
143.031936883926	2.585136
143.047566890717	1.483276
143.063186883926	0.03272629
143.078816890717	-1.701073
143.094446897507	-3.543179
143.110066890717	-5.266582
143.125696897507	-6.694206
143.141316890717	-7.7957
143.156946897507	-8.653969
143.172566890717	-9.426712
143.188196897507	-10.24725
143.203826904297	-11.17361
143.219446897507	-12.15648
143.235076904297	-13.09834
143.250696897507	-13.9242
143.266326904297	-14.60978
143.281946897507	-15.24432
143.297576904297	-15.94265
143.313206911087	-16.82023
143.328826904297	-17.97356
143.344456911087	-19.4616
143.360076904297	-21.28061
143.375706911087	-23.34825
143.391326904297	-25.4688
143.406956911087	-27.26512
143.422586917877	-28.25097
143.438206911087	-27.91885
143.453836917877	-25.9181
143.469456911087	-22.2275
143.485086917877	-17.17614
143.500706911087	-11.32129
143.516336917877	-5.264484
143.531966924667	0.5105629
143.547586917877	5.763927
143.563216924667	10.38984
143.578836917877	14.38603
143.594466924667	17.76824
143.610086917877	20.51495
143.625716924667	22.60846
143.641346931458	23.99752
143.656966924667	24.61263
143.672596931458	24.37771
143.688216924667	23.2846
143.703846931458	21.41102
143.719466924667	18.98993
143.735096931458	16.37786
143.750726938248	13.9121
143.766346931458	11.83267
143.781976938248	10.17152
143.797596931458	8.805378
143.813226938248	7.579018
143.828856945038	6.409657
143.844476938248	5.306484
143.860106945038	4.317898
143.875726938248	3.4366
143.891356945038	2.531956
143.906976938248	1.396587
143.922606945038	-0.08144379
143.938236951828	-1.908482
143.953856945038	-3.853546
143.969486951828	-5.579819
143.985106945038	-6.821583
144.000736951828	-7.51548
144.016356945038	-7.82996
144.031986951828	-8.105671
144.047616958618	-8.627674
144.063236951828	-9.498055
144.078866958618	-10.62009
144.094486951828	-11.75667
144.110116958618	-12.72673
144.125736951828	-13.47297
144.141366958618	-14.11469
144.156996965408	-14.8078
144.172616958618	-15.71998
144.188246965408	-16.92256
144.203866958618	-18.37789
144.219496965408	-19.98405
144.235116958618	-21.50257
144.250746965408	-22.64536
144.266376972198	-23.03693
144.281996965408	-22.31475
144.297626972198	-20.23474
144.313246965408	-16.76715
144.328876972198	-12.13017
144.344496965408	-6.766182
144.360126972198	-1.213028
144.375756978989	4.069458
144.391376972198	8.779449
144.407006978989	12.80015
144.422626972198	16.18216
144.438256978989	19.0323
144.453876972198	21.42826
144.469506978989	23.39579
144.485136985779	24.87574
144.500756978989	25.75706
144.516386985779	25.95282
144.532006978989	25.4658
144.547636985779	24.379
144.563256978989	22.86935
144.578886985779	21.15859
144.594516992569	19.43965
144.610136985779	17.85276
144.625766992569	16.44494
144.641386985779	15.15971
144.657016992569	13.91936
144.672636985779	12.647
144.688266992569	11.28377
144.703896999359	9.817127
144.719516992569	8.225166
144.735146999359	6.503803
144.750766992569	4.651688
144.766396999359	2.705017
144.782016992569	0.7293282
144.797646999359	-1.136913
144.813277006149	-2.767891
144.828896999359	-4.060909
144.844527006149	-5.007538
144.860146999359	-5.769215
144.875777006149	-6.539543
144.891396999359	-7.521519
144.907027006149	-8.751659
144.922657012939	-10.13648
144.938277006149	-11.46385
144.953907012939	-12.5687
144.969527006149	-13.37472
144.985157012939	-13.95796
145.000777006149	-14.53646
145.016407012939	-15.33946
145.03203701973	-16.58866
145.047657012939	-18.34727
145.06328701973	-20.53608
145.078907012939	-22.85805
145.09453701973	-24.8727
145.110157012939	-26.0157
145.12578701973	-25.75832
145.14141702652	-23.78671
145.15703701973	-20.10201
145.17266702652	-15.07366
145.18828701973	-9.305367
145.20391702652	-3.463814
145.21953701973	1.929386
145.23516702652	6.574123
145.25079703331	10.4034
145.26641702652	13.51434
145.28204703331	16.04394
145.29766702652	18.09883
145.31329703331	19.66637
145.32891702652	20.67343
145.34454703331	21.05363
145.3601770401	20.77813
145.37579703331	19.91416
145.3914270401	18.61115
145.40704703331	17.05108
145.4226770401	15.37321
145.43829703331	13.69191
145.4539270401	12.01639
145.46955704689	10.35852
145.4851770401	8.767483
145.50080704689	7.30645
145.5164270401	6.061264
145.53205704689	5.065319
145.5476770401	4.255058
145.56330704689	3.458328
145.57893705368	2.501659
145.59455704689	1.225677
145.61018705368	-0.3823967
145.62580704689	-2.18824
145.64143705368	-3.989937
145.65705704689	-5.529869
145.67268705368	-6.647739
145.688316822052	-7.337559
145.70393705368	-7.759254
145.719566822052	-8.166809
145.73518705368	-8.811821
145.750816822052	-9.809475
145.76643705368	-11.11532
145.782066822052	-12.56278
145.797696828842	-13.91402
145.813316822052	-15.03099
145.828946828842	-15.9318
145.844566822052	-16.80077
145.860196828842	-17.85072
145.875816822052	-19.25208
145.891446828842	-21.04831
145.907076835632	-23.11861
145.922696828842	-25.22643
145.938326835632	-27.00951
145.953946828842	-28.0525
145.969576835632	-27.96293
145.985196828842	-26.48426
146.000826835632	-23.56268
146.016456842422	-19.4308
146.032076835632	-14.52244
146.047706842422	-9.341526
146.063326835632	-4.322346
146.078956842422	0.3022003
146.094576835632	4.468182
146.110206842422	8.222942
146.125836849213	11.66234
146.141456842422	14.81916
146.157086849213	17.64662
146.172706842422	20.07057
146.188336849213	21.99142
146.203966856003	23.34285
146.219586849213	24.087
146.235216856003	24.2372
146.250836849213	23.84163
146.266466856003	23.02437
146.282086849213	21.90699
146.297716856003	20.62165
146.313346862793	19.29538
146.328966856003	18.03403
146.344596862793	16.89028
146.360216856003	15.86185
146.375846862793	14.90566
146.391466856003	13.93286
146.407096862793	12.88537
146.422726869583	11.73986
146.438346862793	10.51633
146.453976869583	9.252064
146.469596862793	7.966343
146.485226869583	6.6471
146.500846862793	5.296459
146.516476869583	3.969191
146.532106876373	2.734797
146.547726869583	1.659115
146.563356876373	0.718214
146.578976869583	-0.2128239
146.594606876373	-1.293558
146.610226869583	-2.683647
146.625856876373	-4.399933
146.641486883163	-6.35091
146.657106876373	-8.366074
146.672736883163	-10.28888
146.688356876373	-12.02507
146.703986883163	-13.58672
146.719606876373	-15.03607
146.735236883163	-16.44447
146.750866889954	-17.90731
146.766486883163	-19.52056
146.782116889954	-21.404
146.797736883163	-23.67189
146.813366889954	-26.31053
146.828986883163	-29.07969
146.844616889954	-31.52386
146.860246896744	-33.03384
146.875866889954	-33.0353
146.891496896744	-31.21608
146.907116889954	-27.6354
146.922746896744	-22.6962
146.938366889954	-17.01272
146.953996896744	-11.18168
146.969626903534	-5.597865
146.985246896744	-0.4214792
147.000876903534	4.330754
147.016496896744	8.684744
147.032126903534	12.5757
147.047746896744	15.86926
147.063376903534	18.42604
147.079006910324	20.19005
147.094626903534	21.22025
147.110256910324	21.61618
147.125876903534	21.52148
147.141506910324	21.04391
147.157126903534	20.28369
147.172756910324	19.31585
147.188386917114	18.26189
147.204006910324	17.22048
147.219636917114	16.27488
147.235256910324	15.45959
147.250886917114	14.74417
147.266506910324	14.06831
147.282136917114	13.40912
147.297766923904	12.71638
147.313386917114	11.92936
147.329016923904	10.99357
147.344636917114	9.848086
147.360266923904	8.516825
147.375886917114	7.094358
147.391516923904	5.716095
147.407146930695	4.482566
147.422766923904	3.430741
147.438396930695	2.46855
147.454016923904	1.45834
147.469646930695	0.2709355
147.485266923904	-1.13774
147.500896930695	-2.723694
147.516526937485	-4.355163
147.532146930695	-5.925115
147.547776937485	-7.35078
147.563396930695	-8.654756
147.579026937485	-9.933857
147.594646930695	-11.26822
147.610276937485	-12.70618
147.625906944275	-14.22477
147.641526937485	-15.74211
147.657156944275	-17.21526
147.672776937485	-18.70018
147.688406944275	-20.31142
147.704026937485	-22.17512
147.719656944275	-24.26717
147.735286951065	-26.29637
147.750906944275	-27.7203
147.766536951065	-27.9521
147.782156944275	-26.53701
147.797786951065	-23.38383
147.813406944275	-18.78637
147.829036951065	-13.30968
147.844666957855	-7.590101
147.860286951065	-2.108097
147.875916957855	2.86595
147.891536951065	7.288744
147.907166957855	11.17358
147.922786951065	14.57337
147.938416957855	17.47836
147.954046964645	19.83646
147.969666957855	21.56515
147.985296964645	22.62093
148.000916957855	23.00483
148.016546964645	22.79992
148.032166957855	22.12903
148.047796964645	21.14352
148.063426971436	20.00846
148.079046964645	18.83003
148.094676971436	17.68498
148.110296964645	16.61177
148.125926971436	15.62608
148.141546964645	14.75461
148.157176971436	14.03128
148.172806978226	13.43211
148.188426971436	12.89263
148.204056978226	12.31778
148.219676971436	11.58331
148.235306978226	10.60469
148.250926971436	9.362671
148.266556978226	7.915197
148.282186985016	6.363827
148.297806978226	4.801884
148.313436985016	3.293644
148.329056978226	1.86927
148.344686985016	0.527832
148.360316991806	-0.7815323
148.375936985016	-2.105331
148.391566991806	-3.485748
148.407186985016	-4.935581
148.422816991806	-6.403828
148.438436985016	-7.818974
148.454066991806	-9.067677
148.469696998596	-10.09515
148.485316991806	-10.92017
148.500946998596	-11.68422
148.516566991806	-12.57278
148.532196998596	-13.82817
148.547816991806	-15.58922
148.563446998596	-17.84121
148.579077005386	-20.35164
148.594696998596	-22.6771
148.610327005386	-24.25541
148.625946998596	-24.55398
148.641577005386	-23.26844
148.657196998596	-20.36856
148.672827005386	-16.17949
148.688457012177	-11.2406
148.704077005386	-6.121258
148.719707012177	-1.272827
148.735327005386	3.075863
148.750957012177	6.895538
148.766577005386	10.24904
148.782207012177	13.18549
148.797837018967	15.71079
148.813457012177	17.74525
148.829087018967	19.18321
148.844707012177	19.98602
148.860337018967	20.1527
148.875957012177	19.78692
148.891587018967	19.04577
148.907217025757	18.10588
148.922837018967	17.11782
148.938467025757	16.15914
148.954087018967	15.24579
148.969717025757	14.30754
148.985337018967	13.29454
149.000967025757	12.18423
149.016597032547	11.03541
149.032217025757	9.947182
149.047847032547	9.011829
149.063467025757	8.235481
149.079097032547	7.488716
149.094717025757	6.61425
149.110347032547	5.439331
149.125977039337	3.946106
149.141597032547	2.265652
149.157227039337	0.6242981
149.172847032547	-0.7515068
149.188477039337	-1.80965
149.204097032547	-2.657848
149.219727039337	-3.544758
149.235357046127	-4.693008
149.250977039337	-6.215153
149.266607046127	-8.009399
149.282227039337	-9.829639
149.297857046127	-11.40734
149.313477039337	-12.57944
149.329107046127	-13.38553
149.344737052917	-14.0006
149.360357046127	-14.6627
149.375987052917	-15.55722
149.391607046127	-16.78841
149.407237052917	-18.34657
149.422857046127	-20.16694
149.438487052917	-22.11126
149.454117059708	-23.92605
149.469737052917	-25.24862
149.485367059708	-25.62542
149.500987052917	-24.61492
149.516617059708	-21.98112
149.532237052917	-17.79737
149.547867059708	-12.45027
149.563496828079	-6.531593
149.579117059708	-0.709343
149.594746828079	4.529537
149.610367059708	8.914726
149.625996828079	12.41418
149.641617059708	15.16577
149.657246828079	17.3316
149.672876834869	19.0286
149.688496828079	20.27148
149.704126834869	21.01545
149.719746828079	21.1694
149.735376834869	20.72408
149.750996828079	19.76707
149.766626834869	18.47521
149.78225684166	17.08076
149.797876834869	15.7307
149.81350684166	14.47831
149.829126834869	13.27512
149.84475684166	12.05988
149.860376834869	10.82408
149.87600684166	9.658596
149.89163684845	8.685219
149.90725684166	7.979572
149.92288684845	7.512386
149.93850684166	7.112953
149.95413684845	6.547874
149.96975684166	5.659424
149.98538684845	4.427994
150.00101685524	3.03373
150.01663684845	1.720184
150.03226685524	0.6908607
150.04788684845	-0.04156494
150.06351685524	-0.6179543
150.07913684845	-1.296185
150.09476685524	-2.289146
150.11039686203	-3.649723
150.12601685524	-5.271881
150.14164686203	-6.948326
150.15726685524	-8.502243
150.17289686203	-9.868359
150.18851685524	-11.14683
150.20414686203	-12.47421
150.21977686882	-13.98307
150.23539686203	-15.71048
150.25102686882	-17.59922
150.26664686203	-19.52906
150.28227686882	-21.35059
150.29789686203	-22.86773
150.31352686882	-23.84638
150.32915687561	-24.00652
150.34477686882	-23.09296
150.36040687561	-20.97744
150.37602686882	-17.71152
150.39165687561	-13.50626
150.40727686882	-8.706196
150.42290687561	-3.646076
150.438536882401	1.402878
150.45415687561	6.228081
150.469786882401	10.69998
150.48540687561	14.68053
150.501036882401	18.05291
150.51665687561	20.70206
150.532286882401	22.64034
150.547916889191	23.92784
150.563536882401	24.71563
150.579166889191	25.17495
150.594786882401	25.42263
150.610416889191	25.50736
150.626036882401	25.43765
150.641666889191	25.2042
150.657296895981	24.76374
150.672916889191	24.13037
150.688546895981	23.28296
150.704166889191	22.23361
150.719796895981	20.99552
150.735416889191	19.59056
150.751046895981	18.06942
150.766676902771	16.48433
150.782296895981	14.88351
150.797926902771	13.28087
150.813546895981	11.6827
150.829176902771	10.08598
150.844796895981	8.514984
150.860426902771	7.028057
150.876056909561	5.696098
150.891676902771	4.537205
150.907306909561	3.518009
150.922926902771	2.529976
150.938556909561	1.458252
150.954176902771	0.2609444
150.969806909561	-1.033005
150.985436916351	-2.323647
151.001056909561	-3.504993
151.016686916351	-4.56921
151.032306909561	-5.613342
151.047936916351	-6.784128
151.063566923141	-8.268351
151.079186916351	-10.19185
151.094816923141	-12.54613
151.110436916351	-15.22487
151.126066923141	-18.0041
151.141686916351	-20.54882
151.157316923141	-22.47735
151.172946929932	-23.40307
151.188566923141	-23.01884
151.204196929932	-21.20978
151.219816923141	-18.13995
151.235446929932	-14.2302
151.251066923141	-10.04641
151.266696929932	-6.141081
151.282326936722	-2.836928
151.297946929932	-0.2187805
151.313576936722	1.853706
151.329196929932	3.614354
151.344826936722	5.217072
151.360446929932	6.662044
151.376076936722	7.856102
151.391706943512	8.646221
151.407326936722	8.952463
151.422956943512	8.83329
151.438576936722	8.452637
151.454206943512	8.027811
151.469826936722	7.768242
151.485456943512	7.783672
151.501086950302	8.089231
151.516706943512	8.6249
151.532336950302	9.291762
151.547956943512	10.01187
151.563586950302	10.69888
151.579206943512	11.22118
151.594836950302	11.34612
151.610466957092	10.84635
151.626086950302	9.553432
151.641716957092	7.498333
151.657336950302	4.935343
151.672966957092	2.255477
151.688586950302	-0.1591768
151.704216957092	-2.107957
151.719846963882	-3.625363
151.735466957092	-4.9813
151.751096963882	-6.477036
151.766716957092	-8.365983
151.782346963882	-10.68359
151.797966957092	-13.29688
151.813596963882	-15.97176
151.829226970673	-18.45033
151.844846963882	-20.56593
151.860476970673	-22.28232
151.876096963882	-23.70899
151.891726970673	-25.04626
151.907346963882	-26.50987
151.922976970673	-28.24586
151.938606977463	-30.18983
151.954226970673	-32.08145
151.969856977463	-33.44677
151.985476970673	-33.78536
152.001106977463	-32.70755
152.016726970673	-30.06084
152.032356977463	-25.98886
152.047986984253	-20.83936
152.063606977463	-15.10192
152.079236984253	-9.199116
152.094856977463	-3.487185
152.110486984253	1.807985
152.126106977463	6.519577
152.141736984253	10.56059
152.157366991043	13.91303
152.172986984253	16.62714
152.188616991043	18.77872
152.204236984253	20.37151
152.219866991043	21.34464
152.235486984253	21.58433
152.251116991043	21.01846
152.266746997833	19.71471
152.282366991043	17.91459
152.297996997833	15.99648
152.313616991043	14.30706
152.329246997833	13.04619
152.344866991043	12.18889
152.360496997833	11.57255
152.376127004623	11.02308
152.391746997833	10.43232
152.407377004623	9.800392
152.422996997833	9.147779
152.438627004623	8.490803
152.454246997833	7.763874
152.469877004623	6.848597
152.485507011414	5.618174
152.501127004623	4.006157
152.516757011414	2.034214
152.532377004623	-0.1934681
152.548007011414	-2.514673
152.563627004623	-4.804468
152.579257011414	-6.980181
152.594887018204	-9.030127
152.610507011414	-10.96684
152.626137018204	-12.81197
152.641757011414	-14.51681
152.657387018204	-16.01909
152.673007011414	-17.24072
152.688637018204	-18.1536
152.704267024994	-18.81717
152.719887018204	-19.44522
152.735517024994	-20.27485
152.751137018204	-21.49726
152.766767024994	-23.09999
152.782387018204	-24.77061
152.798017024994	-25.97524
152.813647031784	-26.08
152.829267024994	-24.57976
152.844897031784	-21.33536
152.860517024994	-16.6627
152.876147031784	-11.20268
152.891767024994	-5.693251
152.907397031784	-0.6768208
152.923027038574	3.61169
152.938647031784	7.234243
152.954277038574	10.42242
152.969897031784	13.3765
152.985527038574	16.15047
153.001147031784	18.66287
153.016777038574	20.78183
153.032407045364	22.40206
153.048027038574	23.4662
153.063657045364	23.92134
153.079277038574	23.74216
153.094907045364	22.94497
153.110527038574	21.63581
153.126157045364	19.9948
153.141787052155	18.31278
153.157407045364	16.83419
153.173037052155	15.73183
153.188657045364	15.00515
153.204287052155	14.52253
153.219907045364	14.07756
153.235537052155	13.51503
153.251167058945	12.74249
153.266787052155	11.70624
153.282417058945	10.4303
153.298037052155	8.923728
153.313667058945	7.256279
153.329296827316	5.554477
153.344917058945	3.996454
153.360546827316	2.731666
153.376167058945	1.801053
153.391796827316	1.088898
153.407417058945	0.3153887
153.423046827316	-0.79743
153.438676834106	-2.440948
153.454296827316	-4.605204
153.469926834106	-7.074881
153.485546827316	-9.508125
153.501176834106	-11.60682
153.516796827316	-13.20755
153.532426834106	-14.30073
153.548056840897	-15.03088
153.563676834106	-15.59892
153.579306840897	-16.20106
153.594926834106	-16.96444
153.610556840897	-17.87235
153.626176834106	-18.77981
153.641806840897	-19.39851
153.657436847687	-19.40485
153.673056840897	-18.50586
153.688686847687	-16.55191
153.704306840897	-13.60642
153.719936847687	-9.921124
153.735556840897	-5.859047
153.751186847687	-1.758614
153.766816854477	2.155262
153.782436847687	5.837572
153.798066854477	9.334305
153.813686847687	12.71926
153.829316854477	15.95201
153.844936847687	18.86204
153.860566854477	21.20078
153.876196861267	22.70749
153.891816854477	23.27689
153.907446861267	22.94096
153.923066854477	21.88799
153.938696861267	20.39397
153.954316854477	18.74294
153.969946861267	17.16096
153.985576868057	15.78319
154.001196861267	14.6495
154.016826868057	13.68467
154.032446861267	12.79222
154.048076868057	11.87743
154.063696861267	10.86428
154.079326868057	9.7253
154.094956874847	8.456417
154.110576868057	7.045006
154.126206874847	5.455858
154.141826868057	3.692232
154.157456874847	1.788565
154.173076868057	-0.1400204
154.188706874847	-1.932985
154.204336881638	-3.49008
154.219956874847	-4.801708
154.235586881638	-5.922134
154.251206874847	-6.978127
154.266836881638	-8.096115
154.282456874847	-9.342999
154.298086881638	-10.7435
154.313716888428	-12.22448
154.329336881638	-13.65134
154.344966888428	-14.86803
154.360586881638	-15.80139
154.376216888428	-16.50757
154.391836881638	-17.17874
154.407466888428	-18.09749
154.423096895218	-19.50371
154.438716888428	-21.46532
154.454346895218	-23.78531
154.469966888428	-26.05019
154.485596895218	-27.72056
154.501216888428	-28.29457
154.516846895218	-27.44867
154.532476902008	-25.10254
154.548096895218	-21.42072
154.563726902008	-16.73346
154.579346895218	-11.48852
154.594976902008	-6.079201
154.610596895218	-0.850975
154.626226902008	3.975651
154.641856908798	8.276577
154.657476902008	12.00131
154.673106908798	15.12616
154.688726902008	17.61227
154.704356908798	19.43159
154.719976902008	20.52158
154.735606908798	20.84705
154.751236915588	20.39681
154.766856908798	19.20343
154.782486915588	17.36943
154.798106908798	15.07712
154.813736915588	12.57117
154.829356908798	10.12264
154.844986915588	8.019356
154.860616922379	6.427395
154.876236915588	5.421173
154.891866922379	4.924702
154.907486915588	4.774014
154.923116922379	4.753399
154.938736915588	4.682613
154.954366922379	4.453568
154.969996929169	3.986931
154.985616922379	3.267082
155.001246929169	2.276112
155.016866922379	1.039604
155.032496929169	-0.393425
155.048116922379	-1.924622
155.063746929169	-3.474556
155.079376935959	-5.012733
155.094996929169	-6.558395
155.110626935959	-8.182556
155.126246929169	-9.871185
155.141876935959	-11.54773
155.157496929169	-13.07882
155.173126935959	-14.31653
155.188756942749	-15.21873
155.204376935959	-15.90136
155.220006942749	-16.58527
155.235626935959	-17.5274
155.251256942749	-18.89011
155.266876935959	-20.59067
155.282506942749	-22.35866
155.298136949539	-23.73631
155.313756942749	-24.21597
155.329386949539	-23.36145
155.345006942749	-20.95939
155.360636949539	-17.08479
155.376256942749	-12.10271
155.391886949539	-6.528404
155.407516956329	-0.8530998
155.423136949539	4.520351
155.438766956329	9.384521
155.454386949539	13.64786
155.470016956329	17.28034
155.48564696312	20.24327
155.501266956329	22.45654
155.51689696312	23.83421
155.532516956329	24.32816
155.54814696312	24.00745
155.563766956329	22.99641
155.57939696312	21.50249
155.59502696991	19.72903
155.61064696312	17.85137
155.62627696991	16.00566
155.64189696312	14.32379
155.65752696991	12.87693
155.67314696312	11.74329
155.68877696991	10.9838
155.7044069767	10.5799
155.72002696991	10.46974
155.7356569767	10.45696
155.75127696991	10.30343
155.7669069767	9.768715
155.78252696991	8.740215
155.7981569767	7.20647
155.81378698349	5.315521
155.8294069767	3.246681
155.84503698349	1.173729
155.8606569767	-0.7884979
155.87628698349	-2.607994
155.8919069767	-4.299622
155.90753698349	-5.907036
155.92316699028	-7.436214
155.93878698349	-8.914669
155.95441699028	-10.33566
155.97003698349	-11.69691
155.98566699028	-13.01604
156.00128698349	-14.28106
156.01691699028	-15.52211
156.03254699707	-16.77748
156.04816699028	-18.12606
156.06379699707	-19.6253
156.07941699028	-21.28137
156.09504699707	-22.97312
156.11066699028	-24.45417
156.12629699707	-25.39291
156.14192700386	-25.40733
156.15754699707	-24.21474
156.17317700386	-21.68643
156.18879699707	-17.90268
156.20442700386	-13.11937
156.22004699707	-7.709248
156.23567700386	-2.092808
156.251307010651	3.389183
156.26692700386	8.509312
156.282557010651	13.19195
156.29817700386	17.40836
156.313807010651	21.15841
156.32942700386	24.30036
156.345057010651	26.64062
156.360687017441	27.93007
156.376307010651	28.03661
156.391937017441	27.02601
156.407557010651	25.16916
156.423187017441	22.92302
156.438807010651	20.70241
156.454437017441	18.83005
156.470067024231	17.40975
156.485687017441	16.37569
156.501317024231	15.59803
156.516937017441	14.94699
156.532567024231	14.34809
156.548187017441	13.73847
156.563817024231	13.08862
156.579447031021	12.30891
156.595067024231	11.35165
156.610697031021	10.16191
156.626317024231	8.744888
156.641947031021	7.186123
156.657567024231	5.59343
156.673197031021	4.095509
156.688827037811	2.722023
156.704447031021	1.424435
156.720077037811	0.0428772
156.735697031021	-1.584679
156.751327037811	-3.599945
156.766947031021	-6.000805
156.782577037811	-8.660221
156.798207044601	-11.36797
156.813827037811	-13.87809
156.829457044601	-16.045
156.845077037811	-17.84628
156.860707044601	-19.3952
156.876327037811	-20.87774
156.891957044601	-22.50303
156.907587051392	-24.43841
156.923207044601	-26.71856
156.938837051392	-29.26823
156.954457044601	-31.77138
156.970087051392	-33.75863
156.985707044601	-34.68673
157.001337051392	-34.08384
157.016967058182	-31.73486
157.032587051392	-27.72927
157.048217058182	-22.47211
157.063837051392	-16.52503
157.079467058182	-10.50483
157.095087051392	-4.811573
157.110717058182	0.3437881
157.126346826553	4.952007
157.141967058182	9.127605
157.157596826553	12.95937
157.173217058182	16.44861
157.188846826553	19.48976
157.204467058182	21.92168
157.220096826553	23.54774
157.235726833344	24.32923
157.251346826553	24.33003
157.266976833344	23.75152
157.282596826553	22.85703
157.298226833344	21.85724
157.313846826553	20.87704
157.329476833344	19.96016
157.345106840134	19.1053
157.360726833344	18.32121
157.376356840134	17.65036
157.391976833344	17.08119
157.407606840134	16.51247
157.423226833344	15.79471
157.438856840134	14.70339
157.454486846924	13.08262
157.470106840134	10.89806
157.485736846924	8.274464
157.501356840134	5.436066
157.516986846924	2.583641
157.532606840134	-0.174984
157.548236846924	-2.87698
157.563866853714	-5.58662
157.579486846924	-8.408352
157.595116853714	-11.33397
157.610736846924	-14.29337
157.626366853714	-17.16329
157.641986846924	-19.79654
157.657616853714	-22.06323
157.673246860504	-23.85301
157.688866853714	-25.10236
157.704496860504	-25.78796
157.720116853714	-26.0292
157.735746860504	-26.01046
157.751366853714	-26.01671
157.766996860504	-26.31012
157.782626867294	-26.97955
157.798246860504	-27.93464
157.813876867294	-28.81215
157.829496860504	-29.09497
157.845126867294	-28.25168
157.860746860504	-25.94948
157.876376867294	-22.0926
157.892006874084	-16.90995
157.907626867294	-10.87495
157.923256874084	-4.500999
157.938876867294	1.749916
157.954506874084	7.609283
157.970126867294	12.98084
157.985756874084	17.88159
158.001386880875	22.31886
158.017006874084	26.22733
158.032636880875	29.46197
158.048256874084	31.82872
158.063886880875	33.20924
158.079506874084	33.57904
158.095136880875	33.05138
158.110766887665	31.81967
158.126386880875	30.12516
158.142016887665	28.19524
158.157636880875	26.22254
158.173266887665	24.35373
158.188896894455	22.66006
158.204516887665	21.16899
158.220146894455	19.83962
158.235766887665	18.64185
158.251396894455	17.51021
158.267016887665	16.35519
158.282646894455	15.0845
158.298276901245	13.57624
158.313896894455	11.70504
158.329526901245	9.423897
158.345146894455	6.808434
158.360776901245	4.042
158.376396894455	1.393723
158.392026901245	-0.8994064
158.407656908035	-2.720711
158.423276901245	-4.125153
158.438906908035	-5.318039
158.454526901245	-6.577614
158.470156908035	-8.143486
158.485776901245	-10.12785
158.501406908035	-12.45641
158.517036914825	-14.95588
158.532656908035	-17.36388
158.548286914825	-19.48137
158.563906908035	-21.22598
158.579536914825	-22.68707
158.595156908035	-24.06863
158.610786914825	-25.63403
158.626416921616	-27.58387
158.642036914825	-29.96059
158.657666921616	-32.61343
158.673286914825	-35.19045
158.688916921616	-37.18899
158.704536914825	-38.03716
158.720166921616	-37.27752
158.735796928406	-34.64035
158.751416921616	-30.20613
158.767046928406	-24.39942
158.782666921616	-17.84559
158.798296928406	-11.18028
158.813916921616	-4.879959
158.829546928406	0.8443375
158.845176935196	6.012962
158.860796928406	10.71272
158.876426935196	14.98182
158.892046928406	18.71001
158.907676935196	21.66657
158.923296928406	23.62788
158.938926935196	24.46066
158.954556941986	24.22523
158.970176935196	23.13615
158.985806941986	21.50039
159.001426935196	19.65051
159.017056941986	17.85021
159.032676935196	16.25725
159.048306941986	14.93667
159.063936948776	13.87134
159.079556941986	12.98278
159.095186948776	12.1938
159.110806941986	11.47788
159.126436948776	10.78776
159.142056941986	10.08902
159.157686948776	9.267067
159.173316955566	8.186188
159.188936948776	6.71756
159.204566955566	4.821457
159.220186948776	2.567513
159.235816955566	0.1527252
159.251436948776	-2.14093
159.267066955566	-4.099106
159.282696962357	-5.627861
159.298316955566	-6.813622
159.313946962357	-7.819923
159.329566955566	-8.823036
159.345196962357	-9.91996
159.360816955566	-11.10464
159.376446962357	-12.31217
159.392076969147	-13.49429
159.407696962357	-14.66759
159.423326969147	-15.8628
159.438946962357	-17.15091
159.454576969147	-18.55976
159.470196962357	-20.11271
159.485826969147	-21.84889
159.501456975937	-23.80325
159.517076969147	-25.95621
159.532706975937	-28.19777
159.548326969147	-30.22687
159.563956975937	-31.59831
159.579576969147	-31.85255
159.595206975937	-30.70251
159.610836982727	-28.09451
159.626456975937	-24.26668
159.642086982727	-19.62426
159.657706975937	-14.62642
159.673336982727	-9.639961
159.688956975937	-4.87241
159.704586982727	-0.4101524
159.720216989517	3.733284
159.735836982727	7.510464
159.751466989517	10.80928
159.767086982727	13.45263
159.782716989517	15.27571
159.798336982727	16.16011
159.813966989517	16.19773
159.829596996307	15.60476
159.845216989517	14.69098
159.860846996307	13.74122
159.876466989517	12.90922
159.892096996307	12.19414
159.907716989517	11.49135
159.923346996307	10.73703
159.938977003098	9.967415
159.954596996307	9.331856
159.970227003098	9.012466
159.985846996307	9.103024
160.001477003098	9.552887
160.017096996307	10.18034
160.032727003098	10.72463
160.048357009888	10.96494
160.063977003098	10.7815
160.079607009888	10.21803
160.095227003098	9.386747
160.110857009888	8.460114
160.126477003098	7.575375
160.142107009888	6.773266
160.157737016678	6.004059
160.173357009888	5.104593
160.188987016678	3.927372
160.204607009888	2.351271
160.220237016678	0.4054737
160.235857009888	-1.774731
160.251487016678	-3.976917
160.267117023468	-5.998632
160.282737016678	-7.701715
160.298367023468	-9.102096
160.313987016678	-10.34425
160.329617023468	-11.63711
160.345247030258	-13.20497
160.360867023468	-15.17519
160.376497030258	-17.51926
160.392117023468	-20.01907
160.407747030258	-22.29364
160.423367023468	-23.87483
160.438997030258	-24.30185
160.454627037048	-23.25989
160.470247030258	-20.65722
160.485877037048	-16.65219
160.501497030258	-11.61862
160.517127037048	-6.052479
160.532747030258	-0.4291657
160.548377037048	4.904977
160.564007043839	9.740365
160.579627037048	14.03589
160.595257043839	17.76977
160.610877037048	20.89242
160.626507043839	23.30794
160.642127037048	24.8836
160.657757043839	25.55492
160.673387050629	25.36255
160.689007043839	24.47338
160.704637050629	23.12432
160.720257043839	21.57284
160.735887050629	20.00915
160.751507043839	18.54883
160.767137050629	17.22738
160.782767057419	16.04584
160.798387050629	15.00629
160.814017057419	14.14185
160.829637050629	13.47063
160.845267057419	12.99641
160.860887050629	12.62518
160.876517057419	12.18606
160.89214682579	11.48318
160.907767057419	10.37354
160.92339682579	8.833352
160.939017057419	6.975113
160.95464682579	5.02058
160.970267057419	3.162046
160.98589682579	1.541435
161.001526832581	0.1712036
161.01714682579	-1.05901
161.032776832581	-2.258173
161.04839682579	-3.506804
161.064026832581	-4.827173
161.07964682579	-6.140348
161.095276832581	-7.34898
161.110906839371	-8.422333
161.126526832581	-9.368021
161.142156839371	-10.24319
161.157776832581	-11.12995
161.173406839371	-12.06298
161.189026832581	-13.07285
161.204656839371	-14.1908
161.220286846161	-15.44645
161.235906839371	-16.90288
161.251536846161	-18.59144
161.267156839371	-20.43912
161.282786846161	-22.17356
161.298406839371	-23.35691
161.314036846161	-23.46058
161.329666852951	-22.10434
161.345286846161	-19.17519
161.360916852951	-14.90292
161.376536846161	-9.775938
161.392166852951	-4.398409
161.407786846161	0.6985435
161.423416852951	5.220499
161.439046859741	9.073172
161.454666852951	12.33185
161.470296859741	15.10952
161.485916852951	17.46262
161.501546859741	19.37054
161.517166852951	20.72535
161.532796859741	21.43893
161.548426866531	21.50874
161.564046859741	21.02482
161.579676866531	20.13631
161.595296859741	19.03078
161.610926866531	17.84392
161.626546859741	16.64211
161.642176866531	15.46262
161.657806873322	14.30058
161.673426866531	13.20264
161.689056873322	12.23497
161.704676866531	11.46889
161.720306873322	10.92332
161.735926866531	10.54373
161.751556873322	10.16345
161.767186880112	9.611233
161.782806873322	8.783712
161.798436880112	7.68549
161.814056873322	6.448204
161.829686880112	5.246096
161.845306873322	4.234406
161.860936880112	3.439808
161.876566886902	2.786297
161.892186880112	2.126661
161.907816886902	1.317005
161.923436880112	0.2900524
161.939066886902	-0.9785042
161.954686880112	-2.47436
161.970316886902	-4.133425
161.985946893692	-5.886887
162.001566886902	-7.610477
162.017196893692	-9.160749
162.032816886902	-10.45079
162.048446893692	-11.50188
162.064066886902	-12.45853
162.079696893692	-13.57801
162.095326900482	-15.12176
162.110946893692	-17.19426
162.126576900482	-19.71629
162.142196893692	-22.35723
162.157826900482	-24.62259
162.173446893692	-25.97836
162.189076900482	-25.95355
162.204706907272	-24.30693
162.220326900482	-21.07246
162.235956907272	-16.56323
162.251576900482	-11.2587
162.267206907272	-5.700174
162.282826900482	-0.360157
162.298456907272	4.478868
162.314086914062	8.705002
162.329706907272	12.35552
162.345336914062	15.48727
162.360956907272	18.15229
162.376586914062	20.29778
162.392206907272	21.80563
162.407836914062	22.50064
162.423466920853	22.27213
162.439086914062	21.1522
162.454716920853	19.30125
162.470336914062	17.0175
162.485966920853	14.59114
162.501586914062	12.28486
162.517216920853	10.2444
162.532846927643	8.551716
162.548466920853	7.186855
162.564096927643	6.114889
162.579716920853	5.281523
162.595346927643	4.578142
162.610966920853	3.89632
162.626596927643	3.11377
162.642226934433	2.189587
162.657846927643	1.16173
162.673476934433	0.1554527
162.689096927643	-0.7013988
162.704726934433	-1.324514
162.720346927643	-1.720797
162.735976934433	-2.046486
162.751606941223	-2.511099
162.767226934433	-3.31967
162.782856941223	-4.573795
162.798476934433	-6.233683
162.814106941223	-8.102465
162.829736948013	-9.930605
162.845356941223	-11.50808
162.860986948013	-12.72044
162.876606941223	-13.61316
162.892236948013	-14.32209
162.907856941223	-15.01222
162.923486948013	-15.83657
162.939116954803	-16.89787
162.954736948013	-18.22606
162.970366954803	-19.77214
162.985986948013	-21.39349
163.001616954803	-22.79924
163.017236948013	-23.60107
163.032866954803	-23.38023
163.048496961594	-21.81942
163.064116954803	-18.84561
163.079746961594	-14.63001
163.095366954803	-9.559286
163.110996961594	-4.106613
163.126616954803	1.268545
163.142246961594	6.221594
163.157876968384	10.53386
163.173496961594	14.14374
163.189126968384	17.07106
163.204746961594	19.36167
163.220376968384	21.07959
163.235996961594	22.24409
163.251626968384	22.85668
163.267256975174	22.92604
163.282876968384	22.52145
163.298506975174	21.7462
163.314126968384	20.78141
163.329756975174	19.77836
163.345376968384	18.80398
163.361006975174	17.84649
163.376636981964	16.82734
163.392256975174	15.71401
163.407886981964	14.54495
163.423506975174	13.47294
163.439136981964	12.66788
163.454756975174	12.20244
163.470386981964	12.02764
163.486016988754	11.9094
163.501636981964	11.59459
163.517266988754	10.90162
163.532886981964	9.811451
163.548516988754	8.438644
163.564136981964	6.968052
163.579766988754	5.547192
163.595396995544	4.232891
163.611016988754	3.006216
163.626646995544	1.792999
163.642266988754	0.5370121
163.657896995544	-0.7975121
163.673516988754	-2.212488
163.689146995544	-3.707481
163.704777002335	-5.2596
163.720396995544	-6.835655
163.736027002335	-8.407965
163.751646995544	-9.990208
163.767277002335	-11.68673
163.782896995544	-13.64464
163.798527002335	-16.01702
163.814157009125	-18.81571
163.829777002335	-21.82005
163.845407009125	-24.5813
163.861027002335	-26.5341
163.876657009125	-27.17797
163.892277002335	-26.24182
163.907907009125	-23.76752
163.923537015915	-20.09789
163.939157009125	-15.71117
163.954787015915	-11.0976
163.970407009125	-6.607033
163.986037015915	-2.424952
164.001657009125	1.367492
164.017287015915	4.737512
164.032917022705	7.681072
164.048537015915	10.18584
164.064167022705	12.23351
164.079787015915	13.79151
164.095417022705	14.7946
164.111037015915	15.1807
164.126667022705	14.91918
164.142297029495	14.07118
164.157917022705	12.82068
164.173547029495	11.45177
164.189167022705	10.24793
164.204797029495	9.39107
164.220417022705	8.913658
164.236047029495	8.695564
164.251677036285	8.549479
164.267297029495	8.293079
164.282927036285	7.840847
164.298547029495	7.178205
164.314177036285	6.331372
164.329797029495	5.337972
164.345427036285	4.206178
164.361057043076	2.900978
164.376677036285	1.392521
164.392307043076	-0.3247614
164.407927036285	-2.189226
164.423557043076	-4.045553
164.439177036285	-5.69863
164.454807043076	-7.018083
164.470437049866	-8.006052
164.486057043076	-8.806393
164.501687049866	-9.63423
164.517307043076	-10.67273
164.532937049866	-11.97622
164.548557043076	-13.44252
164.564187049866	-14.85918
164.579817056656	-16.0357
164.595437049866	-16.90924
164.611067056656	-17.60597
164.626687049866	-18.41046
164.642317056656	-19.59451
164.657937049866	-21.28034
164.673567056656	-23.36507
164.689196825027	-25.46517
164.704817056656	-27.03614
164.720446825027	-27.52456
164.736067056656	-26.5093
164.751696825027	-23.83306
164.767317056656	-19.6451
164.782946825027	-14.33964
164.798576831818	-8.462898
164.814196825027	-2.587175
164.829826831818	2.810434
164.845446825027	7.42794
164.861076831818	11.18253
164.876696825027	14.16695
164.892326831818	16.56787
164.907956838608	18.50835
164.923576831818	19.97442
164.939206838608	20.86847
164.954826831818	21.07975
164.970456838608	20.56467
164.986076831818	19.41969
165.001706838608	17.85231
165.017336845398	16.09188
165.032956838608	14.35
165.048586845398	12.75309
165.064206838608	11.38931
165.079836845398	10.3372
165.095456838608	9.657053
165.111086845398	9.352644
165.126716852188	9.351912
165.142336845398	9.489106
165.157966852188	9.582832
165.173586845398	9.484702
165.189216852188	9.102143
165.204846858978	8.429883
165.220466852188	7.506438
165.236096858978	6.422293
165.251716852188	5.301601
165.267346858978	4.275682
165.282966852188	3.449264
165.298596858978	2.835282
165.314226865768	2.348323
165.329846858978	1.802599
165.345476865768	0.9733677
165.361096858978	-0.2598543
165.376726865768	-1.876984
165.392346858978	-3.730874
165.407976865768	-5.627722
165.423606872559	-7.456596
165.439226865768	-9.253325
165.454856872559	-11.13398
165.470476865768	-13.25525
165.486106872559	-15.72238
165.501726865768	-18.52972
165.517356872559	-21.51778
165.532986879349	-24.39635
165.548606872559	-26.74596
165.564236879349	-28.08943
165.579856872559	-28.01315
165.595486879349	-26.27134
165.611106872559	-22.93787
165.626736879349	-18.3533
165.642366886139	-13.07899
165.657986879349	-7.709291
165.673616886139	-2.70417
165.689236879349	1.732372
165.704866886139	5.600296
165.720486879349	9.015688
165.736116886139	12.07619
165.751746892929	14.74527
165.767366886139	16.90638
165.782996892929	18.39065
165.798616886139	19.08256
165.814246892929	18.98855
165.829866886139	18.2925
165.845496892929	17.26624
165.861126899719	16.21287
165.876746892929	15.36786
165.892376899719	14.79612
165.907996892929	14.4664
165.923626899719	14.26893
165.939246892929	14.11037
165.954876899719	13.9432
165.970506906509	13.74937
165.986126899719	13.4667
166.001756906509	12.9821
166.017376899719	12.19472
166.033006906509	11.01658
166.048626899719	9.496056
166.064256906509	7.789553
166.0798869133	6.120146
166.095506906509	4.64323
166.1111369133	3.401741
166.126756906509	2.259083
166.1423869133	1.005728
166.158006906509	-0.5536518
166.1736369133	-2.581619
166.18926692009	-5.069542
166.2048869133	-7.95459
166.22051692009	-11.06893
166.2361369133	-14.25129
166.25176692009	-17.35782
166.2673869133	-20.32653
166.28301692009	-23.14449
166.29864692688	-25.83665
166.31426692009	-28.44644
166.32989692688	-30.924
166.34551692009	-33.12926
166.36114692688	-34.77596
166.37676692009	-35.48832
166.39239692688	-34.89664
166.40802693367	-32.74891
166.42364692688	-29.05151
166.43927693367	-24.10737
166.45489692688	-18.41582
166.47052693367	-12.55748
166.48614692688	-7.018494
166.50177693367	-2.026314
166.51740694046	2.476225
166.53302693367	6.695059
166.54865694046	10.81767
166.56427693367	14.79283
166.57990694046	18.36051
166.59552693367	21.1314
166.61115694046	22.81426
166.62678694725	23.35294
166.64240694046	22.96525
166.65803694725	22.01188
166.67365694046	20.84196
166.68928694725	19.69115
166.70490694046	18.63811
166.72053694725	17.71659
166.736166954041	16.94238
166.75178694725	16.36724
166.767416954041	16.00896
166.78303694725	15.82001
166.798666954041	15.65474
166.81428694725	15.3306
166.829916954041	14.73335
166.845546960831	13.80304
166.861166954041	12.5909
166.876796960831	11.18811
166.892416954041	9.667274
166.908046960831	8.069891
166.923666954041	6.399632
166.939296960831	4.604099
166.954926967621	2.649937
166.970546960831	0.5419254
166.986176967621	-1.702658
167.001796960831	-3.980883
167.017426967621	-6.183817
167.033046960831	-8.206776
167.048676967621	-9.964193
167.064306974411	-11.43185
167.079926967621	-12.65176
167.095556974411	-13.72646
167.111176967621	-14.79343
167.126806974411	-16.04719
167.142426967621	-17.58995
167.158056974411	-19.43836
167.173686981201	-21.38519
167.189306974411	-23.02084
167.204936981201	-23.80674
167.220556974411	-23.25076
167.236186981201	-21.05985
167.251806974411	-17.26559
167.267436981201	-12.24949
167.283066987991	-6.565424
167.298686981201	-0.8313351
167.314316987991	4.485645
167.329936981201	9.182255
167.345566987991	13.24207
167.361186981201	16.77168
167.376816987991	19.86789
167.392446994781	22.50335
167.408066987991	24.53804
167.423696994781	25.79237
167.439316987991	26.15932
167.454946994781	25.67809
167.470577001572	24.56907
167.486196994781	23.10391
167.501827001572	21.50577
167.517446994781	19.85789
167.533077001572	18.12987
167.548696994781	16.24953
167.564327001572	14.23051
167.579957008362	12.21361
167.595577001572	10.40625
167.611207008362	8.981186
167.626827001572	7.922516
167.642457008362	7.056067
167.658077001572	6.066858
167.673707008362	4.681816
167.689337015152	2.79307
167.704957008362	0.5419254
167.720587015152	-1.79497
167.736207008362	-3.900166
167.751837015152	-5.568213
167.767457008362	-6.777977
167.783087015152	-7.657114
167.798717021942	-8.424335
167.814337015152	-9.280369
167.829967021942	-10.33765
167.845587015152	-11.61716
167.861217021942	-13.04681
167.876837015152	-14.52748
167.892467021942	-15.93809
167.908097028732	-17.21
167.923717021942	-18.30791
167.939347028732	-19.26803
167.954967021942	-20.19958
167.970597028732	-21.27499
167.986217021942	-22.63851
168.001847028732	-24.29295
168.017477035522	-26.04741
168.033097028732	-27.48338
168.048727035522	-28.10086
168.064347028732	-27.42068
168.079977035522	-25.19026
168.095597028732	-21.43648
168.111227035522	-16.43551
168.126857042313	-10.64618
168.142477035522	-4.528709
168.158107042313	1.504747
168.173727035522	7.200596
168.189357042313	12.36208
168.204977035522	16.89276
168.220607042313	20.68634
168.236237049103	23.66481
168.251857042313	25.75882
168.267487049103	26.95193
168.283107042313	27.2788
168.298737049103	26.85623
168.314357042313	25.84831
168.329987049103	24.4089
168.345617055893	22.64263
168.361237049103	20.61242
168.376867055893	18.3401
168.392487049103	15.90743
168.408117055893	13.43735
168.423737049103	11.12492
168.439367055893	9.17514
168.454996824265	7.732414
168.470617055893	6.81296
168.486246824265	6.288683
168.501867055893	5.942715
168.517496824265	5.502525
168.533117055893	4.766634
168.548746824265	3.604725
168.564376831055	2.040689
168.579996824265	0.2502661
168.595626831055	-1.545145
168.611246824265	-3.134653
168.626876831055	-4.405765
168.642496824265	-5.376412
168.658126831055	-6.187513
168.673756837845	-7.008383
168.689376831055	-7.996403
168.705006837845	-9.221117
168.720626831055	-10.63541
168.736256837845	-12.12543
168.751876831055	-13.57966
168.767506837845	-14.91201
168.783136844635	-16.10821
168.798756837845	-17.22072
168.814386844635	-18.30931
168.830006837845	-19.46284
168.845636844635	-20.76968
168.861256837845	-22.24727
168.876886844635	-23.85606
168.892516851425	-25.38142
168.908136844635	-26.44992
168.923766851425	-26.60411
168.939386844635	-25.39496
168.955016851425	-22.56172
168.970636844635	-18.17135
168.986266851425	-12.60127
169.001896858215	-6.448508
169.017516851425	-0.3640709
169.033146858215	5.198425
169.048766851425	10.03123
169.064396858215	14.15486
169.080016851425	17.72049
169.095646858215	20.86289
169.111276865005	23.5822
169.126896858215	25.78511
169.142526865005	27.35237
169.158146858215	28.19301
169.173776865005	28.33561
169.189396858215	27.92622
169.205026865005	27.09795
169.220656871796	25.95653
169.236276865005	24.55301
169.251906871796	22.86051
169.267526865005	20.88982
169.283156871796	18.735
169.298776865005	16.52192
169.314406871796	14.4377
169.330036878586	12.60385
169.345656871796	11.03419
169.361286878586	9.664184
169.376906871796	8.367833
169.392536878586	7.019212
169.408156871796	5.516507
169.423786878586	3.826082
169.439416885376	1.970208
169.455036878586	0.06564093
169.470666885376	-1.72787
169.486286878586	-3.24379
169.501916885376	-4.356921
169.517536878586	-5.060239
169.533166885376	-5.505456
169.548796892166	-5.957394
169.564416885376	-6.677239
169.580046892166	-7.831056
169.595666885376	-9.401079
169.611296892166	-11.19153
169.626916885376	-12.94912
169.642546892166	-14.45871
169.658176898956	-15.6442
169.673796892166	-16.56581
169.689426898956	-17.34438
169.705046892166	-18.09152
169.720676898956	-18.91346
169.736296892166	-19.8749
169.751926898956	-21.03221
169.767556905746	-22.38342
169.783176898956	-23.79885
169.798806905746	-24.97231
169.814426898956	-25.45088
169.830056905746	-24.75736
169.845676898956	-22.58477
169.861306905746	-18.95006
169.876936912537	-14.20851
169.892556905746	-8.905422
169.908186912537	-3.632064
169.923806905746	1.210624
169.939436912537	5.443015
169.955056905746	9.070522
169.970686912537	12.15618
169.986316919327	14.76325
170.001936912537	16.86946
170.017566919327	18.44893
170.033186912537	19.50792
170.048816919327	20.05451
170.064446926117	20.13812
170.080066919327	19.79505
170.095696926117	19.0631
170.111316919327	17.96144
170.126946926117	16.60425
170.142566919327	15.11913
170.158196926117	13.67515
170.173826932907	12.40433
170.189446926117	11.36648
170.205076932907	10.59673
170.220696926117	10.06998
170.236326932907	9.745819
170.251946926117	9.541253
170.267576932907	9.347071
170.283206939697	8.993697
170.298826932907	8.324614
170.314456939697	7.26437
170.330076932907	5.844243
170.345706939697	4.259225
170.361326932907	2.760029
170.376956939697	1.544758
170.392586946487	0.7172012
170.408206939697	0.2250223
170.423836946487	-0.1084633
170.439456939697	-0.4974575
170.455086946487	-1.10268
170.470706939697	-2.030811
170.486336946487	-3.262348
170.501966953278	-4.691914
170.517586946487	-6.1894
170.533216953278	-7.608871
170.548836946487	-8.865141
170.564466953278	-9.942499
170.580086946487	-10.93962
170.595716953278	-11.96823
170.611346960068	-13.18496
170.626966953278	-14.66913
170.642596960068	-16.40082
170.658216953278	-18.21771
170.673846960068	-19.81017
170.689466953278	-20.78054
170.705096960068	-20.71318
170.720726966858	-19.351
170.736346960068	-16.6566
170.751976966858	-12.89576
170.767596960068	-8.512558
170.783226966858	-4.037853
170.798846960068	0.1012917
170.814476966858	3.696413
170.830106973648	6.744049
170.845726966858	9.35997
170.861356973648	11.65087
170.876976966858	13.59814
170.892606973648	15.05853
170.908226966858	15.86261
170.923856973648	15.90022
170.939486980438	15.20124
170.955106973648	13.97369
170.970736980438	12.49593
170.986356973648	11.02205
171.001986980438	9.706501
171.017606973648	8.567219
171.033236980438	7.532154
171.048866987228	6.526863
171.064486980438	5.545765
171.080116987228	4.630379
171.095736980438	3.836712
171.111366987228	3.188663
171.126986980438	2.610081
171.142616987228	1.981228
171.158246994019	1.200619
171.173866987228	0.2347794
171.189496994019	-0.8499184
171.205116987228	-1.905209
171.220746994019	-2.803127
171.236366987228	-3.455959
171.251996994019	-3.878197
171.267627000809	-4.176899
171.283246994019	-4.526749
171.298877000809	-5.106369
171.314496994019	-6.015205
171.330127000809	-7.227276
171.345746994019	-8.593948
171.361377000809	-9.912483
171.377007007599	-11.0019
171.392627000809	-11.80603
171.408257007599	-12.39727
171.423877000809	-12.94211
171.439507007599	-13.61716
171.455127000809	-14.54717
171.470757007599	-15.78102
171.486387014389	-17.25706
171.502007007599	-18.83474
171.517637014389	-20.23489
171.533257007599	-21.05727
171.548887014389	-20.87074
171.564507007599	-19.33274
171.580137014389	-16.35093
171.595767021179	-12.13468
171.611387014389	-7.165298
171.627017021179	-1.969246
171.642637014389	2.993431
171.658267021179	7.457764
171.673887014389	11.33024
171.689517021179	14.60786
171.705147027969	17.31878
171.720767021179	19.4505
171.736397027969	21.00206
171.752017021179	21.96954
171.767647027969	22.4239
171.783267021179	22.4338
171.798897027969	22.05515
171.81452703476	21.34165
171.830147027969	20.33357
171.84577703476	19.09237
171.861397027969	17.66695
171.87702703476	16.1039
171.892647027969	14.40382
171.90827703476	12.58971
171.92390704155	10.71877
171.93952703476	8.881161
171.95515704155	7.201267
171.97077703476	5.752937
171.98640704155	4.530804
172.00202703476	3.389061
172.01765704155	2.159203
172.03328704834	0.6816826
172.04890704155	-1.079304
172.06453704834	-2.992989
172.08015704155	-4.849064
172.09578704834	-6.39183
172.11140704155	-7.50808
172.12703704834	-8.232777
172.14266705513	-8.777115
172.15828704834	-9.417339
172.17391705513	-10.40904
172.18953704834	-11.82846
172.20516705513	-13.55199
172.22078704834	-15.33563
172.23641705513	-16.87143
172.252046823502	-17.97894
172.26766705513	-18.61349
172.283296823502	-18.89056
172.29891705513	-18.96489
172.314546823502	-18.99559
172.330176830292	-19.0839
172.345796823502	-19.31931
172.361426830292	-19.78872
172.377046823502	-20.50648
172.392676830292	-21.34752
172.408296823502	-21.98282
172.423926830292	-21.9248
172.439556837082	-20.66922
172.455176830292	-17.92019
172.470806837082	-13.737
172.486426830292	-8.543888
172.502056837082	-3.004898
172.517676830292	2.240376
172.533306837082	6.775124
172.548936843872	10.46323
172.564556837082	13.41147
172.580186843872	15.80704
172.595806837082	17.76997
172.611436843872	19.31511
172.627056837082	20.37993
172.642686843872	20.89135
172.658316850662	20.86258
172.673936843872	20.35928
172.689566850662	19.4805
172.705186843872	18.34478
172.720816850662	17.06055
172.736436843872	15.72656
172.752066850662	14.46457
172.767696857452	13.38084
172.783316850662	12.48489
172.798946857452	11.69364
172.814566850662	10.83865
172.830196857452	9.762985
172.845816850662	8.424675
172.861446857452	6.927624
172.877076864243	5.415707
172.892696857452	3.999107
172.908326864243	2.669437
172.923946857452	1.306877
172.939576864243	-0.2033043
172.955196857452	-1.880634
172.970826864243	-3.62463
172.986456871033	-5.258373
173.002076864243	-6.630505
173.017706871033	-7.695148
173.033326864243	-8.501781
173.048956871033	-9.180553
173.064576864243	-9.883266
173.080206871033	-10.71545
173.095836877823	-11.73344
173.111456871033	-12.89996
173.127086877823	-14.1119
173.142706871033	-15.20786
173.158336877823	-16.06068
173.173956871033	-16.59052
173.189586877823	-16.86692
173.205216884613	-17.04904
173.220836877823	-17.32934
173.236466884613	-17.90005
173.252086877823	-18.85333
173.267716884613	-20.1795
173.283336877823	-21.74062
173.298966884613	-23.28123
173.314596891403	-24.40408
173.330216884613	-24.67258
173.345846891403	-23.73326
173.361466884613	-21.39208
173.377096891403	-17.77798
173.392716884613	-13.2591
173.408346891403	-8.325077
173.423976898193	-3.453102
173.439596891403	1.032936
173.455226898193	5.034508
173.470846891403	8.581184
173.486476898193	11.74169
173.502096891403	14.54867
173.517726898193	16.948
173.533356904984	18.83676
173.548976898193	20.10527
173.564606904984	20.7042
173.580226898193	20.68868
173.595856904984	20.24736
173.611476898193	19.60064
173.627106904984	18.90915
173.642736911774	18.2435
173.658356904984	17.51643
173.673986911774	16.6327
173.689606904984	15.50641
173.705236911774	14.14365
173.720856904984	12.65239
173.736486911774	11.20683
173.752116918564	9.96249
173.767736911774	8.943035
173.783366918564	8.105927
173.798986911774	7.280668
173.814616918564	6.310944
173.830236911774	5.118385
173.845866918564	3.690742
173.861496925354	2.148401
173.877116918564	0.6508636
173.892746925354	-0.6891441
173.908366918564	-1.889139
173.923996925354	-3.067535
173.939616918564	-4.445028
173.955246925354	-6.176498
173.970876932144	-8.245573
173.986496925354	-10.47728
174.002126932144	-12.57474
174.017746925354	-14.30979
174.033376932144	-15.58756
174.048996925354	-16.50314
174.064626932144	-17.26433
174.080256938934	-18.17344
174.095876932144	-19.50257
174.111506938934	-21.41573
174.127126932144	-23.90465
174.142756938934	-26.73569
174.158376932144	-29.46398
174.174006938934	-31.4824
174.189636945724	-32.1909
174.205256938934	-31.16898
174.220886945724	-28.34246
174.236506938934	-24.01091
174.252136945724	-18.69397
174.267756938934	-13.00444
174.283386945724	-7.408002
174.299016952515	-2.159377
174.314636945724	2.632932
174.330266952515	6.971038
174.345886945724	10.81038
174.361516952515	14.0397
174.377136945724	16.49903
174.392766952515	18.1016
174.408396959305	18.83475
174.424016952515	18.83297
174.439646959305	18.31057
174.455266952515	17.52772
174.470896959305	16.72319
174.486526966095	16.03989
174.502146959305	15.54464
174.517776966095	15.19954
174.533396959305	14.94738
174.549026966095	14.69679
174.564646959305	14.37244
174.580276966095	13.90594
174.595906972885	13.24427
174.611526966095	12.33928
174.627156972885	11.15025
174.642776966095	9.68976
174.658406972885	8.017132
174.674026966095	6.24152
174.689656972885	4.494131
174.705286979675	2.908356
174.720906972885	1.583757
174.736536979675	0.5610733
174.752156972885	-0.200386
174.767786979675	-0.848381
174.783406972885	-1.599775
174.799036979675	-2.658865
174.814666986465	-4.173748
174.830286979675	-6.16143
174.845916986465	-8.447628
174.861536979675	-10.7495
174.877166986465	-12.81099
174.892786979675	-14.53899
174.908416986465	-16.05677
174.924046993256	-17.67039
174.939666986465	-19.75028
174.955296993256	-22.5479
174.970916986465	-26.09907
174.986546993256	-30.14493
175.002166986465	-34.15699
175.017796993256	-37.47057
175.033427000046	-39.44071
175.049046993256	-39.56681
175.064677000046	-37.63047
175.080296993256	-33.75231
175.095927000046	-28.33337
175.111546993256	-21.94925
175.127177000046	-15.18751
175.142807006836	-8.486553
175.158427000046	-2.094654
175.174057006836	3.908817
175.189677000046	9.524994
175.205307006836	14.73229
175.220927000046	19.41937
175.236557006836	23.40945
175.252187013626	26.55659
175.267807006836	28.77798
175.283437013626	30.07959
175.299057006836	30.56574
175.314687013626	30.37115
175.330307006836	29.64555
175.345937013626	28.51221
175.361567020416	27.08666
175.377187013626	25.48776
175.392817020416	23.84585
175.408437013626	22.28249
175.424067020416	20.9069
175.439687013626	19.77926
175.455317020416	18.91018
175.470947027206	18.24928
175.486567020416	17.67918
175.502197027206	17.01952
175.517817020416	16.11245
175.533447027206	14.83299
175.549067020416	13.20709
175.564697027206	11.34973
175.580327033997	9.436142
175.595947027206	7.601631
175.611577033997	5.864647
175.627197027206	4.100868
175.642827033997	2.121071
175.658447027206	-0.2210846
175.674077033997	-2.981461
175.689707040787	-6.038956
175.705327033997	-9.169266
175.720957040787	-12.11731
175.736577033997	-14.68881
175.752207040787	-16.83094
175.767827033997	-18.5988
175.783457040787	-20.19309
175.799087047577	-21.85453
175.814707040787	-23.83896
175.830337047577	-26.328
175.845957040787	-29.34491
175.861587047577	-32.69588
175.877207040787	-35.94247
175.892837047577	-38.46098
175.908467054367	-39.57809
175.924087047577	-38.77353
175.939717054367	-35.81965
175.955337047577	-30.87849
175.970967054367	-24.46097
175.986587047577	-17.21806
176.002217054367	-9.831482
176.017846822739	-2.770294
176.033467054367	3.690247
176.049096822739	9.521912
176.064717054367	14.79926
176.080346822739	19.62791
176.095967054367	23.99898
176.111596822739	27.77237
176.127226829529	30.75145
176.142846822739	32.74394
176.158476829529	33.68668
176.174096822739	33.69476
176.189726829529	33.06908
176.205346822739	32.15233
176.220976829529	31.2514
176.236606836319	30.52786
176.252226829529	29.97183
176.267856836319	29.50848
176.283476829529	29.03479
176.299106836319	28.50594
176.314726829529	27.94299
176.330356836319	27.38609
176.345986843109	26.83009
176.361606836319	26.20741
176.377236843109	25.37056
176.392856836319	24.14799
176.408486843109	22.42653
176.424106836319	20.21873
176.439736843109	17.6955
176.455366849899	15.06595
176.470986843109	12.50685
176.486616849899	10.03603
176.502236843109	7.495239
176.517866849899	4.599411
176.533486843109	1.095642
176.549116849899	-3.107162
176.564746856689	-7.847809
176.580366849899	-12.74484
176.595996856689	-17.35254
176.611616849899	-21.30916
176.627246856689	-24.46184
176.642866849899	-26.82538
176.658496856689	-28.58749
176.67412686348	-29.94733
176.689746856689	-31.11739
176.70537686348	-32.30988
176.720996856689	-33.71809
176.73662686348	-35.42366
176.752246856689	-37.27478
176.76787686348	-38.82866
176.78350687027	-39.39256
176.79912686348	-38.27205
176.81475687027	-35.01549
176.83037686348	-29.6284
176.84600687027	-22.65619
176.86162686348	-14.91525
176.87725687027	-7.245071
176.89288687706	-0.1725616
176.90850687027	6.139893
176.92413687706	11.79398
176.93975687027	16.9735
176.95538687706	21.74696
176.97100687027	26.02048
176.98663687706	29.52853
177.00226688385	32.03848
177.01788687706	33.40482
177.03351688385	33.64513
177.04913687706	32.91888
177.06476688385	31.47943
177.08038687706	29.58566
177.09601688385	27.48019
177.11164689064	25.36256
177.12726688385	23.3297
177.14289689064	21.44408
177.15851688385	19.68796
177.17414689064	18.01868
177.18977689743	16.36847
177.20539689064	14.70241
177.22102689743	12.96501
177.23664689064	11.09946
177.25227689743	9.028275
177.26789689064	6.696075
177.28352689743	4.121948
177.299156904221	1.429993
177.31477689743	-1.140915
177.330406904221	-3.310074
177.34602689743	-4.874161
177.361656904221	-5.814438
177.37727689743	-6.352325
177.392906904221	-6.858459
177.408536911011	-7.705078
177.424156904221	-9.113327
177.439786911011	-11.03368
177.455406904221	-13.25346
177.471036911011	-15.46414
177.486656904221	-17.41734
177.502286911011	-18.9939
177.517916917801	-20.22313
177.533536911011	-21.26782
177.549166917801	-22.34604
177.564786911011	-23.68462
177.580416917801	-25.49927
177.596036911011	-27.92136
177.611666917801	-30.86809
177.627296924591	-34.00053
177.642916917801	-36.70006
177.658546924591	-38.17981
177.674166917801	-37.71187
177.689796924591	-34.86763
177.705416917801	-29.6642
177.721046924591	-22.58253
177.736676931381	-14.41264
177.752296924591	-5.998413
177.767926931381	2.017487
177.783546924591	9.258682
177.799176931381	15.62991
177.814796924591	21.16962
177.830426931381	25.92558
177.846056938171	29.84709
177.861676931381	32.80351
177.877306938171	34.65628
177.892926931381	35.37872
177.908556938171	35.12659
177.924176931381	34.15819
177.939806938171	32.82086
177.955436944962	31.38728
177.971056938171	30.00636
177.986686944962	28.66574
178.002306938171	27.28949
178.017936944962	25.84526
178.033556938171	24.35497
178.049186944962	22.92435
178.064816951752	21.64934
178.080436944962	20.58127
178.096066951752	19.64037
178.111686944962	18.64148
178.127316951752	17.38675
178.142936944962	15.71158
178.158566951752	13.55084
178.174196958542	10.95847
178.189816951752	8.081116
178.205446958542	5.110382
178.221066951752	2.237427
178.236696958542	-0.4342957
178.252316951752	-2.924286
178.267946958542	-5.357437
178.283576965332	-7.921631
178.299196958542	-10.731
178.314826965332	-13.75066
178.330446958542	-16.71565
178.346076965332	-19.27693
178.361696958542	-21.12315
178.377326965332	-22.17491
178.392956972122	-22.66803
178.408576965332	-23.08583
178.424206972122	-23.9726
178.439826965332	-25.70422
178.455456972122	-28.33418
178.471076965332	-31.51707
178.486706972122	-34.61511
178.502336978912	-36.86426
178.517956972122	-37.52306
178.533586978912	-36.06734
178.549206972122	-32.30289
178.564836978912	-26.42293
178.580456972122	-18.97395
178.596086978912	-10.76303
178.611716985703	-2.638824
178.627336978912	4.699463
178.642966985703	10.8952
178.658586978912	15.90692
178.674216985703	19.90483
178.689836978912	23.1024
178.705466985703	25.61266
178.721096992493	27.38412
178.736716985703	28.28798
178.752346992493	28.25168
178.767966985703	27.33882
178.783596992493	25.80733
178.799216985703	24.00537
178.814846992493	22.22957
178.830476999283	20.69728
178.846096992493	19.50914
178.861726999283	18.68269
178.877346992493	18.19768
178.892976999283	18.00142
178.908596992493	18.00066
178.924226999283	18.07216
178.939857006073	18.06013
178.955476999283	17.77831
178.971107006073	17.06821
178.986726999283	15.84888
179.002357006073	14.13922
179.017976999283	12.07489
179.033607006073	9.892624
179.049237012863	7.846725
179.064857006073	6.111801
179.080487012863	4.746048
179.096107006073	3.605209
179.111737012863	2.433578
179.127357006073	0.9305115
179.142987012863	-1.076981
179.158617019653	-3.577393
179.174237012863	-6.359161
179.189867019653	-9.138123
179.205487012863	-11.64377
179.221117019653	-13.74889
179.236737012863	-15.53384
179.252367019653	-17.18358
179.267997026443	-18.95575
179.283617019653	-21.06726
179.299247026443	-23.60962
179.314867019653	-26.54466
179.330497026443	-29.64771
179.346127033234	-32.45204
179.361747026443	-34.34697
179.377377033234	-34.67657
179.392997026443	-32.92557
179.408627033234	-28.94321
179.424247026443	-23.00377
179.439877033234	-15.75697
179.455507040024	-8.017319
179.471127033234	-0.5247345
179.486757040024	6.262741
179.502377033234	12.17847
179.518007040024	17.2245
179.533627033234	21.44981
179.549257040024	24.84669
179.564887046814	27.35898
179.580507040024	28.92624
179.596137046814	29.53616
179.611757040024	29.27821
179.627387046814	28.27435
179.643007040024	26.69318
179.658637046814	24.72203
179.674267053604	22.56749
179.689887046814	20.42671
179.705517053604	18.46523
179.721137046814	16.8045
179.736767053604	15.46124
179.752387046814	14.38927
179.768017053604	13.47018
179.783646821976	12.59601
179.799267053604	11.69585
179.814896821976	10.73459
179.830517053604	9.649582
179.846146821976	8.366867
179.861767053604	6.834045
179.877396821976	5.074951
179.893026828766	3.231537
179.908646821976	1.5336
179.924276828766	0.2129364
179.939896821976	-0.5969696
179.955526828766	-0.9772186
179.971146821976	-1.216171
179.986776828766	-1.69191
180.002406835556	-2.695618
180.018026828766	-4.294846
180.033656835556	-6.345276
180.049276828766	-8.545166
180.064906835556	-10.57768
180.080526828766	-12.21982
180.096156835556	-13.44012
180.111786842346	-14.33971
180.127406835556	-15.11958
180.143036842346	-15.99493
180.158656835556	-17.1434
180.174286842346	-18.69334
180.189906835556	-20.69661
180.205536842346	-23.06139
180.221166849136	-25.49496
180.236786842346	-27.50098
180.252416849136	-28.39835
180.268036842346	-27.58319
180.283666849136	-24.71513
180.299286842346	-19.9093
180.314916849136	-13.6794
180.330546855927	-6.801743
180.346166849136	0.002838135
180.361796855927	6.253769
180.377416849136	11.78477
180.393046855927	16.6655
180.408666849136	20.98877
180.424296855927	24.76157
180.439926862717	27.84906
180.455546855927	30.08871
180.471176862717	31.33685
180.486796855927	31.545
180.502426862717	30.70601
180.518046855927	28.89284
180.533676862717	26.26656
180.549306869507	23.10738
180.564926862717	19.77812
180.580556869507	16.64598
180.596176862717	13.96455
180.611806869507	11.7951
180.627426862717	10.04378
180.643056869507	8.515167
180.658686876297	7.057678
180.674306869507	5.624695
180.689936876297	4.223587
180.705556869507	2.85939
180.721186876297	1.516815
180.736806869507	0.1141815
180.752436876297	-1.379822
180.768066883087	-2.881683
180.783686876297	-4.210739
180.799316883087	-5.214691
180.814936876297	-5.799072
180.830566883087	-6.064011
180.846186876297	-6.223251
180.861816883087	-6.511612
180.877446889877	-7.104164
180.893066883087	-8.043114
180.908696889877	-9.230568
180.924316883087	-10.46796
180.939946889877	-11.56998
180.955566883087	-12.36993
180.971196889877	-12.84055
180.986826896667	-13.04761
181.002446889877	-13.16145
181.018076896667	-13.44703
181.033696889877	-14.15537
181.049326896667	-15.47423
181.064946889877	-17.42122
181.080576896667	-19.83739
181.096206903458	-22.33314
181.111826896667	-24.43797
181.127456903458	-25.60194
181.143076896667	-25.34058
181.158706903458	-23.36287
181.174326896667	-19.64758
181.189956903458	-14.50118
181.205586910248	-8.52272
181.221206903458	-2.435181
181.236836910248	3.138809
181.252456903458	7.79586
181.268086910248	11.46836
181.283706903458	14.34039
181.299336910248	16.66534
181.314966917038	18.64045
181.330586910248	20.2733
181.346216917038	21.43516
181.361836910248	21.93102
181.377466917038	21.65205
181.393086910248	20.57855
181.408716917038	18.81372
181.424346923828	16.5844
181.439966917038	14.12511
181.455596923828	11.71827
181.471216917038	9.570541
181.486846923828	7.857162
181.502466917038	6.648384
181.518096923828	5.919029
181.533726930618	5.562469
181.549346923828	5.396416
181.564976930618	5.250847
181.580596923828	4.969376
181.596226930618	4.500122
181.611846923828	3.805611
181.627476930618	2.919754
181.643106937408	1.895065
181.658726930618	0.7936707
181.674356937408	-0.2993774
181.689976930618	-1.33194
181.705606937408	-2.274605
181.721236944199	-3.168442
181.736856937408	-4.085968
181.752486944199	-5.142891
181.768106937408	-6.384926
181.783736944199	-7.775871
181.799356937408	-9.196548
181.814986944199	-10.4957
181.830616950989	-11.55682
181.846236944199	-12.38041
181.861866950989	-13.07266
181.877486944199	-13.79821
181.893116950989	-14.75438
181.908736944199	-16.08686
181.924366950989	-17.86954
181.939996957779	-20.0569
181.955616950989	-22.44159
181.971246957779	-24.65217
181.986866950989	-26.16375
182.002496957779	-26.43887
182.018116950989	-25.08512
182.033746957779	-22.03521
182.049376964569	-17.59842
182.064996957779	-12.36356
182.080626964569	-7.002457
182.096246957779	-2.020378
182.111876964569	2.349434
182.127496957779	6.118256
182.143126964569	9.406532
182.158756971359	12.27878
182.174376964569	14.6764
182.190006971359	16.42297
182.205626964569	17.34532
182.221256971359	17.40921
182.236876964569	16.74098
182.252506971359	15.58953
182.268136978149	14.22244
182.283756971359	12.83763
182.299386978149	11.49234
182.315006971359	10.17492
182.330636978149	8.834419
182.346256971359	7.456249
182.361886978149	6.107624
182.37751698494	4.880627
182.393136978149	3.868614
182.40876698494	3.063007
182.424386978149	2.347443
182.44001698494	1.537243
182.455636978149	0.4670525
182.47126698494	-0.9294662
182.48689699173	-2.577677
182.50251698494	-4.285187
182.51814699173	-5.861679
182.53376698494	-7.156797
182.54939699173	-8.147116
182.56501698494	-8.914831
182.58064699173	-9.582661
182.59627699852	-10.26031
182.61189699173	-11.01431
182.62752699852	-11.8224
182.64314699173	-12.60521
182.65877699852	-13.31005
182.67439699173	-13.93352
182.69002699852	-14.55764
182.70565700531	-15.33468
182.72127699852	-16.40112
182.73690700531	-17.81466
182.75252699852	-19.52843
182.76815700531	-21.33281
182.78377699852	-22.84358
182.79940700531	-23.61391
182.8150370121	-23.22828
182.83065700531	-21.40738
182.8462870121	-18.12203
182.86190700531	-13.58515
182.8775370121	-8.233921
182.89315700531	-2.58634
182.9087870121	2.897041
182.92441701889	7.915451
182.9400370121	12.37563
182.95566701889	16.29495
182.9712870121	19.76477
182.98691701889	22.82067
183.0025370121	25.42119
183.01816701889	27.44057
183.033797025681	28.72553
183.04941701889	29.19072
183.065047025681	28.82835
183.08066701889	27.75806
183.096297025681	26.1733
183.11191701889	24.31036
183.127547025681	22.36709
183.143177032471	20.47196
183.158797025681	18.68989
183.174427032471	16.99041
183.190047025681	15.3126
183.205677032471	13.57705
183.221297025681	11.72345
183.236927032471	9.759109
183.252557039261	7.776937
183.268177032471	5.910223
183.283807039261	4.271809
183.299427032471	2.915225
183.315057039261	1.720912
183.330677032471	0.4782848
183.346307039261	-1.053823
183.361937046051	-3.023611
183.377557039261	-5.39722
183.393187046051	-7.992131
183.408807039261	-10.59508
183.424437046051	-13.03439
183.440057039261	-15.20289
183.455687046051	-17.07112
183.471317052841	-18.57525
183.486937046051	-19.64324
183.502567052841	-20.27059
183.518187046051	-20.60241
183.533817052841	-20.92772
183.549437046051	-21.59058
183.565067052841	-22.74185
183.580697059631	-24.17217
183.596317052841	-25.35166
183.611947059631	-25.5627
183.627567052841	-24.21861
183.643197059631	-21.11474
183.658817052841	-16.49028
183.674447059631	-10.91035
183.690076828003	-5.057593
183.705697059631	0.5389605
183.721326828003	5.59677
183.736947059631	10.01317
183.752576828003	13.8104
183.768197059631	17.01318
183.783826828003	19.56276
183.799456834793	21.32967
183.815076828003	22.22062
183.830706834793	22.2248
183.846326828003	21.49297
183.861956834793	20.27677
183.877576828003	18.8353
183.893206834793	17.37808
183.908836841583	16.00773
183.924456834793	14.74798
183.940086841583	13.60733
183.955706834793	12.62477
183.971336841583	11.84252
183.986956834793	11.29429
184.002586841583	10.93402
184.018216848373	10.59366
184.033836841583	10.0749
184.049466848373	9.209047
184.065086841583	7.929146
184.080716848373	6.289555
184.096336841583	4.465816
184.111966848373	2.644524
184.127596855164	1.012947
184.143216848373	-0.3107185
184.158846855164	-1.323402
184.174466848373	-2.131371
184.190096855164	-2.921299
184.205716848373	-3.919443
184.221346855164	-5.257729
184.236976861954	-6.934103
184.252596855164	-8.837406
184.268226861954	-10.75237
184.283846855164	-12.459
184.299476861954	-13.85352
184.315106868744	-14.91571
184.330726861954	-15.77268
184.346356868744	-16.6685
184.361976861954	-17.84761
184.377606868744	-19.49482
184.393226861954	-21.64402
184.408856868744	-24.08255
184.424486875534	-26.36084
184.440106868744	-27.94961
184.455736875534	-28.29137
184.471356868744	-27.04498
184.486986875534	-24.18238
184.502606868744	-19.95165
184.518236875534	-14.81889
184.533866882324	-9.325523
184.549486875534	-3.952644
184.565116882324	0.9710197
184.580736875534	5.233105
184.596366882324	8.792988
184.611986875534	11.70827
184.627616882324	14.09226
184.643246889114	16.05864
184.658866882324	17.71525
184.674496889114	19.05013
184.690116882324	20.01135
184.705746889114	20.50122
184.721366882324	20.44113
184.736996889114	19.85587
184.752626895905	18.84286
184.768246889114	17.58285
184.783876895905	16.23511
184.799496889114	14.89549
184.815126895905	13.56012
184.830746889114	12.21806
184.846376895905	10.8658
184.862006902695	9.533718
184.877626895905	8.27322
184.893256902695	7.076538
184.908876895905	5.861748
184.924506902695	4.505947
184.940126895905	2.901936
184.955756902695	1.030376
184.971386909485	-0.9503326
184.987006902695	-2.78899
185.002636909485	-4.2621
185.018256902695	-5.243027
185.033886909485	-5.80518
185.049506902695	-6.183578
185.065136909485	-6.672607
185.080766916275	-7.478245
185.096386909485	-8.697113
185.112016916275	-10.22568
185.127636909485	-11.84736
185.143266916275	-13.34278
185.158886909485	-14.54311
185.174516916275	-15.43415
185.190146923065	-16.14343
185.205766916275	-16.91039
185.221396923065	-17.99381
185.237016916275	-19.58813
185.252646923065	-21.72224
185.268266916275	-24.15351
185.283896923065	-26.45009
185.299526929855	-27.97954
185.315146923065	-28.13458
185.330776929855	-26.48254
185.346396923065	-22.9389
185.362026929855	-17.76939
185.377646923065	-11.55755
185.393276929855	-4.991951
185.408906936646	1.317795
185.424526929855	6.926491
185.440156936646	11.66321
185.455776929855	15.52696
185.471406936646	18.61944
185.487026929855	21.09085
185.502656936646	23.06381
185.518286943436	24.58087
185.533906936646	25.62382
185.549536943436	26.10757
185.565156936646	25.92644
185.580786943436	25.06252
185.596406936646	23.6344
185.612036943436	21.87188
185.627666950226	20.03716
185.643286943436	18.28333
185.658916950226	16.6244
185.674536943436	14.94643
185.690166950226	13.14342
185.705786943436	11.19302
185.721416950226	9.19648
185.737046957016	7.29142
185.752666950226	5.527527
185.768296957016	3.856567
185.783916950226	2.124672
185.799546957016	0.2324142
185.815166950226	-1.808815
185.830796957016	-3.808449
185.846426963806	-5.537918
185.862046957016	-6.827583
185.877676963806	-7.709358
185.893296957016	-8.392967
185.908926963806	-9.133461
185.924546957016	-10.12634
185.940176963806	-11.37923
185.955806970596	-12.74345
185.971426963806	-14.00928
185.987056970596	-15.02921
186.002676963806	-15.79641
186.018306970596	-16.46516
186.033926963806	-17.28715
186.049556970596	-18.45171
186.065186977386	-20.07294
186.080806970596	-22.17075
186.096436977386	-24.67817
186.112056970596	-27.4829
186.127686977386	-30.39535
186.143306970596	-33.08528
186.158936977386	-35.05225
186.174566984177	-35.75214
186.190186977386	-34.6786
186.205816984177	-31.62208
186.221436977386	-26.78474
186.237066984177	-20.73125
186.252686977386	-14.19976
186.268316984177	-7.868065
186.283946990967	-2.184517
186.299566984177	2.735245
186.315196990967	6.953217
186.330816984177	10.62709
186.346446990967	13.86122
186.362066984177	16.67693
186.377696990967	19.03799
186.393326997757	20.89695
186.408946990967	22.24289
186.424576997757	23.08703
186.440196990967	23.48844
186.455826997757	23.48084
186.471457004547	23.09351
186.487076997757	22.33916
186.502707004547	21.2395
186.518326997757	19.85545
186.533957004547	18.27186
186.549576997757	16.61465
186.565207004547	15.03013
186.580837011337	13.63553
186.596457004547	12.47639
186.612087011337	11.50627
186.627707004547	10.60081
186.643337011337	9.618042
186.658957004547	8.469543
186.674587011337	7.126801
186.690217018127	5.628868
186.705837011337	4.06601
186.721467018127	2.542442
186.737087011337	1.11956
186.752717018127	-0.1872406
186.768337011337	-1.393585
186.783967018127	-2.574623
186.799597024918	-3.81427
186.815217018127	-5.143089
186.830847024918	-6.562088
186.846467018127	-7.986061
186.862097024918	-9.277
186.877717018127	-10.32139
186.893347024918	-11.06278
186.908977031708	-11.53242
186.924597024918	-11.8699
186.940227031708	-12.27134
186.955847024918	-12.92206
186.971477031708	-13.95068
186.987097024918	-15.36526
187.002727031708	-16.98687
187.018357038498	-18.47047
187.033977031708	-19.35348
187.049607038498	-19.16985
187.065227031708	-17.63077
187.080857038498	-14.71531
187.096477031708	-10.7065
187.112107038498	-6.093887
187.127737045288	-1.46022
187.143357038498	2.763908
187.158987045288	6.348221
187.174607038498	9.304855
187.190237045288	11.78132
187.205857038498	13.91763
187.221487045288	15.76038
187.237117052078	17.22092
187.252737045288	18.14028
187.268367052078	18.35694
187.283987045288	17.85312
187.299617052078	16.70677
187.315237045288	15.1406
187.330867052078	13.41557
187.346497058868	11.7791
187.362117052078	10.42069
187.377747058868	9.436256
187.393367052078	8.806343
187.408997058868	8.42347
187.424617052078	8.141853
187.440247058868	7.777969
187.45587682724	7.205177
187.471497058868	6.351837
187.48712682724	5.227806
187.502747058868	3.8731
187.51837682724	2.354843
187.533997058868	0.7596436
187.54962682724	-0.8107834
187.56525683403	-2.223442
187.58087682724	-3.35144
187.59650683403	-4.09861
187.61212682724	-4.462044
187.62775683403	-4.575752
187.64337682724	-4.688957
187.65900683403	-5.083061
187.67463684082	-5.957161
187.69025683403	-7.323563
187.70588684082	-9.02581
187.72150683403	-10.78942
187.73713684082	-12.32684
187.75275683403	-13.47707
187.76838684082	-14.23916
187.78401684761	-14.78859
187.79963684082	-15.38755
187.81526684761	-16.29732
187.83088684082	-17.69053
187.84651684761	-19.58386
187.86213684082	-21.81046
187.87776684761	-23.9902
187.893396854401	-25.62151
187.90901684761	-26.15864
187.924646854401	-25.17159
187.94026684761	-22.50095
187.955896854401	-18.27002
187.97151684761	-12.87893
187.987146854401	-6.861374
188.002776861191	-0.7778625
188.018396854401	4.939583
188.034026861191	10.03889
188.049646854401	14.41973
188.065276861191	18.11266
188.080896854401	21.14756
188.096526861191	23.5127
188.112156867981	25.12408
188.127776861191	25.87292
188.143406867981	25.70081
188.159026861191	24.69215
188.174656867981	23.07373
188.190276861191	21.1705
188.205906867981	19.30237
188.221536874771	17.66505
188.237156867981	16.34251
188.252786874771	15.27946
188.268406867981	14.36526
188.284036874771	13.47724
188.299656867981	12.51689
188.315286874771	11.41617
188.330916881561	10.13881
188.346536874771	8.720528
188.362166881561	7.21048
188.377786874771	5.691048
188.393416881561	4.246078
188.409036874771	2.944679
188.424666881561	1.827187
188.440296888351	0.923233
188.455916881561	0.2136917
188.471546888351	-0.349968
188.487166881561	-0.8169022
188.502796888351	-1.307419
188.518416881561	-1.943253
188.534046888351	-2.850586
188.549676895142	-4.06929
188.565296888351	-5.54982
188.580926895142	-7.184357
188.596546888351	-8.808029
188.612176895142	-10.29912
188.627796888351	-11.57004
188.643426895142	-12.62886
188.659056901932	-13.56344
188.674676895142	-14.51015
188.690306901932	-15.60884
188.705926895142	-16.95918
188.721556901932	-18.61687
188.737176895142	-20.49529
188.752806901932	-22.37249
188.768436908722	-23.84787
188.784056901932	-24.42169
188.799686908722	-23.61483
188.815306901932	-21.10047
188.830936908722	-16.86786
188.846556901932	-11.23714
188.862186908722	-4.796432
188.877816915512	1.767387
188.893436908722	7.84623
188.909066915512	13.03989
188.924686908722	17.14967
188.940316915512	20.16048
188.955936908722	22.13789
188.971566915512	23.20381
188.987196922302	23.48708
189.002816915512	23.13331
189.018446922302	22.32683
189.034066915512	21.19682
189.049696922302	19.84255
189.065316915512	18.30653
189.080946922302	16.59519
189.096576929092	14.68893
189.112196922302	12.62879
189.127826929092	10.47443
189.143446922302	8.349564
189.159076929092	6.382057
189.174706935883	4.661354
189.190326929092	3.189674
189.205956935883	1.973625
189.221576929092	0.9875183
189.237206935883	0.1914063
189.252826929092	-0.4379883
189.268456935883	-0.9930038
189.284086942673	-1.572388
189.299706935883	-2.309288
189.315336942673	-3.263069
189.330956935883	-4.417221
189.346586942673	-5.640266
189.362206935883	-6.72065
189.377836942673	-7.48661
189.393466949463	-7.884819
189.409086942673	-8.023811
189.424716949463	-8.107758
189.440336942673	-8.362511
189.455966949463	-8.901115
189.471586942673	-9.696152
189.487216949463	-10.62784
189.502846956253	-11.57399
189.518466949463	-12.47228
189.534096956253	-13.38504
189.549716949463	-14.42644
189.565346956253	-15.71262
189.580966949463	-17.29191
189.596596956253	-19.14795
189.612226963043	-21.23173
189.627846956253	-23.49434
189.643476963043	-25.81583
189.659096956253	-27.96977
189.674726963043	-29.56669
189.690346956253	-30.09888
189.705976963043	-29.09389
189.721606969833	-26.26673
189.737226963043	-21.67847
189.752856969833	-15.7379
189.768476963043	-9.110985
189.784106969833	-2.486893
189.799726963043	3.541306
189.815356969833	8.649879
189.830986976624	12.74862
189.846606969833	15.89673
189.862236976624	18.23167
189.877856969833	19.86962
189.893486976624	20.88398
189.909106969833	21.3401
189.924736976624	21.36419
189.940366983414	21.08724
189.955986976624	20.67542
189.971616983414	20.24001
189.987236976624	19.77013
190.002866983414	19.19012
190.018486976624	18.41812
190.034116983414	17.43129
190.049746990204	16.29733
190.065366983414	15.1614
190.080996990204	14.09787
190.096616983414	13.14746
190.112246990204	12.24259
190.127866983414	11.27409
190.143496990204	10.17571
190.159126996994	8.951782
190.174746990204	7.630539
190.190376996994	6.243118
190.205996990204	4.814865
190.221626996994	3.328751
190.237246990204	1.821594
190.252876996994	0.351265
190.268507003784	-1.027725
190.284126996994	-2.273254
190.299757003784	-3.411491
190.315376996994	-4.540871
190.331007003784	-5.79734
190.346626996994	-7.294769
190.362257003784	-9.126633
190.377887010574	-11.27505
190.393507003784	-13.63641
190.409137010574	-16.03105
190.424757003784	-18.2325
190.440387010574	-20.08837
190.456007003784	-21.57152
190.471637010574	-22.78717
190.487267017365	-23.98373
190.502887010574	-25.42027
190.518517017365	-27.27263
190.534137010574	-29.53057
190.549767017365	-31.92667
190.565387010574	-33.98254
190.581017017365	-35.11224
190.596647024155	-34.78228
190.612267017365	-32.63909
190.627897024155	-28.64391
190.643517017365	-23.02977
190.659147024155	-16.25275
190.674767017365	-8.888084
190.690397024155	-1.54945
190.706027030945	5.240978
190.721647024155	11.095
190.737277030945	15.81812
190.752897024155	19.44523
190.768527030945	22.14568
190.784147024155	24.14289
190.799777030945	25.59434
190.815407037735	26.5274
190.831027030945	26.8394
190.846657037735	26.42345
190.862277030945	25.27792
190.877907037735	23.56193
190.893527030945	21.60336
190.909157037735	19.71486
190.924787044525	18.10347
190.940407037735	16.81475
190.956037044525	15.73315
190.971657037735	14.69421
190.987287044525	13.57399
191.002907037735	12.36457
191.018537044525	11.11436
191.034167051315	9.92329
191.049787044525	8.829613
191.065417051315	7.802883
191.081037044525	6.751904
191.096667051315	5.596413
191.112287044525	4.316765
191.127917051315	2.94916
191.143547058105	1.618523
191.159167051315	0.4227028
191.174797058105	-0.5774212
191.190417051315	-1.441042
191.206047058105	-2.298763
191.221667051315	-3.306269
191.237297058105	-4.57036
191.252926826477	-6.081158
191.268547058105	-7.756033
191.284176826477	-9.433178
191.299797058105	-11.00314
191.315426826477	-12.38568
191.331056833267	-13.57395
191.346676826477	-14.6005
191.362306833267	-15.54495
191.377926826477	-16.54127
191.393556833267	-17.7489
191.409176826477	-19.31466
191.424806833267	-21.27678
191.440436840057	-23.46847
191.456056833267	-25.47586
191.471686840057	-26.71595
191.487306833267	-26.58771
191.502936840057	-24.67091
191.518556833267	-20.91372
191.534186840057	-15.66108
191.549816846848	-9.53401
191.565436840057	-3.25605
191.581066846848	2.572944
191.596686840057	7.6431
191.612316846848	11.92993
191.627936840057	15.5831
191.643566846848	18.79241
191.659196853638	21.62132
191.674816846848	24.01168
191.690446853638	25.81796
191.706066846848	26.91618
191.721696853638	27.27904
191.737316846848	27.01299
191.752946853638	26.30136
191.768576860428	25.36437
191.784196853638	24.37117
191.799826860428	23.39375
191.815446853638	22.43994
191.831076860428	21.4606
191.846696853638	20.38732
191.862326860428	19.18057
191.877956867218	17.85504
191.893576860428	16.44123
191.909206867218	14.99037
191.924826860428	13.5196
191.940456867218	11.9989
191.956076860428	10.3571
191.971706867218	8.574169
191.987336874008	6.686097
192.002956867218	4.809731
192.018586874008	3.102843
192.034206867218	1.680284
192.049836874008	0.5829128
192.065456867218	-0.2423624
192.081086874008	-0.9699417
192.096716880798	-1.82273
192.112336874008	-2.989439
192.127966880798	-4.564102
192.143586874008	-6.500243
192.159216880798	-8.625726
192.174836874008	-10.71405
192.190466880798	-12.55069
192.206096887589	-14.02804
192.221716880798	-15.17779
192.237346887589	-16.14879
192.252966880798	-17.15804
192.268596887589	-18.39484
192.284216880798	-19.97501
192.299846887589	-21.93162
192.315476894379	-24.20004
192.331096887589	-26.55328
192.346726894379	-28.62498
192.362346887589	-29.92418
192.377976894379	-29.95404
192.393596887589	-28.31009
192.409226894379	-24.87977
192.424856901169	-19.87783
192.440476894379	-13.7968
192.456106901169	-7.300332
192.471726894379	-1.000923
192.487356901169	4.655486
192.502976894379	9.47
192.518606901169	13.42969
192.534236907959	16.6853
192.549856901169	19.36395
192.565486907959	21.57136
192.581106901169	23.32118
192.596736907959	24.529
192.612356901169	25.0777
192.627986907959	24.86325
192.643616914749	23.90598
192.659236907959	22.35017
192.674866914749	20.47821
192.690486907959	18.60785
192.706116914749	17.00368
192.721736907959	15.79088
192.737366914749	14.93636
192.752996921539	14.31221
192.768616914749	13.76651
192.784246921539	13.22385
192.799866914749	12.66279
192.815496921539	12.09224
192.831116914749	11.51151
192.846746921539	10.88047
192.862376928329	10.17443
192.877996921539	9.345245
192.893626928329	8.393114
192.909246921539	7.336182
192.924876928329	6.235584
192.940496921539	5.144342
192.956126928329	4.082331
192.97175693512	2.993012
192.987376928329	1.774527
193.00300693512	0.3174306
193.018626928329	-1.465361
193.03425693512	-3.551356
193.049876928329	-5.817615
193.06550693512	-8.048328
193.08113694191	-10.03507
193.09675693512	-11.65576
193.11238694191	-12.92618
193.12800693512	-13.94463
193.14363694191	-14.86821
193.15925693512	-15.79178
193.17488694191	-16.76005
193.1905169487	-17.79785
193.20613694191	-18.94399
193.2217669487	-20.2647
193.23738694191	-21.77043
193.2530169487	-23.30672
193.26863694191	-24.52196
193.2842669487	-24.9152
193.29989695549	-23.99948
193.3155169487	-21.52712
193.33114695549	-17.58052
193.3467669487	-12.59194
193.36239695549	-7.160669
193.3780169487	-1.859771
193.39364695549	2.979959
193.40927696228	7.236698
193.42489695549	10.95833
193.44052696228	14.18499
193.45614695549	16.91261
193.47177696228	19.05847
193.48739695549	20.55374
193.50302696228	21.39953
193.51865696907	21.6708
193.53427696228	21.50053
193.54990696907	20.98606
193.56552696228	20.1851
193.58115696907	19.10743
193.596786975861	17.78784
193.61240696907	16.29702
193.628036975861	14.8104
193.64365696907	13.47778
193.659286975861	12.40012
193.67490696907	11.62488
193.690536975861	11.08454
193.706166982651	10.68523
193.721786975861	10.3065
193.737416982651	9.862051
193.753036975861	9.294949
193.768666982651	8.562368
193.784286975861	7.630354
193.799916982651	6.459063
193.815546989441	5.074545
193.831166982651	3.550472
193.846796989441	2.03731
193.862416982651	0.7306557
193.878046989441	-0.2687206
193.893666982651	-0.9510651
193.909296989441	-1.48175
193.924926996231	-2.077732
193.940546989441	-2.960197
193.956176996231	-4.173811
193.971796989441	-5.627279
193.987426996231	-7.154947
194.003046989441	-8.547966
194.018676996231	-9.731321
194.034307003021	-10.73532
194.049926996231	-11.68502
194.065557003021	-12.70262
194.081176996231	-13.85885
194.096807003021	-15.13728
194.112426996231	-16.5083
194.128057003021	-17.93584
194.143687009811	-19.39393
194.159307003021	-20.86833
194.174937009811	-22.24227
194.190557003021	-23.28989
194.206187009811	-23.63488
194.221807003021	-22.89463
194.237437009811	-20.82493
194.253067016602	-17.48829
194.268687009811	-13.26482
194.284317016602	-8.70578
194.299937009811	-4.385971
194.315567016602	-0.6274834
194.331187009811	2.540314
194.346817016602	5.305397
194.362447023392	7.907825
194.378067016602	10.42692
194.393697023392	12.75257
194.409317016602	14.64886
194.424947023392	15.9173
194.440567016602	16.45496
194.456197023392	16.38048
194.471827030182	15.92993
194.487447023392	15.33886
194.503077030182	14.77821
194.518697023392	14.28737
194.534327030182	13.81541
194.549947023392	13.30005
194.565577030182	12.70587
194.581207036972	12.02822
194.596827030182	11.30407
194.612457036972	10.54129
194.628077030182	9.731041
194.643707036972	8.832119
194.659327030182	7.808987
194.674957036972	6.653347
194.690587043762	5.3992
194.706207036972	4.094009
194.721837043762	2.787563
194.737457036972	1.535046
194.753087043762	0.376152
194.768707036972	-0.6671448
194.784337043762	-1.580799
194.799967050552	-2.375187
194.815587043762	-3.114326
194.831217050552	-3.869568
194.846837043762	-4.73315
194.862467050552	-5.737873
194.878087043762	-6.862122
194.893717050552	-8.041401
194.909347057343	-9.195908
194.924967050552	-10.2694
194.940597057343	-11.24918
194.956217050552	-12.16764
194.971847057343	-13.05521
194.987467050552	-13.94142
195.003097057343	-14.83034
195.018726825714	-15.74047
195.034347057343	-16.71812
195.049976825714	-17.80633
195.065597057343	-19.01981
195.081226825714	-20.24868
195.096847057343	-21.23439
195.112476825714	-21.62495
195.128106832504	-21.06343
195.143726825714	-19.32108
195.159356832504	-16.37495
195.174976825714	-12.47156
195.190606832504	-7.985142
195.206226825714	-3.397987
195.221856832504	0.9036179
195.237486839294	4.667473
195.253106832504	7.780354
195.268736839294	10.25585
195.284356832504	12.16963
195.299986839294	13.62339
195.315606832504	14.67412
195.331236839294	15.37604
195.346866846085	15.71788
195.362486839294	15.70557
195.378116846085	15.36407
195.393736839294	14.76237
195.409366846085	14.01619
195.424986839294	13.25574
195.440616846085	12.58157
195.456246852875	11.99665
195.471866846085	11.45445
195.487496852875	10.84731
195.503116846085	10.09549
195.518746852875	9.187778
195.534366846085	8.199444
195.549996852875	7.258888
195.565626859665	6.461582
195.581246852875	5.836327
195.596876859665	5.313892
195.612496852875	4.764198
195.628126859665	4.053181
195.643746852875	3.109226
195.659376859665	1.955975
195.675006866455	0.6683006
195.690626859665	-0.6080627
195.706256866455	-1.785286
195.721876859665	-2.808773
195.737506866455	-3.676758
195.753126859665	-4.462044
195.768756866455	-5.27404
195.784386873245	-6.200314
195.800006866455	-7.277206
195.815636873245	-8.440311
195.831256866455	-9.536636
195.846886873245	-10.42228
195.862506866455	-11.03204
195.878136873245	-11.41171
195.893766880035	-11.72141
195.909386873245	-12.1472
195.925016880035	-12.80643
195.940636873245	-13.73042
195.956266880035	-14.90701
195.971886873245	-16.29499
195.987516880035	-17.86474
196.003146886826	-19.50808
196.018766880035	-20.95764
196.034396886826	-21.8121
196.050016880035	-21.62475
196.065646886826	-20.10809
196.081266880035	-17.28365
196.096896886826	-13.50904
196.112526893616	-9.298977
196.128146886826	-5.171463
196.143776893616	-1.436104
196.159396886826	1.832409
196.175026893616	4.715248
196.190656900406	7.33733
196.206276893616	9.743778
196.221906900406	11.85137
196.237526893616	13.50613
196.253156900406	14.56903
196.268776893616	14.96591
196.284406900406	14.77108
196.300036907196	14.15557
196.315656900406	13.36213
196.331286907196	12.62453
196.346906900406	12.07874
196.362536907196	11.73697
196.378156900406	11.52087
196.393786907196	11.3291
196.409416913986	11.07218
196.425036907196	10.72654
196.440666913986	10.29399
196.456286907196	9.771759
196.471916913986	9.169693
196.487536907196	8.448811
196.503166913986	7.571846
196.518796920776	6.53841
196.534416913986	5.363907
196.550046920776	4.062534
196.565666913986	2.685078
196.581296920776	1.302658
196.596916913986	-0.03064728
196.612546920776	-1.226364
196.628176927567	-2.245716
196.643796920776	-3.091618
196.659426927567	-3.831627
196.675046920776	-4.559578
196.690676927567	-5.414749
196.706296920776	-6.499516
196.721926927567	-7.850193
196.737556934357	-9.461147
196.753176927567	-11.22091
196.768806934357	-13.00572
196.784426927567	-14.69512
196.800056934357	-16.2508
196.815676927567	-17.69051
196.831306934357	-19.12842
196.846936941147	-20.6687
196.862556934357	-22.33935
196.878186941147	-24.03624
196.893806934357	-25.47474
196.909436941147	-26.25571
196.925056934357	-25.99284
196.940686941147	-24.43977
196.956316947937	-21.59061
196.971936941147	-17.69028
196.987566947937	-13.14464
197.003186941147	-8.405159
197.018816947937	-3.865963
197.034436941147	0.2669373
197.050066947937	3.944126
197.065696954727	7.182663
197.081316947937	10.02484
197.096946954727	12.43617
197.112566947937	14.35673
197.128196954727	15.72274
197.143816947937	16.55075
197.159446954727	16.9117
197.175076961517	16.98154
197.190696954727	16.93956
197.206326961517	16.8837
197.221946954727	16.84251
197.237576961517	16.71994
197.253196954727	16.41501
197.268826961517	15.85901
197.284456968307	15.08974
197.300076961517	14.17704
197.315706968307	13.23639
197.331326961517	12.3264
197.346956968307	11.39653
197.362576961517	10.35199
197.378206968307	9.070869
197.393836975098	7.513168
197.409456968307	5.757011
197.425086975098	3.959621
197.440706968307	2.27269
197.456336975098	0.8165703
197.471956968307	-0.4276962
197.487586975098	-1.57806
197.503216981888	-2.770733
197.518836975098	-4.148758
197.534466981888	-5.793468
197.550086975098	-7.687136
197.565716981888	-9.779896
197.581336975098	-11.93358
197.596966981888	-13.97873
197.612596988678	-15.75899
197.628216981888	-17.19656
197.643846988678	-18.29153
197.659466981888	-19.17406
197.675096988678	-20.07793
197.690716981888	-21.2332
197.706346988678	-22.84661
197.721976995468	-24.94533
197.737596988678	-27.33391
197.753226995468	-29.60407
197.768846988678	-31.15989
197.784476995468	-31.4038
197.800096988678	-29.96819
197.815726995468	-26.81512
197.831357002258	-22.24996
197.846976995468	-16.84391
197.862607002258	-11.17509
197.878226995468	-5.662012
197.893857002258	-0.5205297
197.909476995468	4.238718
197.925107002258	8.646672
197.940737009048	12.68616
197.956357002258	16.25063
197.971987009048	19.21719
197.987607002258	21.47288
198.003237009048	22.97932
198.018857002258	23.78296
198.034487009048	23.97412
198.050117015839	23.70253
198.065737009048	23.11891
198.081367015839	22.37159
198.096987009048	21.56213
198.112617015839	20.76866
198.128237009048	20.02075
198.143867015839	19.33223
198.159497022629	18.74672
198.175117015839	18.29259
198.190747022629	18.04128
198.206367015839	18.01698
198.221997022629	18.18574
198.237617015839	18.43631
198.253247022629	18.58722
198.268877029419	18.44242
198.284497022629	17.87107
198.300127029419	16.85358
198.315747022629	15.48119
198.331377029419	13.95185
198.346997022629	12.44769
198.362627029419	11.09674
198.378257036209	9.87451
198.393877029419	8.614453
198.409507036209	7.093043
198.425127029419	5.135805
198.440757036209	2.724358
198.456387042999	-0.01481342
198.472007036209	-2.819748
198.487637042999	-5.471936
198.503257036209	-7.859064
198.518887042999	-10.05373
198.534507036209	-12.21612
198.550137042999	-14.51601
198.565767049789	-17.04784
198.581387042999	-19.79213
198.597017049789	-22.67147
198.612637042999	-25.55402
198.628267049789	-28.23735
198.643887042999	-30.4227
198.659517049789	-31.67348
198.67514705658	-31.52996
198.690767049789	-29.63766
198.70639705658	-25.95818
198.722017049789	-20.80857
198.73764705658	-14.78794
198.753267049789	-8.562433
198.76889705658	-2.63257
198.784526824951	2.726066
198.80014705658	7.459579
198.815776824951	11.55079
198.83139705658	14.96197
198.847026824951	17.52931
198.86264705658	19.15061
198.878276824951	19.81093
198.893906831741	19.68357
198.909526824951	19.05059
198.925156831741	18.20024
198.940776824951	17.33687
198.956406831741	16.53673
198.972026824951	15.81193
198.987656831741	15.10789
199.003286838531	14.42007
199.018906831741	13.70899
199.034536838531	12.93749
199.050156831741	12.08266
199.065786838531	11.14842
199.081406831741	10.16825
199.097036838531	9.221611
199.112666845322	8.371065
199.128286838531	7.626104
199.143916845322	6.95109
199.159536838531	6.275743
199.175166845322	5.498119
199.190786838531	4.612946
199.206416845322	3.693684
199.222046852112	2.849091
199.237666845322	2.154509
199.253296852112	1.546703
199.268916845322	0.8401203
199.284546852112	-0.2036667
199.300166845322	-1.728586
199.315796852112	-3.744976
199.331426858902	-6.025074
199.347046852112	-8.274054
199.362676858902	-10.20389
199.378296852112	-11.66912
199.393926858902	-12.70341
199.409546852112	-13.4948
199.425176858902	-14.2446
199.440806865692	-15.11249
199.456426858902	-16.21525
199.472056865692	-17.59689
199.487676858902	-19.25944
199.503306865692	-21.12523
199.518926858902	-22.96038
199.534556865692	-24.35119
199.550186872482	-24.77937
199.565806865692	-23.7569
199.581436872482	-21.01603
199.597056865692	-16.6471
199.612686872482	-11.07345
199.628306865692	-4.948666
199.643936872482	1.048542
199.659566879272	6.435549
199.675186872482	11.00292
199.690816879272	14.77979
199.706436872482	17.9358
199.722066879272	20.60373
199.737686872482	22.81485
199.753316879272	24.46562
199.768946886063	25.37763
199.784566879272	25.4258
199.800196886063	24.64577
199.815816879272	23.23071
199.831446886063	21.49468
199.847066879272	19.75067
199.862696886063	18.19998
199.878326892853	16.87209
199.893946886063	15.66087
199.909576892853	14.42206
199.925196886063	13.0722
199.940826892853	11.66464
199.956446886063	10.29439
199.972076892853	9.027803
199.987706899643	7.845716
200.003326892853	6.643761
200.018956899643	5.297095
200.034576892853	3.722275
200.050206899643	1.959853
200.065826892853	0.1442919
200.081456899643	-1.523646
200.097086906433	-2.894101
200.112706899643	-3.878322
200.128336906433	-4.549117
200.143956899643	-5.064942
200.159586906433	-5.664914
200.175206899643	-6.585439
200.190836906433	-7.962665
200.206466913223	-9.800255
200.222086906433	-11.93017
200.237716913223	-14.08887
200.253336906433	-16.01004
200.268966913223	-17.57372
200.284586906433	-18.80835
200.300216913223	-19.85038
200.315846920013	-20.88396
200.331466913223	-22.051
200.347096920013	-23.46294
200.362716913223	-25.16001
200.378346920013	-27.15048
200.393966913223	-29.30805
200.409596920013	-31.32229
200.425226926804	-32.69392
200.440846920013	-32.79047
200.456476926804	-31.05906
200.472096920013	-27.2872
200.487726926804	-21.6968
200.503346920013	-14.92345
200.518976926804	-7.809846
200.534606933594	-1.129951
200.550226926804	4.646374
200.565856933594	9.381407
200.581476926804	13.21436
200.597106933594	16.37161
200.612726926804	19.05272
200.628356933594	21.32458
200.643986940384	23.14216
200.659606933594	24.40853
200.675236940384	25.00473
200.690856933594	24.89462
200.706486940384	24.10615
200.722116947174	22.75079
200.737736940384	20.99261
200.753366947174	19.07269
200.768986940384	17.19937
200.784616947174	15.54842
200.800236940384	14.22224
200.815866947174	13.21004
200.831496953964	12.44068
200.847116947174	11.76615
200.862746953964	11.05852
200.878366947174	10.2161
200.893996953964	9.212814
200.909616947174	8.065294
200.925246953964	6.804356
200.940876960754	5.492561
200.956496953964	4.172606
200.972126960754	2.878546
200.987746953964	1.608305
201.003376960754	0.3550282
201.018996953964	-0.907177
201.034626960754	-2.228735
201.050256967545	-3.671972
201.065876960754	-5.275591
201.081506967545	-7.039322
201.097126960754	-8.873388
201.112756967545	-10.60745
201.128376960754	-12.0802
201.144006967545	-13.17313
201.159636974335	-13.91544
201.175256967545	-14.51249
201.190886974335	-15.30692
201.206506967545	-16.60812
201.222136974335	-18.54906
201.237756967545	-21.00766
201.253386974335	-23.53088
201.269016981125	-25.52375
201.284636974335	-26.38817
201.300266981125	-25.69301
201.315886974335	-23.29829
201.331516981125	-19.35649
201.347136974335	-14.22842
201.362766981125	-8.400522
201.378396987915	-2.386255
201.394016981125	3.367121
201.409646987915	8.554247
201.425266981125	12.99064
201.440896987915	16.65982
201.456516981125	19.61954
201.487776994705	23.67007
201.503396987915	24.8079
201.519026994705	25.30067
201.534646987915	25.13187
201.550276994705	24.37554
201.565896987915	23.21977
201.581526994705	21.91072
201.597157001495	20.64743
201.612776994705	19.50345
201.628407001495	18.40438
201.644026994705	17.17966
201.659657001495	15.70912
201.675276994705	14.0192
201.690907001495	12.28805
201.706537008286	10.76681
201.722157001495	9.6262
201.737787008286	8.816303
201.753407001495	8.119333
201.769037008286	7.260006
201.784657001495	6.04027
201.800287008286	4.480282
201.815917015076	2.782495
201.831537008286	1.20437
201.847167015076	-0.09991264
201.862787008286	-1.135029
201.878417015076	-2.042227
201.894037008286	-3.055092
201.909667015076	-4.339851
201.925297021866	-5.989464
201.940917015076	-7.953512
201.956547021866	-10.07863
201.972167015076	-12.17042
201.987797021866	-14.06325
202.003417015076	-15.6483
202.019047021866	-16.91459
202.034677028656	-17.9585
202.050297021866	-18.94918
202.065927028656	-20.0806
202.081547021866	-21.49281
202.097177028656	-23.25849
202.112797021866	-25.3129
202.128427028656	-27.43777
202.144057035446	-29.26778
202.159677028656	-30.32499
202.175307035446	-30.14174
202.190927028656	-28.38239
202.206557035446	-24.99278
202.222177028656	-20.22461
202.237807035446	-14.58127
202.253437042236	-8.663122
202.269057035446	-2.992424
202.284687042236	2.126411
202.300307035446	6.583885
202.315937042236	10.41684
202.331557035446	13.6992
202.347187042236	16.44739
202.362817049026	18.63563
202.378437042236	20.22569
202.394067049026	21.18543
202.409687042236	21.51542
202.425317049026	21.27849
202.440937042236	20.55795
202.456567049026	19.47062
202.472197055817	18.15624
202.487817049026	16.74316
202.503447055817	15.32803
202.519067049026	13.96358
202.534697055817	12.63097
202.550317049026	11.30693
202.565947055817	9.995344
202.581576824188	8.738249
202.597197055817	7.55372
202.612826824188	6.411219
202.628447055817	5.194021
202.644076824188	3.748884
202.659697055817	1.981176
202.675326824188	-0.06331825
202.690956830978	-2.16506
202.706576824188	-4.027151
202.722206830978	-5.400127
202.737826824188	-6.211256
202.753456830978	-6.561352
202.769076824188	-6.735506
202.784706830978	-7.018614
202.800336837769	-7.65382
202.815956830978	-8.733583
202.831586837769	-10.22167
202.847206830978	-11.99303
202.862836837769	-13.8784
202.878456830978	-15.71727
202.894086837769	-17.33647
202.909716844559	-18.62759
202.925336837769	-19.55677
202.940966844559	-20.17729
202.956586837769	-20.6615
202.972216844559	-21.21518
202.987836837769	-22.04609
203.003466844559	-23.21785
203.019096851349	-24.6032
203.034716844559	-25.86892
203.050346851349	-26.51846
203.065966844559	-26.02338
203.081596851349	-23.99896
203.097216844559	-20.34204
203.112846851349	-15.30165
203.128476858139	-9.406258
203.144096851349	-3.32058
203.159726858139	2.377533
203.175346851349	7.357937
203.190976858139	11.56604
203.206596851349	15.18136
203.222226858139	18.44669
203.237856864929	21.521
203.253476858139	24.36105
203.269106864929	26.79584
203.284726858139	28.60102
203.300356864929	29.61186
203.315986871719	29.83166
203.331606864929	29.40994
203.347236871719	28.61324
203.362856864929	27.74421
203.378486871719	27.0286
203.394106864929	26.54295
203.409736871719	26.2471
203.42536687851	25.98949
203.440986871719	25.59736
203.45661687851	24.9698
203.472236871719	24.06264
203.48786687851	22.91027
203.503486871719	21.58722
203.51911687851	20.14717
203.5347468853	18.58275
203.55036687851	16.86882
203.5659968853	14.99913
203.58161687851	13.03484
203.5972468853	11.0987
203.61286687851	9.301685
203.6284968853	7.707615
203.64412689209	6.218086
203.6597468853	4.633701
203.67537689209	2.756271
203.6909968853	0.4695892
203.70662689209	-2.197021
203.7222468853	-5.062649
203.73787689209	-7.87471
203.75350689888	-10.4206
203.76912689209	-12.57345
203.78475689888	-14.30589
203.80037689209	-15.68216
203.81600689888	-16.79127
203.83162689209	-17.75392
203.84725689888	-18.75694
203.86288690567	-20.03407
203.87850689888	-21.7633
203.89413690567	-24.02258
203.90975689888	-26.68971
203.92538690567	-29.39434
203.94100689888	-31.63134
203.95663690567	-32.8479
203.97226691246	-32.61636
203.98788690567	-30.74559
204.00351691246	-27.32182
204.01913690567	-22.62773
204.03476691246	-17.07796
204.05038690567	-11.12261
204.06601691246	-5.160381
204.08164691925	0.463932
204.09726691246	5.500629
204.11289691925	9.760838
204.12851691246	13.15728
204.14414691925	15.6675
204.15976691246	17.33994
204.17539691925	18.272
204.191026926041	18.62272
204.20664691925	18.56451
204.222276926041	18.2692
204.23789691925	17.86999
204.253526926041	17.43131
204.26914691925	16.9438
204.284776926041	16.34164
204.300406932831	15.54472
204.316026926041	14.51097
204.331656932831	13.30707
204.347276926041	12.08954
204.362906932831	11.0109
204.378526926041	10.1558
204.394156932831	9.483639
204.409786939621	8.841778
204.425406932831	8.073879
204.441036939621	7.096104
204.456656932831	5.951874
204.472286939621	4.785229
204.487906932831	3.769596
204.503536939621	2.971153
204.519166946411	2.342093
204.534786939621	1.741768
204.550416946411	0.9936256
204.566036939621	-0.00658989
204.581666946411	-1.273624
204.597286939621	-2.765907
204.612916946411	-4.423601
204.628546953201	-6.21472
204.644166946411	-8.137058
204.659796953201	-10.12687
204.675416946411	-12.0807
204.691046953201	-13.87906
204.706666946411	-15.4631
204.722296953201	-16.91091
204.737926959991	-18.42578
204.753546953201	-20.22811
204.769176959991	-22.39056
204.784796953201	-24.72754
204.800426959991	-26.7279
204.816046953201	-27.73916
204.831676959991	-27.18217
204.847306966782	-24.77878
204.862926959991	-20.67019
204.878556966782	-15.34119
204.894176959991	-9.440725
204.909806966782	-3.553061
204.925426959991	1.901741
204.941056966782	6.739258
204.956686973572	10.91876
204.972306966782	14.49128
204.987936973572	17.47552
205.003556966782	19.79189
205.019186973572	21.32918
205.034806966782	21.98845
205.050436973572	21.76702
205.066066980362	20.83044
205.081686973572	19.46732
205.097316980362	17.98157
205.112936973572	16.63243
205.128566980362	15.5096
205.144186973572	14.52308
205.159816980362	13.50746
205.175446987152	12.34281
205.191066980362	11.02216
205.206696987152	9.67276
205.222316980362	8.459536
205.237946987152	7.503218
205.253566980362	6.802374
205.269196987152	6.288656
205.284826993942	5.842655
205.300446987152	5.368905
205.316076993942	4.79869
205.331696987152	4.115048
205.347326993942	3.330775
205.362946987152	2.47438
205.378576993942	1.573816
205.394207000732	0.6251745
205.409826993942	-0.3714676
205.425457000732	-1.487135
205.441076993942	-2.793708
205.456707000732	-4.373093
205.472337007523	-6.178914
205.487957000732	-8.084676
205.503587007523	-9.896735
205.519207000732	-11.4297
205.534837007523	-12.60097
205.550457000732	-13.46225
205.566087007523	-14.14341
205.581717014313	-14.80267
205.597337007523	-15.61503
205.612967014313	-16.67424
205.628587007523	-18.00978
205.644217014313	-19.566
205.659837007523	-21.18428
205.675467014313	-22.54848
205.691097021103	-23.28888
205.706717014313	-23.01016
205.722347021103	-21.44187
205.737967014313	-18.51701
205.753597021103	-14.43109
205.769217014313	-9.589727
205.784847021103	-4.512449
205.800477027893	0.3305845
205.816097021103	4.569585
205.831727027893	8.013739
205.847347021103	10.66858
205.862977027893	12.66428
205.878597021103	14.18801
205.894227027893	15.37851
205.909857034683	16.30014
205.925477027893	16.94223
205.941107034683	17.28968
205.956727027893	17.33571
205.972357034683	17.15098
205.987977027893	16.83239
206.003607034683	16.43773
206.019237041473	15.93421
206.034857034683	15.22584
206.050487041473	14.19155
206.066107034683	12.83107
206.081737041473	11.27226
206.097357034683	9.747426
206.112987041473	8.478123
206.128617048264	7.566556
206.144237041473	6.951497
206.159867048264	6.407456
206.175487041473	5.728694
206.191117048264	4.801586
206.206737041473	3.700806
206.222367048264	2.582966
206.237997055054	1.633275
206.253617048264	0.9217144
206.269247055054	0.3957896
206.284867048264	-0.09122634
206.300497055054	-0.7242994
206.316117048264	-1.603487
206.331747055054	-2.788807
206.347376823425	-4.24476
206.362997055054	-5.912926
206.378626823425	-7.709174
206.394247055054	-9.552921
206.409876823425	-11.33355
206.425497055054	-12.91164
206.441126823425	-14.1769
206.456756830215	-15.07127
206.472376823425	-15.65688
206.488006830215	-16.08808
206.503626823425	-16.55787
206.519256830215	-17.23188
206.534876823425	-18.14572
206.550506830215	-19.15463
206.566136837006	-19.92155
206.581756830215	-20.03288
206.597386837006	-19.15348
206.613006830215	-17.13482
206.628636837006	-14.09995
206.644256830215	-10.35875
206.659886837006	-6.310538
206.675516843796	-2.317691
206.691136837006	1.378105
206.706766843796	4.69015
206.722386837006	7.613451
206.738016843796	10.1754
206.753636837006	12.36019
206.769266843796	14.1027
206.784896850586	15.34703
206.800516843796	16.06897
206.816146850586	16.30634
206.831766843796	16.1224
206.847396850586	15.61524
206.863016843796	14.86126
206.878646850586	13.9152
206.894276857376	12.81471
206.909896850586	11.59883
206.925526857376	10.33178
206.941146850586	9.113899
206.956776857376	8.030794
206.972396850586	7.127893
206.988026857376	6.395612
207.003656864166	5.781713
207.019276857376	5.203844
207.034906864166	4.573073
207.050526857376	3.824591
207.066156864166	2.912177
207.081776857376	1.866016
207.097406864166	0.7495394
207.113036870956	-0.285841
207.128656864166	-1.075032
207.144286870956	-1.508031
207.159906864166	-1.570198
207.175536870956	-1.398294
207.191156864166	-1.236462
207.206786870956	-1.357641
207.222416877747	-1.910778
207.238036870956	-2.90509
207.253666877747	-4.168127
207.269286870956	-5.467508
207.284916877747	-6.614746
207.300536870956	-7.516823
207.316166877747	-8.224297
207.331796884537	-8.898174
207.347416877747	-9.790802
207.363046884537	-11.10558
207.378666877747	-12.99039
207.394296884537	-15.38679
207.409916877747	-18.03
207.425546884537	-20.4389
207.441176891327	-22.0146
207.456796884537	-22.22606
207.472426891327	-20.78712
207.488046884537	-17.77858
207.503676891327	-13.59121
207.519296884537	-8.842798
207.534926891327	-4.104448
207.550556898117	0.1911716
207.566176891327	3.831127
207.581806898117	6.803988
207.597426891327	9.162672
207.613056898117	10.96903
207.628676891327	12.23109
207.644306898117	12.96901
207.659936904907	13.16727
207.675556898117	12.91326
207.691186904907	12.39733
207.706806898117	11.81878
207.722436904907	11.41032
207.738056898117	11.28179
207.753686904907	11.44157
207.769316911697	11.76603
207.784936904907	12.07725
207.800566911697	12.18299
207.816186904907	11.94658
207.831816911697	11.36522
207.847436904907	10.47255
207.863066911697	9.376892
207.878696918488	8.145897
207.894316911697	6.830759
207.909946918488	5.438454
207.925566911697	3.965336
207.941196918488	2.433754
207.956816911697	0.8827457
207.972446918488	-0.5967579
207.988076925278	-1.950176
208.003696918488	-3.106327
208.019326925278	-4.093733
208.034946918488	-4.989775
208.050576925278	-5.905878
208.066196918488	-6.915625
208.081826925278	-8.027987
208.097456932068	-9.165836
208.113076925278	-10.21066
208.128706932068	-11.09198
208.144326925278	-11.76355
208.159956932068	-12.33199
208.175586938858	-12.97169
208.191206932068	-13.87224
208.206836938858	-15.17478
208.222456932068	-16.90684
208.238086938858	-18.88621
208.253706932068	-20.71627
208.269336938858	-21.8838
208.284966945648	-21.84199
208.300586938858	-20.26242
208.316216945648	-17.16746
208.331836938858	-12.91664
208.347466945648	-8.108568
208.363086938858	-3.365885
208.378716945648	0.9070568
208.394346952438	4.582979
208.409966945648	7.776894
208.425596952438	10.66418
208.441216945648	13.33907
208.456846952438	15.74321
208.472466945648	17.72891
208.488096952438	19.10819
208.503726959229	19.77548
208.519346952438	19.77436
208.534976959229	19.26687
208.550596952438	18.45482
208.566226959229	17.50472
208.581846952438	16.48332
208.597476959229	15.40137
208.613106966019	14.22122
208.628726959229	12.94731
208.644356966019	11.64433
208.659976959229	10.40181
208.675606966019	9.292364
208.691226959229	8.318283
208.706856966019	7.381042
208.722486972809	6.329025
208.738106966019	5.042192
208.753736972809	3.505215
208.769356966019	1.781685
208.784986972809	0.01304245
208.800606966019	-1.661572
208.816236972809	-3.180347
208.831866979599	-4.513037
208.847486972809	-5.709335
208.863116979599	-6.863199
208.878736972809	-8.076542
208.894366979599	-9.445902
208.909986972809	-11.00199
208.925616979599	-12.71613
208.941246986389	-14.49745
208.956866979599	-16.27235
208.972496986389	-17.9777
208.988116979599	-19.63358
209.003746986389	-21.3607
209.019366979599	-23.31566
209.034996986389	-25.65248
209.050626993179	-28.41171
209.066246986389	-31.46501
209.081876993179	-34.50856
209.097496986389	-37.10549
209.113126993179	-38.737
209.128746986389	-38.95056
209.144376993179	-37.49338
209.160006999969	-34.40005
209.175626993179	-30.02917
209.191256999969	-24.87931
209.206876993179	-19.49206
209.222506999969	-14.25315
209.238126993179	-9.326223
209.253756999969	-4.653418
209.26938700676	-0.08189392
209.285006999969	4.469618
209.30063700676	8.923392
209.316256999969	12.98166
209.33188700676	16.28611
209.347506999969	18.50854
209.36313700676	19.50708
209.37876701355	19.40031
209.39438700676	18.50167
209.41001701355	17.20896
209.42563700676	15.86091
209.44126701355	14.64207
209.45688700676	13.57811
209.47251701355	12.63292
209.48814702034	11.78974
209.50376701355	11.08129
209.51939702034	10.54676
209.53501701355	10.158
209.55064702034	9.775149
209.56626701355	9.195812
209.58189702034	8.274551
209.59752702713	6.955209
209.61314702034	5.372726
209.62877702713	3.722836
209.64439702034	2.195753
209.66002702713	0.8428249
209.67564702034	-0.4001179
209.69127702713	-1.677559
209.70690703392	-3.133963
209.72252702713	-4.812996
209.73815703392	-6.670618
209.75377702713	-8.524813
209.76940703392	-10.19114
209.78502702713	-11.47524
209.80065703392	-12.29393
209.81628704071	-12.71218
209.83190703392	-12.91836
209.84753704071	-13.23308
209.86315703392	-14.00954
209.87878704071	-15.50512
209.89440703392	-17.77361
209.91003704071	-20.64211
209.925667047501	-23.6534
209.94128704071	-26.19459
209.956917047501	-27.59507
209.97253704071	-27.3096
209.988167047501	-25.06294
210.00378704071	-20.9279
210.019417047501	-15.3157
210.035047054291	-8.853279
210.050667047501	-2.193336
210.066297054291	4.151028
210.081917047501	9.895088
210.097547054291	14.93739
210.113167047501	19.31435
210.128797054291	23.04741
210.144426822662	26.09764
210.160047054291	28.35786
210.175676822662	29.7388
210.191297054291	30.21554
210.206926822662	29.89091
210.222547054291	28.98576
210.238176822662	27.75816
210.253806829453	26.44879
210.269426822662	25.22392
210.285056829453	24.13306
210.300676822662	23.13908
210.316306829453	22.17553
210.331936836243	21.18268
210.347556829453	20.12978
210.363186836243	19.02499
210.378806829453	17.86304
210.394436836243	16.63293
210.410056829453	15.27042
210.425686836243	13.74709
210.441316843033	12.0294
210.456936836243	10.16016
210.472566843033	8.224762
210.488186836243	6.364113
210.503816843033	4.716461
210.519436836243	3.342407
210.535066843033	2.208588
210.550696849823	1.131355
210.566316843033	-0.1243973
210.581946849823	-1.760742
210.597566843033	-3.86132
210.613196849823	-6.349724
210.628816843033	-8.996986
210.644446849823	-11.52446
210.660076856613	-13.74977
210.675696849823	-15.66409
210.691326856613	-17.46918
210.706946849823	-19.48594
210.722576856613	-21.99237
210.738196849823	-25.02672
210.753826856613	-28.33678
210.769456863403	-31.35104
210.785076856613	-33.34222
210.800706863403	-33.62967
210.816326856613	-31.77449
210.831956863403	-27.716
210.847576856613	-21.78505
210.863206863403	-14.59987
210.878836870193	-6.904533
210.894456863403	0.6530304
210.910086870193	7.559013
210.925706863403	13.55094
210.941336870193	18.53271
210.956956863403	22.52901
210.972586870193	25.60699
210.988216876984	27.79863
211.003836870193	29.13704
211.019466876984	29.6411
211.035086870193	29.42141
211.050716876984	28.60536
211.066336870193	27.36534
211.081966876984	25.88605
211.097596883774	24.29711
211.113216876984	22.67742
211.128846883774	21.04316
211.144466876984	19.42546
211.160096883774	17.84163
211.175716876984	16.37002
211.191346883774	15.1159
211.206976890564	14.14621
211.222596883774	13.49135
211.238226890564	13.06902
211.253846883774	12.7264
211.269476890564	12.25567
211.285096883774	11.52242
211.300726890564	10.49718
211.316356897354	9.312294
211.331976890564	8.176071
211.347606897354	7.274506
211.363226890564	6.688499
211.378856897354	6.305405
211.394476890564	5.933151
211.410106897354	5.32962
211.425736904144	4.337624
211.441356897354	2.956284
