onset	BVP
1.62818098068237	47.0777
1.64380097389221	44.16861
1.65943098068237	41.46437
1.67505097389221	39.02303
1.69068098068237	36.6523
1.70630097389221	34.0024
1.72193098068237	30.70703
1.73756098747253	26.5452
1.75318098068237	21.51843
1.76881098747253	15.80529
1.78443098068237	9.812103
1.80006098747253	4.014236
1.81568098068237	-1.130745
1.83131098747253	-5.326775
1.8469409942627	-8.55986
1.86256098747253	-11.11863
1.8781909942627	-13.63663
1.89381098747253	-16.9158
1.9094409942627	-21.85337
1.92507100105286	-29.16665
1.9406909942627	-39.18269
1.95632100105286	-51.6337
1.9719409942627	-65.57305
1.98757100105286	-79.40491
2.0031909942627	-91.21629
2.01882100105286	-99.19831
2.03445100784302	-102.1266
2.05007100105286	-99.6535
2.06570100784302	-92.35118
2.08132100105286	-81.49538
2.09695100784302	-68.63841
2.11257100105286	-55.19845
2.12820100784302	-42.18791
2.14383101463318	-30.13363
2.15945100784302	-19.19038
2.17508101463318	-9.269379
2.19070100784302	-0.2389107
2.20633101463318	8.000584
2.22195100784302	15.4315
2.23758101463318	21.98251
2.25321102142334	27.60494
2.26883101463318	32.28941
2.28446102142334	36.11076
2.30008101463318	39.17837
2.31571102142334	41.56767
2.33133101463318	43.29504
2.34696102142334	44.37311
2.3625910282135	44.89145
2.37821102142334	45.06795
2.3938410282135	45.21833
2.40946102142334	45.60338
2.4250910282135	46.27388
2.44071102142334	47.00551
2.4563410282135	47.33496
2.47197103500366	46.75449
2.4875910282135	44.88383
2.50322103500366	41.62542
2.5188410282135	37.11249
2.53447103500366	31.61316
2.5500910282135	25.39726
2.56572103500366	18.6786
2.58135104179382	11.59496
2.59697103500366	4.292681
2.61260104179382	-3.084257
2.62822103500366	-10.38264
2.64385104179382	-17.51655
2.65947103500366	-24.49806
2.67510104179382	-31.49726
2.70635104179382	-46.5677
2.72198104858398	-54.97245
2.73760104179382	-63.69198
2.75323104858398	-71.95753
2.76885104179382	-78.57416
2.78448104858398	-82.16788
2.80011105537415	-81.61324
2.81573104858398	-76.41161
2.83136105537415	-66.94426
2.84698104858398	-54.36817
2.86261105537415	-40.22347
2.87823104858398	-25.95685
2.89386105537415	-12.54861
2.90949106216431	-0.3821945
2.92511105537415	10.5421
2.94074106216431	20.34691
2.95636105537415	28.98551
2.97199106216431	36.25213
2.98761105537415	41.83564
3.00324106216431	45.59666
3.01887106895447	47.60511
3.03449106216431	48.18778
3.05012106895447	47.76896
3.06574106216431	46.72739
3.08137106895447	45.32972
3.09699106216431	43.72044
3.11262106895447	42.01257
3.12825107574463	40.31687
3.14387106895447	38.7497
3.15950107574463	37.3457
3.17512106895447	35.96934
3.19075107574463	34.34532
3.20637106895447	32.10536
3.22200107574463	28.97102
3.23763108253479	24.87958
3.25325107574463	20.01063
3.26888108253479	14.72511
3.28450107574463	9.4347
3.30013108253479	4.431915
3.31575107574463	-0.1581497
3.33138108253479	-4.408737
3.34701108932495	-8.490265
3.36263108253479	-12.58107
3.37826108932495	-16.74652
3.39388108253479	-20.95471
3.40951108932495	-25.11264
3.42513108253479	-29.16548
3.44076108932495	-33.17339
3.45639109611511	-37.35045
3.47201108932495	-41.99353
3.48764109611511	-47.39618
3.50326108932495	-53.65216
3.51889109611511	-60.53468
3.53451108932495	-67.45744
3.55014109611511	-73.49606
3.56577110290527	-77.58449
3.58139109611511	-78.76852
3.59702110290527	-76.4566
3.61264109611511	-70.57547
3.62827110290527	-61.59799
3.64389109611511	-50.44261
3.65952110290527	-38.20297
3.67515110969543	-25.91264
3.69077110290527	-14.261
3.70640110969543	-3.564224
3.72202110290527	6.167343
3.73765110969543	15.01208
3.75327110290527	22.91238
3.76890110969543	29.62816
3.78453087806702	34.82008
3.80015110969543	38.26064
3.81578087806702	40.00591
3.83140110969543	40.44284
3.84703087806702	40.1113
3.86265110969543	39.47789
3.87828087806702	38.79028
3.89391088485718	38.03439
3.90953087806702	37.09225
3.92516088485718	35.87633
3.94078087806702	34.44093
3.97203087806702	31.21487
3.98766088485718	29.30017
4.00329089164734	26.88193
4.01891088485718	23.73732
4.03454089164734	19.80579
4.05016088485718	15.25346
4.06579089164734	10.42731
4.08141088485718	5.688477
4.09704089164734	1.281113
4.1126708984375	-2.768295
4.12829089164734	-6.604294
4.1439208984375	-10.4738
4.15954089164734	-14.57037
4.1751708984375	-18.95982
4.19079089164734	-23.54561
4.2064208984375	-28.09195
4.22205090522766	-32.36391
4.2376708984375	-36.23094
4.25330090522766	-39.74925
4.2689208984375	-43.17653
4.28455090522766	-46.89793
4.3001708984375	-51.29852
4.31580090522766	-56.5773
4.33143091201782	-62.54594
4.34705090522766	-68.51288
4.36268091201782	-73.37743
4.37830090522766	-75.86768
4.39393091201782	-74.94788
4.40955090522766	-70.15714
4.42518091201782	-61.83594
4.44081091880798	-51.00645
4.45643091201782	-39.05548
4.47206091880798	-27.30939
4.48768091201782	-16.66168
4.50331091880798	-7.460052
4.51894092559814	0.4084167
4.53456091880798	7.26149
4.55019092559814	13.36737
4.56581091880798	18.80881
4.58144092559814	23.51553
4.59706091880798	27.40294
4.61269092559814	30.53522
4.62832093238831	33.15527
4.64394092559814	35.60632
4.65957093238831	38.1528
4.67519092559814	40.84741
4.69082093238831	43.44009
4.70644092559814	45.53909
4.72207093238831	46.73251
4.73770093917847	46.78249
4.75332093238831	45.7028
4.76895093917847	43.72144
4.78457093238831	41.14528
4.80020093917847	38.2514
4.81582093238831	35.18018
4.83145093917847	31.92619
4.84708094596863	28.3821
4.86270093917847	24.43141
4.87833094596863	20.00859
4.89395093917847	15.13835
4.90958094596863	9.890564
4.92520093917847	4.38118
4.94083094596863	-1.29715
4.95646095275879	-7.046616
4.97208094596863	-12.76923
4.98771095275879	-18.31351
5.00333094596863	-23.53265
5.03458094596863	-32.55354
5.05021095275879	-36.48071
5.06584095954895	-40.36502
5.08146095275879	-44.55174
5.09709095954895	-49.26086
5.11271095275879	-54.35278
5.12834095954895	-59.24413
5.14396095275879	-62.92026
5.15959095954895	-64.23409
5.17522096633911	-62.21866
5.19084095954895	-56.52296
5.20647096633911	-47.49724
5.22209095954895	-36.13078
5.23772096633911	-23.70142
5.25334095954895	-11.33456
5.26897096633911	0.2408752
5.28460097312927	10.71976
5.30022096633911	20.06076
5.31585097312927	28.24399
5.33147096633911	35.16319
5.34710097312927	40.63942
5.36272096633911	44.60339
5.37835097312927	47.18121
5.39398097991943	48.76003
5.40960097312927	49.79947
5.42523097991943	50.67131
5.44085097312927	51.49992
5.45648097991943	52.12914
5.47210097312927	52.23837
5.48773097991943	51.55101
5.50336098670959	49.98962
5.51898097991943	47.74355
5.53461098670959	45.20508
5.55023097991943	42.73207
5.56586098670959	40.46002
5.58148097991943	38.20862
5.59711098670959	35.53256
5.61274099349976	31.93196
5.62836098670959	27.13269
5.64399099349976	21.21762
5.65961098670959	14.63387
5.67524099349976	8.005341
5.69086098670959	1.881454
5.70649099349976	-3.532913
5.72212100028992	-8.44046
5.73774099349976	-13.37445
5.75337100028992	-18.96513
5.76899099349976	-25.64694
5.78462100028992	-33.51125
5.80024099349976	-42.28645
5.81587100028992	-51.49989
5.83150100708008	-60.79843
5.84712100028992	-70.08324
5.86275100708008	-79.46793
5.87837100028992	-89.02679
5.89400100708008	-98.44691
5.90962100028992	-106.8944
5.92525100708008	-113.1784
5.94088101387024	-116.1765
5.95650100708008	-115.1459
5.97213101387024	-109.6542
5.98775100708008	-99.27994
6.00338101387024	-83.43378
6.01900100708008	-61.67944
6.03463101387024	-34.51698
6.0502610206604	-4.057327
6.06588101387024	26.04915
6.0815110206604	51.7399
6.09713101387024	70.16963
6.1127610206604	80.92236
6.12838101387024	86.04784
6.1440110206604	88.75969
6.15964102745056	91.66919
6.1752610206604	95.58934
6.19089102745056	99.40335
6.2065110206604	100.9388
6.22214102745056	98.02707
6.2377610206604	89.13242
6.25339102745056	73.42142
6.26902103424072	50.68457
6.28464102745056	21.38925
6.30027103424072	-13.04005
6.31589102745056	-50.10509
6.33152103424072	-86.77531
6.34714102745056	-120.4105
6.36277103424072	-149.5538
6.37840104103088	-174.1828
6.39402103424072	-195.236
6.40965104103088	-213.7702
6.42527103424072	-230.2385
6.44090104103088	-244.2597
6.45652103424072	-254.7525
6.47215104103088	-260.1462
6.48778104782104	-258.5641
6.50340104103088	-248.1275
6.51903104782104	-227.514
6.53465104103088	-196.8068
6.55028104782104	-158.1908
6.56590104103088	-115.8308
6.58153104782104	-74.8201
6.59716105461121	-39.29856
6.61278104782104	-11.00634
6.62841105461121	11.25631
6.64403104782104	30.76686
6.65966105461121	51.20346
6.67528104782104	74.93954
6.69091105461121	102.0571
6.70654106140137	130.5261
6.72216105461121	157.3999
6.73779106140137	180.2934
6.75341105461121	198.4954
6.76904106140137	213.0947
6.78467106819153	226.1561
6.80029106140137	239.6801
6.81592106819153	254.6626
6.83154106140137	270.7475
6.84717106819153	286.2973
6.86279106140137	298.9182
6.87842106819153	306.3143
6.89405107498169	307.1702
6.90967106819153	301.8933
6.92530107498169	292.582
6.94092106819153	282.2087
6.95655107498169	273.1776
6.97217106819153	266.1001
6.98780107498169	259.4971
7.00343108177185	250.7096
7.01905107498169	237.6286
7.03468108177185	220.1149
7.05030107498169	200.2322
7.06593108177185	180.9378
7.08155107498169	164.0315
7.09718108177185	148.9363
7.11281108856201	133.0728
7.12843108177185	113.7987
7.14406108856201	90.25024
7.15968108177185	64.09612
7.17531108856201	38.50486
7.19093108177185	16.24121
7.20656108856201	-1.873379
7.22219109535217	-17.13381
7.23781108856201	-31.92101
7.25344109535217	-48.13962
7.26906108856201	-66.14976
7.28469109535217	-84.83665
7.30031108856201	-102.4018
7.31594109535217	-117.3871
7.33157110214233	-129.2356
7.34719109535217	-138.176
7.36282110214233	-144.6549
7.37844109535217	-148.8206
7.39407110214233	-150.3641
7.40969109535217	-148.7729
7.42532110214233	-143.755
7.4409511089325	-135.5775
7.45657110214233	-125.1112
7.4722011089325	-113.6279
7.48782110214233	-102.4078
7.5034511089325	-92.45032
7.51907110214233	-84.23282
7.5347011089325	-77.75345
7.55033087730408	-72.6709
7.5659511089325	-68.51288
7.58158087730408	-64.85403
7.5972011089325	-61.4245
7.61283087730408	-58.151
7.6284511089325	-55.15768
7.64408087730408	-52.78494
7.65971088409424	-51.4902
7.67533087730408	-51.71359
7.69096088409424	-53.65741
7.70658087730408	-57.09079
7.72221088409424	-61.41025
7.73783087730408	-65.79645
7.75346088409424	-69.53253
7.7690908908844	-72.26968
7.78471088409424	-74.14218
7.8003408908844	-75.60245
7.81596088409424	-77.11075
7.8315908908844	-78.7836
7.84721088409424	-80.25214
7.8628408908844	-80.73047
7.87847089767456	-79.32578
7.8940908908844	-75.50064
7.90972089767456	-69.41852
7.9253408908844	-62.19672
7.94097089767456	-55.77948
7.9565908908844	-52.56696
7.97222089767456	-54.74594
7.98785090446472	-63.44891
8.00347089767456	-78.17017
8.01910090446472	-96.50092
8.03472089767456	-114.4244
8.05035090446472	-127.0952
8.06597089767456	-130.1829
8.08160090446472	-121.2335
8.09723091125488	-100.7926
8.11285090446472	-72.47318
8.12848091125488	-41.92313
8.14410090446472	-14.99567
8.15973091125488	4.074707
8.17535090446472	13.75513
8.19098091125488	15.07468
8.20661091804504	10.5975
8.22223091125488	3.153534
8.23786091804504	-4.96875
8.25348091125488	-12.16214
8.26911091804504	-17.12854
8.28473091125488	-18.6022
8.30036091804504	-15.46445
8.31599092483521	-7.242828
8.33161091804504	5.429169
8.34724092483521	20.86838
8.36286091804504	36.94653
8.37849092483521	51.88022
8.39411091804504	64.73834
8.40974092483521	75.4231
8.42537093162537	84.28671
8.44099092483521	91.79965
8.45662093162537	98.46454
8.47224092483521	104.9714
8.48787093162537	112.354
8.50349092483521	121.7847
8.51912093162537	134.0326
8.53475093841553	148.8729
8.55037093162537	164.854
8.56600093841553	179.6805
8.58162093162537	191.0597
8.59725093841553	197.5732
8.61287093162537	199.1353
8.62850093841553	196.8262
8.64413094520569	192.2716
8.65975093841553	186.9665
8.67538094520569	181.8729
8.69100093841553	177.1655
8.70663094520569	172.1309
8.72225093841553	165.0944
8.73788094520569	153.5548
8.75351095199585	134.6092
8.76913094520569	105.929
8.78476095199585	66.92896
8.80038094520569	19.45657
8.81601095199585	-32.60477
8.83163094520569	-84.79987
8.84726095199585	-133.8414
8.86289095878601	-178.5837
8.87851095199585	-219.7885
8.89414095878601	-258.7726
8.90976095199585	-295.9897
8.92539095878601	-330.2976
8.94101095199585	-359.4425
8.95664095878601	-381.227
8.97227096557617	-394.7063
8.98789095878601	-400.651
9.00352096557617	-401.0529
9.01914095878601	-398.208
9.03477096557617	-393.7616
9.05039095878601	-388.0757
9.06602096557617	-380.3392
9.08165097236633	-368.8734
9.09727096557617	-351.8534
9.11290097236633	-327.9142
9.12852096557617	-296.5628
9.14415097236633	-258.142
9.15977096557617	-213.5134
9.17540097236633	-163.7693
9.19103097915649	-110.3191
9.20665097236633	-55.28821
9.22228097915649	-1.808563
9.23790097236633	46.50809
9.25353097915649	86.71291
9.26915097236633	117.6523
9.28478097915649	140.5508
9.30041098594666	158.2722
9.31603097915649	173.6685
9.33166098594666	187.9562
9.34728097915649	200.0609
9.36291098594666	207.3338
9.37854099273682	207.1013
9.39416098594666	198.1266
9.40979099273682	181.1736
9.42541098594666	158.5956
9.44104099273682	133.3763
9.45666098594666	108.2641
9.47229099273682	85.47477
9.48792099952698	66.63773
9.50354099273682	52.94861
9.51917099952698	45.2262
9.53479099273682	43.89452
9.55042099952698	49.18981
9.56604099273682	61.334
9.58167099952698	81.05044
9.59730100631714	109.3996
9.61292099952698	147.1141
9.62855100631714	193.248
9.64417099952698	243.8098
9.65980100631714	291.4443
9.67542099952698	326.7585
9.69105100631714	341.2849
9.7066810131073	330.6807
9.72230100631714	296.5859
9.7379310131073	246.1331
9.75355100631714	189.1612
9.7691810131073	134.5215
9.78480100631714	87.43407
9.8004310131073	49.04753
9.81606101989746	17.93732
9.8316810131073	-7.764122
9.84731101989746	-29.09499
9.8629310131073	-46.46114
9.87856101989746	-60.62017
9.8941810131073	-73.39622
9.90981101989746	-87.2268
9.92544102668762	-103.7825
9.94106101989746	-122.4636
9.95669102668762	-140.0523
9.97231101989746	-151.6258
9.98794102668762	-152.6334
10.0035610198975	-140.901
10.0191910266876	-117.7061
10.0348210334778	-87.34708
10.0504410266876	-55.72807
10.0660710334778	-28.43442
10.0816910266876	-9.186714
10.0973210334778	0.8661804
10.1129410266876	2.862694
10.1285710334778	-0.624588
10.1442010402679	-6.688614
10.1598210334778	-12.99072
10.1754510402679	-18.16645
10.1910710334778	-21.71151
10.2067010402679	-23.56988
10.2223210334778	-23.72736
10.2379510402679	-22.02642
10.2535810470581	-18.38287
10.2692010402679	-13.03306
10.2848310470581	-6.727951
10.3004510402679	-0.6276398
10.3160810470581	4.105759
10.3317010402679	6.71582
10.3473310470581	7.176544
10.3629610538483	6.096413
10.3785810470581	4.425827
10.3942110538483	2.960999
10.4098310470581	2.069962
10.4254610538483	1.559204
10.4410810470581	0.8807526
10.4567110538483	-0.542572
10.4723410606384	-2.990189
10.4879610538483	-6.309387
10.5035910606384	-9.868546
10.5192110538483	-12.76431
10.5348410606384	-14.00603
10.5504610538483	-12.81371
10.5660910606384	-8.840439
10.5817210674286	-2.334
10.5973410606384	5.877136
10.6129710674286	14.5863
10.6285910606384	22.57103
10.6442210674286	28.96947
10.6598410606384	33.50478
10.6754710674286	36.42877
10.6911010742188	38.24338
10.7067210674286	39.35364
10.7223510742188	39.86867
10.7379710674286	39.62453
10.7536010742188	38.46585
10.7692210674286	36.4686
10.7848510742188	34.11455
10.8004810810089	32.09814
10.8161010742188	30.98895
10.8317310810089	30.91161
10.8473510742188	31.4688
10.8629810810089	31.90053
10.8786010742188	31.4567
10.8942310810089	29.75728
10.9098610877991	26.89964
10.9254810810089	23.36853
10.9411110877991	19.73874
10.9567310810089	16.37074
10.9723610877991	13.28183
10.9879810810089	10.181
11.0036110877991	6.68631
11.0192410945892	2.513916
11.0348610877991	-2.411362
11.0504910945892	-8.002716
11.0661110877991	-14.05463
11.0817410945892	-20.25429
11.0973610877991	-26.08058
11.1129910945892	-30.74258
11.1286211013794	-33.23691
11.1442410945892	-32.59418
11.1598711013794	-28.27419
11.1754910945892	-20.45251
11.1911211013794	-10.0882
11.2067410945892	1.365311
11.2223711013794	12.47609
11.2380011081696	22.26083
11.2536211013794	30.36224
11.2692511081696	36.83197
11.2848711013794	41.76706
11.3005011081696	45.04353
11.3161211013794	46.2973
11.3317511081696	45.21944
11.3473808765411	41.91107
11.3630011081696	37.01973
11.3786308765411	31.55197
11.3942511081696	26.47308
11.4098808765411	22.22452
11.4255011081696	18.54457
11.4411308765411	14.63654
11.4567608833313	9.623566
11.4723808765411	2.983139
11.4880108833313	-5.17897
11.5036308765411	-14.22487
11.5192608833313	-23.30856
11.5348808765411	-31.77869
11.5505108833313	-39.34537
11.5661408901215	-46.1382
11.5817608833313	-52.4911
11.5973908901215	-58.75879
11.6130108833313	-65.24986
11.6286408901215	-72.15414
11.6442708969116	-79.55055
11.6598908901215	-87.34976
11.6755208969116	-95.10179
11.6911408901215	-101.9212
11.7067708969116	-106.5676
11.7223908901215	-107.7433
11.7380208969116	-104.5644
11.7536509037018	-96.93254
11.7692708969116	-85.57425
11.7849009037018	-71.84351
11.8005208969116	-57.22247
11.8161509037018	-42.89072
11.8317708969116	-29.52878
11.8474009037018	-17.38661
11.8630309104919	-6.475021
11.8786509037018	3.151947
11.8942809104919	11.30249
11.9099009037018	17.71384
11.9255309104919	22.20985
11.9411509037018	24.85405
11.9567809104919	26.03311
11.9724109172821	26.33209
11.9880309104919	26.3764
12.0036609172821	26.58212
12.0192809104919	26.97853
12.0349109172821	27.20996
12.0505309104919	26.72484
12.0661609172821	25.01962
12.0817909240723	21.94229
12.0974109172821	17.76865
12.1130409240723	13.05508
12.1286609172821	8.387573
12.1442909240723	4.112885
12.1599109172821	0.2010498
12.1755409240723	-3.701294
12.1911709308624	-8.034912
12.2067909240723	-13.17575
12.2224209308624	-19.31308
12.2380409240723	-26.41934
12.2536709308624	-34.28543
12.2692909240723	-42.42551
12.2849209308624	-50.05338
12.3005509376526	-56.07892
12.3161709308624	-59.25079
12.3318009376526	-58.49765
12.3474209308624	-53.30499
12.3630509376526	-43.94644
12.3786709308624	-31.47076
12.3943009376526	-17.42691
12.4099309444427	-3.398041
12.4255509376526	9.411316
12.4411809444427	20.35773
12.4568009376526	29.32343
12.4724309444427	36.44754
12.4880509376526	41.8811
12.5036809444427	45.68661
12.5193109512329	47.86557
12.5349309444427	48.48233
12.5505609512329	47.80811
12.5661809444427	46.31381
12.5818109512329	44.56094
12.5974309444427	43.03024
12.6130609512329	41.92349
12.6286909580231	41.07602
12.6443109512329	40.08447
12.6599409580231	38.45007
12.6755609512329	35.84241
12.6911909580231	32.2298
12.7068109512329	27.85049
12.7224409580231	23.12936
12.7380709648132	18.47308
12.7536909580231	14.13275
12.7693209648132	10.16309
12.7849409580231	6.486969
12.8005709648132	2.955566
12.8161909580231	-0.539856
12.8318209648132	-4.134583
12.8474509716034	-8.012512
12.8630709648132	-12.39233
12.8787009716034	-17.40387
12.8943209648132	-22.84964
12.9099509716034	-28.02628
12.9255709648132	-31.73572
12.9412009716034	-32.59265
12.9568309783936	-29.49799
12.9724509716034	-22.05994
12.9880809783936	-10.83847
13.0037009716034	2.87738
13.0193309783936	17.46887
13.0349509716034	31.52383
13.0505809783936	44.17181
13.0662109851837	55.11905
13.0818309783936	64.37527
13.0974609851837	72.01123
13.1130809783936	77.94757
13.1287109851837	82.00641
13.1443309783936	84.10889
13.1599609851837	84.45087
13.1755909919739	83.54218
13.1912109851837	82.11157
13.2068409919739	80.85669
13.2224609851837	80.21106
13.2380909919739	80.2489
13.2537109851837	80.71579
13.2693409919739	81.15179
13.284970998764	81.12952
13.3005909919739	80.33002
13.316220998764	78.6394
13.3318409919739	76.09894
13.347470998764	72.85754
13.3630909919739	69.08542
13.378720998764	64.95419
13.3943510055542	60.57681
13.409970998764	56.00494
13.4256010055542	51.22992
13.441220998764	46.15463
13.4568510055542	40.64529
13.472470998764	34.54288
13.4881010055542	27.76022
13.5037310123444	20.36194
13.5193510055542	12.68674
13.5349810123444	5.416321
13.5506010055542	-0.4436951
13.5662310123444	-3.769104
13.5818510055542	-3.627869
13.5974810123444	0.4290771
13.6131110191345	8.097961
13.6287310123444	18.38846
13.6443610191345	29.88416
13.6599810123444	41.17072
13.6756110191345	51.09735
13.6912310123444	58.92361
13.7068610191345	64.21017
13.7224910259247	66.65128
13.7381110191345	66.04504
13.7537410259247	62.40799
13.7693610191345	56.20676
13.7849910259247	48.42651
13.8006210327148	40.37009
13.8162410259247	33.25452
13.8318710327148	27.7905
13.8474910259247	24.00919
13.8631210327148	21.36203
13.8787410259247	19.2225
13.8943710327148	17.18335
13.910001039505	15.28369
13.9256210327148	13.83954
13.941251039505	13.16049
13.9568710327148	13.28456
13.972501039505	13.88725
13.9881210327148	14.4894
14.003751039505	14.6841
14.0193810462952	14.36342
14.035001039505	13.7334
14.0506310462952	13.26311
14.066251039505	13.4747
14.0818810462952	14.84689
14.097501039505	17.75063
14.1131310462952	22.36467
14.1287610530853	28.61719
14.1443810462952	36.12275
14.1600110530853	44.29061
14.1756310462952	52.50065
14.1912610530853	60.32335
14.2068810462952	67.605
14.2225110530853	74.35956
14.2381410598755	80.47285
14.2537610530853	85.27619
14.2693910598755	87.3935
14.2850110530853	84.79686
14.3006410598755	75.23119
14.3162610530853	56.86073
14.3318910598755	28.80378
14.3475210666656	-8.515075
14.3631410598755	-53.4065
14.3787710666656	-103.2655
14.3943910598755	-155.1411
14.4100210666656	-206.2824
14.4256410598755	-254.5674
14.4412710666656	-298.6993
14.4569010734558	-338.1313
14.4725210666656	-372.8412
14.4881510734558	-403.0106
14.5037710666656	-428.7177
14.5194010734558	-449.6827
14.5350210666656	-465.038
14.5506510734558	-473.243
14.566281080246	-472.2844
14.5819010734558	-460.144
14.597531080246	-435.5338
14.6131510734558	-398.5805
14.628781080246	-351.2314
14.6444010734558	-297.0797
14.660031080246	-240.7183
14.6756610870361	-186.7401
14.691281080246	-138.8391
14.7069110870361	-99.26311
14.722531080246	-68.67296
14.7381610870361	-46.32359
14.753781080246	-30.42092
14.7694110870361	-18.48305
14.7850410938263	-7.784813
14.8006610870361	4.117649
14.8162910938263	18.84914
14.8319110870361	36.77522
14.8475410938263	56.93974
14.8631610870361	77.51521
14.8787910938263	96.53313
14.8944211006165	112.6343
14.9100410938263	125.4527
14.9256711006165	135.4536
14.9412910938263	143.3647
14.9569211006165	149.6561
14.9725410938263	154.322
14.9881711006165	157.1424
15.0038011074066	158.1284
15.0194211006165	157.8082
15.0350511074066	157.1471
15.0506711006165	157.115
15.0663011074066	158.151
15.0819211006165	159.9221
15.0975511074066	161.4619
15.1131811141968	161.6121
15.1288011074066	159.4962
15.1444311141968	154.8129
15.1600511074066	147.7767
15.1756811141968	138.8923
15.1913011074066	128.6627
15.2069311141968	117.4244
15.2225608825684	105.3228
15.2381811141968	92.42932
15.2538108825684	78.75427
15.2694311141968	64.31116
15.2850608825684	49.07178
15.3006811141968	32.98718
15.3163108825684	16.11349
15.3319408893585	-1.160522
15.3475608825684	-17.96503
15.3631908893585	-32.97244
15.3788108825684	-44.66455
15.3944408893585	-51.77542
15.4100608825684	-53.7482
15.4256908893585	-50.85648
15.4413208961487	-44.06012
15.4569408893585	-34.60532
15.4725708961487	-23.60876
15.4881908893585	-11.86154
15.5038208961487	0.1247864
15.5194408893585	11.84622
15.5350708961487	22.61642
15.5507009029388	31.56134
15.5663208961487	37.84198
15.5819509029388	40.991
15.5975708961487	41.18628
15.6132009029388	39.22598
15.6288208961487	36.26984
15.6444509029388	33.42126
15.660080909729	31.33606
15.6757009029388	30.03528
15.691330909729	29.0285
15.7069509029388	27.6105
15.722580909729	25.22574
15.7382009029388	21.73895
15.753830909729	17.39087
15.7694609165192	12.64316
15.785080909729	7.839661
15.8007109165192	3.036407
15.816330909729	-2.055481
15.8319609165192	-7.888916
15.847580909729	-14.84415
15.8632109165192	-23.06839
15.8788409233093	-32.41806
15.8944609165192	-42.48657
15.9100909233093	-52.7063
15.9257109165192	-62.34616
15.9413409233093	-70.49973
15.9569609165192	-76.14151
15.9725909233093	-78.22836
15.9882209300995	-76.01697
16.0038409233093	-69.3082
16.0194709300995	-58.61142
16.0350909233093	-45.00684
16.0507209300995	-29.8266
16.0663409233093	-14.23276
16.0819709300995	1.037628
16.0976009368896	15.65381
16.1132209300995	29.46951
16.1288509368896	42.20203
16.1444709300995	53.26276
16.1601009368896	61.89026
16.1757209300995	67.43878
16.1913509368896	69.71631
16.2069809436798	69.18243
16.2226009368896	66.75433
16.2382309436798	63.48572
16.2538509368896	60.16809
16.2694809436798	57.12097
16.2851009368896	54.19196
16.3007309436798	51.04681
16.31636095047	47.4281
16.3319809436798	43.315
16.34761095047	38.89569
16.3632309436798	34.41504
16.37886095047	29.99219
16.3944809436798	25.59497
16.41011095047	21.03326
16.4257409572601	16.10706
16.44136095047	10.60339
16.4569909572601	4.388977
16.47261095047	-2.637146
16.4882409572601	-10.49799
16.5038709640503	-19.05835
16.5194909572601	-27.89795
16.5351209640503	-36.25574
16.5507409572601	-43.08545
16.5663709640503	-47.26935
16.5819909572601	-47.89001
16.5976209640503	-44.51123
16.6132509708405	-37.33868
16.6288709640503	-27.09149
16.6445009708405	-14.83447
16.6601209640503	-1.67395
16.6757509708405	11.42841
16.6913709640503	23.74603
16.7070009708405	34.73096
16.7226309776306	43.91571
16.7382509708405	50.85376
16.7538809776306	55.14502
16.7695009708405	56.55798
16.7851309776306	55.15326
16.8007509708405	51.35822
16.8163809776306	45.89172
16.8320109844208	39.58868
16.8476309776306	33.23236
16.8632609844208	27.33289
16.8788809776306	22.10486
16.8945109844208	17.47943
16.9101309776306	13.26141
16.9257609844208	9.226868
16.9413909912109	5.226074
16.9570109844208	1.20282
16.9726409912109	-2.813904
16.9882609844208	-6.790344
17.0038909912109	-10.71375
17.0195109844208	-14.60278
17.0351409912109	-18.49139
17.0507709980011	-22.45032
17.0663909912109	-26.57666
17.0820209980011	-31.0105
17.0976409912109	-35.95709
17.1132709980011	-41.61914
17.1288909912109	-48.07129
17.1445209980011	-55.11041
17.1601510047913	-62.112
17.1757709980011	-68.02417
17.1914010047913	-71.54315
17.2070209980011	-71.44586
17.2226510047913	-66.93243
17.2382709980011	-57.92883
17.2539010047913	-45.07086
17.2695310115814	-29.53271
17.2851510047913	-12.64124
17.3007810115814	4.440063
17.3164010047913	20.92719
17.3320310115814	36.39758
17.3476510047913	50.63287
17.3632810115814	63.42834
17.3789110183716	74.48053
17.3945310115814	83.44836
17.4101610183716	90.06451
17.4257810115814	94.3446
17.4414110183716	96.6377
17.4570310115814	97.58624
17.4726610183716	97.96356
17.4882910251617	98.49109
17.5039110183716	99.74011
17.5195410251617	102.0779
17.5351610183716	105.6922
17.5507910251617	110.4966
17.5664110183716	116.0713
17.5820410251617	121.6434
17.5976710319519	126.1593
17.6132910251617	128.5053
17.6289210319519	127.7977
17.6445410251617	123.6312
17.6601710319519	116.0903
17.6757910251617	105.6515
17.6914210319519	92.93292
17.7070510387421	78.50351
17.7226710319519	62.80252
17.7383010387421	46.12454
17.7539210319519	28.67368
17.7695510387421	10.57724
17.7851710319519	-7.999115
17.8008010387421	-26.8092
17.8164310455322	-45.37775
17.8320510387421	-62.93936
17.8476810455322	-78.49054
17.8633010387421	-90.95895
17.8789310455322	-99.47189
17.8945510387421	-103.568
17.9101810455322	-103.2924
17.9258110523224	-99.12296
17.9414310455322	-91.79016
17.9570610523224	-82.07013
17.9726810455322	-70.62991
17.9883110523224	-58.07208
18.0039310455322	-44.98273
18.0195610523224	-31.99921
18.0351910591125	-19.78635
18.0508110523224	-8.902069
18.0664410591125	0.3457031
18.0820610523224	7.976563
18.0976910591125	14.27475
18.1133110523224	19.6409
18.1289410591125	24.41803
18.1445710659027	28.89252
18.1601910591125	33.3334
18.1758210659027	38.13913
18.1914410591125	43.81813
18.2070710659027	50.87471
18.2226910591125	59.55464
18.2383210659027	69.67946
18.2539510726929	80.6983
18.2695710659027	91.82083
18.2852010726929	102.308
18.3008210659027	111.6392
18.3164510726929	119.5788
18.3320710659027	126.1655
18.3477010726929	131.6548
18.363331079483	136.379
18.3789510726929	140.5182
18.394581079483	143.8145
18.4102010726929	145.3448
18.425831079483	143.5811
18.4414510726929	136.7889
18.457081079483	123.6271
18.4727110862732	103.7262
18.488331079483	77.95001
18.5039610862732	48.19167
18.519581079483	16.9108
18.5352110862732	-13.44529
18.550831079483	-40.88777
18.5664610862732	-64.15829
18.5820910930634	-82.77966
18.5977110862732	-96.9906
18.6133410930634	-107.552
18.6289610862732	-115.4276
18.6445910930634	-121.4581
18.6602210998535	-126.1829
18.6758410930634	-129.8047
18.6914710998535	-132.4702
18.7070910930634	-134.5144
18.7227210998535	-136.5345
18.7383410930634	-139.1595
18.7539710998535	-142.6797
18.7696011066437	-146.7807
18.7852210998535	-150.626
18.8008511066437	-153.3058
18.8164710998535	-154.3085
18.8321011066437	-153.7306
18.8477210998535	-152.0871
18.8633511066437	-149.8459
18.8789811134338	-147.0703
18.8946011066437	-143.475
18.9102311134338	-138.7916
18.9258511066437	-133.1984
18.9414811134338	-127.4748
18.9571011066437	-122.6066
18.9727311134338	-119.2088
18.9883608818054	-117.0328
19.0039811134338	-114.9718
19.0196108818054	-111.5514
19.0352311134338	-105.7232
19.0508608818054	-97.31032
19.0664811134338	-87.06995
19.0821108818054	-76.2598
19.0977408885956	-66.04161
19.1133608818054	-57.13228
19.1289908885956	-49.77986
19.1446108818054	-43.99066
19.1602408885956	-39.76292
19.1758608818054	-37.14026
19.1914908885956	-36.04526
19.2071208953857	-36.10095
19.2227408885956	-36.61598
19.2383708953857	-36.75679
19.2539908885956	-35.86969
19.2696208953857	-33.72209
19.2852408885956	-30.52042
19.3008708953857	-26.69881
19.3165009021759	-22.66206
19.3321208953857	-18.62267
19.3477509021759	-14.61072
19.3633708953857	-10.63316
19.3790009021759	-6.789566
19.3946208953857	-3.287567
19.4102509021759	-0.3526306
19.4258809089661	1.889786
19.4415009021759	3.439209
19.4571309089661	4.336014
19.4727509021759	4.586899
19.4883809089661	4.147202
19.5040009021759	3.02272
19.5196309089661	1.423965
19.5352609157562	-0.246521
19.5508809089661	-1.464188
19.5665109157562	-1.712852
19.5821309089661	-0.6939926
19.5977609157562	1.639648
19.6133809089661	5.107727
19.6290109157562	9.379128
19.6446409225464	14.07319
19.6602609157562	18.8572
19.6758909225464	23.55227
19.6915109157562	28.12182
19.7071409225464	32.73521
19.7227609157562	37.60932
19.7383909225464	42.89924
19.7540209293365	48.52064
19.7696409225464	54.09579
19.7852709293365	58.97366
19.8008909225464	62.40147
19.8165209293365	63.75031
19.8321409225464	62.67059
19.8477709293365	59.30228
19.8634009361267	54.3111
19.8790209293365	48.83144
19.8946509361267	44.26196
19.9102709293365	41.94673
19.9259009361267	42.82602
19.9415209293365	47.1904
19.9571509361267	54.65112
19.9727809429169	64.3461
19.9884009361267	75.25163
20.0040309429169	86.47621
20.0196509361267	97.38149
20.0352809429169	107.5291
20.0509009361267	116.578
20.0665309429169	124.1918
20.082160949707	130.0555
20.0977809429169	133.9734
20.113410949707	135.8998
20.1290309429169	135.9696
20.144660949707	134.3923
20.1602809429169	131.3831
20.175910949707	127.1379
20.1915409564972	121.8276
20.207160949707	115.6099
20.2227909564972	108.6115
20.238410949707	100.8727
20.2540409564972	92.30522
20.269660949707	82.75084
20.2852909564972	72.0872
20.3009209632874	60.31989
20.3165409564972	47.64452
20.3321709632874	34.40916
20.3477909564972	21.04661
20.3634209632874	7.997475
20.3790409564972	-4.307777
20.3946709632874	-15.5472
20.4103009700775	-25.51258
20.4259209632874	-34.22163
20.4415509700775	-41.92928
20.4571709632874	-49.10247
20.4728009700775	-56.2073
20.4884209632874	-63.60547
20.5040509700775	-71.39165
20.5196809768677	-79.45157
20.5353009700775	-87.51099
20.5509309768677	-95.18033
20.5665509700775	-101.9323
20.5821809768677	-107.1528
20.5978009700775	-110.1717
20.6134309768677	-110.5046
20.6290609836578	-108.0436
20.6446809768677	-103.1374
20.6603109836578	-96.44986
20.6759309768677	-88.69054
20.6915609836578	-80.34019
20.7071809768677	-71.60532
20.7228109836578	-62.59552
20.738440990448	-53.56749
20.7540609836578	-45.04916
20.769690990448	-37.72285
20.7853109836578	-32.14114
20.800940990448	-28.36873
20.8165609836578	-25.93272
20.832190990448	-23.9061
20.8478209972382	-21.31035
20.863440990448	-17.4425
20.8790709972382	-12.10922
20.894690990448	-5.625702
20.9103209972382	1.356232
20.9259510040283	8.113678
20.9415709972382	14.08264
20.9572010040283	18.94623
20.9728209972382	22.65875
20.9884510040283	25.26956
21.0040709972382	26.78683
21.0197010040283	27.04343
21.0353310108185	25.76096
21.0509510040283	22.66864
21.0665810108185	17.74942
21.0822010040283	11.32346
21.0978310108185	4.024963
21.1134510040283	-3.405334
21.1290810108185	-10.42014
21.1447110176086	-16.88132
21.1603310108185	-23.04532
21.1759610176086	-29.40393
21.1915810108185	-36.37939
21.2072110176086	-44.09879
21.2228310108185	-52.32742
21.2384610176086	-60.55655
21.2540910243988	-68.13882
21.2697110176086	-74.37683
21.2853410243988	-78.57645
21.3009610176086	-80.1008
21.3165910243988	-78.51453
21.3322110176086	-73.75891
21.3478410243988	-66.30164
21.363471031189	-57.04007
21.3790910243988	-47.04785
21.394721031189	-37.20511
21.4103410243988	-27.96548
21.425971031189	-19.38403
21.4415910243988	-11.35376
21.457221031189	-3.909424
21.4728510379791	2.641144
21.488471031189	7.892548
21.5041010379791	11.6582
21.519721031189	14.18179
21.5353510379791	16.16458
21.550971031189	18.43362
21.5666010379791	21.56659
21.5822310447693	25.57092
21.5978510379791	29.8895
21.6134810447693	33.66409
21.6291010379791	36.16125
21.6447310447693	37.04218
21.6603510379791	36.45456
21.6759810447693	34.82045
21.6916110515594	32.56125
21.7072310447693	29.87712
21.7228610515594	26.71405
21.7384810447693	22.92545
21.7541110515594	18.4828
21.7697310447693	13.58618
21.7853610515594	8.557343
21.8009910583496	3.703796
21.8166110515594	-0.9176178
21.8322410583496	-5.495895
21.8478610515594	-10.44269
21.8634910583496	-16.13457
21.8791110515594	-22.76753
21.8947410583496	-30.27786
21.9103710651398	-38.34724
21.9259910583496	-46.56744
21.9416210651398	-54.49068
21.9572410583496	-61.74632
21.9728710651398	-68.00046
21.9884910583496	-72.97198
22.0041210651398	-76.42387
22.0197510719299	-78.19908
22.0353710651398	-78.24306
22.0510010719299	-76.61366
22.0666210651398	-73.48308
22.0822510719299	-69.05005
22.0978710651398	-63.54941
22.1135010719299	-57.2059
22.1291310787201	-50.29247
22.1447510719299	-43.22156
22.1603810787201	-36.52841
22.1760010719299	-30.8139
22.1916310787201	-26.55765
22.2072510719299	-23.91792
22.2228810787201	-22.60793
22.2385110855103	-22.01309
22.2541310787201	-21.39272
22.2697610855103	-20.19916
22.2853810787201	-18.27893
22.3010110855103	-15.82228
22.3166310787201	-13.24394
22.3322610855103	-10.88351
22.3478910923004	-8.867615
22.3635110855103	-7.100151
22.3791410923004	-5.428772
22.3947610855103	-3.82933
22.4103910923004	-2.533718
22.4260110855103	-1.983665
22.4416410923004	-2.642971
22.4572710990906	-4.793995
22.4728910923004	-8.362679
22.4885210990906	-12.92765
22.5041410923004	-17.88142
22.5197710990906	-22.7095
22.5353910923004	-27.18539
22.5510210990906	-31.46913
22.5666511058807	-36.0632
22.5822710990906	-41.44807
22.5979011058807	-47.85576
22.6135210990906	-54.93557
22.6291511058807	-61.74462
22.6447710990906	-66.91132
22.6604011058807	-69.00931
22.6760311126709	-66.95358
22.6916511058807	-60.30386
22.7072811126709	-49.38271
22.7229011058807	-35.10246
22.7385311126709	-18.72329
22.7541511058807	-1.502518
22.7697811126709	15.52858
22.7854108810425	31.69516
22.8010311126709	46.5835
22.8166608810425	59.92386
22.8322811126709	71.44469
22.8479108810425	80.83453
22.8635311126709	87.82312
22.8791608810425	92.31487
22.8947908878326	94.5632
22.9104108810425	95.14941
22.9260408878326	94.85495
22.9416608810425	94.34714
22.9572908878326	93.9977
22.9729108810425	93.73131
22.9885408878326	93.18469
23.0041708946228	91.93207
23.0197908878326	89.69589
23.0354208946228	86.40149
23.0510408878326	82.14676
23.0666708946228	76.95633
23.0822908878326	70.71686
23.0979208946228	63.21002
23.113550901413	54.28204
23.1291708946228	44.02145
23.144800901413	32.82126
23.1604208946228	21.27921
23.176050901413	9.971283
23.1916708946228	-0.7556458
23.207300901413	-10.87842
23.2229309082031	-20.57181
23.238550901413	-29.94638
23.2541809082031	-38.82315
23.269800901413	-46.60315
23.2854309082031	-52.31467
23.301050901413	-54.88412
23.3166809082031	-53.44193
23.3323109149933	-47.61655
23.3479309082031	-37.63651
23.3635609149933	-24.32025
23.3791809082031	-8.92157
23.3948109149933	7.113281
23.4104309082031	22.39545
23.4260609149933	35.82727
23.4416909217834	46.72891
23.4573109149933	54.87662
23.4729409217834	60.35849
23.4885609149933	63.41296
23.5041909217834	64.29214
23.5198109149933	63.2294
23.5354409217834	60.5144
23.5510709285736	56.5871
23.5666909217834	52.04318
23.5823209285736	47.45609
23.5979409217834	43.1582
23.6135709285736	39.09039
23.6292009353638	34.80252
23.6448209285736	29.68311
23.6604509353638	23.24457
23.6760709285736	15.3392
23.6917009353638	6.221985
23.7073209285736	-3.584351
23.7229509353638	-13.48438
23.7385809421539	-22.96225
23.7542009353638	-31.69208
23.7698309421539	-39.51099
23.7854509353638	-46.36682
23.8010809421539	-52.30783
23.8167009353638	-57.41095
23.8323309421539	-61.8822
23.8479609489441	-65.96512
23.8635809421539	-69.98059
23.8792109489441	-74.18503
23.8948309421539	-78.65359
23.9104609489441	-83.08652
23.9260809421539	-86.76068
23.9417109489441	-88.67108
23.9573409557343	-87.75421
23.9729609489441	-83.30713
23.9885909557343	-75.20972
24.0042109489441	-63.96808
24.0198409557343	-50.53918
24.0354609489441	-36.01294
24.0510909557343	-21.32306
24.0667209625244	-7.127197
24.0823409557343	6.160278
24.0979709625244	18.29791
24.1135909557343	29.04724
24.1292209625244	38.20233
24.1448409557343	45.55603
24.1604709625244	51.00806
24.1761009693146	54.6297
24.1917209625244	56.69104
24.2073509693146	57.62122
24.2229709625244	57.95392
24.2386009693146	58.16888
24.2542209625244	58.54938
24.2698509693146	59.08752
24.2854809761047	59.52197
24.3011009693146	59.43781
24.3167309761047	58.48303
24.3323509693146	56.45074
24.3479809761047	53.35944
24.3636009693146	49.36475
24.3792309761047	44.71533
24.3948609828949	39.6073
24.4104809761047	34.22778
24.4261109828949	28.69598
24.4417309761047	23.10168
24.4573609828949	17.46057
24.4729809761047	11.74066
24.4886109828949	5.781677
24.5042409896851	-0.6349487
24.5198609828949	-7.720337
24.5354909896851	-15.55646
24.5511109828949	-23.89313
24.5667409896851	-32.07385
24.5823609828949	-39.08783
24.5979909896851	-43.81458
24.6136209964752	-45.34973
24.6292409896851	-43.33923
24.6448709964752	-38.06934
24.6604909896851	-30.36145
24.6761209964752	-21.28021
24.6917409896851	-11.76379
24.7073709964752	-2.519348
24.7230010032654	6.033569
24.7386209964752	13.62811
24.7542510032654	20.05463
24.7698709964752	25.13086
24.7855010032654	28.79095
24.8011209964752	31.11371
24.8167510032654	32.2995
24.8323810100555	32.61481
24.8480010032654	32.31989
24.8636310100555	31.61877
24.8792510032654	30.71484
24.8948810100555	29.79889
24.9105010032654	29.02271
24.9261310100555	28.42535
24.9417610168457	27.89899
24.9573810100555	27.18915
24.9730110168457	26.04352
24.9886310100555	24.30133
25.0042610168457	22.01886
25.0198810100555	19.40552
25.0355110168457	16.73645
25.0511410236359	14.21869
25.0667610168457	11.90375
25.0823910236359	9.705566
25.0980110168457	7.409973
25.1136410236359	4.816528
25.1292610168457	1.763916
25.1448910236359	-1.826782
25.160521030426	-5.95697
25.1761410236359	-10.51984
25.191771030426	-15.2312
25.2073910236359	-19.58038
25.223021030426	-22.82892
25.2386410236359	-24.16058
25.254271030426	-22.90991
25.2699010372162	-18.84155
25.285521030426	-12.27496
25.3011510372162	-3.986816
25.316771030426	5.037292
25.3324010372162	13.98376
25.348021030426	22.38251
25.3636510372162	30.14948
25.3792810440063	37.34558
25.3949010372162	43.93811
25.4105310440063	49.70709
25.4261510372162	54.28052
25.4417810440063	57.34265
25.4574010372162	58.81146
25.4730310440063	58.91931
25.4886610507965	58.09894
25.5042810440063	56.87677
25.5199110507965	55.63568
25.5355310440063	54.5719
25.5511610507965	53.68463
25.5667810440063	52.85168
25.5824110507965	51.8999
25.5980410575867	50.67651
25.6136610507965	49.0545
25.6292910575867	46.91656
25.6449110507965	44.18628
25.6605410575867	40.82092
25.6761610507965	36.88403
25.6917910575867	32.56189
25.7074210643768	28.15869
25.7230410575867	23.94678
25.7386710643768	20.08112
25.7542910575867	16.46899
25.7699210643768	12.75946
25.785551071167	8.468018
25.8011710643768	3.204224
25.816801071167	-3.137512
25.8324210643768	-10.21259
25.848051071167	-17.26337
25.8636710643768	-23.2818
25.879301071167	-27.26843
25.8949310779572	-28.53687
25.910551071167	-26.95038
25.9261810779572	-22.87122
25.941801071167	-17.08484
25.9574310779572	-10.53125
25.973051071167	-4.044495
25.9886810779572	1.813171
26.0043110847473	6.776001
26.0199310779572	10.76733
26.0355610847473	13.74634
26.0511810779572	15.59088
26.0668110847473	16.17877
26.0824310779572	15.40466
26.0980610847473	13.39581
26.1136910915375	10.52301
26.1293110847473	7.400269
26.1449410915375	4.673889
26.1605610847473	2.799377
26.1761910915375	1.891907
26.1918110847473	1.658813
26.2074410915375	1.602966
26.2230710983276	1.199646
26.2386910915375	0.147583
26.2543210983276	-1.544128
26.2699410915375	-3.619019
26.2855710983276	-5.809387
26.3011910915375	-7.958191
26.3168210983276	-10.12817
26.3324511051178	-12.52814
26.3480710983276	-15.3399
26.3637011051178	-18.59772
26.3793210983276	-22.18359
26.3949511051178	-25.89923
26.4105710983276	-29.68115
26.4262011051178	-33.64685
26.441831111908	-38.04901
26.4574511051178	-43.05646
26.473081111908	-48.53986
26.4887011051178	-53.89716
26.504331111908	-58.16962
26.5199511051178	-60.24725
26.535581111908	-59.29437
26.5512108802795	-55.03522
26.566831111908	-47.86804
26.5824608802795	-38.72211
26.598081111908	-28.71875
26.6137108802795	-18.86481
26.629331111908	-9.823364
26.6449608802795	-1.983459
26.6605908870697	4.437439
26.6762108802795	9.226257
26.6918408870697	12.1568
26.7074608802795	13.11517
26.7230908870697	12.27258
26.7387108802795	10.17596
26.7543408870697	7.614868
26.7699708938599	5.40094
26.7855908870697	4.007019
26.8012208938599	3.396606
26.8168408870697	3.077698
26.8324708938599	2.336609
26.8480908870697	0.6229248
26.8637208938599	-2.18866
26.87935090065	-5.741882
26.8949708938599	-9.364746
26.91060090065	-12.38989
26.9262208938599	-14.42242
26.94185090065	-15.51904
26.9574708938599	-16.10809
26.97310090065	-16.82776
26.9887309074402	-18.22937
27.00435090065	-20.64435
27.0199809074402	-24.00854
27.03560090065	-27.94452
27.0512309074402	-31.73322
27.06685090065	-34.52521
27.0824809074402	-35.49652
27.0981109142303	-34.00995
27.1137309074402	-29.80389
27.1293609142303	-23.02502
27.1449809074402	-14.18823
27.1606109142303	-3.977478
27.1762309074402	6.907776
27.1918609142303	17.9118
27.2074909210205	28.60852
27.2231109142303	38.64874
27.2387409210205	47.77026
27.2543609142303	55.73389
27.2699909210205	62.41772
27.2856109142303	67.85107
27.3012409210205	72.21466
27.3168709278107	75.74579
27.3324909210205	78.60284
27.3481209278107	80.76318
27.3637409210205	82.01367
27.3793709278107	82.11487
27.3949909210205	80.92938
27.4106209278107	78.54956
27.4262509346008	75.30969
27.4418709278107	71.66571
27.4575009346008	68.00726
27.4731209278107	64.5152
27.4887509346008	61.0661
27.5043709278107	57.25629
27.5200009346008	52.55994
27.535630941391	46.45813
27.5512509346008	38.6778
27.566880941391	29.2851
27.5825009346008	18.75586
27.598130941391	7.893677
27.6137509346008	-2.320984
27.629380941391	-10.95361
27.6450109481812	-17.36615
27.660630941391	-21.33997
27.6762609481812	-23.09052
27.691880941391	-23.13467
27.7075109481812	-22.0578
27.723130941391	-20.35117
27.7387609481812	-18.30222
27.7543909549713	-16.04227
27.7700109481812	-13.63016
27.7856409549713	-11.21628
27.8012609481812	-9.070404
27.8168909549713	-7.501129
27.8325109481812	-6.758087
27.8481409549713	-6.892609
27.8637709617615	-7.775238
27.8793909549713	-9.14444
27.8950209617615	-10.76215
27.9106409549713	-12.53619
27.9262709617615	-14.57373
27.9418909549713	-17.08203
27.9575209617615	-20.22617
27.9731509685516	-23.97345
27.9887709617615	-28.04376
28.0044009685516	-31.97018
28.0200209617615	-35.30298
28.0356509685516	-37.80267
28.0512709617615	-39.55838
28.0669009685516	-41.01859
28.0825309753418	-42.80872
28.0981509685516	-45.5311
28.1137809753418	-49.52106
28.1294009685516	-54.74658
28.1450309753418	-60.78772
28.1606509685516	-66.90457
28.1762809753418	-72.19238
28.191910982132	-75.70526
28.2075309753418	-76.6525
28.223160982132	-74.49969
28.2387809753418	-69.09277
28.254410982132	-60.73999
28.2700309753418	-50.07211
28.285660982132	-37.95227
28.3012909889221	-25.28189
28.316910982132	-12.84735
28.3325409889221	-1.291718
28.348160982132	8.900177
28.3637909889221	17.32773
28.379410982132	23.71085
28.3950409889221	27.90286
28.4106709957123	29.97714
28.4262909889221	30.20599
28.4419209957123	29.06219
28.4575409889221	27.06128
28.4731709957123	24.65887
28.4888010025024	22.15851
28.5044209957123	19.71808
28.5200510025024	17.33972
28.5356709957123	14.91367
28.5513010025024	12.30594
28.5669209957123	9.411774
28.5825510025024	6.195068
28.5981810092926	2.717651
28.6138010025024	-0.9593811
28.6294310092926	-4.850464
28.6450510025024	-9.149048
28.6606810092926	-14.18994
28.6763010025024	-20.33197
28.6919310092926	-27.72
28.7075610160828	-36.16962
28.7231810092926	-45.11273
28.7388110160828	-53.6886
28.7544310092926	-60.9263
28.7700610160828	-65.99051
28.7856810092926	-68.28162
28.8013110160828	-67.54248
28.8169410228729	-63.84027
28.8325610160828	-57.54828
28.8481910228729	-49.24039
28.8638110160828	-39.59567
28.8794410228729	-29.26843
28.8950610160828	-18.86908
28.9106910228729	-8.928802
28.9263210296631	0.03799438
28.9419410228729	7.556122
28.9575710296631	13.26303
28.9731910228729	17.02432
28.9888210296631	19.00928
29.0044410228729	19.70093
29.0200710296631	19.74704
29.0357010364532	19.70328
29.0513210296631	19.896
29.0669510364532	20.3024
29.0825710296631	20.62653
29.0982010364532	20.4534
29.1138210296631	19.48987
29.1294510364532	17.63693
29.1450810432434	15.08289
29.1607010364532	12.18066
29.1763310432434	9.301605
29.1919510364532	6.698944
29.2075810432434	4.404602
29.2232010364532	2.275238
29.2388310432434	0.0675354
29.2544610500336	-2.426697
29.2700810432434	-5.308167
29.2857110500336	-8.594604
29.3013310432434	-12.23141
29.3169610500336	-16.10458
29.3325810432434	-19.99579
29.3482110500336	-23.50534
29.3638410568237	-26.03177
29.3794610500336	-26.8764
29.3950910568237	-25.43332
29.4107110500336	-21.41663
29.4263410568237	-15.00385
29.4419610500336	-6.78421
29.4575910568237	2.427826
29.4732210636139	11.84995
29.4888410568237	20.89468
29.5044710636139	29.25864
29.5200910568237	36.78674
29.5357210636139	43.33942
29.5513410568237	48.6763
29.5669710636139	52.45422
29.5826010704041	54.34119
29.5982210636139	54.18814
29.6138510704041	52.16806
29.6294710636139	48.78146
29.6451010704041	44.74951
29.6607210636139	40.74438
29.6763510704041	37.21268
29.6919810771942	34.25354
29.7076010704041	31.64163
29.7232310771942	29.02197
29.7388510704041	26.08896
29.7544810771942	22.70517
29.7701010704041	18.96289
29.7857310771942	15.04498
29.8013610839844	11.16708
29.8169810771942	7.457947
29.8326110839844	3.988037
29.8482310771942	0.7641296
29.8638610839844	-2.209839
29.8794810771942	-4.952454
29.8951110839844	-7.520813
29.9107410907745	-10.05038
29.9263610839844	-12.65616
29.9419910907745	-15.34985
29.9576110839844	-17.85248
29.9732410907745	-19.56485
29.9888610839844	-19.73126
30.0044910907745	-17.67239
30.0201210975647	-13.09839
30.0357410907745	-6.234528
30.0513710975647	2.268677
30.0669910907745	11.59479
30.0826210975647	21.04541
30.0982410907745	30.24069
30.1138710975647	39.05774
30.1295011043549	47.48862
30.1451210975647	55.42834
30.1607511043549	62.54346
30.1763710975647	68.32925
30.1920011043549	72.25192
30.2076210975647	73.96371
30.2232511043549	73.43362
30.238881111145	70.99106
30.2545011043549	67.22449
30.270131111145	62.81461
30.2857511043549	58.35306
30.301381111145	54.18741
30.3170011043549	50.37375
30.332631111145	46.73892
30.3482608795166	42.98633
30.363881111145	38.8927
30.3795108795166	34.36166
30.395131111145	29.46777
30.4107608795166	24.38278
30.426381111145	19.31989
30.4420108795166	14.39035
30.4576408863068	9.59671
30.4732608795166	4.811615
30.4888908863068	-0.1224518
30.5045108795166	-5.335327
30.5201408863068	-10.87708
30.5357608795166	-16.76599
30.5513908863068	-22.99988
30.5670208930969	-29.59232
30.5826408863068	-36.478
30.5982708930969	-43.37968
30.6138908863068	-49.70943
30.6295208930969	-54.65236
30.6451508998871	-57.4102
30.6607708930969	-57.50885
30.6764008998871	-55.02391
30.6920208930969	-50.56866
30.7076508998871	-45.03621
30.7232708930969	-39.27078
30.7389008998871	-33.77272
30.7545309066772	-28.70892
30.7701508998871	-24.07846
30.7857809066772	-19.99356
30.8014008998871	-16.79103
30.8170309066772	-14.951
30.8326508998871	-14.85655
30.8482809066772	-16.52521
30.8639109134674	-19.51794
30.8795309066772	-23.07979
30.8951609134674	-26.44754
30.9107809066772	-29.14792
30.9264109134674	-31.09023
30.9420309066772	-32.483
30.9576609134674	-33.62891
30.9732909202576	-34.74895
30.9889109134674	-35.89476
31.0045409202576	-37.01328
31.0201609134674	-38.03437
31.0357909202576	-38.9394
31.0514109134674	-39.7822
31.0670409202576	-40.59972
31.0826709270477	-41.43667
31.0982909202576	-42.31382
31.1139209270477	-43.28543
31.1295409202576	-44.43023
31.1451709270477	-45.85907
31.1607909202576	-47.60249
31.1764209270477	-49.56114
31.1920509338379	-51.42496
31.2076709270477	-52.66284
31.2233009338379	-52.63319
31.2389209270477	-50.75643
31.2545509338379	-46.70471
31.2701709270477	-40.58479
31.2858009338379	-32.91996
31.3014309406281	-24.46375
31.3170509338379	-15.91033
31.3326809406281	-7.677513
31.3483009338379	0.1217041
31.3639309406281	7.544167
31.3795509338379	14.54616
31.3951809406281	20.87374
31.4108109474182	26.08849
31.4264309406281	29.78788
31.4420609474182	31.82626
31.4576809406281	32.3893
31.4733109474182	31.90274
31.4889309406281	30.83302
31.5045609474182	29.51413
31.5201909542084	28.08537
31.5358109474182	26.56442
31.5514409542084	24.88733
31.5670609474182	23.04089
31.5826909542084	21.03345
31.5983109474182	18.91331
31.6139409542084	16.74883
31.6295709609985	14.60866
31.6451909542084	12.55854
31.6608209609985	10.62352
31.6764409542084	8.780388
31.6920709609985	6.971458
31.7076909542084	5.067505
31.7233209609985	2.959747
31.7389509677887	0.5274963
31.7545709609985	-2.256165
31.7702009677887	-5.313416
31.7858209609985	-8.378578
31.8014509677887	-11.01711
31.8170709609985	-12.61499
31.8327009677887	-12.57063
31.8483309745789	-10.44124
31.8639509677887	-6.098587
31.8795809745789	0.1736145
31.8952009677887	7.798088
31.9108309745789	16.04795
31.9264509677887	24.24518
31.9420809745789	31.92367
31.957710981369	38.83431
31.9733309745789	44.89021
31.988960981369	50.02908
32.0045809745789	54.15356
32.020210981369	57.11799
32.0358309745789	58.80058
32.051460981369	59.19802
32.0670909881592	58.48567
32.082710981369	56.9734
32.0983409881592	55.02155
32.113960981369	52.88434
32.1295909881592	50.63374
32.145210981369	48.129
32.1608409881592	45.13045
32.1764709949493	41.41741
32.1920909881592	36.94527
32.2077209949493	31.82874
32.2233409881592	26.3209
32.2389709949493	20.64254
32.2545909881592	14.92237
32.2702209949493	9.133575
32.2858510017395	3.120457
32.3014709949493	-3.32864
32.3171010017395	-10.40484
32.3327209949493	-18.20675
32.3483510017395	-26.69205
32.3639709949493	-35.66159
32.3796010017395	-44.73675
32.3952310085297	-53.35884
32.4108510017395	-60.82831
32.4264810085297	-66.42944
32.4421010017395	-69.51037
32.4577310085297	-69.69289
32.4733510017395	-66.95039
32.4889810085297	-61.67562
32.5046110153198	-54.59461
32.5202310085297	-46.56375
32.5358610153198	-38.37316
32.5514810085297	-30.54739
32.5671110153198	-23.39095
32.5827310085297	-17.06782
32.5983610153198	-11.81976
32.61399102211	-7.969587
32.6296110153198	-5.827021
32.64524102211	-5.461046
32.6608610153198	-6.544199
32.67649102211	-8.411339
32.6921110153198	-10.28861
32.70774102211	-11.64383
32.7233710289001	-12.36621
32.73899102211	-12.77216
32.7546210289001	-13.3217
32.77024102211	-14.36523
32.7858710289001	-16.01331
32.80149102211	-18.13214
32.8171210289001	-20.53043
32.8327510356903	-23.05359
32.8483710289001	-25.62688
32.8640010356903	-28.24221
32.8796210289001	-30.88585
32.8952510356903	-33.58255
32.9108810424805	-36.37024
32.9265010356903	-39.34163
32.9421310424805	-42.53584
32.9577510356903	-45.92044
32.9733810424805	-49.22626
32.9890010356903	-51.99519
33.0046310424805	-53.63602
33.0202610492706	-53.54667
33.0358810424805	-51.27448
33.0515110492706	-46.6264
33.0671310424805	-39.77886
33.0827610492706	-31.20027
33.0983810424805	-21.62725
33.1140110492706	-11.81029
33.1296410560608	-2.34313
33.1452610492706	6.439558
33.1608910560608	14.44555
33.1765110492706	21.65898
33.1921410560608	27.99695
33.2077610492706	33.21392
33.2233910560608	37.0217
33.239021062851	39.20752
33.2546410560608	39.82839
33.270271062851	39.24249
33.2858910560608	37.94625
33.301521062851	36.43857
33.3171410560608	34.98268
33.332771062851	33.58018
33.3484010696411	32.02615
33.364021062851	30.03892
33.3796510696411	27.40731
33.395271062851	24.10659
33.4109010696411	20.24409
33.426521062851	16.02652
33.4421510696411	11.65114
33.4577810764313	7.202035
33.4734010696411	2.663704
33.4890310764313	-2.042696
33.5046510696411	-7.03724
33.5202810764313	-12.40526
33.5359010696411	-18.17158
33.5515310764313	-24.27529
33.5671610832214	-30.5704
33.5827810764313	-36.71618
33.5984110832214	-42.19624
33.6140310764313	-46.33148
33.6296610832214	-48.40314
33.6452810764313	-47.85807
33.6609110832214	-44.48823
33.6765410900116	-38.50661
33.6921610832214	-30.50081
33.7077910900116	-21.28997
33.7234110832214	-11.6707
33.7390410900116	-2.288082
33.7546610832214	6.460308
33.7702910900116	14.39352
33.7859210968018	21.41461
33.8015410900116	27.40985
33.8171710968018	32.1922
33.8327910900116	35.54911
33.8484210968018	37.33688
33.8640410900116	37.62536
33.8796710968018	36.71015
33.8953011035919	35.06199
33.9109210968018	33.16171
33.9265511035919	31.35046
33.9421710968018	29.80251
33.9578011035919	28.52514
33.9734210968018	27.45024
33.9890511035919	26.48666
34.0046811103821	25.61317
34.0203011035919	24.79352
34.0359311103821	23.97397
34.0515511035919	23.0481
34.0671811103821	21.84673
34.0828011035919	20.19806
34.0984311103821	17.95251
34.1140608787537	15.08181
34.1296811103821	11.66639
34.1453108787537	7.877541
34.1609311103821	3.898155
34.1765608787537	-0.1206627
34.1921811103821	-4.042801
34.2078108787537	-7.691307
34.2234408855438	-10.72511
34.2390608787537	-12.63219
34.2546908855438	-12.8127
34.2703108787537	-10.82056
34.2859408855438	-6.546082
34.3015608787537	-0.3127899
34.3171908855438	7.221222
34.332820892334	15.2901
34.3484408855438	23.25887
34.364070892334	30.72173
34.3796908855438	37.45303
34.395320892334	43.28019
34.4109408855438	47.97647
34.426570892334	51.30235
34.4422008991241	53.11105
34.457820892334	53.46091
34.4734508991241	52.6386
34.489070892334	51.04418
34.5047008991241	49.09246
34.520320892334	47.04427
34.5359508991241	45.00103
34.5515809059143	42.93211
34.5672008991241	40.75728
34.5828309059143	38.40788
34.5984508991241	35.81712
34.6140809059143	32.93099
34.6297008991241	29.69706
34.6453309059143	26.10122
34.6609609127045	22.21562
34.6765809059143	18.20575
34.6922109127045	14.2654
34.7078309059143	10.56504
34.7234609127045	7.140513
34.7390809059143	3.859866
34.7547109127045	0.4796696
34.7703409194946	-3.269857
34.7859609127045	-7.558807
34.8015909194946	-12.34291
34.8172109127045	-17.30061
34.8328409194946	-21.88617
34.8484609127045	-25.42311
34.8640909194946	-27.30568
34.8797209262848	-27.14726
34.8953409194946	-24.90284
34.9109709262848	-20.85674
34.9265909194946	-15.5667
34.9422209262848	-9.676003
34.9578409194946	-3.751968
34.9734709262848	1.825188
34.989100933075	6.872513
35.0047209262848	11.33395
35.020350933075	15.12595
35.0359709262848	18.08896
35.051600933075	19.97083
35.0672209262848	20.57819
35.082850933075	19.9286
35.0984809398651	18.32446
35.114100933075	16.28505
35.1297309398651	14.34635
35.145350933075	12.80327
35.1609809398651	11.59903
35.176600933075	10.38542
35.1922309398651	8.736679
35.2078609466553	6.365356
35.2234809398651	3.252991
35.2391109466553	-0.4213409
35.2547309398651	-4.391891
35.2703609466553	-8.465866
35.2859809398651	-12.54808
35.3016109466553	-16.62956
35.3172409534454	-20.68944
35.3328609466553	-24.67245
35.3484909534454	-28.51662
35.3641109466553	-32.21935
35.3797409534454	-35.82443
35.3953609466553	-39.45473
35.4109909534454	-43.20673
35.4266209602356	-47.09671
35.4422409534454	-50.95793
35.4578709602356	-54.39624
35.4734909534454	-56.8362
35.4891209602356	-57.67043
35.5047509670258	-56.45277
35.5203709602356	-53.09685
35.5360009670258	-47.95097
35.5516209602356	-41.66203
35.5672509670258	-34.97676
35.5828709602356	-28.50185
35.5985009670258	-22.58511
35.6141309738159	-17.39673
35.6297509670258	-13.0062
35.6453809738159	-9.528015
35.6610009670258	-7.096237
35.6766309738159	-5.796631
35.6922509670258	-5.554642
35.7078809738159	-6.1138
35.7235109806061	-7.083557
35.7391309738159	-8.085846
35.7547609806061	-8.864731
35.7703809738159	-9.310699
35.7860109806061	-9.478882
35.8016309738159	-9.52504
35.8172609806061	-9.678284
35.8328909873962	-10.15639
35.8485109806061	-11.11375
35.8641409873962	-12.6057
35.8797609806061	-14.56924
35.8953909873962	-16.83575
35.9110109806061	-19.22676
35.9266409873962	-21.59555
35.9422709941864	-23.88593
35.9578909873962	-26.14378
35.9735209941864	-28.45081
35.9891409873962	-30.91547
36.0047709941864	-33.5477
36.0203909873962	-36.21419
36.0360209941864	-38.59145
36.0516510009766	-40.21494
36.0672709941864	-40.57042
36.0829010009766	-39.21887
36.0985209941864	-35.96497
36.1141510009766	-30.84523
36.1297709941864	-24.12874
36.1454010009766	-16.2401
36.1610310077667	-7.650726
36.1766510009766	1.161285
36.1922810077667	9.727051
36.2079010009766	17.65741
36.2235310077667	24.65482
36.2391510009766	30.5509
36.2547810077667	35.32121
36.2704110145569	39.04942
36.2860310077667	41.85632
36.3016610145569	43.86879
36.3172810077667	45.20505
36.3329110145569	45.93053
36.3485310077667	46.1021
36.3641610145569	45.71428
36.379791021347	44.70851
36.3954110145569	42.96487
36.411041021347	40.33791
36.4266610145569	36.72285
36.442291021347	32.10948
36.4579110145569	26.60989
36.473541021347	20.43277
36.4891710281372	13.84935
36.504791021347	7.092194
36.5204210281372	0.3344421
36.536041021347	-6.353592
36.5516710281372	-12.97501
36.567291021347	-19.58687
36.5829210281372	-26.18958
36.5985510349274	-32.64816
36.6141710281372	-38.61864
36.6298010349274	-43.54491
36.6454210281372	-46.79553
36.6610510349274	-47.8022
36.6766710281372	-46.24391
36.6923010349274	-42.14038
36.7079310417175	-35.87585
36.7235510349274	-28.11302
36.7391810417175	-19.6053
36.7548010349274	-11.04895
36.7704310417175	-2.923645
36.7860510349274	4.550629
36.8016810417175	11.32938
36.8173110485077	17.40692
36.8329310417175	22.67899
36.8485610485077	26.90688
36.8641810417175	29.79581
36.8798110485077	31.14085
36.8954310417175	30.95978
36.9110610485077	29.52101
36.9266910552979	27.25835
36.9423110485077	24.60469
36.9579410552979	21.83414
36.9735610485077	18.9879
36.9891910552979	15.97908
37.0048110485077	12.68216
37.0204410552979	9.071503
37.036071062088	5.232941
37.0516910552979	1.322952
37.067321062088	-2.55423
37.0829410552979	-6.452484
37.098571062088	-10.56447
37.1141910552979	-15.1754
37.129821062088	-20.50041
37.1454510688782	-26.56577
37.161071062088	-33.16527
37.1767010688782	-39.90454
37.192321062088	-46.27824
37.2079510688782	-51.79091
37.223571062088	-56.01248
37.2392010688782	-58.58701
37.2548310756683	-59.21248
37.2704510688782	-57.66266
37.2860810756683	-53.84314
37.3017010688782	-47.90207
37.3173310756683	-40.29909
37.3329510688782	-31.79033
37.3485810756683	-23.30768
37.3642110824585	-15.74957
37.3798310756683	-9.817413
37.3954610824585	-5.888046
37.4110810756683	-4.035904
37.4267110824585	-4.06337
37.4423310756683	-5.610626
37.4579610824585	-8.167191
37.4735910892487	-11.14421
37.4892110824585	-13.89948
37.5048410892487	-15.87273
37.5204610824585	-16.68901
37.5360910892487	-16.26624
37.5517110824585	-14.84999
37.5673410892487	-12.91522
37.5829710960388	-10.9662
37.5985910892487	-9.395493
37.6142210960388	-8.376602
37.6298410892487	-7.882339
37.6454710960388	-7.807373
37.6610910892487	-8.043716
37.6767210960388	-8.554184
37.692351102829	-9.330872
37.7079710960388	-10.37405
37.723601102829	-11.63562
37.7392210960388	-13.11478
37.754851102829	-14.88139
37.7704811096191	-17.08809
37.786101102829	-19.86173
37.8017311096191	-23.12341
37.817351102829	-26.44227
37.8329811096191	-29.04428
37.848601102829	-30.03851
37.8642311096191	-28.70937
37.8798608779907	-24.83208
37.8954811096191	-18.70777
37.9111108779907	-11.00876
37.9267311096191	-2.545486
37.9423608779907	6.035774
37.9579811096191	14.30992
37.9736108779907	22.04908
37.9892408847809	29.07896
38.0048608779907	35.20497
38.0204908847809	40.21011
38.0361108779907	43.89408
38.0517408847809	46.21376
38.0673608779907	47.25739
38.0829908847809	47.29209
38.098620891571	46.66928
38.1142408847809	45.77394
38.129870891571	44.92854
38.1454908847809	44.29705
38.161120891571	43.81643
38.1767408847809	43.2044
38.192370891571	42.10238
38.2080008983612	40.15379
38.223620891571	37.2393
38.2392508983612	33.48054
38.254870891571	29.21257
38.2705008983612	24.79146
38.286120891571	20.46766
38.3017508983612	16.25439
38.3173809051514	11.96954
38.3330008983612	7.346197
38.3486309051514	2.161565
38.3642508983612	-3.66249
38.3798809051514	-9.988289
38.3955008983612	-16.49331
38.4111309051514	-22.67298
38.4267609119415	-27.91108
38.4423809051514	-31.5595
38.4580109119415	-33.08057
38.4736309051514	-32.1423
38.4892609119415	-28.76888
38.5048809051514	-23.31611
38.5205109119415	-16.42078
38.5361409187317	-8.831453
38.5517609119415	-1.246685
38.5673909187317	5.82478
38.5830109119415	12.09642
38.5986409187317	17.43805
38.6142609119415	21.83554
38.6298909187317	25.26083
38.6455209255219	27.69604
38.6611409187317	29.14182
38.6767709255219	29.66783
38.6923909187317	29.47423
38.7080209255219	28.85583
38.7236409187317	28.13226
38.7392709255219	27.51761
38.754900932312	27.08357
38.7705209255219	26.7151
38.786150932312	26.23516
38.8017709255219	25.47688
38.817400932312	24.35589
38.8330209255219	22.88678
38.848650932312	21.15472
38.8642809391022	19.2243
38.879900932312	17.15651
38.8955309391022	14.97154
38.911150932312	12.6884
38.9267809391022	10.32612
38.942400932312	7.912807
38.9580309391022	5.420914
38.9736609458923	2.792206
38.9892809391022	-0.06629944
39.0049109458923	-3.170689
39.0205309391022	-6.371086
39.0361609458923	-9.277626
39.0517809391022	-11.35143
39.0674109458923	-11.98317
39.0830409526825	-10.70469
39.0986609458923	-7.339199
39.1142909526825	-2.032558
39.1299109458923	4.782749
39.1455409526825	12.52617
39.1611609458923	20.62447
39.1767909526825	28.60467
39.1924209594727	36.09481
39.2080409526825	42.85083
39.2236709594727	48.67875
39.2392909526825	53.42944
39.2549209594727	57.01745
39.2705409526825	59.37404
39.2861709594727	60.49669
39.3018009662628	60.46983
39.3174209594727	59.46717
39.3330509662628	57.71571
39.3486709594727	55.49461
39.3643009662628	53.04003
39.3799209594727	50.50982
39.3955509662628	47.94318
39.411180973053	45.31176
39.4268009662628	42.51446
39.442430973053	39.46029
39.4580509662628	36.09923
39.473680973053	32.42679
39.4893009662628	28.48458
39.504930973053	24.36726
39.5205609798431	20.17043
39.536180973053	15.97344
39.5518109798431	11.76988
39.567430973053	7.493764
39.5830609798431	3.026265
39.598680973053	-1.740278
39.6143109798431	-6.836115
39.6299409866333	-12.17311
39.6455609798431	-17.52205
39.6611909866333	-22.56346
39.6768109798431	-26.8744
39.6924409866333	-30.00386
39.7080609798431	-31.5223
39.7236909866333	-31.15053
39.7393209934235	-28.88247
39.7549409866333	-25.02908
39.7705709934235	-20.21304
39.7861909866333	-15.14763
39.8018209934235	-10.43784
39.8174409866333	-6.39045
39.8330709934235	-3.032883
39.8487010002136	-0.2292709
39.8643209934235	2.106728
39.8799510002136	3.890373
39.8955709934235	4.878891
39.9112010002136	4.823029
39.9268310070038	3.690468
39.9424510002136	1.706001
39.9580810070038	-0.6394043
39.9737010002136	-2.821037
39.9893310070038	-4.486763
40.0049510002136	-5.613647
40.0205810070038	-6.491325
40.0362110137939	-7.56398
40.0518310070038	-9.2565
40.0674610137939	-11.76808
40.0830810070038	-15.02489
40.0987110137939	-18.74754
40.1143310070038	-22.56693
40.1299610137939	-26.2113
40.1455910205841	-29.54398
40.1612110137939	-32.57362
40.1768410205841	-35.38089
40.1924610137939	-38.06084
40.2080910205841	-40.71982
40.2237110137939	-43.50191
40.2393410205841	-46.55504
40.2549710273743	-50.00154
40.2705910205841	-53.78494
40.2862210273743	-57.59035
40.3018410205841	-60.82692
40.3174710273743	-62.76219
40.3330910205841	-62.73392
40.3487210273743	-60.4361
40.3643510341644	-55.99919
40.3799710273743	-49.96732
40.3956010341644	-43.071
40.4112210273743	-36.02066
40.4268510341644	-29.2646
40.4424710273743	-23.03061
40.4581010341644	-17.38333
40.4737310409546	-12.36432
40.4893510341644	-8.087585
40.5049810409546	-4.688736
40.5206010341644	-2.227158
40.5362310409546	-0.5851593
40.5518510341644	0.5272369
40.5674810409546	1.477798
40.5831110477448	2.528198
40.5987310409546	3.693329
40.6143610477448	4.762268
40.6299810409546	5.409317
40.6456110477448	5.396133
40.6612310409546	4.716705
40.6768610477448	3.621735
40.6924910545349	2.479431
40.7081110477448	1.586655
40.7237410545349	0.9696045
40.7393610477448	0.3508606
40.7549910545349	-0.7412262
40.7706110477448	-2.736526
40.7862410545349	-5.815872
40.8018710613251	-9.794815
40.8174910545349	-14.16402
40.8331210613251	-18.23441
40.8487410545349	-21.36903
40.8643710613251	-23.10201
40.8799910545349	-23.22464
40.8956210613251	-21.73648
40.9112510681152	-18.78191
40.9268710613251	-14.56554
40.9425010681152	-9.334015
40.9581210613251	-3.373856
40.9737510681152	3.006638
40.9893710613251	9.494492
41.0050010681152	15.76247
41.0206310749054	21.49269
41.0362510681152	26.40385
41.0518810749054	30.2646
41.0675010681152	32.94154
41.0831310749054	34.43295
41.0987510681152	34.86061
41.1143810749054	34.47729
41.1300110816956	33.59315
41.1456310749054	32.45938
41.1612610816956	31.217
41.1768810749054	29.86156
41.1925110816956	28.2751
41.2081310749054	26.32239
41.2237610816956	23.9286
41.2393910884857	21.12779
41.2550110816956	18.0247
41.2706410884857	14.71303
41.2862610816956	11.226
41.3018910884857	7.517624
41.3175110816956	3.491241
41.3331410884857	-0.9393616
41.3487710952759	-5.763412
41.3643910884857	-10.8493
41.3800210952759	-15.9122
41.3956410884857	-20.54506
41.4112710952759	-24.26096
41.4268910884857	-26.53885
41.4425210952759	-26.92775
41.458151102066	-25.14026
41.4737710952759	-21.17058
41.489401102066	-15.2912
41.5050210952759	-8.038712
41.520651102066	-0.1149139
41.5362710952759	7.777664
41.551901102066	15.01563
41.5675311088562	21.15547
41.583151102066	25.92557
41.5987811088562	29.22134
41.614401102066	31.04526
41.6300311088562	31.53629
41.645651102066	30.90341
41.6612811088562	29.42984
41.6769108772278	27.43593
41.6925311088562	25.18468
41.7081608772278	22.83945
41.7237811088562	20.39938
41.7394108772278	17.7437
41.7550311088562	14.7515
41.7706608772278	11.36943
41.7862908840179	7.657669
41.8019108772278	3.744385
41.8175408840179	-0.2008362
41.8331608772278	-4.119171
41.8487908840179	-8.046005
41.8644108772278	-12.09119
41.8800408840179	-16.39915
41.8956708908081	-21.0878
41.9112908840179	-26.16145
41.9269208908081	-31.50299
41.9425408840179	-36.81946
41.9581708908081	-41.63731
41.9737908840179	-45.40312
41.9894208908081	-47.64186
42.0050508975983	-48.09027
42.0206708908081	-46.85803
42.0363008975983	-44.32004
42.0519208908081	-40.94119
42.0675508975983	-37.07248
42.0831708908081	-32.81856
42.0988008975983	-28.10916
42.1144309043884	-22.95659
42.1300508975983	-17.56297
42.1456809043884	-12.44893
42.1613008975983	-8.274933
42.1769309043884	-5.623764
42.1925508975983	-4.708023
42.2081809043884	-5.297974
42.2238109111786	-6.783829
42.2394309043884	-8.443848
42.2550609111786	-9.665375
42.2706809043884	-10.12543
42.2863109111786	-9.797546
42.3019309043884	-8.896835
42.3175609111786	-7.714417
42.3331909179688	-6.506683
42.3488109111786	-5.421783
42.3644409179688	-4.529572
42.3800609111786	-3.905029
42.3956909179688	-3.707169
42.4113109111786	-4.170334
42.4269409179688	-5.556702
42.4425709247589	-8.061432
42.4581909179688	-11.73743
42.4738209247589	-16.40719
42.4894409179688	-21.67699
42.5050709247589	-26.97055
42.5206909179688	-31.63132
42.5363209247589	-35.06197
42.5519509315491	-36.81698
42.5675709247589	-36.71921
42.5832009315491	-34.80405
42.5988209247589	-31.26229
42.6144509315491	-26.32737
42.6300809383392	-20.20549
42.6457009315491	-13.09028
42.6613309383392	-5.226013
42.6769509315491	2.962975
42.6925809383392	10.85842
42.7082009315491	17.73539
42.7238309383392	22.96466
42.7394609451294	26.23354
42.7550809383392	27.63295
42.7707109451294	27.61342
42.7863309383392	26.81179
42.8019609451294	25.78711
42.8175809383392	24.88442
42.8332109451294	24.17033
42.8488409519196	23.45546
42.8644609451294	22.48494
42.8800909519196	21.05289
42.8957109451294	19.11359
42.9113409519196	16.74157
42.9269609451294	14.10976
42.9425909519196	11.35323
42.9582209587097	8.520401
42.9738409519196	5.551338
42.9894709587097	2.285286
43.0050909519196	-1.429279
43.0207209587097	-5.71999
43.0363409519196	-10.60011
43.0519709587097	-15.93521
43.0676009654999	-21.40815
43.0832209587097	-26.54861
43.0988509654999	-30.73462
43.1144709587097	-33.32619
43.1301009654999	-33.82439
43.1457209587097	-31.99925
43.1613509654999	-27.99614
43.17698097229	-22.27026
43.1926009654999	-15.47512
43.20823097229	-8.222198
43.2238509654999	-1.003225
43.23948097229	5.852427
43.2551009654999	12.11068
43.27073097229	17.53736
43.2863609790802	21.88539
43.30198097229	24.91805
43.3176109790802	26.53853
43.33323097229	26.87667
43.3488609790802	26.25827
43.36448097229	25.1384
43.3801109790802	23.96915
43.3957409858704	23.05577
43.4113609790802	22.47674
43.4269909858704	22.09776
43.4426109790802	21.66919
43.4582409858704	20.92805
43.4738609790802	19.72646
43.4894909858704	18.07138
43.5051209926605	16.1398
43.5207409858704	14.18676
43.5363709926605	12.43402
43.5519909858704	10.94532
43.5676209926605	9.56636
43.5832409858704	8.004684
43.5988709926605	5.888474
43.6145009994507	2.957565
43.6301209926605	-0.8704605
43.6457509994507	-5.396019
43.6613709926605	-10.15647
43.6770009994507	-14.45902
43.6926209926605	-17.53051
43.7082509994507	-18.64788
43.7238810062408	-17.32803
43.7395009994507	-13.48575
43.7551310062408	-7.449402
43.7707509994507	0.09583282
43.7863810062408	8.35611
43.8020009994507	16.62164
43.8176310062408	24.42226
43.833261013031	31.53883
43.8488810062408	37.83288
43.864511013031	43.1433
43.8801310062408	47.18387
43.895761013031	49.64575
43.9113810062408	50.38082
43.927011013031	49.51783
43.9426410198212	47.48392
43.958261013031	44.89828
43.9738910198212	42.33506
43.989511013031	40.14001
44.0051410198212	38.36202
44.020761013031	36.77502
44.0363910198212	35.04699
44.0520210266113	32.87225
44.0676410198212	30.096
44.0832710266113	26.76757
44.0988910198212	23.08835
44.1145210266113	19.32648
44.1301410198212	15.69095
44.1457710266113	12.25864
44.1614010334015	8.945221
44.1770210266113	5.579735
44.1926510334015	1.996948
44.2082710266113	-1.927422
44.2239010334015	-6.236931
44.2395210266113	-10.89877
44.2551510334015	-15.80294
44.2707810401917	-20.72076
44.2864010334015	-25.22003
44.3020310401917	-28.69802
44.3176510334015	-30.46704
44.3332810401917	-29.95707
44.3489010334015	-26.98082
44.3645310401917	-21.79879
44.3801610469818	-15.05984
44.3957810401917	-7.590927
44.4114110469818	-0.1304169
44.4270310401917	6.869934
44.4426610469818	13.21521
44.4582810401917	18.86067
44.4739110469818	23.75492
44.489541053772	27.72622
44.5051610469818	30.52753
44.520791053772	31.96041
44.5364110469818	32.00489
44.552041053772	30.88176
44.5676610469818	29.02363
44.583291053772	26.93901
44.5989210605621	25.04119
44.614541053772	23.53017
44.6301710605621	22.35948
44.645791053772	21.30455
44.6614210605621	20.08014
44.677041053772	18.4682
44.6926710605621	16.39093
44.7083010673523	13.91264
44.7239210605621	11.16485
44.7395510673523	8.264206
44.7551710605621	5.277124
44.7708010673523	2.191729
44.7864310741425	-1.003925
44.8020510673523	-4.304893
44.8176810741425	-7.671391
44.8333010673523	-11.10537
44.8489310741425	-14.6682
44.8645510673523	-18.49246
44.8801810741425	-22.65009
44.8958110809326	-26.9863
44.9114310741425	-30.98141
44.9270610809326	-33.83676
44.9426810741425	-34.65488
44.9583110809326	-32.85982
44.9739310741425	-28.45157
44.9895610809326	-22.06312
45.0051910877228	-14.71874
45.0208110809326	-7.465836
45.0364410877228	-0.9756126
45.0520610809326	4.570397
45.0676910877228	9.368658
45.0833110809326	13.67901
45.0989410877228	17.58497
45.1145710945129	20.88707
45.1301910877228	23.23982
45.1458210945129	24.37193
45.1614410877228	24.27767
45.1770710945129	23.24592
45.1926910877228	21.7437
45.2083210945129	20.18725
45.2239511013031	18.81806
45.2395710945129	17.63715
45.2552011013031	16.47956
45.2708210945129	15.1394
45.2864511013031	13.47579
45.3020710945129	11.43414
45.3177011013031	9.062603
45.3333311080933	6.454845
45.3489511013031	3.751465
45.3645811080933	1.080482
45.3802011013031	-1.445465
45.3958311080933	-3.81778
45.4114511013031	-6.097672
45.4270811080933	-8.473907
45.4427108764648	-11.14671
45.4583311080933	-14.28266
45.4739608764648	-17.91739
45.4895811080933	-21.9445
45.5052108764648	-26.07569
45.5208311080933	-29.88793
45.5364608764648	-32.83945
45.552090883255	-34.39847
45.5677108764648	-34.17315
45.583340883255	-32.0582
45.5989608764648	-28.29408
45.614590883255	-23.41157
45.6302108764648	-18.02969
45.645840883255	-12.65408
45.6614708900452	-7.559006
45.677090883255	-2.849442
45.6927208900452	1.407684
45.708340883255	5.005318
45.7239708900452	7.618637
45.739590883255	8.903488
45.7552208900452	8.773125
45.7708508968353	7.455879
45.7864708900452	5.489876
45.8021008968353	3.468262
45.8177208900452	1.81778
45.8333508968353	0.6302948
45.8489708900452	-0.2910614
45.8646008968353	-1.288589
45.8802309036255	-2.620544
45.8958508968353	-4.34584
45.9114809036255	-6.346222
45.9271008968353	-8.440292
45.9427309036255	-10.46866
45.9583508968353	-12.36978
45.9739809036255	-14.15779
45.9896109104156	-15.87556
46.0052309036255	-17.53993
46.0208609104156	-19.18401
46.0364809036255	-20.82759
46.0521109104156	-22.55244
46.0677309036255	-24.41725
46.0833609104156	-26.38631
46.0989909172058	-28.27856
46.1146109104156	-29.70503
46.1302409172058	-30.23196
46.1458609104156	-29.51157
46.1614909172058	-27.47115
46.1771109104156	-24.32295
46.1927409172058	-20.4623
46.208370923996	-16.27975
46.2239909172058	-11.95233
46.239620923996	-7.458374
46.2552409172058	-2.687607
46.270870923996	2.347
46.2864909172058	7.381927
46.302120923996	11.9091
46.3177509307861	15.42755
46.333370923996	17.64552
46.3490009307861	18.66293
46.364620923996	18.91583
46.3802509307861	18.93193
46.395870923996	19.11356
46.4115009307861	19.55087
46.4271309375763	20.06851
46.4427509307861	20.38527
46.4583809375763	20.33231
46.4740009307861	19.91432
46.4896309375763	19.27148
46.5052509307861	18.56358
46.5208809375763	17.83734
46.5365109443665	17.02499
46.5521309375763	15.92207
46.5677609443665	14.27495
46.5833809375763	11.81839
46.5990109443665	8.343918
46.6146309375763	3.705505
46.6302609443665	-2.090378
46.6458909511566	-8.839966
46.6615109443665	-16.10147
46.6771409511566	-23.24487
46.6927609443665	-29.57767
46.7083909511566	-34.48409
46.7240109443665	-37.58263
46.7396409511566	-38.76814
46.7552709579468	-38.21233
46.7708909511566	-36.25099
46.7865209579468	-33.28403
46.8021409511566	-29.67531
46.8177709579468	-25.70192
46.8333909511566	-21.59116
46.8490209579468	-17.59769
46.8646509647369	-14.01768
46.8802709579468	-11.18039
46.8959009647369	-9.324265
46.9115209579468	-8.476105
46.9271509647369	-8.403259
46.9427709579468	-8.698288
46.9584009647369	-8.954163
46.9740309715271	-8.950958
46.9896509647369	-8.737625
47.0052809715271	-8.584427
47.0209009647369	-8.797562
47.0365309715271	-9.580429
47.0521509647369	-10.91374
47.0677809715271	-12.59132
47.0834109783173	-14.31364
47.0990309715271	-15.85228
47.1146609783173	-17.09799
47.1302809715271	-18.13043
47.1459109783173	-19.16191
47.1615309715271	-20.44987
47.1771609783173	-22.19618
47.1927909851074	-24.49309
47.2084109783173	-27.25145
47.2240409851074	-30.21201
47.2396609783173	-32.98506
47.2552909851074	-35.14122
47.2709109783173	-36.252
47.2865409851074	-35.99179
47.3021709918976	-34.17113
47.3177909851074	-30.75401
47.3334209918976	-25.8793
47.3490409851074	-19.84085
47.3646709918976	-13.04517
47.3803009986877	-5.965744
47.3959209918976	0.9219666
47.4115509986877	7.181793
47.4271709918976	12.47706
47.4428009986877	16.55315
47.4584209918976	19.25446
47.4740509986877	20.55599
47.4896810054779	20.5847
47.5053009986877	19.64919
47.5209310054779	18.20727
47.5365509986877	16.74881
47.5521810054779	15.65939
47.5678009986877	15.07635
47.5834310054779	14.84589
47.5990610122681	14.62651
47.6146810054779	14.05997
47.6303110122681	12.93149
47.6459310054779	11.29255
47.6615610122681	9.382805
47.6771810054779	7.522888
47.6928110122681	5.916962
47.7084410190582	4.592934
47.7240610122681	3.380585
47.7396910190582	1.970695
47.7553110122681	0.06826019
47.7709410190582	-2.560181
47.7865610122681	-5.928291
47.8021910190582	-9.84354
47.8178210258484	-13.86132
47.8334410190582	-17.38148
47.8490710258484	-19.69991
47.8646910190582	-20.17582
47.8803210258484	-18.37436
47.8959410190582	-14.19772
47.9115710258484	-8.006042
47.9272010326385	-0.504261
47.9428210258484	7.390549
47.9584510326385	14.8145
47.9740710258484	21.16331
47.9897010326385	26.16547
48.0053210258484	29.81399
48.0209510326385	32.17277
48.0365810394287	33.2372
48.0522010326385	32.91026
48.0678310394287	31.14526
48.0834510326385	28.10546
48.0990810394287	24.27104
48.1147010326385	20.3342
48.1303310394287	16.93511
48.1459610462189	14.41279
48.1615810394287	12.69502
48.1772110462189	11.37901
48.1928310394287	9.990794
48.2084610462189	8.216514
48.2240810394287	6.011306
48.2397110462189	3.563809
48.255341053009	1.175525
48.2709610462189	-0.9192208
48.286591053009	-2.586213
48.3022110462189	-3.789425
48.317841053009	-4.592206
48.3334610462189	-5.127579
48.349091053009	-5.618272
48.3647210597992	-6.336924
48.380341053009	-7.546794
48.3959710597992	-9.381478
48.411591053009	-11.80989
48.4272210597992	-14.58517
48.442841053009	-17.28696
48.4584710597992	-19.36045
48.4741010665894	-20.21752
48.4897210597992	-19.34564
48.5053510665894	-16.38379
48.5209710597992	-11.28449
48.5366010665894	-4.353104
48.5522210597992	3.798504
48.5678510665894	12.3853
48.5834810733795	20.66738
48.5991010665894	28.11677
48.6147310733795	34.47769
48.6303510665894	39.69596
48.6459810733795	43.75908
48.6616010665894	46.63195
48.6772310733795	48.24823
48.6928610801697	48.60772
48.7084810733795	47.87711
48.7241110801697	46.40059
48.7397310733795	44.60925
48.7553610801697	42.86645
48.7709810733795	41.33425
48.7866110801697	39.94389
48.8022410869598	38.50826
48.8178610801697	36.80534
48.8334910869598	34.73153
48.8491110801697	32.3103
48.8647410869598	29.64612
48.8803610801697	26.87034
48.8959910869598	24.07137
48.91162109375	21.29877
48.9272410869598	18.5274
48.94287109375	15.68593
48.9584910869598	12.64653
48.97412109375	9.271046
48.9897410869598	5.428131
49.00537109375	1.050533
49.0210011005402	-3.833941
49.03662109375	-9.064095
49.0522511005402	-14.317
49.06787109375	-19.07555
49.0835011005402	-22.71532
49.09912109375	-24.61374
49.1147511005402	-24.32499
49.1303811073303	-21.77264
49.1460011005402	-17.31205
49.1616311073303	-11.62226
49.1772511005402	-5.499643
49.1928811073303	0.4163508
49.2085011005402	5.799297
49.2241311073303	10.5859
49.2397611141205	14.82838
49.2553811073303	18.524
49.2710111141205	21.52011
49.2866311073303	23.61652
49.3022611141205	24.71749
49.3178811073303	24.92939
49.3335111141205	24.5667
49.3491408824921	24.02518
49.3647611141205	23.57684
49.3803908824921	23.2598
49.3960111141205	22.8922
49.4116408824921	22.17901
49.4272611141205	20.83741
49.4428908824921	18.76239
49.4585208892822	16.00249
49.4741408824921	12.75895
49.4897708892822	9.257885
49.5053908824921	5.671497
49.5210208892822	2.075523
49.5366408824921	-1.51659
49.5522708892822	-5.178886
49.5679008960724	-8.957092
49.5835208892822	-12.89664
49.5991508960724	-17.01476
49.6147708892822	-21.31113
49.6304008960724	-25.71021
49.6460309028625	-30.03912
49.6616508960724	-33.95524
49.6772809028625	-36.96215
49.6929008960724	-38.49009
49.7085309028625	-38.05838
49.7241508960724	-35.47781
49.7397809028625	-30.92535
49.7554109096527	-24.92632
49.7710309028625	-18.18096
49.7866609096527	-11.35635
49.8022809028625	-4.946358
49.8179109096527	0.756424
49.8335309028625	5.54921
49.8491609096527	9.25724
49.8647909164429	11.68494
49.8804109096527	12.6825
49.8960409164429	12.30542
49.9116609096527	10.85104
49.9272909164429	8.817101
49.9429109096527	6.762405
49.9585409164429	5.07225
49.974170923233	3.882233
49.9897909164429	3.08812
50.005420923233	2.486008
50.0210409164429	1.890152
50.036670923233	1.219543
50.0522909164429	0.4224243
50.067920923233	-0.5395355
50.0835509300232	-1.760406
50.099170923233	-3.331604
50.1148009300232	-5.33609
50.130420923233	-7.773331
50.1460509300232	-10.60695
50.161670923233	-13.7729
50.1773009300232	-17.16568
50.1929309368134	-20.64563
50.2085509300232	-23.90555
50.2241809368134	-26.4763
50.2398009300232	-27.7841
50.2554309368134	-27.35046
50.2710509300232	-24.98529
50.2866809368134	-20.9418
50.3023109436035	-15.83571
50.3179309368134	-10.47224
50.3335609436035	-5.587036
50.3491809368134	-1.649948
50.3648109436035	1.207764
50.3804309368134	3.091248
50.3960609436035	4.178543
50.4116909503937	4.611389
50.4273109436035	4.408859
50.4429409503937	3.529892
50.4585609436035	1.983688
50.4741909503937	-0.1199036
50.4898109436035	-2.586258
50.5054409503937	-5.242432
50.5210709571838	-8.035934
50.5366909503937	-11.05461
50.5523209571838	-14.48032
50.5679409503937	-18.42766
50.5835709571838	-22.83238
50.5991909503937	-27.44656
50.6148209571838	-31.90991
50.630450963974	-35.92021
50.6460709571838	-39.35226
50.661700963974	-42.31761
50.6773209571838	-45.08351
50.692950963974	-47.98979
50.7085709571838	-51.29611
50.724200963974	-55.11191
50.7398309707642	-59.33667
50.755450963974	-63.61415
50.7710809707642	-67.35033
50.786700963974	-69.78023
50.8023309707642	-70.14195
50.817950963974	-67.88446
50.8335809707642	-62.88367
50.8492109775543	-55.54041
50.8648309707642	-46.63637
50.8804609775543	-37.13696
50.8960809707642	-27.86552
50.9117109775543	-19.35027
50.9273309707642	-11.81152
50.9429609775543	-5.31926
50.9585909843445	0.07971191
50.9742109775543	4.305496
50.9898409843445	7.313766
51.0054609775543	9.207031
51.0210909843445	10.30634
51.0367109775543	11.07209
51.0523409843445	11.92222
51.0679709911346	13.03665
51.0835909843445	14.3133
51.0992209911346	15.43195
51.1148409843445	16.08212
51.1304709911346	16.12619
51.1460909843445	15.65379
51.1617209911346	14.88179
51.1773509979248	14.04015
51.1929709911346	13.22369
51.2086009979248	12.39932
51.2242209911346	11.47089
51.2398509979248	10.28644
51.2554709911346	8.692795
51.2711009979248	6.502197
51.286731004715	3.550953
51.3023509979248	-0.2016983
51.317981004715	-4.51722
51.3336009979248	-8.812435
51.349231004715	-12.23272
51.3648509979248	-13.8828
51.380481004715	-13.17724
51.3961110115051	-10.02471
51.411731004715	-4.865795
51.4273610115051	1.53087
51.442981004715	8.340305
51.4586110115051	14.90647
51.474231004715	20.84657
51.4898610115051	25.98412
51.5054910182953	30.2109
51.5211110115051	33.38841
51.5367410182953	35.37075
51.5523610115051	36.05256
51.5679910182953	35.52377
51.5836110115051	34.07546
51.5992410182953	32.11105
51.6148710250854	30.04291
51.6304910182953	28.09908
51.6461210250854	26.26298
51.6617410182953	24.32357
51.6773710250854	22.04024
51.6929910182953	19.321
51.7086210250854	16.25166
51.7242510318756	13.09993
51.7398710250854	10.15366
51.7555010318756	7.589569
51.7711210250854	5.421883
51.7867510318756	3.511208
51.8023710250854	1.637966
51.8180010318756	-0.4210205
51.8336310386658	-2.838852
51.8492510318756	-5.718372
51.8648810386658	-8.960522
51.8805010318756	-12.23504
51.8961310386658	-14.95308
51.9117610454559	-16.40274
51.9273810386658	-15.95362
51.9430110454559	-13.2632
51.9586310386658	-8.407726
51.9742610454559	-1.845547
51.9898810386658	5.73315
52.0055110454559	13.68584
52.0211410522461	21.48584
52.0367610454559	28.83279
52.0523910522461	35.54111
52.0680110454559	41.45225
52.0836410522461	46.38207
52.0992610454559	50.11303
52.1148910522461	52.515
52.1305210590363	53.64268
52.1461410522461	53.76839
52.1617710590363	53.28416
52.1773910522461	52.56535
52.1930210590363	51.8331
52.2086410522461	51.02177
52.2242710590363	49.88758
52.2399010658264	48.12894
52.2555210590363	45.56931
52.2711510658264	42.2898
52.2867710590363	38.63357
52.3024010658264	35.0255
52.3180210590363	31.77404
52.3336510658264	28.91765
52.3492810726166	26.17061
52.3649010658264	23.04976
52.3805310726166	19.08999
52.3961510658264	14.07484
52.4117810726166	8.174629
52.4274010658264	1.950474
52.4430310726166	-3.781773
52.4586610794067	-8.172035
52.4742810726166	-10.53859
52.4899110794067	-10.55262
52.5055310726166	-8.25934
52.5211610794067	-4.099659
52.5367810726166	1.220909
52.5524110794067	6.864658
52.5680410861969	12.05608
52.5836610794067	16.27164
52.5992910861969	19.3504
52.6149110794067	21.43314
52.6305410861969	22.81392
52.6461610794067	23.71695
52.6617910861969	24.18199
52.6774210929871	24.02739
52.6930410861969	23.02724
52.7086710929871	21.07863
52.7242910861969	18.36067
52.7399210929871	15.27507
52.7555410861969	12.30726
52.7711710929871	9.781404
52.7868010997772	7.762962
52.8024210929871	6.026974
52.8180510997772	4.242329
52.8336710929871	2.137577
52.8493010997772	-0.3449173
52.8649210929871	-3.075459
52.8805510997772	-5.825352
52.8961811065674	-8.454758
52.9118010997772	-11.01956
52.9274311065674	-13.77213
52.9430510997772	-17.03714
52.9586811065674	-21.0824
52.9743010997772	-25.96368
52.9899311065674	-31.493
53.0055611133575	-37.20519
53.0211811065674	-42.4429
53.0368111133575	-46.44755
53.0524311065674	-48.54593
53.0680611133575	-48.311
53.0836811065674	-45.72507
53.0993111133575	-41.15456
53.1149408817291	-35.20427
53.1305611133575	-28.49506
53.1461908817291	-21.48689
53.1618111133575	-14.43658
53.1774408817291	-7.50769
53.1930611133575	-0.9434586
53.2086908817291	4.856415
53.2243208885193	9.374298
53.2399408817291	12.19072
53.2555708885193	13.19376
53.2711908817291	12.64403
53.2868208885193	11.10895
53.3024408817291	9.202072
53.3180708885193	7.401138
53.3337008953094	5.86525
53.3493208885193	4.494003
53.3649508953094	3.053268
53.3805708885193	1.284195
53.3962008953094	-0.9711151
53.4118208885193	-3.731247
53.4274508953094	-6.87886
53.4430809020996	-10.20627
53.4587008953094	-13.5049
53.4743309020996	-16.66051
53.4899508953094	-19.72531
53.5055809020996	-22.89919
53.5212008953094	-26.49117
53.5368309020996	-30.74011
53.5524609088898	-35.74187
53.5680809020996	-41.32404
53.5837109088898	-47.06668
53.5993309020996	-52.36884
53.6149609088898	-56.56662
53.6305809020996	-59.02777
53.6462109088898	-59.26555
53.6618409156799	-57.02605
53.6774609088898	-52.35649
53.6930909156799	-45.67883
53.7087109088898	-37.68988
53.7243409156799	-29.23154
53.7399609088898	-21.09366
53.7555909156799	-13.81192
53.7712209224701	-7.68782
53.7868409156799	-2.84259
53.8024709224701	0.6495209
53.8180909156799	2.712921
53.8337209224701	3.322418
53.8493409156799	2.591614
53.8649709224701	0.8773041
53.8806009292603	-1.285431
53.8962209224701	-3.29538
53.9118509292603	-4.743912
53.9274709224701	-5.484238
53.9431009292603	-5.689941
53.9587209224701	-5.678284
53.9743509292603	-5.760223
53.9899809360504	-6.086121
54.0056009292603	-6.629974
54.0212309360504	-7.293915
54.0368509292603	-7.997772
54.0524809360504	-8.799484
54.0681009292603	-9.843231
54.0837309360504	-11.29517
54.0993609428406	-13.27864
54.1149809360504	-15.81522
54.1306109428406	-18.84431
54.1462309360504	-22.22356
54.1618609428406	-25.757
54.1774809360504	-29.07923
54.1931109428406	-31.70683
54.2087409496307	-33.05899
54.2243609428406	-32.63948
54.2399909496307	-30.23054
54.2556109428406	-25.93682
54.2712409496307	-20.16849
54.2868609428406	-13.47146
54.3024909496307	-6.359047
54.3181209564209	0.7554092
54.3337409496307	7.503944
54.3493709564209	13.5008
54.3649909496307	18.31459
54.3806209564209	21.53967
54.3962409496307	22.98553
54.4118709564209	22.75768
54.4275009632111	21.33701
54.4431209564209	19.37579
54.4587509632111	17.50922
54.4743709564209	16.09782
54.4900009632111	15.18011
54.5056209564209	14.51531
54.5212509632111	13.79009
54.5368809700012	12.78422
54.5525009632111	11.46345
54.5681309700012	9.928642
54.5837509632111	8.281982
54.5993809700012	6.553764
54.6150109767914	4.63282
54.6306309700012	2.370365
54.6462609767914	-0.3041611
54.6618809700012	-3.34267
54.6775109767914	-6.550571
54.6931309700012	-9.652977
54.7087609767914	-12.3428
54.7243909835815	-14.30246
54.7400109767914	-15.23367
54.7556409835815	-14.8742
54.7712609767914	-13.06837
54.7868909835815	-9.783747
54.8025109767914	-5.167843
54.8181409835815	0.5280781
54.8337709903717	7.024504
54.8493909835815	14.04796
54.8650209903717	21.358
54.8806409835815	28.70901
54.8962709903717	35.80626
54.9118909835815	42.25104
54.9275209903717	47.60031
54.9431509971619	51.4702
54.9587709903717	53.66118
54.9744009971619	54.2372
54.9900209903717	53.52699
55.0056509971619	52.07014
55.0212709903717	50.41473
55.0369009971619	48.92106
55.052531003952	47.66544
55.0681509971619	46.42958
55.083781003952	44.83239
55.0994009971619	42.58611
55.115031003952	39.6106
55.1306509971619	36.09032
55.146281003952	32.34909
55.1619110107422	28.65545
55.177531003952	25.10292
55.1931610107422	21.53314
55.208781003952	17.67589
55.2244110107422	13.2897
55.240031003952	8.282391
55.2556610107422	2.810312
55.2712910175323	-2.724338
55.2869110107422	-7.747711
55.3025410175323	-11.59726
55.3181610107422	-13.66602
55.3337910175323	-13.56991
55.3494110107422	-11.20363
55.3650410175323	-6.83865
55.3806710243225	-1.031271
55.3962910175323	5.508703
55.4119210243225	12.12216
55.4275410175323	18.28804
55.4431710243225	23.70796
55.4587910175323	28.19935
55.4744210243225	31.61707
55.4900510311127	33.77206
55.5056710243225	34.48581
55.5213010311127	33.70483
55.5369210243225	31.62334
55.5525510311127	28.72176
55.5681710243225	25.63749
55.5838010311127	22.92707
55.5994310379028	20.89087
55.6150510311127	19.41412
55.6306810379028	18.09972
55.6463010311127	16.43714
55.6619310379028	14.04662
55.6775510311127	10.8037
55.6931810379028	6.850563
55.708811044693	2.416687
55.7244310379028	-2.259766
55.740061044693	-7.068047
55.7556810379028	-11.96259
55.771311044693	-16.91169
55.7869310379028	-21.86765
55.802561044693	-26.76597
55.8181910514832	-31.54884
55.833811044693	-36.19192
55.8494410514832	-40.65553
55.865061044693	-44.78092
55.8806910514832	-48.26273
55.896311044693	-50.68936
55.9119410514832	-51.67795
55.9275710582733	-51.05152
55.9431910514832	-48.90124
55.9588210582733	-45.58438
55.9744410514832	-41.55731
55.9900710582733	-37.21552
56.0056910514832	-32.77769
56.0213210582733	-28.33612
56.0369510650635	-23.95171
56.0525710582733	-19.7974
56.0682010650635	-16.21654
56.0838210582733	-13.68493
56.0994510650635	-12.60708
56.1150710582733	-13.16296
56.1307010650635	-15.13434
56.1463310718536	-17.96757
56.1619510650635	-20.91474
56.1775810718536	-23.32394
56.1932010650635	-24.86916
56.2088310718536	-25.6824
56.2244510650635	-26.20435
56.2400810718536	-26.94929
56.2557110786438	-28.23542
56.2713310718536	-30.03442
56.2869610786438	-32.07411
56.3025810718536	-34.02979
56.3182110786438	-35.72514
56.3338310718536	-37.20005
56.3494610786438	-38.65585
56.365091085434	-40.31149
56.3807110786438	-42.27967
56.396341085434	-44.60056
56.4119610786438	-47.27687
56.427591085434	-50.3293
56.4432110786438	-53.69032
56.458841085434	-57.03368
56.4744710922241	-59.71996
56.490091085434	-60.90929
56.5057210922241	-59.79848
56.521341085434	-55.93587
56.5369710922241	-49.42387
56.552591085434	-40.86154
56.5682210922241	-31.08829
56.5838510990143	-20.90417
56.5994710922241	-10.85431
56.6151010990143	-1.222553
56.6307210922241	7.821274
56.6463510990143	16.08339
56.6619710922241	23.26084
56.6776010990143	29.02674
56.6932311058044	33.18694
56.7088510990143	35.78852
56.7244811058044	37.08049
56.7401010990143	37.42175
56.7557311058044	37.13865
56.7713611125946	36.42805
56.7869811058044	35.42971
56.8026111125946	34.18531
56.8182311058044	32.73712
56.8338611125946	31.13433
56.8494811058044	29.40091
56.8651111125946	27.54235
56.8807408809662	25.56134
56.8963611125946	23.45366
56.9119908809662	21.20492
56.9276111125946	18.75589
56.9432408809662	15.98987
56.9588611125946	12.74664
56.9744908809662	8.892784
56.9901208877563	4.34935
57.0057408809662	-0.8423576
57.0213708877563	-6.563057
57.0369908809662	-12.5384
57.0526208877563	-18.3262
57.0682408809662	-23.25468
57.0838708877563	-26.43428
57.0995008945465	-26.98925
57.1151208877563	-24.31557
57.1307508945465	-18.37932
57.1463708877563	-9.78677
57.1620008945465	0.3685455
57.1776208877563	10.88309
57.1932508945465	20.79903
57.2088809013367	29.61096
57.2245008945465	37.22583
57.2401309013367	43.72635
57.2557508945465	49.15718
57.2713809013367	53.32693
57.2870008945465	55.94302
57.3026309013367	56.70703
57.3182609081268	55.55447
57.3338809013367	52.74361
57.3495109081268	48.80035
57.3651309013367	44.38742
57.3807609081268	40.03714
57.3963809013367	36.03365
57.4120109081268	32.33234
57.427640914917	28.68382
57.4432609081268	24.806
57.458890914917	20.56184
57.4745109081268	16.04996
57.490140914917	11.52322
57.5057609081268	7.241295
57.521390914917	3.31778
57.5370209217072	-0.3307037
57.552640914917	-3.922043
57.5682709217072	-7.654984
57.583890914917	-11.65804
57.5995209217072	-15.96362
57.615140914917	-20.55035
57.6307709217072	-25.31496
57.6464009284973	-30.05622
57.6620209217072	-34.28412
57.6776509284973	-37.24639
57.6932709217072	-38.05236
57.7089009284973	-35.96339
57.7245209217072	-30.74104
57.7401509284973	-22.81203
57.7557809352875	-13.10863
57.7714009284973	-2.754044
57.7870309352875	7.333946
57.8026509284973	16.68138
57.8182809352875	25.23944
57.8339009284973	33.18105
57.8495309352875	40.64329
57.8651609420776	47.57468
57.8807809352875	53.73543
57.8964109420776	58.83725
57.9120309352875	62.6874
57.9276609420776	65.29973
57.9432809352875	66.898
57.9589109420776	67.79953
57.9745409488678	68.26468
57.9901609420776	68.3726
58.0057909488678	67.97785
58.0214109420776	66.8094
58.0370409488678	64.61502
58.0526609420776	61.31562
58.0682909488678	57.05328
58.083920955658	52.15012
58.0995409488678	46.96792
58.115170955658	41.79214
58.1307909488678	36.76179
58.146420955658	31.84138
58.1620409488678	26.87306
58.177670955658	21.63176
58.1933009624481	15.8798
58.208920955658	9.461384
58.2245509624481	2.419827
58.240170955658	-4.912334
58.2558009624481	-11.85534
58.271420955658	-17.5241
58.2870509624481	-21.06589
58.3026809692383	-21.9751
58.3183009624481	-20.29226
58.3339309692383	-16.55175
58.3495509624481	-11.59536
58.3651809692383	-6.233513
58.3808009624481	-1.017628
58.3964309692383	3.813189
58.4120609760284	8.208394
58.4276809692383	12.13731
58.4433109760284	15.43072
58.4589309692383	17.78355
58.4745609760284	18.87475
58.4901809692383	18.49112
58.5058109760284	16.67781
58.5214409828186	13.69934
58.5370609760284	9.945574
58.5526909828186	5.849495
58.5683109760284	1.717737
58.5839409828186	-2.293701
58.5995609760284	-6.208706
58.6151909828186	-10.14252
58.6308209896088	-14.21852
58.6464409828186	-18.46539
58.6620709896088	-22.79941
58.6776909828186	-27.05391
58.6933209896088	-31.10247
58.7089409828186	-34.93123
58.7245709896088	-38.69681
58.7402009963989	-42.65257
58.7558209896088	-47.00738
58.7714509963989	-51.83606
58.7870709896088	-57.05586
58.8027009963989	-62.47695
58.8183209896088	-67.8384
58.8339509963989	-72.81413
58.8495810031891	-76.93804
58.8652009963989	-79.59161
58.8808310031891	-80.06855
58.8964509963989	-77.86082
58.9120810031891	-72.90977
58.9277009963989	-65.76846
58.9433310031891	-57.49022
58.9589610099792	-49.2609
58.9745810031891	-41.93073
58.9902110099792	-35.79626
59.0058310031891	-30.60484
59.0214610099792	-25.92609
59.0370910167694	-21.51588
59.0527110099792	-17.49488
59.0683410167694	-14.26964
59.0839610099792	-12.23394
59.0995910167694	-11.46395
59.1152110099792	-11.63934
59.1308410167694	-12.18578
59.1464710235596	-12.56036
59.1620910167694	-12.47781
59.1777210235596	-12.05505
59.1933410167694	-11.67671
59.2089710235596	-11.81608
59.2245910167694	-12.7743
59.2402210235596	-14.56132
59.2558510303497	-16.89616
59.2714710235596	-19.38137
59.2871010303497	-21.64734
59.3027210235596	-23.54943
59.3183510303497	-25.16965
59.3339710235596	-26.77294
59.3496010303497	-28.64456
59.3652310371399	-30.96573
59.3808510303497	-33.76579
59.3964810371399	-36.98794
59.4121010303497	-40.51609
59.4277310371399	-44.16505
59.4433510303497	-47.59117
59.4589810371399	-50.24529
59.4746110439301	-51.37408
59.4902310371399	-50.24039
59.5058610439301	-46.40893
59.5214810371399	-39.9464
59.5371110439301	-31.47709
59.5527310371399	-21.94726
59.5683610439301	-12.33366
59.5839910507202	-3.382231
59.5996110439301	4.501353
59.6152410507202	11.20796
59.6308610439301	16.77841
59.6464910507202	21.25416
59.6621110439301	24.64684
59.6777410507202	26.93332
59.6933710575104	28.17288
59.7089910507202	28.51033
59.7246210575104	28.2496
59.7402410507202	27.78973
59.7558710575104	27.51177
59.7714910507202	27.63402
59.7871210575104	28.11061
59.8027510643005	28.64396
59.8183710575104	28.83199
59.8340010643005	28.36583
59.8496210575104	27.1609
59.8652510643005	25.38978
59.8808710575104	23.36713
59.8965010643005	21.35674
59.9121310710907	19.45814
59.9277510643005	17.56164
59.9433810710907	15.4448
59.9590010643005	12.85598
59.9746310710907	9.626442
59.9902510643005	5.68055
60.0058810710907	1.097839
60.0215110778809	-3.862617
60.0371310710907	-8.727425
60.0527610778809	-12.83489
60.0683810710907	-15.42188
60.0840110778809	-15.82926
60.0996310710907	-13.69703
60.1152610778809	-9.127266
60.130891084671	-2.640991
60.1465110778809	4.976387
60.162141084671	12.90095
60.1777610778809	20.52767
60.193391084671	27.54472
60.2090110778809	33.88014
60.224641084671	39.54103
60.2402710914612	44.45427
60.255891084671	48.37766
60.2715210914612	51.04353
60.287141084671	52.31819
60.3027710914612	52.28464
60.318391084671	51.34442
60.3340210914612	50.04639
60.3496510982513	48.85521
60.3652710914612	48.02014
60.3809010982513	47.46469
60.3965210914612	46.87781
60.4121510982513	45.86952
60.4277710914612	44.17516
60.4434010982513	41.78183
60.4590311050415	38.9267
60.4746510982513	35.99129
60.4902811050415	33.29033
60.5059010982513	30.95627
60.5215311050415	28.87442
60.5371510982513	26.75049
60.5527811050415	24.2261
60.5684111118317	21.00894
60.5840311050415	16.9274
60.5996611118317	12.02519
60.6152811050415	6.583969
60.6309111118317	1.141281
60.6465311050415	-3.542953
60.6621611118317	-6.661011
60.6777908802032	-7.559952
60.6934111118317	-5.97287
60.7090408802032	-2.125534
60.7246611118317	3.384048
60.7402908802032	9.802963
60.7559111118317	16.49326
60.7715408802032	23.0535
60.7871708869934	29.27948
60.8027908802032	35.00855
60.8184208869934	40.00946
60.8340408802032	43.97196
60.8496708869934	46.61803
60.8652908802032	47.83039
60.8809208869934	47.74355
60.8965508937836	46.71111
60.9121708869934	45.13919
60.9278008937836	43.37953
60.9434208869934	41.59764
60.9590508937836	39.79722
60.9746708869934	37.87767
60.9903008937836	35.73685
61.0059309005737	33.33588
61.0215508937836	30.7514
61.0371809005737	28.1123
61.0528008937836	25.53198
61.0684309005737	23.02344
61.0840508937836	20.45252
61.0996809005737	17.59763
61.1153109073639	14.16565
61.1309309005737	9.908962
61.1465609073639	4.669952
61.1621809005737	-1.553246
61.1778109073639	-8.578259
61.1934309005737	-16.00251
61.2090609073639	-23.18634
61.2246909141541	-29.33626
61.2403109073639	-33.63665
61.2559409141541	-35.4839
61.2715609073639	-34.64085
61.2871909141541	-31.37349
61.3028109073639	-26.35424
61.3184409141541	-20.47026
61.3340709209442	-14.53249
61.3496909141541	-9.08436
61.3653209209442	-4.305901
61.3809409141541	-0.1268501
61.3965709209442	3.580791
61.4121909141541	6.847458
61.4278209209442	9.53672
61.4434509277344	11.3851
61.4590709209442	12.19017
61.4747009277344	11.96281
61.4903209209442	10.97478
61.5059509277344	9.674004
61.5215709209442	8.52523
61.5372009277344	7.735184
61.5528309345245	7.225266
61.5684509277344	6.603699
61.5840809345245	5.393913
61.5997009277344	3.288956
61.6153309345245	0.3131256
61.6309609413147	-3.23333
61.6465809345245	-6.923439
61.6622109413147	-10.41954
61.6778309345245	-13.65335
61.6934609413147	-16.78491
61.7090809345245	-20.05376
61.7247109413147	-23.65021
61.7403409481049	-27.60739
61.7559609413147	-31.83252
61.7715909481049	-36.10565
61.7872109413147	-40.12547
61.8028409481049	-43.4207
61.8184609413147	-45.4726
61.8340909481049	-45.71964
61.849720954895	-43.81122
61.8653409481049	-39.71649
61.880970954895	-33.78209
61.8965909481049	-26.67148
61.912220954895	-19.10349
61.9278409481049	-11.74089
61.943470954895	-5.048935
61.9591009616852	0.6524658
61.974720954895	5.17421
61.9903509616852	8.390366
62.005970954895	10.26843
62.0216009616852	10.93187
62.037220954895	10.63283
62.0528509616852	9.769058
62.0684809684753	8.719833
62.0841009616852	7.816666
62.0997309684753	7.211777
62.1153509616852	6.908325
62.1309809684753	6.77713
62.1466009616852	6.597977
62.1622309684753	6.235901
62.1778609752655	5.580353
62.1934809684753	4.641235
62.2091109752655	3.445343
62.2247309684753	2.025757
62.2403609752655	0.3268433
62.2559809684753	-1.775146
62.2716109752655	-4.484711
62.2872409820557	-8.036163
62.3028609752655	-12.5379
62.3184909820557	-17.89429
62.3341109752655	-23.63986
62.3497409820557	-29.0405
62.3653609752655	-33.13785
62.3809909820557	-35.07971
62.3966209888458	-34.35928
62.4122409820557	-30.98969
62.4278709888458	-25.51596
62.4434909820557	-18.79849
62.4591209888458	-11.75818
62.4747409820557	-5.089233
62.4903709888458	0.774353
62.506000995636	5.657379
62.5216209888458	9.457977
62.537250995636	12.09625
62.5528709888458	13.51123
62.568500995636	13.7121
62.5841209888458	12.90845
62.599750995636	11.40408
62.6153810024261	9.573822
62.631000995636	7.685364
62.6466310024261	5.806488
62.662250995636	3.836304
62.6778810024261	1.58197
62.693500995636	-1.084747
62.7091310024261	-4.146881
62.7247610092163	-7.443176
62.7403810024261	-10.79083
62.7560110092163	-14.06989
62.7716310024261	-17.29623
62.7872610092163	-20.61096
62.8028810024261	-24.2244
62.8185110092163	-28.31961
62.8341410160065	-32.9483
62.8497610092163	-37.9483
62.8653910160065	-42.8479
62.8810110092163	-46.89746
62.8966410160065	-49.23071
62.9122610092163	-49.13422
62.9278910160065	-46.32169
62.9435210227966	-41.07999
62.9591410160065	-34.20651
62.9747710227966	-26.7153
62.9903910160065	-19.48682
63.0060210227966	-13.00604
63.0216410160065	-7.382751
63.0372710227966	-2.495819
63.0529010295868	1.718811
63.0685210227966	5.115326
63.0841510295868	7.436371
63.0997710227966	8.495697
63.1154010295868	8.390472
63.1310210227966	7.507904
63.1466510295868	6.367126
63.162281036377	5.332062
63.1779010295868	4.459381
63.193531036377	3.528473
63.2091510295868	2.217438
63.224781036377	0.3394165
63.2404010295868	-2.062561
63.256031036377	-4.752075
63.2716610431671	-7.476379
63.287281036377	-10.1409
63.3029110431671	-12.85059
63.318531036377	-15.81396
63.3341610431671	-19.23474
63.349781036377	-23.1774
63.3654110431671	-27.52792
63.3810410499573	-31.95691
63.3966610431671	-35.92419
63.4122910499573	-38.74081
63.4279110431671	-39.65958
63.4435410499573	-38.09747
63.4591610431671	-33.85275
63.4747910499573	-27.21933
63.4904210567474	-18.95712
63.5060410499573	-10.02209
63.5216710567474	-1.300781
63.5372910499573	6.632843
63.5529210567474	13.57297
63.5685410499573	19.54053
63.5841710567474	24.55533
63.5998010635376	28.53058
63.6154210567474	31.23322
63.6310510635376	32.44485
63.6466710567474	32.09183
63.6623010635376	30.35519
63.6779210567474	27.58939
63.6935510635376	24.22659
63.7091810703278	20.61008
63.7248010635376	16.93939
63.7404310703278	13.28299
63.7560510635376	9.66214
63.7716810703278	6.083618
63.7873010635376	2.533112
63.8029310703278	-1.08606
63.8185610771179	-4.982208
63.8341810703278	-9.456543
63.8498110771179	-14.76099
63.8654310703278	-20.95621
63.8810610771179	-27.81641
63.8966910839081	-34.83734
63.9123110771179	-41.35965
63.9279410839081	-46.72861
63.9435610771179	-50.38348
63.9591910839081	-51.94931
63.9748110771179	-51.26447
63.9904410839081	-48.40817
64.0060710906982	-43.68652
64.0216910839081	-37.62735
64.0373210906982	-30.87482
64.0529410839081	-24.05936
64.0685710906982	-17.68863
64.0841910839081	-12.11362
64.0998210906982	-7.547791
64.1154510974884	-4.17334
64.1310710906982	-2.181305
64.1467010974884	-1.695404
64.1623210906982	-2.69046
64.1779510974884	-4.880249
64.1935710906982	-7.716095
64.2092010974884	-10.55023
64.2248311042786	-12.83582
64.2404510974884	-14.31195
64.2560811042786	-15.11255
64.2717010974884	-15.61429
64.2873311042786	-16.22647
64.3029510974884	-17.15509
64.3185811042786	-18.33307
64.3342111110687	-19.48575
64.3498311042786	-20.41351
64.3654611110687	-21.19498
64.3810811042786	-22.24249
64.3967111110687	-24.18182
64.4123311042786	-27.53702
64.4279611110687	-32.44934
64.4435908794403	-38.49661
64.4592111110687	-44.77463
64.4748408794403	-50.15411
64.4904611110687	-53.6235
64.5060908794403	-54.55606
64.5217111110687	-52.82191
64.5373408794403	-48.72795
64.5529708862305	-42.85286
64.5685908794403	-35.84837
64.5842208862305	-28.28809
64.5998408794403	-20.5526
64.6154708862305	-12.86217
64.6310908794403	-5.394104
64.6467208862305	1.610092
64.6623508930206	7.742813
64.6779708862305	12.51654
64.6936008930206	15.54828
64.7092208862305	16.76257
64.7248508930206	16.57062
64.7404708862305	15.73329
64.7561008930206	15.09334
64.7717308998108	15.1653
64.7873508930206	15.88229
64.8029808998108	16.61349
64.8186008930206	16.48453
64.8342308998108	14.86459
64.8498508930206	11.65316
64.8654808998108	7.315521
64.881110906601	2.55468
64.8967308998108	-2.087318
64.912360906601	-6.555733
64.9279808998108	-11.21222
64.943610906601	-16.61436
64.9592308998108	-23.13522
64.974860906601	-30.78613
64.9904909133911	-39.19797
65.006110906601	-47.74807
65.0217409133911	-55.69116
65.037360906601	-62.18647
65.0529909133911	-66.36761
65.068610906601	-67.44221
65.0842409133911	-64.89986
65.0998709201813	-58.70062
65.1154909133911	-49.33036
65.1311209201813	-37.63071
65.1467409133911	-24.46212
65.1623709201813	-10.46093
65.1779909133911	4.097792
65.1936209201813	19.11252
65.2092509269714	34.38358
65.2248709201813	49.37782
65.2405009269714	63.22119
65.2561209201813	74.92084
65.2717509269714	83.70605
65.2873709201813	89.32488
65.3030009269714	92.14171
65.3186309337616	92.96009
65.3342509269714	92.72792
65.3498809337616	92.16969
65.3655009269714	91.60693
65.3811309337616	90.93435
65.3967509269714	89.81824
65.4123809337616	87.9111
65.4280109405518	85.05843
65.4436309337616	81.24278
65.4592609405518	76.53616
65.4748809337616	70.92978
65.4905109405518	64.32394
65.5061309337616	56.59229
65.5217609405518	47.68448
65.5373909473419	37.72833
65.5530109405518	27.00311
65.5686409473419	15.88928
65.5842609405518	4.8564
65.5998909473419	-5.543579
65.6155109405518	-14.69655
65.6311409473419	-21.98759
65.6467709541321	-26.94931
65.6623909473419	-29.43623
65.6780209541321	-29.65225
65.6936409473419	-28.06487
65.7092709541321	-25.19086
65.7248909473419	-21.41455
65.7405209541321	-16.90335
65.7561509609222	-11.73296
65.7717709541321	-6.055527
65.7874009609222	-0.2340851
65.8030209541321	5.163376
65.8186509609222	9.524567
65.8342709541321	12.4209
65.8499009609222	13.7525
65.8655309677124	13.76779
65.8811509609222	12.94753
65.8967809677124	11.82559
65.9124009609222	10.81145
65.9280309677124	10.09373
65.9436509609222	9.634552
65.9592809677124	9.307007
65.9749109745026	8.968246
65.9905309677124	8.59642
66.0061609745026	8.28038
66.0217809677124	8.134781
66.0374109745026	8.230469
66.0530309677124	8.497192
66.0686609745026	8.722183
66.0842909812927	8.630066
66.0999109745026	7.978302
66.1155409812927	6.619141
66.1311609745026	4.512665
66.1467909812927	1.685486
66.1624109745026	-1.741058
66.1780409812927	-5.474731
66.1936709880829	-8.963165
66.2092909812927	-11.38913
66.2249209880829	-11.8197
66.2405409812927	-9.469635
66.2561709880829	-3.992401
66.2717909812927	4.378845
66.2874209880829	14.93405
66.303050994873	26.69943
66.3186709880829	38.75049
66.334300994873	50.39795
66.3499209880829	61.19644
66.365550994873	70.83429
66.3811810016632	79.00281
66.396800994873	85.32751
66.4124310016632	89.46091
66.428050994873	91.24759
66.4436810016632	90.8035
66.459300994873	88.54678
66.4749310016632	85.09363
66.4905610084534	81.05048
66.5061810016632	76.89777
66.5218110084534	72.83304
66.5374310016632	68.81096
66.5530610084534	64.65199
66.5686810016632	60.15324
66.5843110084534	55.20807
66.5999410152435	49.82751
66.6155610084534	44.1021
66.6311910152435	38.13483
66.6468110084534	31.98991
66.6624410152435	25.65778
66.6780610084534	19.1255
66.6936910152435	12.41698
66.7093210220337	5.614929
66.7249410152435	-1.138702
66.7405710220337	-7.733856
66.7561910152435	-14.1545
66.7718210220337	-20.50273
66.7874410152435	-26.88626
66.8030710220337	-33.26727
66.8187010288239	-39.25616
66.8343210220337	-44.07625
66.8499510288239	-46.70436
66.8655710220337	-46.21158
66.8812010288239	-42.13353
66.8968210220337	-34.73323
66.9124510288239	-24.93848
66.928081035614	-14.06744
66.9437010288239	-3.376373
66.959331035614	6.25676
66.9749510288239	14.4649
66.990581035614	21.19626
67.0062010288239	26.49718
67.021831035614	30.29642
67.0374610424042	32.45706
67.053081035614	32.90979
67.0687110424042	31.80568
67.084331035614	29.53506
67.0999610424042	26.59098
67.115581035614	23.38788
67.1312110424042	20.11555
67.1468410491943	16.7336
67.1624610424042	13.0766
67.1780910491943	9.002983
67.1937110424042	4.507088
67.2093410491943	-0.2920456
67.2249610424042	-5.162018
67.2405910491943	-9.848793
67.2562210559845	-14.16334
67.2718410491943	-18.03383
67.2874710559845	-21.52612
67.3030910491943	-24.85884
67.3187210559845	-28.33817
67.3343410491943	-32.27786
67.3499710559845	-36.91708
67.3656010627747	-42.34467
67.3812210559845	-48.48615
67.3968510627747	-55.06693
67.4124710559845	-61.59675
67.4281010627747	-67.37732
67.4437210559845	-71.55577
67.4593510627747	-73.33112
67.4749810695648	-72.15974
67.4906010627747	-67.96587
67.5062310695648	-61.15731
67.5218510627747	-52.54392
67.5374810695648	-43.05035
67.5531010627747	-33.50187
67.5687310695648	-24.47402
67.584361076355	-16.31297
67.5999810695648	-9.20166
67.615611076355	-3.283504
67.6312310695648	1.336549
67.646861076355	4.603916
67.6624810695648	6.579859
67.678111076355	7.426971
67.6937410831451	7.407759
67.709361076355	6.794853
67.7249910831451	5.881821
67.740611076355	4.901632
67.7562410831451	4.031849
67.771861076355	3.325981
67.7874910831451	2.696594
67.8031210899353	1.919922
67.8187410831451	0.7684135
67.8343710899353	-0.8913155
67.8499910831451	-2.9809
67.8656210899353	-5.240868
67.8812410831451	-7.320862
67.8968710899353	-8.975037
67.9125010967255	-10.17127
67.9281210899353	-11.07282
67.9437510967255	-11.94954
67.9593710899353	-13.04696
67.9750010967255	-14.52095
67.9906210899353	-16.46826
68.0062510967255	-18.934
68.0218811035156	-21.88425
68.0375010967255	-25.05664
68.0531311035156	-27.85207
68.0687510967255	-29.35733
68.0843811035156	-28.59061
68.1000010967255	-24.89009
68.1156311035156	-18.22607
68.1312611103058	-9.31789
68.1468811035156	0.6022415
68.1625111103058	10.21244
68.1781311035156	18.53738
68.1937611103058	25.16006
68.2093811035156	30.16558
68.2250111103058	33.82918
68.2406408786774	36.32957
68.2562611103058	37.60476
68.2718908786774	37.40148
68.2875111103058	35.46555
68.3031408786774	31.79181
68.3187611103058	26.69591
68.3343908786774	20.72464
68.3500208854675	14.46818
68.3656408786774	8.316273
68.3812708854675	2.343925
68.3968908786774	-3.612152
68.4125208854675	-9.811665
68.4281408786774	-16.36049
68.4437708854675	-23.16455
68.4594008922577	-29.97285
68.4750208854675	-36.55507
68.4906508922577	-42.82444
68.5062708854675	-48.87294
68.5219008922577	-54.88095
68.5375208854675	-60.96945
68.5531508922577	-67.08138
68.5687808990479	-73.01249
68.5844008922577	-78.47382
68.6000308990479	-83.16945
68.6156508922577	-86.80835
68.6312808990479	-89.09035
68.6469008922577	-89.61647
68.6625308990479	-87.939
68.678160905838	-83.67401
68.6937808990479	-76.68764
68.709410905838	-67.18625
68.7250308990479	-55.7956
68.740660905838	-43.34346
68.7562909126282	-30.68708
68.771910905838	-18.49378
68.7875409126282	-7.166224
68.803160905838	3.087639
68.8187909126282	12.14429
68.834410905838	19.82051
68.8500409126282	25.91181
68.8656709194183	30.24913
68.8812909126282	32.86543
68.8969209194183	34.06418
68.9125409126282	34.34616
68.9281709194183	34.25498
68.9437909126282	34.172
68.9594209194183	34.17935
68.9750509262085	34.06402
68.9906709194183	33.45309
69.0063009262085	32.00273
69.0219209194183	29.58399
69.0375509262085	26.3282
69.0531709194183	22.58585
69.0688009262085	18.76604
69.0844309329987	15.13817
69.1000509262085	11.69339
69.1156809329987	8.16745
69.1313009262085	4.184792
69.1469309329987	-0.5606842
69.1625509262085	-6.128628
69.1781809329987	-12.27813
69.1938109397888	-18.51757
69.2094309329987	-24.18459
69.2250609397888	-28.57457
69.2406809329987	-31.02764
69.2563109397888	-31.02155
69.2719309329987	-28.27379
69.2875609397888	-22.84266
69.303190946579	-15.17119
69.3188109397888	-6.034729
69.334440946579	3.675018
69.3500609397888	13.1725
69.365690946579	21.93987
69.3813109397888	29.72713
69.396940946579	36.39037
69.4125709533691	41.72386
69.428190946579	45.40699
69.4438209533691	47.12975
69.459440946579	46.78056
69.4750709533691	44.64231
69.490690946579	41.35501
69.5063209533691	37.74233
69.5219509601593	34.53191
69.5375709533691	32.05753
69.5532009601593	30.21838
69.5688209533691	28.59734
69.5844509601593	26.72003
69.6000709533691	24.2915
69.6157009601593	21.31516
69.6313309669495	18.02629
69.6469509601593	14.70952
69.6625809669495	11.54575
69.6782009601593	8.549316
69.6938309669495	5.580338
69.7094509601593	2.45195
69.7250809669495	-0.9988556
69.7407109737396	-4.893158
69.7563309669495	-9.250458
69.7719609737396	-13.9493
69.7875809669495	-18.65308
69.8032109737396	-22.69667
69.8188309669495	-25.17148
69.8344609737396	-25.12991
69.8500909805298	-21.87781
69.8657109737396	-15.28909
69.8813409805298	-5.89296
69.8969609737396	5.254578
69.9125909805298	16.95625
69.9282109737396	28.19472
69.9438409805298	38.3987
69.9594709873199	47.37286
69.9750909805298	55.11844
69.9907209873199	61.60844
70.0063409805298	66.64619
70.0219709873199	69.96642
70.0375909805298	71.39876
70.0532209873199	71.06461
70.0688509941101	69.423
70.0844709873199	67.16426
70.1001009941101	64.92999
70.1157209873199	63.05519
70.1313509941101	61.48999
70.1469709873199	59.87128
70.1626009941101	57.74966
70.1782310009003	54.85244
70.1938509941101	51.21049
70.2094810009003	47.07108
70.2251009941101	42.7383
70.2407310009003	38.32934
70.2563509941101	33.74992
70.2719810009003	28.74689
70.2876110076904	23.06332
70.3032310009003	16.58845
70.3188610076904	9.398819
70.3344810009003	1.691139
70.3501110076904	-6.274452
70.3657310009003	-14.16844
70.3813610076904	-21.52062
70.3969910144806	-27.67309
70.4126110076904	-31.81986
70.4282410144806	-33.30728
70.4438610076904	-31.81779
70.4594910144806	-27.61739
70.4751110076904	-21.45919
70.4907410144806	-14.32554
70.5063710212708	-7.066967
70.5219910144806	-0.2059135
70.5376210212708	6.077991
70.5532410144806	11.78743
70.5688710212708	16.8137
70.5844910144806	20.86114
70.6001210212708	23.51249
70.6157510280609	24.42511
70.6313710212708	23.61536
70.6470010280609	21.50863
70.6626210212708	18.82368
70.6782510280609	16.27367
70.6938710212708	14.29911
70.7095010280609	12.86956
70.7251310348511	11.60407
70.7407510280609	9.963253
70.7563810348511	7.562819
70.7720010280609	4.343325
70.7876310348511	0.6219158
70.8032510280609	-3.117992
70.8188810348511	-6.476685
70.8345110416412	-9.34985
70.8501310348511	-12.00106
70.8657610416412	-14.91326
70.8813810348511	-18.58689
70.8970110416412	-23.30835
70.9126410484314	-29.05654
70.9282610416412	-35.52936
70.9438910484314	-42.20267
70.9595110416412	-48.42973
70.9751410484314	-53.49309
70.9907610416412	-56.70538
71.0063910484314	-57.48126
71.0220210552216	-55.52102
71.0376410484314	-50.89328
71.0532710552216	-44.06
71.0688910484314	-35.76826
71.0845210552216	-26.88412
71.1001410484314	-18.19033
71.1157710552216	-10.31214
71.1314010620117	-3.688622
71.1470210552216	1.360107
71.1626510620117	4.634514
71.1782710552216	6.080322
71.1939010620117	5.884766
71.2095210552216	4.486649
71.2251510620117	2.525162
71.2407810688019	0.6353912
71.2564010620117	-0.7294006
71.2720310688019	-1.486954
71.2876510620117	-1.896179
71.3032810688019	-2.416885
71.3189010620117	-3.480637
71.3345310688019	-5.239044
71.350161075592	-7.519272
71.3657810688019	-9.908432
71.381411075592	-11.99431
71.3970310688019	-13.61079
71.412661075592	-14.94667
71.4282810688019	-16.44547
71.443911075592	-18.65479
71.4595410823822	-21.96265
71.475161075592	-26.44475
71.4907910823822	-31.77296
71.506411075592	-37.24156
71.5220410823822	-41.85042
71.537661075592	-44.51199
71.5532910823822	-44.28522
71.5689210891724	-40.66408
71.5845410823822	-33.78549
71.6001710891724	-24.41582
71.6157910823822	-13.76523
71.6314210891724	-3.116806
71.6470410823822	6.472778
71.6626710891724	14.34332
71.6783010959625	20.22797
71.6939210891724	24.09044
71.7095510959625	26.01904
71.7251710891724	26.13464
71.7408010959625	24.6806
71.7564210891724	22.07278
71.7720510959625	18.90311
71.7876811027527	15.77525
71.8033010959625	13.15103
71.8189311027527	11.15526
71.8345510959625	9.569122
71.8501811027527	7.976563
71.8658010959625	5.992035
71.8814311027527	3.400131
71.8970611095428	0.2489624
71.9126811027527	-3.313019
71.9283111095428	-7.125687
71.9439311027527	-11.16466
71.9595611095428	-15.51639
71.9751811027527	-20.35228
71.9908111095428	-25.77158
72.0064408779144	-31.76387
72.0220611095428	-38.10608
72.0376908779144	-44.37286
72.0533111095428	-49.91956
72.0689408779144	-53.9393
72.0845611095428	-55.63074
72.1001908779144	-54.38414
72.1158208847046	-50.02859
72.1314408779144	-42.91522
72.1470708847046	-33.84898
72.1626908779144	-23.86177
72.1783208847046	-13.91679
72.1939408779144	-4.752441
72.2095708847046	3.22551
72.2252008914948	9.790436
72.2408208847046	14.82817
72.2564508914948	18.24652
72.2720708847046	20.05418
72.2877008914948	20.36818
72.3033208847046	19.50768
72.3189508914948	17.89276
72.3345808982849	15.9236
72.3502008914948	13.83742
72.3658308982849	11.66644
72.3814508914948	9.279282
72.3970808982849	6.528702
72.4127008914948	3.374176
72.4283308982849	-0.1060181
72.4439609050751	-3.769089
72.4595808982849	-7.536194
72.4752109050751	-11.50447
72.4908308982849	-15.92436
72.5064609050751	-21.14194
72.5220808982849	-27.4682
72.5377109050751	-35.04193
72.5533409118652	-43.70807
72.5689609050751	-52.97612
72.5845909118652	-62.00055
72.6002109050751	-69.71693
72.6158409118652	-75.07961
72.6314609050751	-77.34697
72.6470909118652	-76.33594
72.6627209186554	-72.47661
72.6783409118652	-66.65797
72.6939709186554	-59.87297
72.7095909118652	-52.93629
72.7252209186554	-46.27621
72.7408409118652	-39.97141
72.7564709186554	-33.94168
72.7721009254456	-28.17111
72.7877209186554	-22.82167
72.8033509254456	-18.19928
72.8189709186554	-14.59416
72.8346009254456	-12.10193
72.8502209186554	-10.5599
72.8658509254456	-9.572479
72.8814809322357	-8.710083
72.8971009254456	-7.697739
72.9127309322357	-6.524719
72.9283509254456	-5.424454
72.9439809322357	-4.711983
72.9596009254456	-4.575523
72.9752309322357	-4.953201
72.9908609390259	-5.561249
73.0064809322357	-6.004021
73.0221109390259	-6.052532
73.0377309322357	-5.75333
73.0533609390259	-5.470329
73.0689809322357	-5.704224
73.0846109390259	-6.938271
73.100240945816	-9.381819
73.1158609390259	-12.8517
73.131490945816	-16.74718
73.1471109390259	-20.14133
73.162740945816	-22.00304
73.1783609390259	-21.47062
73.193990945816	-18.08839
73.2096209526062	-11.9037
73.225240945816	-3.452456
73.2408709526062	6.471888
73.256490945816	17.06135
73.2721209526062	27.65261
73.287740945816	37.79923
73.3033709526062	47.16786
73.3190009593964	55.41248
73.3346209526062	62.10219
73.3502509593964	66.75404
73.3658709526062	69.01758
73.3815009593964	68.88591
73.3971209526062	66.78346
73.4127509593964	63.47946
73.4283809661865	59.81352
73.4440009593964	56.4192
73.4596309661865	53.50568
73.4752509593964	50.84004
73.4908809661865	47.92786
73.5065009593964	44.30573
73.5221309661865	39.7746
73.5377609729767	34.46473
73.5533809661865	28.75108
73.5690109729767	22.99545
73.5846309661865	17.37624
73.6002609729767	11.75394
73.6158909797668	5.795639
73.6315109729767	-0.8731079
73.6471409797668	-8.525269
73.6627609729767	-17.14709
73.6783909797668	-26.45746
73.6940109729767	-35.84897
73.7096409797668	-44.45505
73.725270986557	-51.25343
73.7408909797668	-55.27104
73.756520986557	-55.83975
73.7721409797668	-52.85489
73.787770986557	-46.81548
73.8033909797668	-38.69406
73.819020986557	-29.51907
73.8346509933472	-20.0036
73.850270986557	-10.33012
73.8659009933472	-0.337326
73.881520986557	10.10088
73.8971509933472	20.68927
73.912770986557	30.59218
73.9284009933472	38.705
73.9440310001373	44.19475
73.9596509933472	46.93764
73.9752810001373	47.62778
73.9909009933472	47.44858
74.0065310001373	47.49922
74.0221509933472	48.32333
74.0377810001373	49.72655
74.0534110069275	51.02702
74.0690310001373	51.51302
74.0846610069275	50.894
74.1002810001373	49.49837
74.1159110069275	48.13441
74.1315310001373	47.6904
74.1471610069275	48.58473
74.1627910137177	50.51894
74.1784110069275	52.45239
74.1940410137177	52.99998
74.2096610069275	50.8663
74.2252910137177	45.15341
74.2409110069275	35.47157
74.2565410137177	21.95799
74.2721710205078	5.456818
74.2877910137177	-12.244
74.3034210205078	-28.25818
74.3190410137177	-38.84528
74.3346710205078	-40.25414
74.3502910137177	-29.8206
74.3659210205078	-7.029861
74.381551027298	26.2773
74.3971710205078	66.51346
74.412801027298	109.4496
74.4284210205078	151.1188
74.444051027298	188.1681
74.4596710205078	217.5709
74.475301027298	236.4184
74.4909310340881	242.0612
74.506551027298	232.7437
74.5221810340881	208.3705
74.537801027298	170.8092
74.5534310340881	123.555
74.569051027298	70.81598
74.5846810340881	16.52634
74.6003110408783	-36.43947
74.6159310340881	-86.68243
74.6315610408783	-134.2923
74.6471810340881	-180.2972
74.6628110408783	-225.5998
74.6784310340881	-269.7307
74.6940610408783	-310.0277
74.7096910476685	-342.0233
74.7253110408783	-361.1163
74.7409410476685	-364.8029
74.7565610408783	-354.0858
74.7721910476685	-332.9494
74.7878110408783	-306.2394
74.8034410476685	-277.2555
74.8190710544586	-246.9467
74.8346910476685	-215.0518
74.8503210544586	-182.1961
74.8659410476685	-151.1581
74.8815710544586	-125.9078
74.8971910476685	-108.797
74.9128210544586	-97.87932
74.9284510612488	-86.45813
74.9440710544586	-65.66096
74.9597010612488	-28.78291
74.9753210544586	25.07928
74.9909510612488	90.41537
75.0065710544586	157.9303
75.0222010612488	218.772
75.0378310680389	267.942
75.0534510612488	304.9538
75.0690810680389	332.0063
75.0847010612488	351.3129
75.1003310680389	363.5545
75.1159510612488	368.2267
75.1315810680389	365.02
75.1472110748291	354.8981
75.1628310680389	339.7673
75.1784610748291	320.9433
75.1940810680389	297.5459
75.2097110748291	266.3832
75.2253310680389	223.6714
75.2409610748291	167.879
75.2565910816193	101.8239
75.2722110748291	32.48972
75.2878410816193	-31.63104
75.3034610748291	-84.16864
75.3190910816193	-123.6528
75.3347110748291	-153.6852
75.3503410816193	-180.5002
75.3659710884094	-209.4585
75.3815910816193	-242.3128
75.3972210884094	-276.7576
75.4128410816193	-308.1946
75.4284710884094	-332.3854
75.4440910816193	-347.3763
75.4597210884094	-353.6769
75.4753510951996	-352.8622
75.4909710884094	-345.7103
75.5066010951996	-331.2927
75.5222210884094	-307.6457
75.5378510951996	-273.3936
75.5534710884094	-229.0732
75.5691010951996	-177.1908
75.5847311019897	-121.0657
75.6003510951996	-63.50589
75.6159811019897	-6.159088
75.6316010951996	49.93948
75.6472311019897	103.2217
75.6628510951996	150.9163
75.6784811019897	189.4156
75.6941111087799	215.523
75.7097311019897	227.807
75.7253611087799	227.0972
75.7409811019897	216.0614
75.7566111087799	198.1492
75.7722408771515	176.6009
75.7878611087799	153.9528
75.8034908771515	132.1996
75.8191111087799	113.0633
75.8347408771515	97.98187
75.8503611087799	87.76096
75.8659908771515	82.20126
75.8816208839417	80.15628
75.8972408771515	80.08749
75.9128708839417	80.67679
75.9284908771515	81.28552
75.9441208839417	81.93933
75.9597408771515	83.00204
75.9753708839417	84.79797
75.9910008907318	87.45255
76.0066208839417	90.98178
76.0222508907318	95.56024
76.0378708839417	101.5872
76.0535008907318	109.6168
76.0691208839417	120.067
76.0847508907318	132.9599
76.100380897522	147.7587
76.1160008907318	163.3601
76.131630897522	178.2947
76.1472508907318	190.9491
76.162880897522	199.8852
76.1785008907318	204.1081
76.194130897522	203.1814
76.2097609043121	197.2463
76.225380897522	186.7073
76.2410109043121	171.8349
76.256630897522	152.4323
76.2722609043121	128.0565
76.287880897522	98.71448
76.3035109043121	65.92996
76.3191409111023	33.31969
76.3347609043121	6.159363
76.3503909111023	-10.22954
76.3660109043121	-12.59615
76.3816409111023	-1.200134
76.3972609043121	20.21188
76.4128909111023	45.82216
76.4285209178925	69.8786
76.4441409111023	88.35678
76.4597709178925	99.27728
76.4753909111023	102.1164
76.4910209178925	97.103
76.5066409111023	85.22839
76.5222709178925	68.85202
76.5379009246826	52.0537
76.5535209178925	39.72318
76.5691509246826	35.42607
76.5847709178925	39.16942
76.6004009246826	46.59425
76.6160209178925	50.87248
76.6316509246826	46.29366
76.6472809314728	31.69056
76.6629009246826	11.44909
76.6785309314728	-6.753601
76.6941509246826	-16.46341
76.7097809314728	-16.39188
76.7254009246826	-11.25653
76.7410309314728	-9.062332
76.7566609382629	-16.40309
76.7722809314728	-34.77521
76.7879109382629	-60.01633
76.8035309314728	-85.05203
76.8191609382629	-104.0175
76.8347809314728	-115.2122
76.8504109382629	-121.2677
76.8660409450531	-126.8515
76.8816609382629	-135.544
76.8972909450531	-147.8846
76.9129109382629	-161.7316
76.9285409450531	-174.2468
76.9441609382629	-184.0744
76.9597909450531	-192.2877
76.9754209518433	-201.741
76.9910409450531	-215.2533
77.0066709518433	-233.7359
77.0222909450531	-255.4228
77.0379209518433	-276.122
77.0535409450531	-290.7032
77.0691709518433	-294.8928
77.0848009586334	-286.7604
77.1004209518433	-267.4173
77.1160509586334	-240.4716
77.1316709518433	-210.6996
77.1473009586334	-182.3826
77.1629209518433	-158.1958
77.1785509586334	-138.7599
77.1941809654236	-123.1418
77.2098009586334	-109.7416
77.2254309654236	-97.08185
77.2410509586334	-84.25531
77.2566809654236	-70.87811
77.2723009586334	-56.92853
77.2879309654236	-42.58789
77.3035609722137	-28.34149
77.3191809654236	-15.04852
77.3348109722137	-4.001709
77.3504309654236	3.402466
77.3660609722137	6.121643
77.3816809654236	4.014038
77.3973109722137	-1.914795
77.4129409790039	-9.798706
77.4285609722137	-17.53644
77.4441909790039	-23.62021
77.4598109722137	-27.62332
77.4754409790039	-30.27356
77.4910609722137	-32.93634
77.5066909790039	-36.86658
77.5223209857941	-42.63071
77.5379409790039	-49.86124
77.5535709857941	-57.57355
77.5691909790039	-64.56046
77.5848209857941	-69.84662
77.6004409790039	-72.72342
77.6160709857941	-72.69034
77.6317009925842	-69.32486
77.6473209857941	-62.29535
77.6629509925842	-51.54913
77.6785709857941	-37.47983
77.6942009925842	-20.99948
77.7098209857941	-3.380463
77.7254509925842	13.98303
77.7410809993744	29.85461
77.7567009925842	43.38599
77.7723309993744	54.18399
77.7879509925842	62.3215
77.8035809993744	68.19485
77.8192009925842	72.34171
77.8348309993744	75.1702
77.8504610061646	76.84457
77.8660809993744	77.28705
77.8817110061646	76.36188
77.8973309993744	74.10715
77.9129610061646	70.81558
77.9285809993744	66.93759
77.9442110061646	62.88666
77.9598410129547	58.84729
77.9754610061646	54.68182
77.9910910129547	50.11093
78.0067110061646	44.90149
78.0223410129547	39.01215
78.0379710197449	32.56818
78.0535910129547	25.7442
78.0692210197449	18.65781
78.0848410129547	11.3808
78.1004710197449	4.095123
78.1160910129547	-2.753265
78.1317210197449	-8.353226
78.147351026535	-11.74876
78.1629710197449	-12.11803
78.178601026535	-9.188705
78.1942210197449	-3.373215
78.209851026535	4.333725
78.2254710197449	12.72894
78.241101026535	20.80934
78.2567310333252	27.9969
78.272351026535	34.10976
78.2879810333252	39.11525
78.303601026535	42.91757
78.3192310333252	45.31047
78.334851026535	46.10988
78.3504810333252	45.36906
78.3661110401154	43.44376
78.3817310333252	40.88277
78.3973610401154	38.16666
78.4129810333252	35.51181
78.4286110401154	32.81744
78.4442310333252	29.8331
78.4598610401154	26.38638
78.4754910469055	22.5172
78.4911110401154	18.45258
78.5067410469055	14.44966
78.5223610401154	10.63937
78.5379910469055	6.932983
78.5536110401154	3.109558
78.5692410469055	-1.106903
78.5848710536957	-5.885925
78.6004910469055	-11.23959
78.6161210536957	-16.95245
78.6317410469055	-22.5397
78.6473710536957	-27.30727
78.6629910469055	-30.4169
78.6786210536957	-31.12267
78.6942510604858	-29.01059
78.7098710536957	-24.18951
78.7255010604858	-17.27267
78.7411210536957	-9.165939
78.7567510604858	-0.8072357
78.7723710536957	7.102951
78.7880010604858	14.16893
78.803631067276	20.21504
78.8192510604858	25.1088
78.834881067276	28.69087
78.8505010604858	30.7755
78.866131067276	31.28894
78.8817510604858	30.38226
78.897381067276	28.42123
78.9130110740662	25.86014
78.928631067276	23.0533
78.9442610740662	20.15631
78.959881067276	17.14742
78.9755110740662	13.94316
78.991131067276	10.53503
79.0067610740662	7.018234
79.0223910808563	3.575775
79.0380110740662	0.3084412
79.0536410808563	-2.822708
79.0692610740662	-6.012787
79.0848910808563	-9.561371
79.1005110740662	-13.74619
79.1161410808563	-18.65239
79.1317710876465	-24.11583
79.1473910808563	-29.66527
79.1630210876465	-34.58963
79.1786410808563	-38.07712
79.1942710876465	-39.41411
79.2098910808563	-38.18976
79.2255210876465	-34.43694
79.2411510944366	-28.56615
79.2567710876465	-21.2169
79.2724010944366	-13.03935
79.2880210876465	-4.540108
79.3036510944366	3.934143
79.3192710876465	12.10223
79.3349010944366	19.65064
79.3505311012268	26.16794
79.3661510944366	31.27028
79.3817811012268	34.72073
79.3974010944366	36.56696
79.4130311012268	37.06979
79.4286510944366	36.64059
79.4442811012268	35.60954
79.459911108017	34.18858
79.4755311012268	32.42327
79.491161108017	30.278
79.5067811012268	27.7249
79.522411108017	24.82288
79.5380311012268	21.69681
79.553661108017	18.492
79.5692908763885	15.32159
79.584911108017	12.17861
79.6005408763885	8.937065
79.616161108017	5.355682
79.6317908763885	1.142014
79.647411108017	-3.913307
79.6630408763885	-9.853951
79.6786708831787	-16.44212
79.6942908763885	-23.18571
79.7099208831787	-29.36617
79.7255408763885	-34.22351
79.7411708831787	-37.07354
79.7567908763885	-37.45754
79.7724208831787	-35.23316
79.7880508899689	-30.60728
79.8036708831787	-24.11216
79.8193008899689	-16.45155
79.8349208831787	-8.34816
79.8505508899689	-0.3808517
79.8661708831787	7.026581
79.8818008899689	13.59684
79.897430896759	19.07648
79.9130508899689	23.21033
79.928680896759	25.77959
79.9443008899689	26.7049
79.959930896759	26.18262
79.9755508899689	24.68208
79.991180896759	22.79397
80.0068109035492	21.00385
80.022430896759	19.52543
80.0380609035492	18.24628
80.053680896759	16.8481
80.0693109035492	15.02065
80.084930896759	12.61159
80.1005609035492	9.664001
80.1161909103394	6.374939
80.1318109035492	2.955521
80.1474409103394	-0.480545
80.1630609035492	-3.973961
80.1786909103394	-7.700607
80.1943109035492	-11.92569
80.2099409103394	-16.84597
80.2255709171295	-22.49683
80.2411909103394	-28.60391
80.2568209171295	-34.54964
80.2724409103394	-39.43403
80.2880709171295	-42.31426
80.3036909103394	-42.44741
80.3193209171295	-39.57548
80.3349509239197	-34.02011
80.3505709171295	-26.54142
80.3662009239197	-18.07787
80.3818209171295	-9.445808
80.3974509239197	-1.162491
80.4130709171295	6.530502
80.4287009239197	13.4642
80.4443309307098	19.41617
80.4599509239197	23.99221
80.4755809307098	26.83118
80.4912009239197	27.77232
80.5068309307098	27.04553
80.5224509239197	25.19819
80.5380809307098	22.9021
80.5537109375	20.68137
80.5693309307098	18.74355
80.5849609375	16.98484
80.6005809307098	15.17704
80.6162109375	13.15034
80.6318309307098	10.89268
80.6474609375	8.485786
80.6630909442902	6.033974
80.6787109375	3.48838
80.6943409442902	0.6817169
80.7099609375	-2.608154
80.7255909442902	-6.565529
80.7412209510803	-11.24926
80.7568409442902	-16.58813
80.7724709510803	-22.33744
80.7880909442902	-28.0295
80.8037209510803	-32.96137
80.8193409442902	-36.26983
80.8349709510803	-37.15893
80.8506009578705	-35.14472
80.8662209510803	-30.28937
80.8818509578705	-23.1977
80.8974709510803	-14.80508
80.9131009578705	-6.053703
80.9287209510803	2.369293
80.9443509578705	10.14141
80.9599809646606	17.10383
80.9756009578705	23.09013
80.9912309646606	27.75672
81.0068509578705	30.74089
81.0224809646606	31.83427
81.0381009578705	31.23078
81.0537309646606	29.49705
81.0693609714508	27.36565
81.0849809646606	25.38451
81.1006109714508	23.7406
81.1162309646606	22.23737
81.1318609714508	20.51534
81.1474809646606	18.29349
81.1631109714508	15.56749
81.178740978241	12.56465
81.1943609714508	9.594727
81.209990978241	6.850792
81.2256109714508	4.306671
81.241240978241	1.720795
81.2568609714508	-1.241386
81.272490978241	-4.884079
81.2881209850311	-9.357071
81.303740978241	-14.59029
81.3193709850311	-20.20007
81.334990978241	-25.54591
81.3506209850311	-29.74147
81.366240978241	-31.88062
81.3818709850311	-31.28574
81.3975009918213	-27.74271
81.4131209850311	-21.59197
81.4287509918213	-13.6284
81.4443709850311	-4.832077
81.4600009918213	3.901657
81.4756209850311	11.95969
81.4912509918213	18.96928
81.5068809986115	24.7606
81.5225009918213	29.15314
81.5381309986115	31.99854
81.5537509918213	33.20149
81.5693809986115	32.82199
81.5850009918213	31.15662
81.6006309986115	28.63391
81.6162610054016	25.72602
81.6318809986115	22.76335
81.6475110054016	19.86646
81.6631309986115	16.92485
81.6787610054016	13.7459
81.6943809986115	10.18365
81.7100110054016	6.244873
81.7256410121918	2.134453
81.7412610054016	-1.824814
81.7568910121918	-5.378937
81.7725110054016	-8.484207
81.7881410121918	-11.36497
81.8037610054016	-14.50046
81.8193910121918	-18.39754
81.8350210189819	-23.37875
81.8506410121918	-29.34084
81.8662710189819	-35.68722
81.8818910121918	-41.44875
81.8975210189819	-45.49273
81.9131410121918	-46.88422
81.9287710189819	-45.16388
81.9444010257721	-40.46942
81.9600210189819	-33.45461
81.9756510257721	-25.03418
81.9912710189819	-16.10457
82.0069010257721	-7.304512
82.0225210189819	0.9587402
82.0381510257721	8.428909
82.0537810325623	14.84897
82.0694010257721	19.92824
82.0850310325623	23.40649
82.1006510257721	25.22289
82.1162810325623	25.58006
82.1319010257721	24.9062
82.1475310325623	23.69753
82.1631610393524	22.28693
82.1787810325623	20.74078
82.1944110393524	18.90775
82.2100310325623	16.58534
82.2256610393524	13.68169
82.2412810325623	10.33592
82.2569110393524	6.823692
82.2725410461426	3.467468
82.2881610393524	0.4485016
82.3037910461426	-2.262558
82.3194110393524	-4.933029
82.3350410461426	-7.946617
82.3506610393524	-11.69582
82.3662910461426	-16.41979
82.3819210529327	-22.12165
82.3975410461426	-28.49789
82.4131710529327	-34.89766
82.4287910461426	-40.422
82.4444210529327	-44.0815
82.4600410461426	-45.05476
82.4756710529327	-42.91983
82.4913010597229	-37.79356
82.5069210529327	-30.27002
82.5225510597229	-21.18067
82.5381710529327	-11.40957
82.5538010597229	-1.632584
82.5694210529327	7.642235
82.5850510597229	16.03114
82.6006810665131	23.11984
82.6163010597229	28.49883
82.6319310665131	31.88396
82.6475510597229	33.25952
82.6631810665131	32.96614
82.6788010597229	31.58858
82.6944310665131	29.70418
82.7100610733032	27.69939
82.7256810665131	25.63337
82.7413110733032	23.34114
82.7569310665131	20.61504
82.7725610733032	17.40934
82.7881810665131	13.8857
82.8038110733032	10.35184
82.8194410800934	7.039375
82.8350610733032	4.009342
82.8506910800934	1.086136
82.8663110733032	-1.974739
82.8819410800934	-5.407375
82.8975710868835	-9.336964
82.9131910800934	-13.78538
82.9288210868835	-18.7092
82.9444410800934	-23.98382
82.9600710868835	-29.30764
82.9756910800934	-34.14682
82.9913210868835	-37.7205
83.0069510936737	-39.20837
83.0225710868835	-38.00539
83.0382010936737	-33.97424
83.0538210868835	-27.51177
83.0694510936737	-19.41207
83.0850710868835	-10.53678
83.1007010936737	-1.583344
83.1163311004639	7.032597
83.1319510936737	15.10075
83.1475811004639	22.44131
83.1632010936737	28.76152
83.1788311004639	33.66214
83.1944510936737	36.80803
83.2100811004639	38.07909
83.225711107254	37.6806
83.2413311004639	36.0799
83.256961107254	33.83216
83.2725811004639	31.3997
83.288211107254	28.97893
83.3038311004639	26.53856
83.319461107254	23.89222
83.3350911140442	20.8807
83.350711107254	17.45795
83.3663411140442	13.73867
83.381961107254	9.903374
83.3975911140442	6.100578
83.413211107254	2.374413
83.4288411140442	-1.352352
83.4444708824158	-5.258114
83.4600911140442	-9.552071
83.4757208824158	-14.44307
83.4913411140442	-20.03556
83.5069708824158	-26.21839
83.5225911140442	-32.59349
83.5382208824158	-38.47778
83.5538508892059	-42.99794
83.5694708824158	-45.28904
83.5851008892059	-44.75781
83.6007208824158	-41.25733
83.6163508892059	-35.12999
83.6319708824158	-27.06732
83.6476008892059	-17.88221
83.6632308959961	-8.291004
83.6788508892059	1.174351
83.6944808959961	10.15372
83.7101008892059	18.3332
83.7257308959961	25.34104
83.7413508892059	30.74318
83.7569808959961	34.15483
83.7726109027863	35.4206
83.7882308959961	34.75415
83.8038609027863	32.71951
83.8194808959961	30.06047
83.8351109027863	27.43014
83.8507308959961	25.15223
83.8663609027863	23.1674
83.8819909095764	21.15688
83.8976109027863	18.77077
83.9132409095764	15.81266
83.9288609027863	12.32755
83.9444909095764	8.542896
83.9601109027863	4.732651
83.9757409095764	1.092747
83.9913709163666	-2.324844
84.0069909095764	-5.636227
84.0226209163666	-9.09383
84.0382409095764	-13.01344
84.0538709163666	-17.68183
84.0694909095764	-23.16899
84.0851209163666	-29.20498
84.1007509231567	-35.10694
84.1163709163666	-39.92693
84.1320009231567	-42.70026
84.1476209163666	-42.74722
84.1632509231567	-39.89191
84.1788709163666	-34.45739
84.1945009231567	-27.08738
84.2101309299469	-18.53608
84.2257509231567	-9.47406
84.2413809299469	-0.4133644
84.2570009231567	8.208561
84.2726309299469	15.97238
84.2882509231567	22.44898
84.3038809299469	27.22301
84.3195109367371	30.01465
84.3351309299469	30.81574
84.3507609367371	29.92577
84.3663809299469	27.90255
84.3820109367371	25.42647
84.3976309299469	23.09362
84.4132609367371	21.21375
84.4288909435272	19.7575
84.4445109367371	18.42321
84.4601409435272	16.78698
84.4757609367371	14.54031
84.4913909435272	11.59281
84.5070109367371	8.091404
84.5226409435272	4.346783
84.5382709503174	0.6604042
84.5538909435272	-2.820717
84.5695209503174	-6.138126
84.5851409435272	-9.552959
84.6007709503174	-13.39116
84.6163909435272	-17.91208
84.6320209503174	-23.11459
84.6476509571075	-28.59282
84.6632709503174	-33.52277
84.6789009571075	-36.81771
84.6945209503174	-37.47234
84.7101509571075	-34.90937
84.7257709503174	-29.21629
84.7414009571075	-21.1284
84.7570309638977	-11.73899
84.7726509571075	-2.10323
84.7882809638977	7.048687
84.8039009571075	15.37712
84.8195309638977	22.81516
84.8351509571075	29.26991
84.8507809638977	34.54291
84.8664109706879	38.29243
84.8820309638977	40.28268
84.8976609706879	40.52161
84.9132809638977	39.37608
84.9289109706879	37.45007
84.9445309638977	35.35978
84.9601609706879	33.48426
84.975790977478	31.85187
84.9914109706879	30.15498
85.007040977478	27.95179
85.0226609706879	24.90724
85.038290977478	21.00538
85.0539109706879	16.54695
85.069540977478	12.0483
85.0851709842682	7.937431
85.100790977478	4.377838
85.1164209842682	1.144737
85.132040977478	-2.239216
85.1476709842682	-6.300903
85.163290977478	-11.34676
85.1789209842682	-17.32265
85.1945509910583	-23.75505
85.2101709842682	-29.88113
85.2258009910583	-34.79203
85.2414209842682	-37.65636
85.2570509910583	-37.90556
85.2726809978485	-35.36278
85.2883009910583	-30.31054
85.3039309978485	-23.35851
85.3195509910583	-15.27644
85.3351809978485	-6.766296
85.3508009910583	1.655899
85.3664309978485	9.600868
85.3820610046387	16.71871
85.3976809978485	22.56013
85.4133110046387	26.63011
85.4289309978485	28.58466
85.4445610046387	28.42657
85.4601809978485	26.61616
85.4758110046387	23.94611
85.4914410114288	21.26515
85.5070610046387	19.15968
85.5226910114288	17.80108
85.5383110046387	16.95847
85.5539410114288	16.17639
85.5695610046387	15.03098
85.5851910114288	13.28349
85.600821018219	10.90203
85.6164410114288	8.018509
85.632071018219	4.797005
85.6476910114288	1.365692
85.663321018219	-2.22657
85.6789410114288	-6.007858
85.694571018219	-10.10002
85.7102010250092	-14.64197
85.725821018219	-19.75288
85.7414510250092	-25.36431
85.757071018219	-31.16195
85.7727010250092	-36.47084
85.788321018219	-40.41505
85.8039510250092	-42.10921
85.8195810317993	-40.98872
85.8352010250092	-37.03522
85.8508310317993	-30.75581
85.8664510250092	-22.9908
85.8820810317993	-14.56906
85.8977010250092	-6.090858
85.9133310317993	2.157196
85.9289610385895	10.02488
85.9445810317993	17.27164
85.9602110385895	23.46236
85.9758310317993	28.02678
85.9914610385895	30.51726
86.0070810317993	30.85759
86.0227110385895	29.42406
86.0383410453796	26.90446
86.0539610385895	24.07578
86.0695910453796	21.49083
86.0852110385895	19.35271
86.1008410453796	17.53258
86.1164610385895	15.71277
86.1320910453796	13.58096
86.1477210521698	10.99115
86.1633410453796	7.969147
86.1789710521698	4.689301
86.1945910453796	1.393387
86.2102210521698	-1.732437
86.2258410453796	-4.638
86.2414710521698	-7.4384
86.25710105896	-10.43968
86.2727210521698	-13.99564
86.28835105896	-18.40059
86.3039710521698	-23.66599
86.31960105896	-29.42912
86.3352210521698	-34.92235
86.35085105896	-39.18047
86.3664810657501	-41.29855
86.38210105896	-40.72917
86.3977310657501	-37.48582
86.41335105896	-32.06857
86.4289810657501	-25.25436
86.44460105896	-17.75177
86.4602310657501	-10.06242
86.4758610725403	-2.423172
86.4914810657501	4.99501
86.5071110725403	11.95416
86.5227310657501	18.03502
86.5383610725403	22.71883
86.5539810657501	25.63181
86.5696110725403	26.66325
86.5852410793304	26.08353
86.6008610725403	24.43669
86.6164910793304	22.3006
86.6321110725403	20.11961
86.6477410793304	18.0891
86.6633610725403	16.18275
86.6789910793304	14.216
86.6946210861206	12.02304
86.7102410793304	9.520584
86.7258710861206	6.742111
86.7414910793304	3.813095
86.7571210861206	0.8865662
86.7727410793304	-1.957031
86.7883710861206	-4.719467
86.8040010929108	-7.528595
86.8196210861206	-10.56287
86.8352510929108	-13.97171
86.8508710861206	-17.86075
86.8665010929108	-22.22897
86.8821210861206	-26.96265
86.8977510929108	-31.79402
86.9133810997009	-36.28729
86.9290010929108	-39.84941
86.9446310997009	-41.79015
86.9602510929108	-41.57248
86.9758810997009	-38.9425
86.9915010929108	-34.07437
87.0071310997009	-27.49222
87.0227611064911	-19.92459
87.0383810997009	-12.04924
87.0540111064911	-4.380753
87.0696310997009	2.771652
87.0852611064911	9.151062
87.1008810997009	14.50362
87.1165111064911	18.5439
87.1321411132812	21.07005
87.1477611064911	22.10149
87.1633911132812	21.9397
87.1790111064911	21.08272
87.1946411132812	20.05811
87.2102611064911	19.18617
87.2258911132812	18.5
87.2415208816528	17.74246
87.2571411132812	16.57446
87.2727708816528	14.71301
87.2883911132812	12.134
87.3040208816528	9.063354
87.3196411132812	5.871429
87.3352708816528	2.920761
87.350900888443	0.3991852
87.3665208816528	-1.757507
87.382150888443	-3.814194
87.3977708816528	-6.155441
87.413400888443	-9.15271
87.4290208816528	-13.04492
87.444650888443	-17.80887
87.4602808952332	-23.13025
87.475900888443	-28.40472
87.4915308952332	-32.83968
87.507150888443	-35.63197
87.5227808952332	-36.18359
87.538400888443	-34.22794
87.5540308952332	-29.90187
87.5696609020233	-23.66306
87.5852808952332	-16.15361
87.6009109020233	-8.038376
87.6165308952332	0.05471802
87.6321609020233	7.632294
87.6477808952332	14.26907
87.6634109020233	19.67346
87.6790409088135	23.64977
87.6946609020233	26.19234
87.7102909088135	27.45786
87.7259109020233	27.80145
87.7415409088135	27.63795
87.7571709156036	27.38663
87.7727909088135	27.32237
87.7884209156036	27.52251
87.8040409088135	27.83937
87.8196709156036	27.97098
87.8352909088135	27.60608
87.8509209156036	26.54411
87.8665509223938	24.83565
87.8821709156036	22.74968
87.8978009223938	20.73312
87.9134209156036	19.21805
87.9290509223938	18.4514
87.9446709156036	18.39484
87.9603009223938	18.67726
87.975930929184	18.73705
87.9915509223938	18.05379
88.007180929184	16.43863
88.0228009223938	14.18091
88.038430929184	12.0603
88.0540509223938	11.10574
88.069680929184	12.20329
88.0853109359741	15.81993
88.100930929184	21.85274
88.1165609359741	29.73923
88.132180929184	38.80859
88.1478109359741	48.46097
88.163430929184	58.34998
88.1790609359741	68.24962
88.1946909427643	77.83653
88.2103109359741	86.474
88.2259409427643	93.25598
88.2415609359741	97.17084
88.2571909427643	97.41257
88.2728109359741	93.63919
88.2884409427643	86.03751
88.3040709495544	75.25076
88.3196909427643	62.19424
88.3353209495544	47.87109
88.3509409427643	33.26025
88.3665709495544	19.24615
88.3821909427643	6.517822
88.3978209495544	-4.546204
88.4134509563446	-13.98706
88.4290709495544	-22.24792
88.4447009563446	-29.98224
88.4603209495544	-37.67859
88.4759509563446	-45.30301
88.4915709495544	-52.27536
88.5072009563446	-57.84134
88.5228309631348	-61.73447
88.5384509563446	-64.66086
88.5540809631348	-68.18198
88.5697009563446	-74.16141
88.5853309631348	-83.64908
88.6009509563446	-96.07736
88.6165809631348	-109.0725
88.6322109699249	-119.1566
88.6478309631348	-122.9837
88.6634609699249	-118.5522
88.6790809631348	-105.822
88.6947109699249	-86.5849
88.7103309631348	-63.83249
88.7259609699249	-40.85468
88.7415909767151	-20.57745
88.7572109699249	-5.162231
88.7728409767151	4.247772
88.7884609699249	7.718628
88.8040909767151	6.582855
88.8197109699249	3.235504
88.8353409767151	0.5917664
88.8509709835052	1.262085
88.8665909767151	6.752716
88.8822209835052	16.96182
88.8978409767151	30.25598
88.9134709835052	44.05447
88.9290909767151	55.72302
88.9447209835052	63.28812
88.9603509902954	65.85834
88.9759709835052	63.62183
88.9916009902954	57.60001
89.0072209835052	49.27036
89.0228509902954	40.11377
89.0384709835052	31.26553
89.0541009902954	23.35678
89.0697309970856	16.39307
89.0853509902954	9.939819
89.1009809970856	3.423584
89.1166009902954	-3.516205
89.1322309970856	-10.80621
89.1478509902954	-17.89169
89.1634809970856	-23.98807
89.1791110038757	-28.41
89.1947309970856	-30.86624
89.2103610038757	-31.62473
89.2259809970856	-31.36765
89.2416110038757	-30.88104
89.2572309970856	-30.80988
89.2728610038757	-31.45331
89.2884910106659	-32.81387
89.3041110038757	-34.74768
89.3197410106659	-37.1301
89.3353610038757	-39.89566
89.3509910106659	-43.02478
89.3666110038757	-46.40518
89.3822410106659	-49.78857
89.3978710174561	-52.83472
89.4134910106659	-55.17429
89.4291210174561	-56.51569
89.4447410106659	-56.67911
89.4603710174561	-55.60315
89.4759910106659	-53.36581
89.4916210174561	-50.17899
89.5072510242462	-46.37912
89.5228710174561	-42.41812
89.5385010242462	-38.76031
89.5541210174561	-35.76691
89.5697510242462	-33.66406
89.5853710174561	-32.57681
89.6010010242462	-32.5929
89.6166310310364	-33.77475
89.6322510242462	-36.01547
89.6478810310364	-38.91119
89.6635010242462	-41.71753
89.6791310310364	-43.46741
89.6947510242462	-43.29175
89.7103810310364	-40.74908
89.7260110378265	-35.97446
89.7416310310364	-29.58347
89.7572610378265	-22.36151
89.7728810310364	-14.96997
89.7885110378265	-7.752197
89.8041310310364	-0.8077698
89.8197610378265	5.87616
89.8353910446167	12.19543
89.8510110378265	17.91034
89.8666410446167	22.72375
89.8822610378265	26.41788
89.8978910446167	28.94894
89.9135110378265	30.49747
89.9291410446167	31.34402
89.9447710514069	31.72961
89.9603910446167	31.78149
89.9760210514069	31.44806
89.9916410446167	30.57645
90.0072710514069	29.08966
90.022901058197	27.09357
90.0385210514069	24.90161
90.054151058197	22.89618
90.0697710514069	21.34283
90.085401058197	20.19327
90.1010210514069	19.15097
90.116651058197	17.78076
90.1322810649872	15.76343
90.147901058197	12.98889
90.1635310649872	9.552429
90.179151058197	5.723145
90.1947810649872	1.912567
90.210401058197	-1.32132
90.2260310649872	-3.261902
90.2416610717773	-3.170898
90.2572810649872	-0.5341187
90.2729110717773	4.661285
90.2885310649872	11.83087
90.3041610717773	19.95877
90.3197810649872	28.02109
90.3354110717773	35.32074
90.3510410785675	41.65842
90.3666610717773	47.1391
90.3822910785675	51.87003
90.3979110717773	55.62518
90.4135410785675	57.9386
90.4291610717773	58.26782
90.4447910785675	56.33875
90.4604210853577	52.27295
90.4760410785675	46.53137
90.4916710853577	39.63684
90.5072910785675	31.95425
90.5229210853577	23.57281
90.5385410785675	14.44434
90.5541710853577	4.598022
90.5698010921478	-5.640717
90.5854210853577	-15.72427
90.6010510921478	-25.04401
90.6166710853577	-33.14572
90.6323010921478	-39.87564
90.6479210853577	-45.3259
90.6635510921478	-49.69495
90.679181098938	-53.09198
90.6948010921478	-55.50186
90.710431098938	-56.80331
90.7260510921478	-56.87534
90.741681098938	-55.64453
90.7573010921478	-53.02014
90.772931098938	-48.88458
90.7885611057281	-43.00119
90.804181098938	-35.19608
90.8198111057281	-25.49109
90.835431098938	-14.28006
90.8510611057281	-2.272186
90.866681098938	9.689667
90.8823111057281	20.90314
90.8979411125183	30.95346
90.9135611057281	39.73761
90.9291911125183	47.25867
90.9448111057281	53.42789
90.9604411125183	57.90082
90.9760611057281	60.09927
90.9916911125183	59.45032
91.0073208808899	55.66559
91.0229411125183	48.89316
91.0385708808899	39.73151
91.0541911125183	29.02643
91.0698208808899	17.56348
91.0854411125183	5.852631
91.1010708808899	-5.931519
91.1167008876801	-17.81238
91.1323208808899	-29.76532
91.1479508876801	-41.54959
91.1635708808899	-52.6893
91.1792008876801	-62.56433
91.1948208808899	-70.63928
91.2104508876801	-76.58551
91.2260808944702	-80.33252
91.2417008876801	-82.00824
91.2573308944702	-81.88416
91.2729508876801	-80.35989
91.2885808944702	-77.95523
91.3042008876801	-75.23718
91.3198308944702	-72.64139
91.3354609012604	-70.30515
91.3510808944702	-67.95959
91.3667109012604	-64.9668
91.3823308944702	-60.64127
91.3979609012604	-54.52124
91.4135808944702	-46.59235
91.4292109012604	-37.28012
91.4448409080505	-27.2381
91.4604609012604	-17.04776
91.4760909080505	-7.057465
91.4917109012604	2.602386
91.5073409080505	11.90146
91.5229609012604	20.66089
91.5385909080505	28.53537
91.5542209148407	35.0603
91.5698409080505	39.85031
91.5854709148407	42.77863
91.6010909080505	44.0242
91.6167209148407	44.0419
91.6323409080505	43.33636
91.6479709148407	42.35001
91.6636009216309	41.25137
91.6792209148407	40.01083
91.6948509216309	38.43796
91.7104709148407	36.36505
91.7261009216309	33.70776
91.7417209148407	30.56693
91.7573509216309	27.14252
91.772980928421	23.69623
91.7886009216309	20.38809
91.804230928421	17.25269
91.8198509216309	14.19516
91.835480928421	11.01532
91.8511009216309	7.498978
91.866730928421	3.513412
91.8823609352112	-1.002426
91.897980928421	-6.029129
91.9136109352112	-11.52515
91.929230928421	-17.31625
91.9448609352112	-23.08325
91.960480928421	-28.21814
91.9761109352112	-31.94157
91.9917409420013	-33.45705
92.0073609352112	-32.25903
92.0229909420013	-28.37544
92.0386109352112	-22.35248
92.0542409420013	-15.0782
92.0698609352112	-7.404999
92.0854909420013	0.09672546
92.1011209487915	7.216125
92.1167409420013	13.96886
92.1323709487915	20.34969
92.1479909420013	26.19992
92.1636209487915	31.15601
92.1792409420013	34.84045
92.1948709487915	36.96452
92.2105009555817	37.51984
92.2261209487915	36.72073
92.2417509555817	34.9408
92.2573709487915	32.59317
92.2730009555817	30.05334
92.2886209487915	27.55377
92.3042509555817	25.18806
92.3198809623718	22.90161
92.3355009555817	20.51073
92.3511309623718	17.82397
92.3667509555817	14.70924
92.3823809623718	11.16594
92.3980009555817	7.352051
92.4136309623718	3.474121
92.429260969162	-0.3017883
92.4448809623718	-3.956116
92.460510969162	-7.618301
92.4761309623718	-11.57463
92.491760969162	-16.11049
92.5073809623718	-21.41257
92.523010969162	-27.44174
92.5386409759521	-33.86507
92.554260969162	-40.05664
92.5698909759521	-45.1959
92.585510969162	-48.42813
92.6011409759521	-49.0685
92.6167709827423	-46.7989
92.6323909759521	-41.72816
92.6480209827423	-34.3769
92.6636409759521	-25.45774
92.6792709827423	-15.69887
92.6948909759521	-5.677559
92.7105209827423	4.18187
92.7261509895325	13.55331
92.7417709827423	22.08954
92.7574009895325	29.3921
92.7730209827423	35.11643
92.7886509895325	39.04728
92.8042709827423	41.25258
92.8199009895325	42.02926
92.8355309963226	41.79559
92.8511509895325	40.97463
92.8667809963226	39.88719
92.8824009895325	38.72638
92.8980309963226	37.58025
92.9136509895325	36.4428
92.9292809963226	35.23409
92.9449110031128	33.80421
92.9605309963226	31.93901
92.9761610031128	29.44963
92.9917809963226	26.28214
93.0074110031128	22.56979
93.0230309963226	18.59329
93.0386610031128	14.69418
93.054291009903	11.06697
93.0699110031128	7.688366
93.085541009903	4.308968
93.1011610031128	0.5368958
93.116791009903	-3.948475
93.1324110031128	-9.245617
93.148041009903	-15.16712
93.1636710166931	-21.20108
93.179291009903	-26.58567
93.1949210166931	-30.45209
93.210541009903	-32.06061
93.2261710166931	-30.97438
93.241791009903	-27.24318
93.2574210166931	-21.34443
93.2730510234833	-14.05735
93.2886710166931	-6.211197
93.3043010234833	1.527645
93.3199210166931	8.772884
93.3355510234833	15.33234
93.3511710166931	21.12221
93.3668010234833	26.05984
93.3824310302734	30.02836
93.3980510234833	32.92916
93.4136810302734	34.71696
93.4293010234833	35.43863
93.4449310302734	35.21629
93.4605510234833	34.20409
93.4761810302734	32.61239
93.4918110370636	30.68037
93.5074310302734	28.6962
93.5230610370636	26.85113
93.5386810302734	25.18993
93.5543110370636	23.5681
93.5699310302734	21.72778
93.5855610370636	19.43877
93.6011910438538	16.63295
93.6168110370636	13.40639
93.6324410438538	9.9916
93.6480610370636	6.605831
93.6636910438538	3.35334
93.6793110370636	0.2205772
93.6949410438538	-2.863106
93.7105710506439	-5.973835
93.7261910438538	-9.152813
93.7418210506439	-12.49393
93.7574410438538	-16.16869
93.7730710506439	-20.40793
93.7886910438538	-25.32504
93.8043210506439	-30.73066
93.8199510574341	-35.97194
93.8355710506439	-40.01244
93.8512010574341	-41.74201
93.8668210506439	-40.39333
93.8824510574341	-35.87225
93.8980710506439	-28.82295
93.9137010574341	-20.40079
93.9293310642242	-11.8501
93.9449510574341	-4.048138
93.9605810642242	2.671932
93.9762010574341	8.430275
93.9918310642242	13.47939
94.0074510574341	17.932
94.0230810642242	21.60254
94.0387110710144	24.16176
94.0543310642242	25.38115
94.0699610710144	25.35122
94.0855810642242	24.46238
94.1012110710144	23.25876
94.1168310642242	22.16431
94.1324610710144	21.30927
94.1480910778046	20.56915
94.1637110710144	19.681
94.1793410778046	18.47629
94.1949610710144	16.93547
94.2105910778046	15.17044
94.2262110710144	13.31665
94.2418410778046	11.42457
94.2574710845947	9.440376
94.2730910778046	7.273075
94.2887210845947	4.856998
94.3043410778046	2.19619
94.3199710845947	-0.6722527
94.3355910778046	-3.747467
94.3512210845947	-7.074902
94.3668510913849	-10.74249
94.3824710845947	-14.78633
94.3981010913849	-19.08186
94.4137210845947	-23.26017
94.4293510913849	-26.71783
94.4449710845947	-28.7524
94.4606010913849	-28.73331
94.476231098175	-26.37016
94.4918510913849	-21.77786
94.507481098175	-15.48423
94.5231010913849	-8.221039
94.538731098175	-0.7321701
94.5543510913849	6.405861
94.569981098175	12.82426
94.5856111049652	18.28188
94.601231098175	22.59475
94.6168611049652	25.56682
94.632481098175	27.06191
94.6481111049652	27.08493
94.663731098175	25.86693
94.6793611049652	23.90042
94.6949911117554	21.79305
94.7106111049652	20.11054
94.7262411117554	19.11872
94.7418611049652	18.72119
94.7574911117554	18.46007
94.7731111049652	17.74337
94.7887411117554	16.11536
94.804370880127	13.47939
94.8199911117554	10.12286
94.835620880127	6.58342
94.8512411117554	3.324165
94.866870880127	0.4864349
94.8825008869171	-2.163548
94.898120880127	-5.073425
94.9137508869171	-8.647434
94.929370880127	-13.04376
94.9450008869171	-18.13316
94.960620880127	-23.5583
94.9762508869171	-28.89692
94.9918808937073	-33.68764
95.0075008869171	-37.44622
95.0231308937073	-39.64907
95.0387508869171	-39.82651
95.0543808937073	-37.67382
95.0700008869171	-33.25201
95.0856308937073	-27.01495
95.1012609004974	-19.70139
95.1168808937073	-12.09904
95.1325109004974	-4.822365
95.1481308937073	1.751335
95.1637609004974	7.403442
95.1793808937073	11.95576
95.1950109004974	15.20961
95.2106409072876	17.01263
95.2262609004974	17.39574
95.2418909072876	16.65799
95.2575109004974	15.30354
95.2731409072876	13.90253
95.2887609004974	12.80637
95.3043909072876	12.02666
95.3200209140778	11.24226
95.3356409072876	9.996811
95.3512709140778	7.962059
95.3668909072876	5.130463
95.3825209140778	1.826492
95.3981409072876	-1.460281
95.4137709140778	-4.321648
95.4294009208679	-6.615982
95.4450209140778	-8.540909
95.4606509208679	-10.50901
95.4762709140778	-12.97351
95.4919009208679	-16.23066
95.5075209140778	-20.30994
95.5231509208679	-24.94981
95.5387809276581	-29.68835
95.5544009208679	-33.88943
95.5700309276581	-36.87984
95.5856509208679	-38.04745
95.6012809276581	-36.99399
95.6169009208679	-33.64001
95.6325309276581	-28.29194
95.6481609344482	-21.52015
95.6637809276581	-14.05358
95.6794109344482	-6.541042
95.6950309276581	0.5354424
95.7106609344482	6.887802
95.7262809276581	12.33134
95.7419109344482	16.69498
95.7575409412384	19.7848
95.7731609344482	21.4561
95.7887909412384	21.73457
95.8044109344482	20.87769
95.8200409412384	19.38773
95.8356609344482	17.83753
95.8512909412384	16.64954
95.8669209480286	15.9678
95.8825409412384	15.52741
95.8981709480286	14.87815
95.9137909412384	13.56131
95.9294209480286	11.38112
95.9450409412384	8.471581
95.9606709480286	5.257946
95.9763009548187	2.187321
95.9919209480286	-0.4828224
96.0075509548187	-2.815041
96.0231709480286	-5.208469
96.0388009548187	-8.187084
96.0544209480286	-12.14188
96.0700509548187	-17.15615
96.0856809616089	-22.86948
96.1013009548187	-28.51165
96.1169309616089	-33.11506
96.1325509548187	-35.76675
96.1481809616089	-35.85255
96.1638009548187	-33.25927
96.1794309616089	-28.32885
96.195060968399	-21.73878
96.2106809616089	-14.23236
96.226310968399	-6.428547
96.2419309616089	1.28899
96.257560968399	8.702766
96.2731809616089	15.58497
96.288810968399	21.62263
96.3044409751892	26.39162
96.320060968399	29.51486
96.3356909751892	30.84683
96.351310968399	30.54626
96.3669409751892	29.06192
96.382560968399	26.97794
96.3981909751892	24.83508
96.4138209819794	22.95767
96.4294409751892	21.42735
96.4450709819794	20.09285
96.4606909751892	18.69382
96.4763209819794	16.98582
96.4919409751892	14.81748
96.5075709819794	12.21395
96.5232009887695	9.366669
96.5388209819794	6.516146
96.5544509887695	3.839645
96.5700709819794	1.331457
96.5857009887695	-1.257271
96.6013209819794	-4.320671
96.6169509887695	-8.248955
96.6325809955597	-13.21402
96.6482009887695	-18.98652
96.6638309955597	-24.88949
96.6794509887695	-29.95139
96.6950809955597	-33.13862
96.7107009887695	-33.70335
96.7263309955597	-31.41298
96.7419610023499	-26.63418
96.7575809955597	-20.08986
96.7732110023499	-12.65583
96.7888309955597	-5.048523
96.8044610023499	2.287977
96.8200809955597	9.107729
96.8357110023499	15.21587
96.85134100914	20.35106
96.8669610023499	24.18856
96.88259100914	26.47372
96.8982110023499	27.19741
96.91384100914	26.61032
96.9294610023499	25.16827
96.94509100914	23.37665
96.9607210159302	21.57987
96.97634100914	19.93006
96.9919710159302	18.35249
97.00759100914	16.69095
97.0232210159302	14.797
97.0388510227203	12.65179
97.0544710159302	10.30439
97.0701010227203	7.888802
97.0857210159302	5.477142
97.1013510227203	3.073767
97.1169710159302	0.570734
97.1326010227203	-2.206099
97.1482310295105	-5.43623
97.1638510227203	-9.253899
97.1794810295105	-13.69213
97.1951010227203	-18.59359
97.2107310295105	-23.60203
97.2263510227203	-28.16109
97.2419810295105	-31.57519
97.2576110363007	-33.18154
97.2732310295105	-32.5417
97.2888610363007	-29.59977
97.3044810295105	-24.68827
97.3201110363007	-18.39961
97.3357310295105	-11.38427
97.3513610363007	-4.195581
97.3669910430908	2.788383
97.3826110363007	9.292959
97.3982410430908	15.07523
97.4138610363007	19.82815
97.4294910430908	23.24014
97.4451110363007	25.12924
97.4607410430908	25.52866
97.476371049881	24.74952
97.4919910430908	23.24845
97.507621049881	21.53116
97.5232410430908	19.91456
97.538871049881	18.51777
97.5544910430908	17.21411
97.570121049881	15.79445
97.5857510566711	14.0837
97.601371049881	12.07337
97.6170010566711	9.92625
97.632621049881	7.854763
97.6482510566711	5.986074
97.663871049881	4.237242
97.6795010566711	2.261324
97.6951310634613	-0.3362141
97.7107510566711	-3.86433
97.7263810634613	-8.332174
97.7420010566711	-13.37641
97.7576310634613	-18.29942
97.7732510566711	-22.30818
97.7888810634613	-24.68386
97.8045110702515	-24.99897
97.8201310634613	-23.20908
97.8357610702515	-19.60296
97.8513810634613	-14.66087
97.8670110702515	-8.917294
97.8826310634613	-2.826204
97.8982610702515	3.297478
97.9138910770416	9.179455
97.9295110702515	14.54775
97.9451410770416	19.10229
97.9607610702515	22.56171
97.9763910770416	24.75914
97.9920110702515	25.75346
98.0076410770416	25.76264
98.0232710838318	25.09166
98.0388910770416	23.99905
98.0545210838318	22.59585
98.0701410770416	20.90356
98.0857710838318	18.92635
98.1013910770416	16.72394
98.1170210838318	14.41925
98.1326510906219	12.1301
98.1482710838318	9.875366
98.1639010906219	7.558552
98.1795210838318	5.036949
98.1951510906219	2.177547
98.2107710838318	-1.064629
98.2264010906219	-4.713146
98.2420310974121	-8.808681
98.2576510906219	-13.41208
98.2732810974121	-18.50611
98.2889010906219	-23.90871
98.3045310974121	-29.14537
98.3201510906219	-33.47185
98.3357810974121	-36.08331
98.3514111042023	-36.30806
98.3670310974121	-33.88548
98.3826611042023	-29.05451
98.3982810974121	-22.47054
98.4139111042023	-14.98626
98.4295310974121	-7.436615
98.4451611042023	-0.4354286
98.4607911109924	5.63467
98.4764111042023	10.53049
98.4920411109924	14.13988
98.5076611042023	16.39116
98.5232911109924	17.34521
98.5389111042023	17.19025
98.5545411109924	16.26071
98.570170879364	14.93079
98.5857911109924	13.48058
98.601420879364	11.99556
98.6170411109924	10.3748
98.632670879364	8.462257
98.6482911109924	6.188587
98.663920879364	3.642727
98.6795508861542	1.032761
98.695170879364	-1.449116
98.7108008861542	-3.748734
98.726420879364	-5.950077
98.7420508861542	-8.257668
98.757670879364	-10.8916
98.7733008861542	-14.00665
98.7889308929443	-17.66539
98.8045508861542	-21.78561
98.8201808929443	-26.09768
98.8358008861542	-30.10084
98.8514308929443	-33.13955
98.8670508861542	-34.50618
98.8826808929443	-33.70046
98.8983108997345	-30.62464
98.9139308929443	-25.6182
98.9295608997345	-19.34975
98.9451808929443	-12.55606
98.9608108997345	-5.823826
98.9764308929443	0.51017
98.9920608997345	6.277897
99.0076909065247	11.38075
99.0233108997345	15.65526
99.0389409065247	18.84562
99.0545608997345	20.75
99.0701909065247	21.30451
99.0858108997345	20.69281
99.1014409065247	19.30223
99.1170709133148	17.59622
99.1326909065247	15.904
99.1483209133148	14.37114
99.1639409065247	12.91628
99.1795709133148	11.32413
99.1951909065247	9.423191
99.2108209133148	7.186169
99.226450920105	4.750008
99.2420709133148	2.336613
99.257700920105	0.114006
99.2733209133148	-1.928101
99.288950920105	-4.009426
99.3045709133148	-6.48502
99.320200920105	-9.689415
99.3358309268951	-13.77489
99.351450920105	-18.59715
99.3670809268951	-23.66493
99.382700920105	-28.21579
99.3983309268951	-31.34515
99.413950920105	-32.29383
99.4295809268951	-30.66569
99.4452109336853	-26.57945
99.4608309268951	-20.66201
99.4764609336853	-13.80002
99.4920809268951	-6.848564
99.5077109336853	-0.4014168
99.5233309268951	5.357151
99.5389609336853	10.5025
99.5545909404755	15.16174
99.5702109336853	19.28216
99.5858409404755	22.616
99.6014609336853	24.80607
99.6170909404755	25.64629
99.6327109336853	25.21766
99.6483409404755	23.91267
99.6639709472656	22.27066
99.6795909404755	20.72742
99.6952209472656	19.42108
99.7108409404755	18.14637
99.7264709472656	16.53701
99.7421009540558	14.25841
99.7577209472656	11.2605
99.7733509540558	7.81596
99.7889709472656	4.399006
99.8046009540558	1.453091
99.8202209472656	-0.8494148
99.8358509540558	-2.700985
99.8514809608459	-4.566284
99.8671009540558	-6.993427
99.8827309608459	-10.35018
99.8983509540558	-14.72528
99.9139809608459	-19.91216
99.9296009540558	-25.53991
99.9452309608459	-31.10567
99.9608609676361	-36.05027
99.9764809608459	-39.70794
99.9921109676361	-41.39286
100.007730960846	-40.55497
100.023360967636	-37.00332
100.038980960846	-31.05133
100.054610967636	-23.4619
100.070240974426	-15.20302
100.085860967636	-7.106213
100.101490974426	0.3485184
100.117110967636	7.058659
100.132740974426	13.0827
100.148360967636	18.38237
100.163990974426	22.69493
100.179620981216	25.61059
100.195240974426	26.80178
100.210870981216	26.29828
100.226490974426	24.53139
100.242120981216	22.18416
100.257740974426	19.92528
100.273370981216	18.13111
100.289000988007	16.75508
100.304620981216	15.39511
100.320250988007	13.55072
100.335870981216	10.89688
100.351500988007	7.50395
100.367120981216	3.74301
100.382750988007	0.1793957
100.398380994797	-2.787947
100.414000988007	-5.062105
100.429630994797	-6.878922
100.445250988007	-8.650589
100.460880994797	-10.75829
100.476500988007	-13.43262
100.492130994797	-16.76116
100.507761001587	-20.73336
100.523380994797	-25.23872
100.539011001587	-30.03708
100.554630994797	-34.64843
100.570261001587	-38.36769
100.585880994797	-40.39304
100.601511001587	-40.06073
100.617141008377	-37.11909
100.632761001587	-31.75177
100.648391008377	-24.56965
100.664011001587	-16.3036
100.679641008377	-7.68381
100.695261001587	0.7588902
100.710891008377	8.658596
100.726521015167	15.78685
100.742141008377	21.97853
100.757771015167	27.11458
100.773391008377	31.06827
100.789021015167	33.72752
100.804641008377	35.03936
100.820271015167	35.04614
100.835901021957	33.94797
100.851521015167	32.1047
100.867151021957	29.90889
100.882771015167	27.69917
100.898401021957	25.61027
100.914021015167	23.60047
100.929651021957	21.48145
100.945281028748	19.10523
100.960901021957	16.40708
100.976531028748	13.4524
100.992151021957	10.36237
101.007781028748	7.247322
101.023401021957	4.135734
101.039031028748	0.9581337
101.054661035538	-2.408343
101.070281028748	-6.069982
101.085911035538	-10.09298
101.101531028748	-14.49129
101.117161035538	-19.24575
101.132781028748	-24.31633
101.148411035538	-29.58552
101.164041042328	-34.77991
101.179661035538	-39.40544
101.195291042328	-42.7932
101.210911035538	-44.22966
101.226541042328	-43.18793
101.242161035538	-39.55872
101.257791042328	-33.69739
101.273421049118	-26.3246
101.289041042328	-18.23811
101.304671049118	-10.06938
101.320291042328	-2.14839
101.335921049118	5.396372
101.351541042328	12.48106
101.367171049118	18.84188
101.382801055908	24.08484
101.398421049118	27.77888
101.414051055908	29.68614
101.429671049118	29.85777
101.445301055908	28.69926
101.460921049118	26.80468
101.476551055908	24.7779
101.492181062698	23.00409
101.507801055908	21.59723
101.523431062698	20.41095
101.539051055908	19.15886
101.554681062698	17.58708
101.570301055908	15.57759
101.585931062698	13.16851
101.601561069489	10.46894
101.617181062698	7.547161
101.632811069489	4.382816
101.648431062698	0.9012985
101.664061069489	-2.921997
101.679681062698	-6.967785
101.695311069489	-11.03041
101.710941076279	-14.94938
101.726561069489	-18.73906
101.742191076279	-22.6632
101.757811069489	-27.01004
101.773441076279	-31.83329
101.789061069489	-36.72292
101.804691076279	-40.81801
101.820321083069	-43.15094
101.835941076279	-42.9704
101.851571083069	-40.06693
101.867191076279	-34.76152
101.882821083069	-27.7126
101.898451089859	-19.59254
101.914071083069	-10.92618
101.929701089859	-2.069527
101.945321083069	6.628632
101.960951089859	14.74058
101.976571083069	21.7465
101.992201089859	27.16555
102.007831096649	30.69998
102.023451089859	32.37929
102.039081096649	32.53376
102.054701089859	31.6601
102.070331096649	30.28842
102.085951089859	28.80323
102.101581096649	27.36217
102.117211103439	25.95491
102.132831096649	24.43986
102.148461103439	22.66782
102.164081096649	20.52537
102.179711103439	18.01701
102.195331096649	15.17252
102.210961103439	12.1098
102.226591110229	8.953064
102.242211103439	5.833237
102.257841110229	2.841675
102.273461103439	-0.03340912
102.289091110229	-2.965691
102.304711103439	-6.244385
102.320341110229	-10.19305
102.335970878601	-14.97778
102.351591110229	-20.44402
102.367220878601	-26.0579
102.382841110229	-31.00092
102.398470878601	-34.36584
102.414091110229	-35.43626
102.429720878601	-33.85699
102.445350885391	-29.73425
102.460970878601	-23.57292
102.476600885391	-16.11273
102.492220878601	-8.111076
102.507850885391	-0.1691971
102.523470878601	7.327904
102.539100885391	14.19865
102.554730892181	20.28393
102.570350885391	25.38108
102.585980892181	29.19856
102.601600885391	31.44839
102.617230892181	32.04688
102.632850885391	31.18747
102.648480892181	29.36153
102.664110898972	27.12352
102.679730892181	24.91087
102.695360898972	22.86239
102.710980892181	20.84029
102.726610898972	18.57092
102.742230892181	15.81597
102.757860898972	12.55177
102.773490905762	8.943428
102.789110898972	5.25412
102.804740905762	1.71521
102.820360898972	-1.589676
102.835990905762	-4.734695
102.851610898972	-7.931511
102.867240905762	-11.4199
102.882870912552	-15.4229
102.898490905762	-20.06854
102.914120912552	-25.33588
102.929740905762	-30.97971
102.945370912552	-36.48404
102.960990905762	-41.0867
102.976620912552	-43.94122
102.992250919342	-44.34171
103.007870912552	-41.91791
103.023500919342	-36.82014
103.039120912552	-29.62971
103.054750919342	-21.19809
103.070370912552	-12.36296
103.086000919342	-3.756485
103.101630926132	4.261337
103.117250919342	11.55048
103.132880926132	18.00653
103.148500919342	23.48203
103.164130926132	27.7417
103.179750919342	30.60304
103.195380926132	32.0352
103.211010932922	32.23662
103.226630926132	31.60014
103.242260932922	30.55539
103.257880926132	29.42477
103.273510932922	28.31355
103.289130926132	27.12146
103.304760932922	25.59933
103.320390939713	23.51143
103.336010932922	20.75621
103.351640939713	17.42821
103.367260932922	13.7773
103.382890939713	10.09087
103.398510932922	6.583786
103.414140939713	3.274689
103.429770946503	-0.004989624
103.445390939713	-3.559677
103.461020946503	-7.703171
103.476640939713	-12.62265
103.492270946503	-18.3214
103.507890939713	-24.47948
103.523520946503	-30.50589
103.539150953293	-35.58492
103.554770946503	-38.86383
103.570400953293	-39.63657
103.586020946503	-37.53714
103.601650953293	-32.69806
103.617270946503	-25.67804
103.632900953293	-17.27435
103.648530960083	-8.321732
103.664150953293	0.5500183
103.679780960083	8.958405
103.695400953293	16.71994
103.711030960083	23.72215
103.726650953293	29.82251
103.742280960083	34.78027
103.757910966873	38.32433
103.773530960083	40.26442
103.789160966873	40.63307
103.804780960083	39.71294
103.820410966873	37.99063
103.836030960083	35.96938
103.851660966873	33.9879
103.867290973663	32.06085
103.882910966873	29.93803
103.898540973663	27.29904
103.914160966873	23.99226
103.929790973663	20.17316
103.945410966873	16.22232
103.961040973663	12.55006
103.976670980453	9.366226
103.992290973663	6.546143
104.007920980453	3.749634
104.023540973663	0.5871735
104.039170980453	-3.198471
104.054790973663	-7.693466
104.070420980453	-12.83653
104.086050987244	-18.44786
104.101670980453	-24.22095
104.117300987244	-29.60333
104.132920980453	-33.82283
104.148550987244	-36.01469
104.164170980453	-35.50934
104.179800987244	-32.12109
104.195430994034	-26.2364
104.211050987244	-18.66736
104.226680994034	-10.30293
104.242300987244	-1.813858
104.257930994034	6.518799
104.273561000824	14.64561
104.289180994034	22.55034
104.304811000824	29.97913
104.320430994034	36.4297
104.336061000824	41.27992
104.351680994034	44.08113
104.367311000824	44.73335
104.382941007614	43.55324
104.398561000824	41.11035
104.414191007614	38.03557
104.429811000824	34.81044
104.445441007614	31.59613
104.461061000824	28.33479
104.476691007614	24.81279
104.492321014404	20.85574
104.507941007614	16.43237
104.523571014404	11.69063
104.539191007614	6.884201
104.554821014404	2.218826
104.570441007614	-2.221153
104.586071014404	-6.522285
104.601701021194	-10.84914
104.617321014404	-15.35584
104.632951021194	-20.13487
104.648571014404	-25.2364
104.664201021194	-30.74286
104.679821014404	-36.73379
104.695451021194	-43.2363
104.711081027985	-50.04474
104.726701021194	-56.58225
104.742331027985	-61.94678
104.757951021194	-65.11576
104.773581027985	-65.29678
104.789201021194	-62.21297
104.804831027985	-56.24055
104.820461034775	-48.2449
104.836081027985	-39.28328
104.851711034775	-30.24259
104.867331027985	-21.64152
104.882961034775	-13.6563
104.898581027985	-6.315865
104.914211034775	0.2815475
104.929841041565	5.874084
104.945461034775	10.12473
104.961091041565	12.86668
104.976711034775	14.21712
104.992341041565	14.61944
105.007961034775	14.63463
105.023591041565	14.69868
105.039221048355	14.91445
105.054841041565	15.07426
105.070471048355	14.85608
105.086091041565	14.0313
105.101721048355	12.63346
105.117341041565	10.93562
105.132971048355	9.290138
105.148601055145	7.937027
105.164221048355	6.897179
105.179851055145	6.019508
105.195471048355	5.05468
105.211101055145	3.818611
105.226721048355	2.186432
105.242351055145	0.1141891
105.257981061935	-2.421028
105.273601055145	-5.410324
105.289231061935	-8.760643
105.304851055145	-12.15363
105.320481061935	-15.00092
105.336101055145	-16.52344
105.351731061935	-15.94582
105.367361068726	-12.78861
105.382981061935	-7.046318
105.398611068726	0.7718658
105.414231061935	9.863838
105.429861068726	19.36456
105.445481061935	28.60878
105.461111068726	37.2103
105.476741075516	44.97273
105.492361068726	51.72598
105.507991075516	57.19036
105.523611068726	61.00474
105.539241075516	62.81677
105.554861068726	62.51508
105.570491075516	60.28553
105.586121082306	56.64131
105.601741075516	52.24923
105.617371082306	47.76785
105.632991075516	43.62128
105.648621082306	39.93116
105.664241075516	36.533
105.679871082306	33.11379
105.695501089096	29.38865
105.711121082306	25.2287
105.726751089096	20.68095
105.742371082306	15.89581
105.758001089096	11.00919
105.773621082306	6.150734
105.789251089096	1.384186
105.804881095886	-3.201996
105.820501089096	-7.506607
105.836131095886	-11.47432
105.851751089096	-15.18657
105.867381095886	-18.89825
105.883001089096	-22.95723
105.898631095886	-27.64794
105.914261102676	-32.94736
105.929881095886	-38.42547
105.945511102676	-43.2802
105.961131095886	-46.57455
105.976761102676	-47.56222
105.992381095886	-45.97432
106.008011102676	-42.08784
106.023641109467	-36.63781
106.039261102676	-30.55269
106.054891109467	-24.67253
106.070511102676	-19.56146
106.086141109467	-15.43577
106.101761102676	-12.27136
106.117391109467	-9.96501
106.133020877838	-8.516891
106.148641109467	-8.041243
106.164270877838	-8.730389
106.179891109467	-10.67623
106.195520877838	-13.71486
106.211141109467	-17.43378
106.226770877838	-21.2209
106.242400884628	-24.53594
106.258020877838	-27.041
106.273650884628	-28.71631
106.289270877838	-29.82218
106.304900884628	-30.68587
106.320520877838	-31.53898
106.336150884628	-32.37127
106.351780891418	-32.96716
106.367400884628	-32.98608
106.383030891418	-32.14407
106.398650884628	-30.31487
106.414280891418	-27.55824
106.429900884628	-24.09946
106.445530891418	-20.25551
106.461160898209	-16.37551
106.476780891418	-12.79083
106.492410898209	-9.834915
106.508030891418	-7.768978
106.523660898209	-6.751026
106.539280891418	-6.692727
106.554910898209	-7.214108
106.570540904999	-7.642183
106.586160898209	-7.188543
106.601790904999	-5.222805
106.617410898209	-1.506271
106.633040904999	3.684243
106.648660898209	9.663173
106.664290904999	15.54885
106.679920911789	20.55905
106.695540904999	24.22302
106.711170911789	26.39903
106.726790904999	27.22013
106.742420911789	26.90233
106.758050918579	25.68946
106.773670911789	23.78763
106.789300918579	21.43473
106.804920911789	18.88617
106.820550918579	16.42122
106.836170911789	14.31302
106.851800918579	12.7189
106.867430925369	11.65378
106.883050918579	10.95287
106.898680925369	10.33921
106.914300918579	9.486202
106.929930925369	8.107462
106.945550918579	6.0655
106.961180925369	3.393982
106.976810932159	0.2728462
106.992430925369	-3.057501
107.008060932159	-6.372858
107.023680925369	-9.576382
107.039310932159	-12.71298
107.054930925369	-15.97578
107.070560932159	-19.60943
107.08619093895	-23.81605
107.101810932159	-28.60476
107.11744093895	-33.71747
107.133060932159	-38.61669
107.14869093895	-42.56147
107.164310932159	-44.81348
107.17994093895	-44.84714
107.19557094574	-42.47218
107.21119093895	-37.92722
107.22682094574	-31.73002
107.24244093895	-24.53938
107.25807094574	-16.97474
107.27369093895	-9.53064
107.28932094574	-2.563892
107.30495095253	3.654617
107.32057094574	8.902977
107.33620095253	12.98383
107.35182094574	15.78997
107.36745095253	17.35941
107.38307094574	17.89698
107.39870095253	17.75389
107.41433095932	17.34443
107.42995095253	17.00448
107.44558095932	16.85873
107.46120095253	16.80099
107.47683095932	16.54269
107.49245095253	15.78949
107.50808095932	14.439
107.52371096611	12.6156
107.53933095932	10.65375
107.55496096611	8.887779
107.57058095932	7.500351
107.58621096611	6.405647
107.60183095932	5.316628
107.61746096611	3.859207
107.6330909729	1.689522
107.64871096611	-1.423775
107.6643409729	-5.508492
107.67996096611	-10.36954
107.6955909729	-15.49329
107.71121096611	-20.08591
107.7268409729	-23.21321
107.742470979691	-24.09585
107.7580909729	-22.32047
107.773720979691	-18.03889
107.7893409729	-11.8998
107.804970979691	-4.821686
107.8205909729	2.308182
107.836220979691	8.848526
107.851850986481	14.49185
107.867470979691	19.18163
107.883100986481	22.95479
107.898720979691	25.8158
107.914350986481	27.69164
107.929970979691	28.5045
107.945600986481	28.25119
107.961230993271	27.14233
107.976850986481	25.52992
107.992480993271	23.85395
108.008100986481	22.45409
108.023730993271	21.40461
108.039350986481	20.5009
108.054980993271	19.34637
108.070611000061	17.60018
108.086230993271	15.16795
108.101861000061	12.27433
108.117480993271	9.352165
108.133111000061	6.785217
108.148730993271	4.732788
108.164361000061	2.987717
108.179991006851	1.105011
108.195611000061	-1.410225
108.211241006851	-4.879562
108.226861000061	-9.320206
108.242491006851	-14.49069
108.258111000061	-19.9279
108.273741006851	-25.10558
108.289371013641	-29.44459
108.304991006851	-32.39723
108.320621013641	-33.45863
108.336241006851	-32.30609
108.351871013641	-28.90585
108.367491006851	-23.59455
108.383121013641	-17.0555
108.398751020432	-10.09257
108.414371013641	-3.402
108.430001020432	2.629654
108.445621013641	7.907173
108.461251020432	12.53113
108.476871013641	16.50937
108.492501020432	19.70315
108.508131027222	21.85398
108.523751020432	22.74722
108.539381027222	22.39454
108.555001020432	21.11411
108.570631027222	19.41659
108.586251020432	17.81415
108.601881027222	16.6091
108.617511034012	15.76875
108.633131027222	14.96482
108.648761034012	13.78632
108.664381027222	11.91448
108.680011034012	9.322174
108.695631027222	6.221359
108.711261034012	3.013931
108.726891040802	0.05195618
108.742511034012	-2.476639
108.758141040802	-4.665283
108.773761034012	-6.811707
108.789391040802	-9.308456
108.805011034012	-12.48036
108.820641040802	-16.40567
108.836271047592	-20.87863
108.851891040802	-25.39639
108.867521047592	-29.3054
108.883141040802	-31.93977
108.898771047592	-32.79384
108.914391040802	-31.6129
108.930021047592	-28.43523
108.945651054382	-23.5835
108.961271047592	-17.52832
108.976901054382	-10.82011
108.992521047592	-3.985382
109.008151054382	2.533081
109.023781061172	8.392303
109.039401054382	13.38458
109.055031061172	17.40541
109.070651054382	20.45172
109.086281061172	22.60619
109.101901054382	24.04877
109.117531061172	25.09241
109.133161067963	26.15926
109.148781061172	27.6488
109.164411067963	29.76915
109.180031061172	32.42151
109.195661067963	35.10127
109.211281061172	37.12781
109.226911067963	37.89903
109.242541074753	37.18292
109.258161067963	35.19409
109.273791074753	32.50943
109.289411067963	29.716
109.305041074753	27.16113
109.320661067963	24.78032
109.336291074753	22.22583
109.351921081543	19.10738
109.367541074753	15.24449
109.383171081543	10.76323
109.398791074753	5.969727
109.414421081543	1.230957
109.430041074753	-3.194931
109.445671081543	-7.10704
109.461301088333	-10.23929
109.476921081543	-12.1739
109.492551088333	-12.39902
109.508171081543	-10.50771
109.523801088333	-6.484009
109.539421081543	-0.7985382
109.555051088333	5.66864
109.570681095123	11.92945
109.586301088333	17.26666
109.601931095123	21.35909
109.617551088333	24.30776
109.633181095123	26.41262
109.648801088333	27.93068
109.664431095123	28.92715
109.680061101913	29.32587
109.695681095123	29.02297
109.711311101913	28.01936
109.726931095123	26.48196
109.742561101913	24.70091
109.758181095123	22.95092
109.773811101913	21.34251
109.789441108704	19.74447
109.805061101913	17.83131
109.820691108704	15.2194
109.836311101913	11.66718
109.851941108704	7.20063
109.867561101913	2.122047
109.883191108704	-3.111862
109.898820877075	-8.09584
109.914441108704	-12.56737
109.930070877075	-16.4967
109.945691108704	-19.99805
109.961320877075	-23.22746
109.976941108704	-26.33586
109.992570877075	-29.41866
110.008200883865	-32.50458
110.023820877075	-35.57198
110.039450883865	-38.45967
110.055070877075	-40.85915
110.070700883865	-42.33296
110.086320877075	-42.45895
110.101950883865	-40.97812
110.117580890656	-37.92782
110.133200883865	-33.62581
110.148830890656	-28.55669
110.164450883865	-23.20671
110.180080890656	-17.93152
110.195700883865	-12.89414
110.211330890656	-8.194233
110.226960897446	-3.926525
110.242580890656	-0.274004
110.258210897446	2.530018
110.273830890656	4.252972
110.289460897446	4.832388
110.305080890656	4.357887
110.320710897446	3.132813
110.336340904236	1.558334
110.351960897446	-0.002054214
110.367590904236	-1.377872
110.383210897446	-2.614367
110.398840904236	-3.971235
110.414460897446	-5.709841
110.430090904236	-7.979748
110.445720911026	-10.71448
110.461340904236	-13.70484
110.476970911026	-16.71545
110.492590904236	-19.64953
110.508220911026	-22.53515
110.523840904236	-25.43092
110.539470911026	-28.31372
110.555100917816	-31.03159
110.570720911026	-33.34814
110.586350917816	-35.12554
110.601970911026	-36.36309
110.617600917816	-37.16048
110.633220911026	-37.5064
110.648850917816	-37.16061
110.664480924606	-35.61034
110.680100917816	-32.30516
110.695730924606	-26.91606
110.711350917816	-19.57781
110.726980924606	-10.89463
110.742600917816	-1.680046
110.758230924606	7.289343
110.773860931396	15.50711
110.789480924606	22.72556
110.805110931396	28.83409
110.820730924606	33.66101
110.836360931396	36.92596
110.851980924606	38.31551
110.867610931396	37.70548
110.883240938187	35.32479
110.898860931396	31.76902
110.914490938187	27.86789
110.930110931396	24.36102
110.945740938187	21.69123
110.961360931396	19.84915
110.976990938187	18.47404
110.992620944977	17.06707
111.008240938187	15.22436
111.023870944977	12.84072
111.039490938187	10.06008
111.055120944977	7.205677
111.070740938187	4.589951
111.086370944977	2.359056
111.102000951767	0.4526558
111.117620944977	-1.33873
111.133250951767	-3.26993
111.148870944977	-5.543076
111.164500951767	-8.235609
111.180120944977	-11.34008
111.195750951767	-14.73759
111.211380958557	-18.18806
111.227000951767	-21.31025
111.242630958557	-23.5541
111.258250951767	-24.31987
111.273880958557	-23.13247
111.289500951767	-19.86303
111.305130958557	-14.80052
111.320760965347	-8.617617
111.336380958557	-2.099094
111.352010965347	4.077469
111.367630958557	9.55673
111.383260965347	14.23698
111.398880958557	18.13439
111.414510965347	21.20417
111.430140972137	23.26703
111.445760965347	24.10766
111.461390972137	23.6914
111.477010965347	22.26956
111.492640972137	20.3531
111.508260965347	18.54554
111.523890972137	17.25497
111.539520978928	16.51529
111.555140972137	16.00428
111.570770978928	15.22006
111.586390972137	13.76347
111.602020978928	11.51007
111.617640972137	8.678379
111.633270978928	5.686876
111.648900985718	2.976397
111.664520978928	0.7673798
111.680150985718	-0.9907398
111.695770978928	-2.627743
111.711400985718	-4.574478
111.727030992508	-7.235979
111.742650985718	-10.81347
111.758280992508	-15.18597
111.773900985718	-19.96955
111.789530992508	-24.55615
111.805150985718	-28.24478
111.820780992508	-30.42923
111.836410999298	-30.70497
111.852030992508	-28.99311
111.867660999298	-25.49347
111.883280992508	-20.65644
111.898910999298	-15.04323
111.914530992508	-9.216337
111.930160999298	-3.641989
111.945791006088	1.344147
111.961410999298	5.561331
111.977041006088	8.906656
111.992660999298	11.32284
112.008291006088	12.84005
112.023910999298	13.50029
112.039541006088	13.4334
112.055171012878	12.79077
112.070791006088	11.72892
112.086421012878	10.3696
112.102041006088	8.788671
112.117671012878	7.016352
112.133291006088	5.082352
112.148921012878	3.055514
112.164551019669	0.9849167
112.180171012878	-1.04339
112.195801019669	-3.003578
112.211421012878	-4.873709
112.227051019669	-6.694237
112.242671012878	-8.534632
112.258301019669	-10.44975
112.273931026459	-12.5636
112.289551019669	-15.02049
112.305181026459	-17.97076
112.320801019669	-21.43172
112.336431026459	-25.20776
112.352051019669	-28.81174
112.367681026459	-31.58228
112.383311033249	-32.84789
112.398931026459	-32.13325
112.414561033249	-29.33039
112.430181026459	-24.68116
112.445811033249	-18.73633
112.461431026459	-12.11939
112.477061033249	-5.411388
112.492691040039	0.9262638
112.508311033249	6.539345
112.523941040039	11.09836
112.539561033249	14.31253
112.555191040039	15.96988
112.570811033249	16.02405
112.586441040039	14.64521
112.602071046829	12.23646
112.617691040039	9.292587
112.633321046829	6.267151
112.648941040039	3.419079
112.664571046829	0.7614326
112.680191040039	-1.878788
112.695821046829	-4.688305
112.711451053619	-7.686077
112.727071046829	-10.62161
112.742701053619	-13.0527
112.758321046829	-14.4793
112.773951053619	-14.60447
112.789571046829	-13.47935
112.805201053619	-11.52716
112.82083106041	-9.405384
112.836451053619	-7.809616
112.85208106041	-7.23394
112.867701053619	-7.867168
112.88333106041	-9.578682
112.898951053619	-11.97447
112.91458106041	-14.47692
112.9302110672	-16.42282
112.94583106041	-17.1979
112.9614610672	-16.3621
112.97708106041	-13.78328
112.9927110672	-9.667084
113.00833106041	-4.488625
113.0239610672	1.1679
113.03959107399	6.767807
113.0552110672	12.0034
113.07084107399	16.74525
113.0864610672	20.94382
113.10209107399	24.48879
113.1177110672	27.17913
113.13334107399	28.77829
113.14897108078	29.15309
113.16459107399	28.4117
113.18022108078	26.85853
113.19584107399	24.95385
113.21147108078	23.13331
113.22709107399	21.67214
113.24272108078	20.59443
113.25835108757	19.71021
113.27397108078	18.69949
113.28960108757	17.29819
113.30522108078	15.38825
113.32085108757	13.08344
113.33647108078	10.60132
113.35210108757	8.171143
113.36773109436	5.857925
113.38335108757	3.531181
113.39898109436	0.920784
113.41460108757	-2.23745
113.43023109436	-6.081314
113.44585108757	-10.55607
113.46148109436	-15.45213
113.477111101151	-20.41846
113.49273109436	-25.02779
113.508361101151	-28.73546
113.52398109436	-30.92844
113.539611101151	-31.04276
113.55523109436	-28.75896
113.570861101151	-24.1391
113.586491107941	-17.67377
113.602111101151	-10.13453
113.617741107941	-2.332359
113.633361101151	5.126091
113.648991107941	11.91749
113.664611101151	17.95065
113.680241107941	23.15459
113.695870876312	27.35879
113.711491107941	30.25997
113.727120876312	31.57887
113.742741107941	31.23383
113.758370876312	29.50025
113.773991107941	26.96237
113.789620876312	24.34419
113.805250883102	22.18474
113.820870876312	20.65456
113.836500883102	19.45379
113.852120876312	18.05673
113.867750883102	15.98928
113.883380889893	13.12227
113.899000883102	9.744293
113.914630889893	6.362732
113.930250883102	3.414925
113.945880889893	0.9952164
113.961500883102	-1.153908
113.977130889893	-3.47377
113.992760896683	-6.353172
114.008380889893	-9.912521
114.024010896683	-14.04582
114.039630889893	-18.53596
114.055260896683	-23.15417
114.070880889893	-27.67448
114.086510896683	-31.75738
114.102140903473	-34.83124
114.117760896683	-36.16499
114.133390903473	-35.10442
114.149010896683	-31.35781
114.164640903473	-25.24115
114.180260896683	-17.58981
114.195890903473	-9.477089
114.211520910263	-1.813866
114.227140903473	4.917236
114.242770910263	10.6207
114.258390903473	15.45995
114.274020910263	19.49515
114.289640903473	22.60904
114.305270910263	24.54591
114.320900917053	25.13501
114.336520910263	24.49723
114.352150917053	23.0979
114.367770910263	21.54612
114.383400917053	20.33867
114.399020910263	19.64128
114.414650917053	19.1889
114.430280923843	18.51226
114.445900917053	17.16947
114.461530923843	15.0126
114.477150917053	12.23071
114.492780923843	9.225227
114.508400917053	6.428215
114.524030923843	4.056351
114.539660930634	2.065201
114.555280923843	0.1876907
114.570910930634	-1.947235
114.586530923843	-4.662834
114.602160930634	-8.157486
114.617780923843	-12.45485
114.633410930634	-17.43262
114.649040937424	-22.7305
114.664660930634	-27.80614
114.680290937424	-31.92804
114.695910930634	-34.32866
114.711540937424	-34.3718
114.727160930634	-31.80332
114.742790937424	-26.84189
114.758420944214	-20.11745
114.774040937424	-12.51214
114.789670944214	-4.85041
114.805290937424	2.276077
114.820920944214	8.560364
114.836540937424	13.90535
114.852170944214	18.27349
114.867800951004	21.57323
114.883420944214	23.67305
114.899050951004	24.52739
114.914670944214	24.26704
114.930300951004	23.27261
114.945920944214	22.03238
114.961550951004	20.97293
114.977180957794	20.28482
114.992800951004	19.85009
115.008430957794	19.29118
115.024050951004	18.22443
115.039680957794	16.45195
115.055300951004	14.08896
115.070930957794	11.52125
115.086560964584	9.178413
115.102180957794	7.29023
115.117810964584	5.8032
115.133430957794	4.347588
115.149060964584	2.479416
115.164680957794	-0.1404648
115.180310964584	-3.610962
115.195940971375	-7.791817
115.211560964584	-12.39325
115.227190971375	-17.06819
115.242810964584	-21.42113
115.258440971375	-24.9791
115.274060964584	-27.19738
115.289690971375	-27.56332
115.305320978165	-25.77671
115.320940971375	-21.89608
115.336570978165	-16.3631
115.352190971375	-9.868263
115.367820978165	-3.117058
115.383440971375	3.360306
115.399070978165	9.263992
115.414700984955	14.45731
115.430320978165	18.80943
115.445950984955	22.10313
115.461570978165	24.09761
115.477200984955	24.64803
115.492820978165	23.86552
115.508450984955	22.1459
115.524080991745	20.03997
115.539700984955	18.07385
115.555330991745	16.55894
115.570950984955	15.53045
115.586580991745	14.73585
115.602200984955	13.81641
115.617830991745	12.43253
115.633460998535	10.42495
115.649080991745	7.844391
115.664710998535	4.925621
115.680330991745	1.966522
115.695960998535	-0.811821
115.711580991745	-3.360611
115.727210998535	-5.877686
115.742841005325	-8.702675
115.758460998535	-12.19264
115.774091005325	-16.50842
115.789710998535	-21.48944
115.805341005325	-26.62122
115.820960998535	-31.17498
115.836591005325	-34.36007
115.852221012115	-35.56057
115.867841005325	-34.5085
115.883471012115	-31.28202
115.899091005325	-26.29789
115.914721012115	-20.125
115.930341005325	-13.36586
115.945971012115	-6.502502
115.961601018906	0.1069717
115.977221012115	6.221207
115.992851018906	11.61637
116.008471012115	16.0518
116.024101018906	19.27735
116.039721012115	21.119
116.055351018906	21.58941
116.070981025696	20.94672
116.086601018906	19.61919
116.102231025696	18.06177
116.117851018906	16.60406
116.133481025696	15.35788
116.149111032486	14.22256
116.164731025696	13.00883
116.180361032486	11.53555
116.195981025696	9.723198
116.211611032486	7.619247
116.227231025696	5.364281
116.242861032486	3.135658
116.258491039276	1.052284
116.274111032486	-0.876606
116.289741039276	-2.773155
116.305361032486	-4.865273
116.320991039276	-7.437275
116.336611032486	-10.73838
116.352241039276	-14.84629
116.367871046066	-19.58145
116.383491039276	-24.45029
116.399121046066	-28.74558
116.414741039276	-31.67489
116.430371046066	-32.61224
116.445991039276	-31.26175
116.461621046066	-27.76224
116.477251052856	-22.58881
116.492871046066	-16.42591
116.508501052856	-9.890228
116.524121046066	-3.44075
116.539751052856	2.696659
116.555371046066	8.408203
116.571001052856	13.596
116.586631059647	18.06742
116.602251052856	21.56372
116.617881059647	23.85763
116.633501052856	24.92104
116.649131059647	24.93378
116.664751052856	24.2785
116.680381059647	23.35541
116.696011066437	22.44377
116.711631059647	21.57637
116.727261066437	20.58367
116.742881059647	19.18886
116.758511066437	17.2429
116.774131059647	14.7938
116.789761066437	12.10267
116.805391073227	9.507828
116.821011066437	7.247803
116.836641073227	5.323357
116.852261066437	3.523331
116.867891073227	1.531456
116.883511066437	-0.9090385
116.899141073227	-3.895657
116.914771080017	-7.334538
116.930391073227	-11.0576
116.946021080017	-14.87577
116.961641073227	-18.59948
116.977271080017	-21.99021
116.992891073227	-24.69767
117.008521080017	-26.27876
117.024151086807	-26.29413
117.039771080017	-24.50582
117.055401086807	-20.96785
117.071021080017	-16.07082
117.086651086807	-10.36738
117.102271080017	-4.412777
117.117901086807	1.392653
117.133531093597	6.82283
117.149151086807	11.70847
117.164781093597	15.86601
117.180401086807	19.03149
117.196031093597	20.98565
117.211651086807	21.62863
117.227281093597	21.13432
117.242911100388	19.90305
117.258531093597	18.43261
117.274161100388	17.13227
117.289781093597	16.17221
117.305411100388	15.42144
117.321031093597	14.57804
117.336661100388	13.34333
117.352291107178	11.57915
117.367911100388	9.412848
117.383541107178	7.127143
117.399161100388	5.01392
117.414791107178	3.22722
117.430411100388	1.716706
117.446041107178	0.2527652
117.461671113968	-1.470409
117.477291107178	-3.69318
117.492921113968	-6.559736
117.508541107178	-10.00658
117.524171113968	-13.81408
117.539791107178	-17.59637
117.555421113968	-20.82569
117.571050882339	-22.91799
117.586671113968	-23.3749
117.602300882339	-21.95409
117.617921113968	-18.77464
117.633550882339	-14.29956
117.649171113968	-9.15926
117.664800882339	-3.925348
117.68043088913	1.071331
117.696050882339	5.728551
117.71168088913	10.04186
117.727300882339	13.93267
117.74293088913	17.12886
117.758550882339	19.29804
117.77418088913	20.17302
117.78981089592	19.78959
117.80543088913	18.49587
117.82106089592	16.86056
117.83668088913	15.42904
117.85231089592	14.4362
117.86793088913	13.80737
117.88356089592	13.2053
117.89919090271	12.24272
117.91481089592	10.69051
117.93044090271	8.589058
117.94606089592	6.127548
117.96169090271	3.513859
117.97731089592	0.8728027
117.99294090271	-1.846298
118.0085709095	-4.739944
118.02419090271	-7.868587
118.0398209095	-11.19784
118.05544090271	-14.60979
118.0710709095	-18.03347
118.08669090271	-21.43251
118.1023209095	-24.80864
118.11795091629	-28.04073
118.1335709095	-30.79498
118.14920091629	-32.55946
118.1648209095	-32.81236
118.18045091629	-31.25053
118.1960709095	-27.93421
118.21170091629	-23.2754
118.22733092308	-17.8304
118.24295091629	-12.13057
118.25858092308	-6.505985
118.27420091629	-1.090462
118.28983092308	4.058895
118.30545091629	8.835075
118.32108092308	13.00993
118.336710929871	16.31076
118.35233092308	18.45679
118.367960929871	19.36033
118.38358092308	19.15144
118.399210929871	18.1888
118.41483092308	16.90845
118.430460929871	15.67573
118.446090936661	14.65594
118.461710929871	13.8107
118.477340936661	12.95369
118.492960929871	11.86523
118.508590936661	10.44424
118.524210929871	8.747032
118.539840936661	6.933662
118.555470943451	5.196663
118.571090936661	3.630455
118.586720943451	2.172806
118.602340936661	0.5737381
118.617970943451	-1.479393
118.633590936661	-4.234177
118.649220943451	-7.728592
118.664850950241	-11.70782
118.680470943451	-15.64674
118.696100950241	-18.88751
118.711720943451	-20.82113
118.727350950241	-21.06646
118.742980957031	-19.56152
118.758600950241	-16.48904
118.774230957031	-12.17179
118.789850950241	-6.964157
118.805480957031	-1.165016
118.821100950241	4.951904
118.836730957031	11.13436
118.852360963821	17.07977
118.867980957031	22.49004
118.883610963821	27.03148
118.899230957031	30.44991
118.914860963821	32.60686
118.930480957031	33.5415
118.946110963821	33.48222
118.961740970612	32.78883
118.977360963821	31.82296
118.992990970612	30.83623
119.008610963821	29.92007
119.024240970612	29.01693
119.039860963821	27.97895
119.055490970612	26.68458
119.071120977402	25.11243
119.086740970612	23.36507
119.102370977402	21.57559
119.117990970612	19.82286
119.133620977402	18.08029
119.149240970612	16.20547
119.164870977402	13.97353
119.180500984192	11.14429
119.196120977402	7.507263
119.211750984192	2.874771
119.227370977402	-2.906204
119.243000984192	-9.899414
119.258620977402	-18.01425
119.274250984192	-26.93742
119.289880990982	-36.07765
119.305500984192	-44.67746
119.321130990982	-52.00598
119.336750984192	-57.55904
119.352380990982	-61.22755
119.368000984192	-63.23856
119.383630990982	-64.01186
119.399260997772	-63.8696
119.414880990982	-62.91745
119.430510997772	-61.01282
119.446130990982	-57.95631
119.461760997772	-53.69862
119.477380990982	-48.4711
119.493010997772	-42.76749
119.508641004562	-37.12738
119.524260997772	-31.96478
119.539891004562	-27.44389
119.555510997772	-23.48302
119.571141004562	-19.88763
119.586760997772	-16.48846
119.602391004562	-13.23431
119.618021011353	-10.21512
119.633641004562	-7.613617
119.649271011353	-5.622681
119.664891004562	-4.383041
119.680521011353	-3.922348
119.696141004562	-4.121414
119.711771011353	-4.749451
119.727401018143	-5.485229
119.743021011353	-6.080078
119.758651018143	-6.407883
119.774271011353	-6.552933
119.789901018143	-6.759949
119.805521011353	-7.34584
119.821151018143	-8.562622
119.836781024933	-10.55731
119.852401018143	-13.31841
119.868031024933	-16.69826
119.883651018143	-20.38725
119.899281024933	-23.90768
119.914901018143	-26.60748
119.930531024933	-27.78139
119.946161031723	-26.83376
119.961781024933	-23.5162
119.977411031723	-18.02802
119.993031024933	-10.99463
120.008661031723	-3.278473
120.024281024933	4.294693
120.039911031723	11.13254
120.055541038513	16.95851
120.071161031723	21.74738
120.086791038513	25.57962
120.102411031723	28.52429
120.118041038513	30.58589
120.133661031723	31.77403
120.149291038513	32.12271
120.164921045303	31.79015
120.180541038513	31.03238
120.196171045303	30.1165
120.211791038513	29.22363
120.227421045303	28.39051
120.243041038513	27.48223
120.258671045303	26.31258
120.274301052094	24.71577
120.289921045303	22.68877
120.305551052094	20.34705
120.321171045303	17.86429
120.336801052094	15.37203
120.352421045303	12.89381
120.368051052094	10.34068
120.383681058884	7.614098
120.399301052094	4.639771
120.414931058884	1.397316
120.430551052094	-2.107445
120.446181058884	-5.881523
120.461801052094	-9.960831
120.477431058884	-14.31387
120.493061065674	-18.76098
120.508681058884	-22.89595
120.524311065674	-26.08818
120.539931058884	-27.6711
120.555561065674	-27.12686
120.571181058884	-24.31657
120.586811065674	-19.54012
120.602441072464	-13.42897
120.618061065674	-6.770111
120.633691072464	-0.22789
120.649311065674	5.75621
120.664941072464	10.98416
120.680561065674	15.39638
120.696191072464	18.97408
120.711821079254	21.68166
120.727441072464	23.49771
120.743071079254	24.45892
120.758691072464	24.71282
120.774321079254	24.48896
120.789941072464	24.01652
120.805571079254	23.49831
120.821201086044	22.99356
120.836821079254	22.44822
120.852451086044	21.7455
120.868071079254	20.71628
120.883701086044	19.25038
120.899321079254	17.3268
120.914951086044	15.03133
120.930581092834	12.50052
120.946201086044	9.914932
120.961831092834	7.332703
120.977451086044	4.752129
120.993081092834	2.05571
121.008711099625	-0.8669891
121.024331092834	-4.072205
121.039961099625	-7.555214
121.055581092834	-11.27959
121.071211099625	-15.24978
121.086831092834	-19.45042
121.102461099625	-23.83707
121.118091106415	-28.12484
121.133711099625	-31.82119
121.149341106415	-34.24518
121.164961099625	-34.77698
121.180591106415	-33.10323
121.196211099625	-29.38226
121.211841106415	-24.21424
121.227471113205	-18.37507
121.243091106415	-12.56997
121.258721113205	-7.171257
121.274341106415	-2.244972
121.289971113205	2.315475
121.305591106415	6.548683
121.321221113205	10.30342
121.336850881577	13.26029
121.352471113205	15.11897
121.368100881577	15.80086
121.383721113205	15.48311
121.399350881577	14.56867
121.414971113205	13.45432
121.430600881577	12.40864
121.446230888367	11.4884
121.461850881577	10.58799
121.477480888367	9.489197
121.493100881577	7.960464
121.508730888367	5.805901
121.524350881577	2.91172
121.539980888367	-0.6979599
121.555610895157	-4.847084
121.571230888367	-9.18679
121.586860895157	-13.29295
121.602480888367	-16.80221
121.618110895157	-19.51212
121.633730888367	-21.4994
121.649360895157	-23.0344
121.664990901947	-24.48891
121.680610895157	-26.14606
121.696240901947	-28.12666
121.711860895157	-30.3333
121.727490901947	-32.45873
121.743110895157	-34.04783
121.758740901947	-34.56071
121.774370908737	-33.5136
121.789990901947	-30.57955
121.805620908737	-25.72597
121.821240901947	-19.25296
121.836870908737	-11.74671
121.852490901947	-3.948143
121.868120908737	3.489861
121.883750915527	10.11943
121.899370908737	15.76123
121.915000915527	20.41872
121.930620908737	24.11639
121.946250915527	26.80981
121.961870908737	28.41675
121.977500915527	28.93325
121.993130922318	28.53831
122.008750915527	27.65528
122.024380922318	26.8238
122.040000915527	26.45996
122.055630922318	26.70898
122.071250915527	27.38319
122.086880922318	28.03542
122.102510929108	28.19382
122.118130922318	27.57294
122.133760929108	26.13646
122.149380922318	24.11956
122.165010929108	21.91172
122.180630922318	19.83918
122.196260929108	18.07098
122.211890935898	16.50591
122.227510929108	14.85594
122.243140935898	12.7446
122.258760929108	9.904003
122.274390935898	6.275337
122.290010929108	2.052296
122.305640935898	-2.316471
122.321270942688	-6.27047
122.336890935898	-9.204578
122.352520942688	-10.61306
122.368140935898	-10.18615
122.383770942688	-7.904629
122.399390935898	-4.066711
122.415020942688	0.7818336
122.430650949478	5.998833
122.446270942688	11.03118
122.461900949478	15.5139
122.477520942688	19.30044
122.493150949478	22.25426
122.508770942688	24.14988
122.524400949478	24.69411
122.540030956268	23.62999
122.555650949478	20.96998
122.571280956268	17.11172
122.586900949478	12.76869
122.602530956268	8.664787
122.618150949478	5.29628
122.633780956268	2.711971
122.649410963058	0.5833282
122.665030956268	-1.536381
122.680660963058	-3.973457
122.696280956268	-6.735477
122.711910963058	-9.563957
122.727530956268	-12.0827
122.743160963058	-14.01987
122.758790969849	-15.33017
122.774410963058	-16.20232
122.790040969849	-17.02553
122.805660963058	-18.20347
122.821290969849	-20.12241
122.836910963058	-22.98106
122.852540969849	-26.69036
122.868170976639	-30.82835
122.883790969849	-34.67764
122.899420976639	-37.40334
122.915040969849	-38.28373
122.930670976639	-36.94291
122.946290969849	-33.44008
122.961920976639	-28.18845
122.977550983429	-21.78684
122.993170976639	-14.82048
123.008800983429	-7.786411
123.024420976639	-1.056358
123.040050983429	5.0285
123.055670976639	10.16984
123.071300983429	14.10509
123.086930990219	16.70562
123.102550983429	18.02761
123.118180990219	18.33353
123.133800983429	18.01594
123.149430990219	17.49271
123.165060997009	17.06271
123.180680990219	16.82673
123.196310997009	16.67898
123.211930990219	16.32965
123.227560997009	15.47881
123.243180990219	13.91695
123.258810997009	11.62399
123.274441003799	8.789402
123.290060997009	5.740925
123.305691003799	2.802307
123.321310997009	0.1571312
123.336941003799	-2.264816
123.352560997009	-4.763519
123.368191003799	-7.755848
123.38382101059	-11.57881
123.399441003799	-16.30424
123.41507101059	-21.58346
123.430691003799	-26.74267
123.44632101059	-30.9169
123.461941003799	-33.32816
123.47757101059	-33.52979
123.49320101738	-31.50558
123.50882101059	-27.60385
123.52445101738	-22.38692
123.54007101059	-16.44081
123.55570101738	-10.24265
123.57132101059	-4.141552
123.58695101738	1.585947
123.60258102417	6.730089
123.61820101738	11.10946
123.63383102417	14.58468
123.64945101738	17.09284
123.66508102417	18.68754
123.68070101738	19.53379
123.69633102417	19.88703
123.71196103096	20.00907
123.72758102417	20.10505
123.74321103096	20.21293
123.75883102417	20.25122
123.77446103096	20.00959
123.79008102417	19.2689
123.80571103096	17.91161
123.82134103775	15.93334
123.83696103096	13.45541
123.85259103775	10.68412
123.86821103096	7.832327
123.88384103775	5.059217
123.89946103096	2.409943
123.91509103775	-0.2374573
123.93072104454	-3.170273
123.94634103775	-6.73447
123.96197104454	-11.21417
123.97759103775	-16.58313
123.99322104454	-22.3626
124.00884103775	-27.68461
124.02447104454	-31.49816
124.040101051331	-32.97039
124.05572104454	-31.77903
124.071351051331	-28.22687
124.08697104454	-23.07097
124.102601051331	-17.1981
124.11822104454	-11.25617
124.133851051331	-5.530315
124.149481058121	-0.03744125
124.165101051331	5.270915
124.180731058121	10.26138
124.196351051331	14.58157
124.211981058121	17.79043
124.227601051331	19.594
124.243231058121	20.00241
124.258861064911	19.39847
124.274481058121	18.35891
124.290111064911	17.40909
124.305731058121	16.85613
124.321361064911	16.65504
124.336981058121	16.50657
124.352611064911	16.04358
124.368241071701	15.04152
124.383861064911	13.49814
124.399491071701	11.62912
124.415111064911	9.705878
124.430741071701	7.917873
124.446361064911	6.314388
124.461991071701	4.792052
124.477621078491	3.160927
124.493241071701	1.249129
124.508871078491	-1.08598
124.524491071701	-3.948227
124.540121078491	-7.391242
124.555741071701	-11.3853
124.571371078491	-15.71523
124.587001085281	-19.92832
124.602621078491	-23.37207
124.618251085281	-25.3429
124.633871078491	-25.26359
124.649501085281	-22.90882
124.665121078491	-18.45415
124.680751085281	-12.4037
124.696381092072	-5.456983
124.712001085281	1.70551
124.727631092072	8.522635
124.743251085281	14.62296
124.758881092072	19.79947
124.774501085281	23.96196
124.790131092072	27.0458
124.805761098862	29.04814
124.821381092072	29.99979
124.837011098862	30.02636
124.852631092072	29.33654
124.868261098862	28.19735
124.883881092072	26.83489
124.899511098862	25.37502
124.915141105652	23.77217
124.930761098862	21.86228
124.946391105652	19.48304
124.962011098862	16.60448
124.977641105652	13.4002
124.993261098862	10.18459
125.008891105652	7.315049
125.024521112442	4.968967
125.040141105652	3.084258
125.055771112442	1.362144
125.071391105652	-0.6281378
125.087021112442	-3.214256
125.102641105652	-6.565005
125.118271112442	-10.63058
125.133900880814	-15.22738
125.149521112442	-20.06275
125.165150880814	-24.79301
125.180771112442	-28.95318
125.196400880814	-31.98899
125.212021112442	-33.32598
125.227650880814	-32.54452
125.243280887604	-29.59461
125.258900880814	-24.85015
125.274530887604	-19.01125
125.290150880814	-12.8462
125.305780887604	-6.943934
125.321400880814	-1.584043
125.337030887604	3.202209
125.352660894394	7.422837
125.368280887604	10.98785
125.383910894394	13.692
125.399530887604	15.33797
125.415160894394	15.91515
125.430780887604	15.67561
125.446410894394	15.02601
125.462040901184	14.39933
125.477660894394	14.02339
125.493290901184	13.84897
125.508910894394	13.6213
125.524540901184	13.02695
125.540160894394	11.85495
125.555790901184	10.10252
125.571420907974	7.916491
125.587040901184	5.517021
125.602670907974	3.081058
125.618290901184	0.7076178
125.633920907974	-1.63577
125.649540901184	-3.974466
125.665170907974	-6.33942
125.680800914764	-8.729103
125.696420907974	-11.19127
125.712050914764	-13.8356
125.727670907974	-16.84866
125.743300914764	-20.38095
125.758920907974	-24.38987
125.774550914764	-28.4968
125.790180921555	-32.00716
125.805800914764	-34.1087
125.821430921555	-34.13806
125.837050914764	-31.84759
125.852680921555	-27.51079
125.868310928345	-21.81898
125.883930921555	-15.57178
125.899560928345	-9.421684
125.915180921555	-3.670582
125.930810928345	1.674397
125.946430921555	6.712896
125.962060928345	11.43884
125.977690935135	15.62577
125.993310928345	18.88758
126.008940935135	20.88458
126.024560928345	21.52721
126.040190935135	21.01448
126.055810928345	19.77213
126.071440935135	18.24672
126.087070941925	16.73486
126.102690935135	15.31274
126.118320941925	13.91103
126.133940935135	12.43721
126.149570941925	10.85419
126.165190935135	9.21655
126.180820941925	7.63994
126.196450948715	6.187615
126.212070941925	4.846427
126.227700948715	3.505511
126.243320941925	2.015262
126.258950948715	0.2283792
126.274570941925	-1.925116
126.290200948715	-4.459252
126.305830955505	-7.347134
126.321450948715	-10.55714
126.337080955505	-14.0561
126.352700948715	-17.7349
126.368330955505	-21.32391
126.383950948715	-24.33489
126.399580955505	-26.12108
126.415210962296	-26.07806
126.430830955505	-23.86177
126.446460962296	-19.58529
126.462080955505	-13.77091
126.477710962296	-7.188478
126.493330955505	-0.5739937
126.508960962296	5.633282
126.524590969086	11.31493
126.540210962296	16.53553
126.555840969086	21.29414
126.571460962296	25.38382
126.587090969086	28.41115
126.602710962296	29.98169
126.618340969086	29.96514
126.633970975876	28.60967
126.649590969086	26.50257
126.665220975876	24.30198
126.680840969086	22.47131
126.696470975876	21.10162
126.712090969086	19.92668
126.727720975876	18.51939
126.743350982666	16.55643
126.758970975876	13.9661
126.774600982666	10.93038
126.790220975876	7.77885
126.805850982666	4.776561
126.821470975876	2.027828
126.837100982666	-0.5387478
126.852730989456	-3.126085
126.868350982666	-5.979422
126.883980989456	-9.291361
126.899600982666	-13.16052
126.915230989456	-17.53081
126.930850982666	-22.17105
126.946480989456	-26.6539
126.962110996246	-30.42364
126.977730989456	-32.88908
126.993360996246	-33.60157
127.008980989456	-32.33672
127.024610996246	-29.20474
127.040230989456	-24.58656
127.055860996246	-19.03318
127.071491003036	-13.09377
127.087110996246	-7.194773
127.102741003036	-1.585285
127.118360996246	3.612339
127.133991003036	8.301252
127.149610996246	12.34596
127.165241003036	15.55974
127.180871009827	17.76266
127.196491003036	18.90912
127.212121009827	19.13885
127.227741003036	18.75464
127.243371009827	18.10196
127.258991003036	17.41599
127.274621009827	16.7531
127.290251016617	15.98844
127.305871009827	14.92789
127.321501016617	13.42478
127.337121009827	11.48161
127.352751016617	9.221235
127.368371009827	6.816032
127.384001016617	4.411503
127.399631023407	2.053963
127.415251016617	-0.2935295
127.430881023407	-2.775984
127.446501016617	-5.561943
127.462131023407	-8.839258
127.477751016617	-12.71614
127.493381023407	-17.15831
127.509011030197	-21.86231
127.524631023407	-26.22903
127.540261030197	-29.47307
127.555881023407	-30.82688
127.571511030197	-29.80787
127.587131023407	-26.41455
127.602761030197	-21.1357
127.618391036987	-14.74806
127.634011030197	-8.060711
127.649641036987	-1.667725
127.665261030197	4.147478
127.680891036987	9.303602
127.696511030197	13.76603
127.712141036987	17.39219
127.727771043777	19.93209
127.743391036987	21.1176
127.759021043777	20.88431
127.774641036987	19.40779
127.790271043777	17.14248
127.805891036987	14.62517
127.821521043777	12.22216
127.837151050568	10.02702
127.852771043777	7.784786
127.868401050568	5.139515
127.884021043777	1.828571
127.899651050568	-2.09037
127.915271043777	-6.259995
127.930901050568	-10.17449
127.946531057358	-13.46237
127.962151050568	-16.06001
127.977781057358	-18.16323
127.993401050568	-20.13762
128.009031057358	-22.28109
128.024661064148	-24.76576
128.040281057358	-27.60568
128.055911064148	-30.73942
128.071531057358	-34.033
128.087161064148	-37.24807
128.102781057358	-39.99838
128.118411064148	-41.72845
128.134041070938	-41.87649
128.149661064148	-40.03661
128.165291070938	-36.15847
128.180911064148	-30.56873
128.196541070938	-23.85105
128.212161064148	-16.61703
128.227791070938	-9.342079
128.243421077728	-2.310049
128.259041070938	4.343181
128.274671077728	10.43704
128.290291070938	15.7075
128.305921077728	19.77443
128.321541070938	22.29588
128.337171077728	23.15296
128.352801084518	22.535
128.368421077728	20.95723
128.384051084518	19.05531
128.399671077728	17.35492
128.415301084518	16.02831
128.430921077728	14.92063
128.446551084518	13.64387
128.462181091309	11.86304
128.477801084518	9.530939
128.493431091309	6.893775
128.509051084518	4.360925
128.524681091309	2.240377
128.540301084518	0.5524864
128.555931091309	-0.9753075
128.571561098099	-2.786347
128.587181091309	-5.246427
128.602811098099	-8.523989
128.618431091309	-12.51771
128.634061098099	-16.92034
128.649681091309	-21.26572
128.665311098099	-25.01304
128.680941104889	-27.55629
128.696561098099	-28.32468
128.712191104889	-26.90346
128.727811098099	-23.20484
128.743441104889	-17.54494
128.759061098099	-10.56645
128.774691104889	-3.050383
128.790321111679	4.359165
128.805941104889	11.27319
128.821571111679	17.55336
128.837191104889	23.15221
128.852821111679	27.93822
128.868441104889	31.61655
128.884071111679	33.85976
128.899700880051	34.4809
128.915321111679	33.58729
128.930950880051	31.65164
128.946571111679	29.33767
128.962200880051	27.2169
128.977821111679	25.54161
128.993450880051	24.18483
129.009080886841	22.72612
129.024700880051	20.77701
129.040330886841	18.16231
129.055950880051	15.04598
129.071580886841	11.78742
129.087200880051	8.756248
129.102830886841	6.121769
129.118460893631	3.826283
129.134080886841	1.686577
129.149710893631	-0.5208549
129.165330886841	-2.97039
129.180960893631	-5.8447
129.196580886841	-9.336819
129.212210893631	-13.61626
129.227840900421	-18.69128
129.243460893631	-24.17455
129.259090900421	-29.30952
129.274710893631	-33.06158
129.290340900421	-34.53101
129.305960893631	-33.26581
129.321590900421	-29.42518
129.337220907211	-23.68266
129.352840900421	-16.90146
129.368470907211	-9.828724
129.384090900421	-2.901154
129.399720907211	3.705002
129.415340900421	9.890594
129.430970907211	15.48265
129.446600914001	20.17281
129.462220907211	23.62306
129.477850914001	25.64324
129.493470907211	26.31281
129.509100914001	25.98842
129.524720907211	25.14317
129.540350914001	24.19318
129.555980920792	23.37193
129.571600914001	22.6511
129.587230920792	21.89378
129.602850914001	20.88113
129.618480920792	19.46773
129.634100914001	17.59447
129.649730920792	15.28336
129.665360927582	12.65967
129.680980920792	9.874374
129.696610927582	7.091217
129.712230920792	4.390892
129.727860927582	1.776932
129.743480920792	-0.896843
129.759110927582	-3.84317
129.774740934372	-7.266212
129.790360927582	-11.28416
129.805990934372	-15.86565
129.821610927582	-20.81603
129.837240934372	-25.74635
129.852860927582	-30.0856
129.868490934372	-33.13171
129.884120941162	-34.20108
129.899740934372	-32.80458
129.915370941162	-28.84147
129.930990934372	-22.68274
129.946620941162	-15.07067
129.962240934372	-6.924843
129.977870941162	0.9458542
129.993500947952	7.980621
130.009120941162	13.95419
130.024750947952	18.85931
130.040370941162	22.7747
130.056000947952	25.76328
130.071620941162	27.84655
130.087250947952	29.06345
130.102880954742	29.49767
130.118500947952	29.3352
130.134130954742	28.81042
130.149750947952	28.153
130.165380954742	27.45336
130.181000947952	26.6387
130.196630954742	25.50524
130.212260961533	23.78938
130.227880954742	21.34599
130.243510961533	18.19563
130.259130954742	14.5871
130.274760961533	10.83736
130.290380954742	7.247635
130.306010961533	3.977745
130.321640968323	1.004951
130.337260961533	-1.83567
130.352890968323	-4.786896
130.368510961533	-8.086121
130.384140968323	-11.89408
130.399760961533	-16.2478
130.415390968323	-21.01956
130.431020975113	-25.86645
130.446640968323	-30.22392
130.462270975113	-33.41645
130.477890968323	-34.77575
130.493520975113	-33.88129
130.509140968323	-30.66455
130.524770975113	-25.47432
130.540400981903	-18.944
130.556020975113	-11.8135
130.571650981903	-4.729202
130.587270975113	1.897167
130.602900981903	7.836433
130.618520975113	12.99275
130.634150981903	17.28258
130.649780988693	20.59325
130.665400981903	22.81124
130.681030988693	23.90242
130.696650981903	23.97815
130.712280988693	23.30104
130.727910995483	22.2485
130.743530988693	21.16605
130.759160995483	20.29723
130.774780988693	19.6901
130.790410995483	19.22104
130.806030988693	18.66478
130.821660995483	17.81115
130.837291002274	16.53806
130.852910995483	14.85666
130.868541002274	12.89642
130.884160995483	10.84877
130.899791002274	8.852062
130.915410995483	6.94693
130.931041002274	4.993492
130.946671009064	2.760868
130.962291002274	-0.02652359
130.977921009064	-3.540546
130.993541002274	-7.803711
131.009171009064	-12.60112
131.024791002274	-17.50166
131.040421009064	-21.91071
131.056051015854	-25.16265
131.071671009064	-26.68267
131.087301015854	-26.11488
131.102921009064	-23.44792
131.118551015854	-19.03157
131.134171009064	-13.48458
131.149801015854	-7.529705
131.165431022644	-1.761229
131.181051015854	3.464184
131.196681022644	8.060467
131.212301015854	12.04211
131.227931022644	15.40368
131.243551015854	18.00278
131.259181022644	19.59342
131.274811029434	19.97619
131.290431022644	19.13018
131.306061029434	17.30637
131.321681022644	14.96918
131.337311029434	12.64642
131.352931022644	10.6777
131.368561029434	9.170752
131.384191036224	7.947598
131.399811029434	6.722236
131.415441036224	5.238228
131.431061029434	3.424872
131.446691036224	1.380359
131.462311029434	-0.7152176
131.477941036224	-2.729014
131.493571043015	-4.653955
131.509191036224	-6.599165
131.524821043015	-8.708394
131.540441036224	-11.11792
131.556071043015	-13.87737
131.571691036224	-17.00239
131.587321043015	-20.46153
131.602951049805	-24.10723
131.618571043015	-27.61356
131.634201049805	-30.45374
131.649821043015	-31.9851
131.665451049805	-31.67441
131.681071043015	-29.30516
131.696701049805	-25.07843
131.712331056595	-19.51975
131.727951049805	-13.26018
131.743581056595	-6.82272
131.759201049805	-0.5200081
131.774831056595	5.457719
131.790451049805	10.91469
131.806081056595	15.57724
131.821711063385	19.10286
131.837331056595	21.26673
131.852961063385	22.06917
131.868581056595	21.78448
131.884211063385	20.84857
131.899831056595	19.69843
131.915461063385	18.61097
131.931091070175	17.64988
131.946711063385	16.70829
131.962341070175	15.58391
131.977961063385	14.1045
131.993591070175	12.1607
132.009211063385	9.782335
132.024841070175	7.114351
132.040471076965	4.35177
132.056091070175	1.695574
132.071721076965	-0.7488232
132.087341070175	-3.06596
132.102971076965	-5.473404
132.118591070175	-8.229717
132.134221076965	-11.58443
132.149851083755	-15.56569
132.165471076965	-20.02315
132.181101083755	-24.55295
132.196721076965	-28.63617
132.212351083755	-31.67443
132.227971076965	-33.14563
132.243601083755	-32.69417
132.259231090546	-30.21674
132.274851083755	-25.93353
132.290481090546	-20.32746
132.306101083755	-14.03527
132.321731090546	-7.656872
132.337351083755	-1.634365
132.352981090546	3.815731
132.368611097336	8.613857
132.384231090546	12.70781
132.399861097336	16.01288
132.415481090546	18.36757
132.431111097336	19.67625
132.446731090546	19.96865
132.462361097336	19.46901
132.477991104126	18.4797
132.493611097336	17.28125
132.509241104126	16.02592
132.524861097336	14.72002
132.540491104126	13.26684
132.556111097336	11.54968
132.571741104126	9.532021
132.587371110916	7.203758
132.602991104126	4.625484
132.618621110916	1.889427
132.634241104126	-0.8922119
132.649871110916	-3.594025
132.665491104126	-6.131645
132.681121110916	-8.542072
132.696750879288	-10.99936
132.712371110916	-13.79657
132.728000879288	-17.24068
132.743621110916	-21.46331
132.759250879288	-26.31646
132.774871110916	-31.32968
132.790500879288	-35.78967
132.806130886078	-38.91339
132.821750879288	-40.07343
132.837380886078	-38.95609
132.853000879288	-35.646
132.868630886078	-30.57712
132.884260892868	-24.38741
132.899880886078	-17.72414
132.915510892868	-11.06855
132.931130886078	-4.705383
132.946760892868	1.235191
132.962380886078	6.624153
132.978010892868	11.25365
132.993640899658	14.79591
133.009260892868	16.95978
133.024890899658	17.65276
133.040510892868	17.09169
133.056140899658	15.82621
133.071760892868	14.50197
133.087390899658	13.6408
133.103020906448	13.45481
133.118640899658	13.79509
133.134270906448	14.23853
133.149890899658	14.30818
133.165520906448	13.681
133.181140899658	12.25936
133.196770906448	10.21789
133.212400913239	7.836506
133.228020906448	5.406261
133.243650913239	3.100361
133.259270906448	0.9446144
133.274900913239	-1.15197
133.290520906448	-3.356785
133.306150913239	-5.855167
133.321780920029	-8.811619
133.337400913239	-12.294
133.353030920029	-16.19714
133.368650913239	-20.19205
133.384280920029	-23.70197
133.399900913239	-26.03214
133.415530920029	-26.56482
133.431160926819	-24.97673
133.446780920029	-21.35528
133.462410926819	-16.16638
133.478030920029	-10.0669
133.493660926819	-3.699234
133.509280920029	2.484734
133.524910926819	8.248672
133.540540933609	13.45263
133.556160926819	17.95456
133.571790933609	21.5287
133.587410926819	23.94697
133.603040933609	25.08849
133.618660926819	25.04366
133.634290933609	24.15164
133.649920940399	22.83094
133.665540933609	21.44654
133.681170940399	20.14638
133.696790933609	18.85248
133.712420940399	17.33639
133.728040933609	15.40615
133.743670940399	13.0169
133.759300947189	10.32272
133.774920940399	7.536037
133.790550947189	4.843128
133.806170940399	2.284058
133.821800947189	-0.2209778
133.837420940399	-2.812851
133.853050947189	-5.608505
133.868680953979	-8.687916
133.884300947189	-12.12562
133.899930953979	-15.9701
133.915550947189	-20.19926
133.931180953979	-24.62036
133.946800947189	-28.79393
133.962430953979	-32.06709
133.97806096077	-33.7127
133.993680953979	-33.2003
134.00931096077	-30.36254
134.024930953979	-25.52607
134.04056096077	-19.35268
134.056180953979	-12.62678
134.07181096077	-6.009022
134.08744096756	0.09298325
134.10306096077	5.512054
134.11869096756	10.1458
134.13431096077	13.84737
134.14994096756	16.3988
134.16556096077	17.6284
134.18119096756	17.54967
134.19682097435	16.47659
134.21244096756	14.9365
134.22807097435	13.48375
134.24369096756	12.42625
134.25932097435	11.72919
134.27494096756	11.06098
134.29057097435	10.01165
134.30620098114	8.294491
134.32182097435	5.891937
134.33745098114	2.979855
134.35307097435	-0.117487
134.36870098114	-3.119961
134.38432097435	-5.841425
134.39995098114	-8.244978
134.41558098793	-10.4657
134.43120098114	-12.80915
134.44683098793	-15.66067
134.46245098114	-19.34903
134.47808098793	-23.93863
134.49370098114	-29.05542
134.50933098793	-33.93066
134.52496099472	-37.55875
134.54058098793	-39.03851
134.55621099472	-37.8608
134.57183098793	-34.10758
134.58746099472	-28.34782
134.60308098793	-21.42214
134.61871099472	-14.10494
134.634341001511	-6.927006
134.64996099472	-0.1556187
134.665591001511	6.082527
134.68121099472	11.63239
134.696841001511	16.28617
134.71246099472	19.80181
134.728091001511	22.07591
134.743721008301	23.2322
134.759341001511	23.60505
134.774971008301	23.60175
134.790591001511	23.52198
134.806221008301	23.40837
134.821841001511	23.05728
134.837471008301	22.1396
134.853101015091	20.4282
134.868721008301	17.95727
134.884351015091	15.02984
134.899971008301	12.11655
134.915601015091	9.662359
134.931221008301	7.867795
134.946851015091	6.646144
134.962481021881	5.595266
134.978101015091	4.131949
134.993731021881	1.711922
135.009351015091	-2.027024
135.024981021881	-7.115881
135.040601015091	-13.21072
135.056231021881	-19.64042
135.071861028671	-25.54482
135.087481021881	-29.99821
135.103111028671	-32.22547
135.118731021881	-31.75401
135.134361028671	-28.51457
135.149991035461	-22.85802
135.165611028671	-15.44284
135.181241035461	-7.061075
135.196861028671	1.518989
135.212491035461	9.689281
135.228111028671	17.03182
135.243741035461	23.29195
135.259371042252	28.32075
135.274991035461	32.02908
135.290621042252	34.39213
135.306241035461	35.45853
135.321871042252	35.38934
135.337491035461	34.45625
135.353121042252	32.98182
135.368751049042	31.28062
135.384371042252	29.57689
135.400001049042	27.9367
135.415621042252	26.27627
135.431251049042	24.40631
135.446871042252	22.1447
135.462501049042	19.41196
135.478131055832	16.29164
135.493751049042	13.01538
135.509381055832	9.824299
135.525001049042	6.82736
135.540631055832	3.866472
135.556251049042	0.5548296
135.571881055832	-3.599268
135.587511062622	-8.938395
135.603131055832	-15.48196
135.618761062622	-22.80029
135.634381055832	-30.13579
135.650011062622	-36.55343
135.665631055832	-41.20199
135.681261062622	-43.47872
135.696891069412	-43.08684
135.712511062622	-40.09319
135.728141069412	-34.88552
135.743761062622	-28.08384
135.759391069412	-20.45758
135.775011062622	-12.73389
135.790641069412	-5.434569
135.806271076202	1.17164
135.821891069412	6.971357
135.837521076202	11.92704
135.853141069412	15.88655
135.868771076202	18.63404
135.884391069412	19.98583
135.900021076202	19.94682
135.915651082993	18.81315
135.931271076202	17.08445
135.946901082993	15.28462
135.962521076202	13.69258
135.978151082993	12.29533
135.993771076202	10.81037
136.009401082993	8.925614
136.025031089783	6.488221
136.040651082993	3.58362
136.056281089783	0.5042191
136.071901082993	-2.406874
136.087531089783	-4.882029
136.103151082993	-6.872887
136.118781089783	-8.502907
136.134411096573	-10.09556
136.150031089783	-12.0198
136.165661096573	-14.65802
136.181281089783	-18.26069
136.196911096573	-22.84324
136.212531089783	-28.07665
136.228161096573	-33.29179
136.243791103363	-37.54565
136.259411096573	-39.86133
136.275041103363	-39.53577
136.290661096573	-36.35079
136.306291103363	-30.64973
136.321911096573	-23.22903
136.337541103363	-15.05408
136.353171110153	-6.970383
136.368791103363	0.535141
136.384421110153	7.287197
136.400041103363	13.317
136.415671110153	18.62349
136.431291103363	23.04824
136.446921110153	26.35956
136.462550878525	28.36583
136.478171110153	29.11852
136.493800878525	28.93339
136.509421110153	28.27365
136.525050878525	27.57836
136.540671110153	27.0333
136.556300878525	26.54168
136.571930885315	25.79989
136.587550878525	24.53213
136.603180885315	22.651
136.618800878525	20.28659
136.634430885315	17.7269
136.650050878525	15.226
136.665680885315	12.87928
136.681310892105	10.59608
136.696930885315	8.110229
136.712560892105	5.121796
136.728180885315	1.389679
136.743810892105	-3.205441
136.759430885315	-8.582436
136.775060892105	-14.49298
136.790690898895	-20.49397
136.806310892105	-25.98817
136.821940898895	-30.28469
136.837560892105	-32.72518
136.853190898895	-32.83202
136.868810892105	-30.42025
136.884440898895	-25.71302
136.900070905685	-19.27883
136.915690898895	-11.85094
136.931320905685	-4.195423
136.946940898895	3.09639
136.962570905685	9.645962
136.978190898895	15.25689
136.993820905685	19.78993
137.009450912476	23.14223
137.025070905685	25.21733
137.040700912476	26.01149
137.056320905685	25.72837
137.071950912476	24.74934
137.087570905685	23.56304
137.103200912476	22.58794
137.118830919266	21.98717
137.134450912476	21.64355
137.150080919266	21.24416
137.165700912476	20.43186
137.181330919266	18.98878
137.196950912476	16.95337
137.212580919266	14.54863
137.228210926056	12.06697
137.243830919266	9.680256
137.259460926056	7.356113
137.275080919266	4.845657
137.290710926056	1.861736
137.306330919266	-1.829376
137.321960926056	-6.259369
137.337590932846	-11.25038
137.353210926056	-16.4664
137.368840932846	-21.4139
137.384460926056	-25.49263
137.400090932846	-28.08692
137.415710926056	-28.66133
137.431340932846	-26.91019
137.446970939636	-22.90857
137.462590932846	-17.14139
137.478220939636	-10.30996
137.493840932846	-3.198683
137.509470939636	3.612968
137.525090932846	9.764881
137.540720939636	15.084
137.556350946426	19.42463
137.571970939636	22.61517
137.587600946426	24.48649
137.603220939636	25.02201
137.618850946426	24.44001
137.634470939636	23.16832
137.650100946426	21.69656
137.665730953217	20.35909
137.681350946426	19.21173
137.696980953217	18.06913
137.712600946426	16.63871
137.728230953217	14.70139
137.743860960007	12.24383
137.759480953217	9.444012
137.775110960007	6.598894
137.790730953217	3.940533
137.806360960007	1.532682
137.821980953217	-0.7711887
137.837610960007	-3.256448
137.853240966797	-6.225887
137.868860960007	-9.869994
137.884490966797	-14.13268
137.900110960007	-18.70033
137.915740966797	-23.04146
137.931360960007	-26.49157
137.946990966797	-28.37342
137.962620973587	-28.19558
137.978240966797	-25.73555
137.993870973587	-21.16622
138.009490966797	-15.02042
138.025120973587	-8.059417
138.040740966797	-1.057484
138.056370973587	5.363903
138.072000980377	10.83487
138.087620973587	15.2391
138.103250980377	18.57011
138.118870973587	20.88507
138.134500980377	22.21162
138.150120973587	22.5744
138.165750980377	22.06599
138.181380987167	20.86313
138.197000980377	19.19159
138.212630987167	17.25798
138.228250980377	15.16932
138.243880987167	12.92291
138.259500980377	10.45309
138.275130987167	7.763292
138.290760993958	4.926506
138.306380987167	2.108381
138.322010993958	-0.5569057
138.337630987167	-3.023932
138.353260993958	-5.408852
138.368880987167	-7.924915
138.384510993958	-10.77358
138.400141000748	-14.09645
138.415760993958	-17.90744
138.431391000748	-22.11368
138.447010993958	-26.5472
138.462641000748	-30.91825
138.478260993958	-34.79089
138.493891000748	-37.526
138.509521007538	-38.42718
138.525141000748	-36.98783
138.540771007538	-33.13453
138.556391000748	-27.31424
138.572021007538	-20.36737
138.587641000748	-13.19444
138.603271007538	-6.452267
138.618901014328	-0.3866348
138.634521007538	5.03727
138.650151014328	9.908379
138.665771007538	14.13565
138.681401014328	17.43434
138.697021007538	19.51512
138.712651014328	20.30321
138.728281021118	20.061
138.743901014328	19.33066
138.759531021118	18.66288
138.775151014328	18.34545
138.790781021118	18.2697
138.806401014328	18.03356
138.822031021118	17.14834
138.837661027908	15.36927
138.853281021118	12.79068
138.868911027908	9.827766
138.884531021118	6.968925
138.900161027908	4.562317
138.915781021118	2.65369
138.931411027908	1.0336
138.947041034698	-0.6798325
138.962661027908	-2.86895
138.978291034698	-5.832855
138.993911027908	-9.687271
139.009541034698	-14.30298
139.025161027908	-19.27755
139.040791034698	-23.9377
139.056421041489	-27.47377
139.072041034698	-29.12223
139.087671041489	-28.42788
139.103291034698	-25.4245
139.118921041489	-20.584
139.134541034698	-14.69154
139.150171041489	-8.538876
139.165801048279	-2.73526
139.181421041489	2.374252
139.197051048279	6.621342
139.212671041489	9.91917
139.228301048279	12.17234
139.243921041489	13.3087
139.259551048279	13.37827
139.275181055069	12.59946
139.290801048279	11.3338
139.306431055069	9.970146
139.322051048279	8.826363
139.337681055069	8.003067
139.353301048279	7.42244
139.368931055069	6.893692
139.384561061859	6.221642
139.400181055069	5.326271
139.415811061859	4.222542
139.431431055069	3.021843
139.447061061859	1.81234
139.462681055069	0.6546936
139.478311061859	-0.5257645
139.493941068649	-1.87558
139.509561061859	-3.646309
139.525191068649	-6.041077
139.540811061859	-9.138985
139.556441068649	-12.78134
139.572061061859	-16.55399
139.587691068649	-19.8889
139.603321075439	-22.25148
139.618941068649	-23.25153
139.634571075439	-22.73709
139.650191068649	-20.77951
139.665821075439	-17.53119
139.681441068649	-13.21778
139.697071075439	-8.087341
139.71270108223	-2.471031
139.728321075439	3.179764
139.74395108223	8.311775
139.759571075439	12.41041
139.77520108223	15.12528
139.790821075439	16.34874
139.80645108223	16.26839
139.82208108902	15.2662
139.83770108223	13.80669
139.85333108902	12.30259
139.86895108223	11.02699
139.88458108902	10.0695
139.90020108223	9.378433
139.91583108902	8.800476
139.93146109581	8.158913
139.94708108902	7.323029
139.96271109581	6.248497
139.97833108902	4.940292
139.99396109581	3.423019
140.0095911026	1.722343
140.02521109581	-0.1639938
140.0408411026	-2.248344
140.05646109581	-4.547981
140.0720911026	-7.105247
140.08771109581	-9.939995
140.1033411026	-13.0383
140.11897110939	-16.16428
140.1345911026	-18.83974
140.15022110939	-20.41006
140.1658411026	-20.20619
140.18147110939	-17.90177
140.1970911026	-13.58849
140.21272110939	-7.788101
140.228350877762	-1.161797
140.24397110939	5.711906
140.259600877762	12.48892
140.27522110939	18.96928
140.290850877762	24.91891
140.30647110939	29.95422
140.322100877762	33.56677
140.337730884552	35.37737
140.353350877762	35.34265
140.368980884552	33.85202
140.384600877762	31.55923
140.400230884552	29.13249
140.415850877762	26.99873
140.431480884552	25.23389
140.447110891342	23.64866
140.462730884552	21.92003
140.478360891342	19.81013
140.493980884552	17.21433
140.509610891342	14.20148
140.525230884552	10.93461
140.540860891342	7.562103
140.556490898132	4.143616
140.572110891342	0.5985489
140.587740898132	-3.241638
140.603360891342	-7.576073
140.618990898132	-12.50282
140.634610891342	-17.90717
140.650240898132	-23.42715
140.665870904922	-28.47292
140.681490898132	-32.36954
140.697120904922	-34.51584
140.712740898132	-34.58487
140.728370904922	-32.60913
140.743990898132	-29.01964
140.759620904922	-24.45061
140.775250911713	-19.57039
140.790870904922	-14.84587
140.806500911713	-10.5079
140.822120904922	-6.615265
140.837750911713	-3.17627
140.853370904922	-0.2735901
140.869000911713	1.893417
140.884630918503	3.125549
140.900250911713	3.365128
140.915880918503	2.823593
140.931500911713	1.894135
140.947130918503	1.069199
140.962750911713	0.6678009
140.978380918503	0.6953583
140.994010925293	0.8732452
141.009630918503	0.7689819
141.025260925293	0.05284119
141.040880918503	-1.329468
141.056510925293	-3.146347
141.072130918503	-5.037292
141.087760925293	-6.679672
141.103390932083	-7.983398
141.119010925293	-9.109146
141.134640932083	-10.3275
141.150260925293	-11.94704
141.165890932083	-14.14462
141.181510925293	-16.97862
141.197140932083	-20.31342
141.212770938873	-23.88641
141.228390932083	-27.22427
141.244020938873	-29.77293
141.259640932083	-30.96539
141.275270938873	-30.44186
141.290890932083	-28.1694
141.306520938873	-24.48212
141.322150945663	-19.9501
141.337770938873	-15.15877
141.353400945663	-10.55174
141.369020938873	-6.338165
141.384650945663	-2.622742
141.400270938873	0.4972534
141.415900945663	2.875168
141.431530952454	4.345856
141.447150945663	4.865631
141.462780952454	4.605637
141.478400945663	3.904373
141.494030952454	3.142365
141.509650945663	2.611649
141.525280952454	2.351639
141.540910959244	2.212036
141.556530952454	1.946838
141.572160959244	1.354584
141.587780952454	0.3801575
141.603410959244	-0.8825989
141.619030952454	-2.274963
141.634660959244	-3.685669
141.650290966034	-5.061569
141.665910959244	-6.470749
141.681540966034	-8.010544
141.697160959244	-9.801498
141.712790966034	-11.93945
141.728410959244	-14.5087
141.744040966034	-17.58702
141.759670972824	-21.15285
141.775290966034	-25.03763
141.790920972824	-28.81152
141.806540966034	-31.78352
141.822170972824	-33.15615
141.837790966034	-32.29751
141.853420972824	-29.00155
141.869050979614	-23.5765
141.884670972824	-16.734
141.900300979614	-9.294403
141.915920972824	-1.942001
141.931550979614	4.926018
141.947170972824	11.10646
141.962800979614	16.42361
141.978430986404	20.62411
141.994050979614	23.39771
142.009680986404	24.57408
142.025300979614	24.27496
142.040930986404	22.91002
142.056550979614	21.04997
142.072180986404	19.22462
142.087810993195	17.71873
142.103430986404	16.53317
142.119060993195	15.51565
142.134680986404	14.41328
142.150310993195	13.03096
142.165930986404	11.23708
142.181560993195	9.016167
142.197190999985	6.386566
142.212810993195	3.482857
142.228440999985	0.4539413
142.244060993195	-2.556847
142.259690999985	-5.518539
142.275321006775	-8.531792
142.290940999985	-11.82729
142.306571006775	-15.63107
142.322190999985	-19.98302
142.337821006775	-24.61256
142.353440999985	-28.92773
142.369071006775	-32.1484
142.384701013565	-33.54117
142.400321006775	-32.61851
142.415951013565	-29.3046
142.431571006775	-23.93597
142.447201013565	-17.09823
142.462821006775	-9.470104
142.478451013565	-1.633202
142.494081020355	6.009945
142.509701013565	13.15286
142.525331020355	19.56219
142.540951013565	24.95665
142.556581020355	29.06876
142.572201013565	31.65708
142.587831020355	32.67617
142.603461027145	32.31657
142.619081020355	31.01681
142.634711027145	29.33181
142.650331020355	27.76791
142.665961027145	26.57827
142.681581020355	25.72416
142.697211027145	24.90205
142.712841033936	23.7304
142.728461027145	21.929
142.744091033936	19.46497
142.759711027145	16.51341
142.775341033936	13.34693
142.790961027145	10.17897
142.806591033936	7.049646
142.822221040726	3.817522
142.837841033936	0.2735901
142.853471040726	-3.738676
142.869091033936	-8.224236
142.884721040726	-13.00301
142.900341033936	-17.75108
142.915971040726	-22.06755
142.931601047516	-25.51127
142.947221040726	-27.65305
142.962851047516	-28.13054
142.978471040726	-26.73373
142.994101047516	-23.47108
143.009721040726	-18.61349
143.025351047516	-12.63637
143.040981054306	-6.108168
143.056601047516	0.4101334
143.072231054306	6.455432
143.087851047516	11.68242
143.103481054306	15.84397
143.119101047516	18.78049
143.134731054306	20.45641
143.150361061096	20.98315
143.165981054306	20.68172
143.181611061096	19.99303
143.197231054306	19.35586
143.212861061096	19.06875
143.228481054306	19.18864
143.244111061096	19.56383
143.259741067886	19.9289
143.275361061096	20.05914
143.290991067886	19.8397
143.306611061096	19.32411
143.322241067886	18.66838
143.337861061096	18.01066
143.353491067886	17.39428
143.369121074677	16.71341
143.384741067886	15.74245
143.400371074677	14.18748
143.415991067886	11.76064
143.431621074677	8.257236
143.447241067886	3.702866
143.462871074677	-1.573786
143.478501081467	-6.923355
143.494121074677	-11.51035
143.509751081467	-14.49763
143.525371074677	-15.3672
143.541001081467	-14.03839
143.556621074677	-10.88663
143.572251081467	-6.532243
143.587881088257	-1.552529
143.603501081467	3.669307
143.619131088257	8.913806
143.634751081467	13.98747
143.650381088257	18.55444
143.666001081467	22.16025
143.681631088257	24.38321
143.697261095047	25.13051
143.712881088257	24.67015
143.728511095047	23.58742
143.744131088257	22.42525
143.759761095047	21.4873
143.775381088257	20.72355
143.791011095047	19.87392
143.806641101837	18.66835
143.822261095047	17.05435
143.837891101837	15.15762
143.853511095047	13.17022
143.869141101837	11.19379
143.884761095047	9.165701
143.900391101837	6.907591
143.916021108627	4.281109
143.931641101837	1.246075
143.947271108627	-2.155729
143.962891101837	-5.891079
143.978521108627	-9.976934
143.994141101837	-14.47349
144.009771108627	-19.30831
144.025400876999	-24.15977
144.041021108627	-28.33356
144.056650876999	-30.96388
144.072271108627	-31.2794
144.087900876999	-28.99806
144.103521108627	-24.39044
144.119150876999	-18.23031
144.134780883789	-11.45174
144.150400876999	-4.783478
144.166030883789	1.401073
144.181650876999	7.00898
144.197280883789	12.0063
144.212900876999	16.18662
144.228530883789	19.16949
144.244160890579	20.57569
144.259780883789	20.28326
144.275410890579	18.57498
144.291030883789	16.07093
144.306660890579	13.43439
144.322280883789	11.12933
144.337910890579	9.224144
144.353540897369	7.488834
144.369160890579	5.583351
144.384790897369	3.28072
144.400410890579	0.6067238
144.416040897369	-2.213596
144.431660890579	-4.874565
144.447290897369	-7.148029
144.46292090416	-9.017864
144.478540897369	-10.70886
144.49417090416	-12.5781
144.509790897369	-14.98425
144.52542090416	-18.15324
144.541040897369	-22.04773
144.55667090416	-26.34968
144.57230091095	-30.48829
144.58792090416	-33.78512
144.60355091095	-35.59541
144.61917090416	-35.48975
144.63480091095	-33.37151
144.65042090416	-29.49485
144.66605091095	-24.36149
144.68168091774	-18.55328
144.69730091095	-12.55667
144.71293091774	-6.650307
144.72855091095	-0.9320602
144.74418091774	4.577728
144.75980091095	9.783875
144.77543091774	14.43236
144.79106092453	18.13916
144.80668091774	20.54019
144.82231092453	21.4716
144.83793091774	21.07355
144.85356092453	19.77872
144.86919093132	18.13685
144.88481092453	16.64011
144.90044093132	15.5492
144.91606092453	14.84991
144.93169093132	14.28735
144.94731092453	13.50589
144.96294093132	12.21273
144.97857093811	10.29759
144.99419093132	7.867699
145.00982093811	5.175789
145.02544093132	2.476089
145.04107093811	-0.06987
145.05669093132	-2.483322
145.07232093811	-4.92025
145.087950944901	-7.625526
145.10357093811	-10.81274
145.119200944901	-14.56014
145.13482093811	-18.82408
145.150450944901	-23.33709
145.16607093811	-27.65948
145.181700944901	-31.2209
145.197330951691	-33.41124
145.212950944901	-33.71696
145.228580951691	-31.90104
145.244200944901	-28.07644
145.259830951691	-22.66978
145.275450944901	-16.32294
145.291080951691	-9.640259
145.306710958481	-3.080589
145.322330951691	3.102036
145.337960958481	8.801346
145.353580951691	13.92065
145.369210958481	18.30214
145.384830951691	21.72214
145.400460958481	23.99354
145.416090965271	24.98164
145.431710958481	24.74337
145.447340965271	23.49259
145.462960958481	21.58183
145.478590965271	19.43522
145.494210958481	17.44591
145.509840965271	15.85166
145.525470972061	14.65455
145.541090965271	13.6246
145.556720972061	12.41499
145.572340965271	10.73144
145.587970972061	8.514282
145.603590965271	5.924644
145.619220972061	3.253738
145.634850978851	0.6858368
145.650470972061	-1.803185
145.666100978851	-4.431969
145.681720972061	-7.428291
145.697350978851	-10.8953
145.712970972061	-14.71918
145.728600978851	-18.71246
145.744230985641	-22.67745
145.759850978851	-26.43573
145.775480985641	-29.73965
145.791100978851	-32.19551
145.806730985641	-33.27715
145.822350978851	-32.48921
145.837980985641	-29.62115
145.853610992432	-24.90974
145.869230985641	-18.9599
145.884860992432	-12.5379
145.900480985641	-6.225273
145.916110992432	-0.2854538
145.931730985641	5.267639
145.947360992432	10.47402
145.962990999222	15.20742
145.978610992432	19.12144
145.994240999222	21.79546
146.009860992432	22.93741
146.025490999222	22.59735
146.041110992432	21.17403
146.056740999222	19.32755
146.072371006012	17.65643
146.087990999222	16.53534
146.103621006012	15.93723
146.119240999222	15.55771
146.134871006012	14.95736
146.150490999222	13.80315
146.166121006012	11.98853
146.181751012802	9.620613
146.197371006012	6.905251
146.213001012802	4.060013
146.228621006012	1.203156
146.244251012802	-1.618759
146.259871006012	-4.403076
146.275501012802	-7.17424
146.291131019592	-10.00907
146.306751012802	-13.02892
146.322381019592	-16.37822
146.338001012802	-20.15237
146.353631019592	-24.29517
146.369251012802	-28.48852
146.384881019592	-32.16886
146.400511026382	-34.62603
146.416131019592	-35.16946
146.431761026382	-33.36803
146.447381019592	-29.16996
146.463011026382	-22.92992
146.478631019592	-15.29246
146.494261026382	-6.995537
146.509891033173	1.382889
146.525511026382	9.462402
146.541141033173	17.06279
146.556761026382	24.03548
146.572391033173	30.09709
146.588011026382	34.81238
146.603641033173	37.72222
146.619271039963	38.58691
146.634891033173	37.56232
146.650521039963	35.19844
146.666141033173	32.24458
146.681771039963	29.36379
146.697391033173	26.85501
146.713021039963	24.5977
146.728651046753	22.20719
146.744271039963	19.26086
146.759901046753	15.55371
146.775521039963	11.20379
146.791151046753	6.586761
146.806771039963	2.117882
146.822401046753	-1.860657
146.838031053543	-5.301994
146.853651046753	-8.383118
146.869281053543	-11.39915
146.884901046753	-14.61217
146.900531053543	-18.16156
146.916151046753	-21.9987
146.931781053543	-25.97215
146.947411060333	-29.88142
146.963031053543	-33.44589
146.978661060333	-36.30402
146.994281053543	-38.02372
147.009911060333	-38.15206
147.025531053543	-36.44166
147.041161060333	-32.97327
147.056791067123	-28.18105
147.072411060333	-22.70377
147.088041067123	-17.13597
147.103661060333	-11.81594
147.119291067123	-6.818115
147.134921073914	-2.091629
147.150541067123	2.317024
147.166171073914	6.170082
147.181791067123	9.14521
147.197421073914	11.01928
147.213041067123	11.80128
147.228671073914	11.76804
147.244301080704	11.3017
147.259921073914	10.66449
147.275551080704	9.924767
147.291171073914	8.964455
147.306801080704	7.574272
147.322421073914	5.637848
147.338051080704	3.167229
147.353681087494	0.3342514
147.369301080704	-2.634705
147.384931087494	-5.492149
147.400551080704	-8.084297
147.416181087494	-10.3799
147.431801080704	-12.47337
147.447431087494	-14.5349
147.463061094284	-16.75287
147.478681087494	-19.25149
147.494311094284	-22.09055
147.509931087494	-25.25414
147.525561094284	-28.67092
147.541181087494	-32.21174
147.556811094284	-35.6092
147.572441101074	-38.44235
147.588061094284	-40.16805
147.603691101074	-40.23399
147.619311094284	-38.26661
147.634941101074	-34.20523
147.650561094284	-28.40903
147.666191101074	-21.49834
147.681821107864	-14.21573
147.697441101074	-7.191055
147.713071107864	-0.8038559
147.728691101074	4.769775
147.744321107864	9.510712
147.759941101074	13.36772
147.775571107864	16.24236
147.791200876236	17.98137
147.806821107864	18.51387
147.822450876236	17.9857
147.838071107864	16.77636
147.853700876236	15.44083
147.869321107864	14.47609
147.884950876236	14.16394
147.900580883026	14.45475
147.916200876236	15.02315
147.931830883026	15.41094
147.947450876236	15.25161
147.963080883026	14.37711
147.978700876236	12.82421
147.994330883026	10.77736
148.009960889816	8.446079
148.025580883026	5.996284
148.041210889816	3.501564
148.056830883026	0.9561043
148.072460889816	-1.714085
148.088080883026	-4.640478
148.103710889816	-7.991159
148.119340896606	-11.9148
148.134960889816	-16.4875
148.150590896606	-21.56133
148.166210889816	-26.68987
148.181840896606	-31.13306
148.197460889816	-34.01939
148.213090896606	-34.55809
148.228720903397	-32.35804
148.244340896606	-27.54717
148.259970903397	-20.78427
148.275590896606	-12.9967
148.291220903397	-5.064408
148.306840896606	2.452157
148.322470903397	9.332225
148.338100910187	15.61269
148.353720903397	21.31856
148.369350910187	26.3176
148.384970903397	30.31549
148.400600910187	33.03022
148.416220903397	34.34736
148.431850910187	34.44305
148.447480916977	33.67093
148.463100910187	32.44917
148.478730916977	31.10024
148.494350910187	29.75839
148.509980916977	28.42715
148.525600910187	27.03033
148.541230916977	25.49221
148.556860923767	23.73616
148.572480916977	21.69834
148.588110923767	19.28819
148.603730916977	16.41881
148.619360923767	13.06081
148.634980916977	9.255005
148.650610923767	5.130096
148.666240930557	0.8721962
148.681860923767	-3.318298
148.697490930557	-7.32373
148.713110923767	-11.16507
148.728740930557	-15.02618
148.744360923767	-19.21183
148.759990930557	-23.95412
148.775620937347	-29.22554
148.791240930557	-34.57497
148.806870937347	-39.11741
148.822490930557	-41.76137
148.838120937347	-41.60321
148.853740930557	-38.26306
148.869370937347	-32.05
148.885000944138	-23.86107
148.900620937347	-14.8238
148.916250944138	-5.945774
148.931870937347	2.15654
148.947500944138	9.247677
148.963120937347	15.30617
148.978750944138	20.32615
148.994380950928	24.2349
149.010000944138	26.90111
149.025630950928	28.27254
149.041250944138	28.49561
149.056880950928	27.9105
149.072500944138	26.94833
149.088130950928	25.94248
149.103760957718	25.03856
149.119380950928	24.17739
149.135010957718	23.17042
149.150630950928	21.84976
149.166260957718	20.11523
149.181880950928	17.99686
149.197510957718	15.58842
149.213140964508	13.02234
149.228760957718	10.39008
149.244390964508	7.764313
149.260010957718	5.217453
149.275640964508	2.788742
149.291260957718	0.4913712
149.306890964508	-1.778969
149.322520971298	-4.24231
149.338140964508	-7.218338
149.353770971298	-10.97717
149.369390964508	-15.58874
149.385020971298	-20.76656
149.400640964508	-25.79607
149.416270971298	-29.74668
149.431900978088	-31.65184
149.447520971298	-30.8819
149.463150978088	-27.30421
149.478770971298	-21.36053
149.494400978088	-13.85644
149.510020971298	-5.70562
149.525650978088	2.320694
149.541280984879	9.724396
149.556900978088	16.21523
149.572530984879	21.66921
149.588150978088	25.99139
149.603780984879	29.10994
149.619400978088	30.97382
149.635030984879	31.66969
149.650660991669	31.39384
149.666280984879	30.48192
149.681910991669	29.30936
149.697530984879	28.12881
149.713160991669	27.04047
149.728790998459	25.92337
149.744410991669	24.46661
149.760040998459	22.35921
149.775660991669	19.41673
149.791290998459	15.71613
149.806910991669	11.60818
149.822540998459	7.603943
149.838171005249	4.098351
149.853790998459	1.278938
149.869421005249	-1.002586
149.885040998459	-3.13166
149.900671005249	-5.551659
149.916290998459	-8.651588
149.931921005249	-12.65697
149.947551012039	-17.56575
149.963171005249	-23.08496
149.978801012039	-28.61832
149.994421005249	-33.28922
150.010051012039	-36.11658
150.025671005249	-36.34031
150.041301012039	-33.63483
150.056931018829	-28.29826
150.072551012039	-21.11359
150.088181018829	-13.11069
150.103801012039	-5.188576
150.119431018829	2.002953
150.135051012039	8.163429
150.150681018829	13.17009
150.16631102562	16.94476
150.181931018829	19.44382
150.19756102562	20.66656
150.213181018829	20.74139
150.22881102562	19.97502
150.244431018829	18.75327
150.26006102562	17.44692
150.27569103241	16.27234
150.29131102562	15.25246
150.30694103241	14.22126
150.32256102562	12.93121
150.33819103241	11.12692
150.35381102562	8.723038
150.36944103241	5.816467
150.3850710392	2.703873
150.40069103241	-0.2259903
150.4163210392	-2.676422
150.43194103241	-4.593079
150.4475710392	-6.18177
150.46319103241	-7.863487
150.4788210392	-10.13772
150.49445104599	-13.39191
150.5100710392	-17.79099
150.52570104599	-23.16724
150.5413210392	-28.96608
150.55695104599	-34.3052
150.5725710392	-38.12878
150.58820104599	-39.46465
150.60383105278	-37.72778
150.61945104599	-32.93826
150.63508105278	-25.73878
150.65070104599	-17.16891
150.66633105278	-8.308052
150.68195104599	0.08158875
150.69758105278	7.638924
150.71321105957	14.28578
150.72883105278	20.00677
150.74446105957	24.58395
150.76008105278	27.67889
150.77571105957	29.00442
150.79133105278	28.5949
150.80696105957	26.90455
150.82259106636	24.7146
150.83821105957	22.7603
150.85384106636	21.44891
150.86946105957	20.68094
150.88509106636	19.94739
150.90071105957	18.61268
150.91634106636	16.29298
150.931971073151	12.99185
150.94759106636	9.120758
150.963221073151	5.269394
150.97884106636	1.873367
150.994471073151	-0.9782867
151.01009106636	-3.555298
151.025721073151	-6.358932
151.041351079941	-9.875565
151.056971073151	-14.37364
151.072601079941	-19.8101
151.088221073151	-25.80673
151.103851079941	-31.67166
151.119471073151	-36.48563
151.135101079941	-39.21732
151.150731086731	-38.95082
151.166351079941	-35.16121
151.181981086731	-27.91754
151.197601079941	-17.98891
151.213231086731	-6.658157
151.228851079941	4.647034
151.244481086731	14.75502
151.260111093521	23.02341
151.275731086731	29.38292
151.291361093521	34.1219
151.306981086731	37.56572
151.322611093521	39.87997
151.338231086731	40.97557
151.353861093521	40.63422
151.369491100311	38.80228
151.385111093521	35.65671
151.400741100311	31.71967
151.416361093521	27.64626
151.431991100311	24.00337
151.447611093521	21.00179
151.463241100311	18.49228
151.478871107101	16.0943
151.494491100311	13.41521
151.510121107101	10.34665
151.525741100311	7.062363
151.541371107101	3.938644
151.556991100311	1.299286
151.572621107101	-0.7614594
151.588251113892	-2.417725
151.603871107101	-4.008942
151.619501113892	-5.87439
151.635121107101	-8.251816
151.650751113892	-11.26204
151.666371107101	-14.96335
151.682001113892	-19.3188
151.697630882263	-24.15749
151.713251113892	-29.06331
151.728880882263	-33.33452
151.744501113892	-36.08115
151.760130882263	-36.49233
151.775751113892	-34.08747
151.791380882263	-28.93578
151.807010889053	-21.67686
151.822630882263	-13.29156
151.838260889053	-4.790176
151.853880882263	3.067764
151.869510889053	9.964264
151.885130882263	15.9076
151.900760889053	21.00066
151.916390895844	25.17075
151.932010889053	28.14188
151.947640895844	29.52003
151.963260889053	29.13452
151.978890895844	27.24664
151.994520902634	24.56222
152.010140895844	21.97321
152.025770902634	20.12944
152.041390895844	19.12599
152.057020902634	18.48291
152.072640895844	17.45271
152.088270902634	15.45548
152.103900909424	12.4296
152.119520902634	8.831718
152.135150909424	5.360649
152.150770902634	2.58136
152.166400909424	0.6088715
152.182020902634	-0.8893585
152.197650909424	-2.514946
152.213280916214	-4.823082
152.228900909424	-8.117165
152.244530916214	-12.39882
152.260150909424	-17.46967
152.275780916214	-22.98619
152.291400909424	-28.50159
152.307030916214	-33.38911
152.322660923004	-36.88247
152.338280916214	-38.15352
152.353910923004	-36.58947
152.369530916214	-32.04799
152.385160923004	-24.98947
152.400780916214	-16.34053
152.416410923004	-7.206589
152.432040929794	1.50322
152.447660923004	9.282883
152.463290929794	16.015
152.478910923004	21.76548
152.494540929794	26.5303
152.510160923004	30.11805
152.525790929794	32.26832
152.541420936584	32.81502
152.557040929794	31.90435
152.572670936584	30.01804
152.588290929794	27.76527
152.603920936584	25.70206
152.619540929794	24.08805
152.635170936584	22.83587
152.650800943375	21.61083
152.666420936584	20.04507
152.682050943375	17.87861
152.697670936584	15.09756
152.713300943375	11.85028
152.728920936584	8.377647
152.744550943375	4.89106
152.760180950165	1.523529
152.775800943375	-1.697083
152.791430950165	-4.864258
152.807050943375	-8.124496
152.822680950165	-11.71265
152.838300943375	-15.82255
152.853930950165	-20.57
152.869560956955	-25.89515
152.885180950165	-31.45372
152.900810956955	-36.61023
152.916430950165	-40.49043
152.932060956955	-42.21563
152.947680950165	-41.1613
152.963310956955	-37.2425
152.978940963745	-30.89501
152.994560956955	-23.01765
153.010190963745	-14.60049
153.025810956955	-6.471752
153.041440963745	0.880043
153.057060956955	7.309326
153.072690963745	12.82555
153.088320970535	17.39406
153.103940963745	20.86449
153.119570970535	23.03347
153.135190963745	23.7944
153.150820970535	23.26308
153.166440963745	21.81261
153.182070970535	19.94055
153.197700977325	18.10484
153.213320970535	16.55083
153.228950977325	15.26123
153.244570970535	13.98437
153.260200977325	12.40899
153.275820970535	10.27856
153.291450977325	7.523361
153.307080984116	4.265022
153.322700977325	0.7302513
153.338330984116	-2.836178
153.353950977325	-6.230679
153.369580984116	-9.339375
153.385200977325	-12.13134
153.400830984116	-14.68493
153.416460990906	-17.19112
153.432080984116	-19.91865
153.447710990906	-23.13193
153.463330984116	-26.9787
153.478960990906	-31.29357
153.494580984116	-35.5795
153.510210990906	-39.00296
153.525840997696	-40.63807
153.541460990906	-39.73803
153.557090997696	-36.00754
153.572710990906	-29.68094
153.588340997696	-21.47489
153.603960990906	-12.32623
153.619590997696	-3.113312
153.635221004486	5.489353
153.650840997696	13.11177
153.666471004486	19.53635
153.682090997696	24.62635
153.697721004486	28.23401
153.713340997696	30.23539
153.728971004486	30.6571
153.744601011276	29.77598
153.760221004486	28.12176
153.775851011276	26.29136
153.791471004486	24.80655
153.807101011276	23.83686
153.822721004486	23.2123
153.838351011276	22.5093
153.853981018066	21.27436
153.869601011276	19.22083
153.885231018066	16.36482
153.900851011276	12.99106
153.916481018066	9.490795
153.932101011276	6.233773
153.947731018066	3.403139
153.963361024857	0.935111
153.978981018066	-1.460769
153.994611024857	-4.160931
154.010231018066	-7.542999
154.025861024857	-11.79955
154.041481018066	-16.84846
154.057111024857	-22.32065
154.072741031647	-27.58134
154.088361024857	-31.87576
154.103991031647	-34.47561
154.119611024857	-34.80798
154.135241031647	-32.5821
154.150871038437	-27.90189
154.166491031647	-21.23358
154.182121038437	-13.34972
154.197741031647	-5.110072
154.213371038437	2.731008
154.228991031647	9.692171
154.244621038437	15.55244
154.260251045227	20.22072
154.275871038437	23.60719
154.291501045227	25.5498
154.307121038437	25.96032
154.322751045227	24.93518
154.338371038437	22.89317
154.354001045227	20.50143
154.369631052017	18.40721
154.385251045227	16.98992
154.400881052017	16.23517
154.416501045227	15.77473
154.432131052017	15.10197
154.447751045227	13.83066
154.463381052017	11.8063
154.479011058807	9.141287
154.494631052017	6.122429
154.510261058807	3.021633
154.525881052017	0.05412102
154.541511058807	-2.743675
154.557131052017	-5.486015
154.572761058807	-8.404114
154.588391065598	-11.77696
154.604011058807	-15.88135
154.619641065598	-20.85593
154.635261058807	-26.60265
154.650891065598	-32.721
154.666511058807	-38.46767
154.682141065598	-42.85545
154.697771072388	-44.90714
154.713391065598	-43.94084
154.729021072388	-39.82795
154.744641065598	-33.0937
154.760271072388	-24.76694
154.775891065598	-16.01413
154.791521072388	-7.789345
154.807151079178	-0.606781
154.822771072388	5.384228
154.838401079178	10.17803
154.854021072388	13.72696
154.869651079178	15.89908
154.885271072388	16.60003
154.900901079178	16.02304
154.916531085968	14.6657
154.932151079178	13.19366
154.947781085968	12.16483
154.963401079178	11.76096
154.979031085968	11.72717
154.994651079178	11.55939
155.010281085968	10.79629
155.025911092758	9.266506
155.041531085968	7.131603
155.057161092758	4.757114
155.072781085968	2.469887
155.088411092758	0.3848267
155.104031085968	-1.62693
155.119661092758	-3.84716
155.135291099548	-6.574581
155.150911092758	-10.015
155.166541099548	-14.26968
155.182161092758	-19.27289
155.197791099548	-24.80323
155.213411092758	-30.44433
155.229041099548	-35.56578
155.244671106339	-39.4093
155.260291099548	-41.2338
155.275921106339	-40.5644
155.291541099548	-37.31335
155.307171106339	-31.83516
155.322791099548	-24.8024
155.338421106339	-16.99022
155.354051113129	-9.0509
155.369671106339	-1.396217
155.385301113129	5.73328
155.400921106339	12.14936
155.416551113129	17.59058
155.432171106339	21.74205
155.447801113129	24.31677
155.4634308815	25.27103
155.479051113129	24.87846
155.4946808815	23.68552
155.510301113129	22.32008
155.5259308815	21.21001
155.541551113129	20.45525
155.5571808815	19.79414
155.57281088829	18.78857
155.5884308815	17.0488
155.60406088829	14.42686
155.6196808815	11.06826
155.63531088829	7.341841
155.6509308815	3.666605
155.66656088829	0.3487377
155.682190895081	-2.485617
155.69781088829	-4.939211
155.713440895081	-7.305305
155.72906088829	-9.997931
155.744690895081	-13.45592
155.76031088829	-17.94875
155.775940895081	-23.44869
155.791570901871	-29.48667
155.807190895081	-35.17059
155.822820901871	-39.37763
155.838440895081	-41.15275
155.854070901871	-39.97006
155.869690895081	-35.95126
155.885320901871	-29.73238
155.900950908661	-22.2539
155.916570901871	-14.37013
155.932200908661	-6.666544
155.947820901871	0.5920315
155.963450908661	7.339983
155.979070901871	13.47003
155.994700908661	18.75647
156.010330915451	22.86721
156.025950908661	25.54008
156.041580915451	26.70625
156.057200908661	26.5877
156.072830915451	25.63802
156.088450908661	24.34997
156.104080915451	23.14837
156.119710922241	22.21686
156.135330915451	21.52334
156.150960922241	20.83539
156.166580915451	19.85847
156.182210922241	18.34368
156.197830915451	16.18383
156.213460922241	13.46183
156.229090929031	10.41871
156.244710922241	7.368224
156.260340929031	4.568204
156.275960922241	2.143769
156.291590929031	-0.01774216
156.307210922241	-2.21558
156.322840929031	-4.854204
156.338470935822	-8.284651
156.354090929031	-12.6564
156.369720935822	-17.76545
156.385340929031	-23.00016
156.400970935822	-27.51064
156.416590929031	-30.33497
156.432220935822	-30.7337
156.447850942612	-28.37414
156.463470935822	-23.38904
156.479100942612	-16.30229
156.494720935822	-7.860498
156.510350942612	1.172011
156.525970935822	10.13194
156.541600942612	18.45118
156.557230949402	25.68234
156.572850942612	31.4469
156.588480949402	35.49339
156.604100942612	37.68244
156.619730949402	38.03175
156.635350942612	36.68749
156.650980949402	33.90689
156.666610956192	30.03629
156.682230949402	25.53954
156.697860956192	20.8747
156.713480949402	16.38452
156.729110956192	12.1657
156.744730949402	8.040446
156.760360956192	3.620826
156.775990962982	-1.453572
156.791610956192	-7.280176
156.807240962982	-13.61186
156.822860956192	-19.92831
156.838490962982	-25.64098
156.854120969772	-30.36855
156.869740962982	-34.03398
156.885370969772	-36.86869
156.900990962982	-39.27336
156.916620969772	-41.66656
156.932240962982	-44.35868
156.947870969772	-47.52788
156.963500976562	-51.16914
156.979120969772	-54.9962
156.994750976562	-58.41233
157.010370969772	-60.51403
157.026000976562	-60.31287
157.041620969772	-57.06731
157.057250976562	-50.58095
157.072880983353	-41.36925
157.088500976562	-30.4957
157.104130983353	-19.24652
157.119750976562	-8.654802
157.135380983353	0.762516
157.151000976562	9.007286
157.166630983353	16.29379
157.182260990143	22.76213
157.197880983353	28.2802
157.213510990143	32.51124
157.229130983353	35.14557
157.244760990143	36.14733
157.260380983353	35.83638
157.276010990143	34.7759
157.291640996933	33.51001
157.307260990143	32.34566
157.322890996933	31.3004
157.338510990143	30.17659
157.354140996933	28.74707
157.369760990143	26.88647
157.385390996933	24.58945
157.401021003723	21.94989
157.416640996933	19.0586
157.432271003723	15.98427
157.447890996933	12.76166
157.463521003723	9.418335
157.479140996933	5.95945
157.494771003723	2.374401
157.510401010513	-1.371811
157.526021003723	-5.384136
157.541651010513	-9.791107
157.557271003723	-14.65831
157.572901010513	-19.91073
157.588521003723	-25.16611
157.604151010513	-29.73875
157.619781017303	-32.74458
157.635401010513	-33.32642
157.651031017303	-30.97054
157.666651010513	-25.72733
157.682281017303	-18.20385
157.697901010513	-9.392937
157.713531017303	-0.3015976
157.729161024094	8.309128
157.744781017303	16.0966
157.760411024094	22.96284
157.776031017303	28.90348
157.791661024094	33.79115
157.807281017303	37.36478
157.822911024094	39.35237
157.838541030884	39.71229
157.854161024094	38.67025
157.869791030884	36.73263
157.885411024094	34.51325
157.901041030884	32.48351
157.916661024094	30.83929
157.932291030884	29.46304
157.947921037674	28.05878
157.963541030884	26.31085
157.979171037674	24.03199
157.994791030884	21.21764
158.010421037674	17.99053
158.026041030884	14.56599
158.041671037674	11.09702
158.057301044464	7.69384
158.072921037674	4.372253
158.088551044464	1.100304
158.104171037674	-2.195839
158.119801044464	-5.621986
158.135421037674	-9.286949
158.151051044464	-13.31865
158.166681051254	-17.79315
158.182301044464	-22.65285
158.197931051254	-27.58855
158.213551044464	-32.00553
158.229181051254	-35.07993
158.244801044464	-35.95068
158.260431051254	-34.00421
158.276061058044	-29.12637
158.291681051254	-21.79831
158.307311058044	-12.99432
158.322931051254	-3.870461
158.338561058044	4.602806
158.354181051254	11.88538
158.369811058044	17.86222
158.385441064835	22.69389
158.401061058044	26.5489
158.416691064835	29.45396
158.432311058044	31.30079
158.447941064835	32.02499
158.463561058044	31.72684
158.479191064835	30.765
158.494821071625	29.63389
158.510441064835	28.74552
158.526071071625	28.26912
158.541691064835	28.0588
158.557321071625	27.72733
158.572941064835	26.87428
158.588571071625	25.25499
158.604201078415	22.90542
158.619821071625	20.08589
158.635451078415	17.16468
158.651071071625	14.44147
158.666701078415	12.05337
158.682321071625	9.934097
158.697951078415	7.852577
158.713581085205	5.479126
158.729201078415	2.472031
158.744831085205	-1.430187
158.760451078415	-6.303841
158.776081085205	-11.91024
158.791701078415	-17.65554
158.807331085205	-22.61594
158.822961091995	-25.75299
158.838581085205	-26.22103
158.854211091995	-23.66298
158.869831085205	-18.35086
158.885461091995	-11.07953
158.901081085205	-2.894283
158.916711091995	5.24556
158.932341098785	12.65586
158.947961091995	18.96878
158.963591098785	24.0174
158.979211091995	27.68575
158.994841098785	29.83835
159.010471105576	30.35765
159.026091098785	29.205
159.041721105576	26.51246
159.057341098785	22.61146
159.072971105576	17.9411
159.088591098785	12.88021
159.104221105576	7.698576
159.119851112366	2.468769
159.135471105576	-2.81642
159.151101112366	-8.139872
159.166721105576	-13.34537
159.182351112366	-18.15964
159.197971105576	-22.2494
159.213601112366	-25.37903
159.229230880737	-27.51215
159.244851112366	-28.84471
159.260480880737	-29.69476
159.276101112366	-30.44482
159.291730880737	-31.42143
159.307351112366	-32.88734
159.322980880737	-34.99643
159.338610887527	-37.75042
159.354230880737	-40.91038
159.369860887527	-43.93319
159.385480880737	-46.01394
159.401110887527	-46.28585
159.416730880737	-44.09293
159.432360887527	-39.22828
159.447990894318	-32.05074
159.463610887527	-23.34167
159.479240894318	-14.07177
159.494860887527	-5.084291
159.510490894318	3.022797
159.526110887527	9.963974
159.541740894318	15.61648
159.557370901108	19.967
159.572990894318	23.057
159.588620901108	25.01219
159.604240894318	26.11496
159.619870901108	26.7327
159.635490894318	27.2756
159.651120901108	28.01727
159.666750907898	29.00328
159.682370901108	29.99652
159.698000907898	30.55705
159.713620901108	30.23508
159.729250907898	28.72598
159.744870901108	26.06696
159.760500907898	22.65771
159.776130914688	19.15092
159.791750907898	16.13165
159.807380914688	13.87888
159.823000907898	12.16883
159.838630914688	10.32157
159.854250907898	7.558846
159.869880914688	3.296795
159.885510921478	-2.543808
159.901130914688	-9.538139
159.916760921478	-16.90906
159.932380914688	-23.78592
159.948010921478	-29.39549
159.963630914688	-33.15119
159.979260921478	-34.7665
159.994890928268	-34.21151
160.010510921478	-31.82113
160.026140928268	-28.1871
160.041760921478	-24.04347
160.057390928268	-19.99887
160.073010921478	-16.38792
160.088640928268	-13.22648
160.104270935059	-10.37683
160.119890928268	-7.799484
160.135520935059	-5.633972
160.151140928268	-4.199886
160.166770935059	-3.784073
160.182390928268	-4.486771
160.198020935059	-6.156048
160.213650941849	-8.543427
160.229270935059	-11.47556
160.244900941849	-14.94952
160.260520935059	-19.04775
160.276150941849	-23.69232
160.291770935059	-28.56192
160.307400941849	-33.07473
160.323030948639	-36.61309
160.338650941849	-38.79392
160.354280948639	-39.60836
160.369900941849	-39.39172
160.385530948639	-38.65276
160.401150941849	-37.85884
160.416780948639	-37.32534
160.432410955429	-37.24466
160.448030948639	-37.76382
160.463660955429	-38.89357
160.479280948639	-40.50016
160.494910955429	-42.10754
160.510530948639	-42.93955
160.526160955429	-42.06772
160.541790962219	-38.7919
160.557410955429	-32.85242
160.573040962219	-24.62576
160.588660955429	-14.91185
160.604290962219	-4.645853
160.619910955429	5.397522
160.635540962219	14.72316
160.651170969009	23.06327
160.666790962219	30.16834
160.682420969009	35.76717
160.698040962219	39.5949
160.713670969009	41.55556
160.729290962219	41.8703
160.744920969009	41.05804
160.7605509758	39.73949
160.776170969009	38.41662
160.7918009758	37.29717
160.807420969009	36.27304
160.8230509758	35.0207
160.838670969009	33.24986
160.8543009758	30.81841
160.86993098259	27.82386
160.8855509758	24.52374
160.90118098259	21.20129
160.9168009758	18.07591
160.93243098259	15.17649
160.9480509758	12.36044
160.96368098259	9.370375
160.97931098938	5.885799
160.99493098259	1.625948
161.01056098938	-3.565067
161.02618098259	-9.623816
161.04181098938	-16.1913
161.05743098259	-22.54324
161.07306098938	-27.70254
161.08869099617	-30.61325
161.10431098938	-30.48465
161.11994099617	-27.06193
161.13556098938	-20.79737
161.15119099617	-12.66052
161.16681098938	-3.864262
161.18244099617	4.598251
161.19807100296	12.17516
161.21369099617	18.71138
161.22932100296	24.26969
161.24494099617	28.86484
161.26057100296	32.34851
161.27620100975	34.47908
161.29182100296	35.1349
161.30745100975	34.48267
161.32307100296	32.96156
161.33870100975	31.14342
161.35432100296	29.4766
161.36995100975	28.13681
161.385581016541	26.99607
161.40120100975	25.73003
161.416831016541	24.01798
161.43245100975	21.67895
161.448081016541	18.74572
161.46370100975	15.44225
161.479331016541	12.09626
161.494961023331	8.983093
161.510581016541	6.279541
161.526211023331	3.940891
161.541831016541	1.707787
161.557461023331	-0.8251381
161.573081016541	-4.084705
161.588711023331	-8.364109
161.604341030121	-13.69031
161.619961023331	-19.73087
161.635591030121	-25.83099
161.651211023331	-31.08541
161.666841030121	-34.56737
161.682461023331	-35.528
161.698091030121	-33.59629
161.713721036911	-28.90659
161.729341030121	-22.07648
161.744971036911	-14.01191
161.760591030121	-5.646561
161.776221036911	2.269566
161.791841030121	9.297935
161.807471036911	15.25687
161.823101043701	20.10172
161.838721036911	23.80142
161.854351043701	26.28771
161.869971036911	27.48216
161.885601043701	27.47161
161.901221036911	26.48638
161.916851043701	24.9265
161.932481050491	23.22669
161.948101043701	21.70844
161.963731050491	20.46094
161.979351043701	19.32956
161.994981050491	17.98547
162.010601043701	16.12658
162.026231050491	13.61662
162.041861057281	10.59036
162.057481050491	7.389252
162.073111057281	4.40641
162.088731050491	1.864594
162.104361057281	-0.2906456
162.119981050491	-2.350708
162.135611057281	-4.703487
162.151241064072	-7.65361
162.166861057281	-11.29019
162.182491064072	-15.52849
162.198111057281	-20.1446
162.213741064072	-24.81956
162.229361057281	-29.16216
162.244991064072	-32.6285
162.260621070862	-34.586
162.276241064072	-34.41699
162.291871070862	-31.76102
162.307491064072	-26.68972
162.323121070862	-19.72505
162.338741064072	-11.73296
162.354371070862	-3.648792
162.370001077652	3.782661
162.385621070862	10.16331
162.401251077652	15.37149
162.416871070862	19.47184
162.432501077652	22.52274
162.448121070862	24.53513
162.463751077652	25.50813
162.479381084442	25.53709
162.495001077652	24.88025
162.510631084442	23.92722
162.526251077652	23.03031
162.541881084442	22.33082
162.557501077652	21.68925
162.573131084442	20.72902
162.588761091232	19.08516
162.604381084442	16.60878
162.620011091232	13.49897
162.635631084442	10.23685
162.651261091232	7.347372
162.666881084442	5.163654
162.682511091232	3.666853
162.698141098022	2.503225
162.713761091232	1.123475
162.729391098022	-0.9930048
162.745011091232	-4.162602
162.760641098022	-8.40598
162.776261091232	-13.39447
162.791891098022	-18.5635
162.807521104813	-23.14541
162.823141098022	-26.33908
162.838771104813	-27.45546
162.854391098022	-26.08428
162.870021104813	-22.19183
162.885641098022	-16.1524
162.901271104813	-8.681598
162.916901111603	-0.6280631
162.932521104813	7.166833
162.948151111603	14.09638
162.963771104813	19.82577
162.979401111603	24.23995
162.995021104813	27.35384
163.010651111603	29.24463
163.026280879974	30.04977
163.041901111603	29.99247
163.057530879974	29.44262
163.073151111603	28.7761
163.088780879974	28.26752
163.104401111603	27.89321
163.120030879974	27.27376
163.135660886765	25.85854
163.151280879974	23.15835
163.166910886765	19.03717
163.182530879974	13.81834
163.198160886765	8.193565
163.213780879974	2.893476
163.229410886765	-1.599064
163.245040893555	-5.229511
163.260660886765	-8.374203
163.276290893555	-11.61656
163.291910886765	-15.53226
163.307540893555	-20.4459
163.323160886765	-26.33524
163.338790893555	-32.80552
163.354420900345	-39.20846
163.370040893555	-44.71523
163.385670900345	-48.54881
163.401290893555	-50.10035
163.416920900345	-49.08324
163.432540893555	-45.60342
163.448170900345	-40.1208
163.463800907135	-33.34131
163.479420900345	-26.03098
163.495050907135	-18.8904
163.510670900345	-12.39692
163.526300907135	-6.802799
163.541920900345	-2.189857
163.557550907135	1.456051
163.573180913925	4.166492
163.588800907135	6.004223
163.604430913925	7.070915
163.620050907135	7.569248
163.635680913925	7.730255
163.651300907135	7.756317
163.666930913925	7.694672
163.682560920715	7.386677
163.698180913925	6.636761
163.713810920715	5.310493
163.729430913925	3.492058
163.745060920715	1.47797
163.760680913925	-0.3457375
163.776310920715	-1.692078
163.791940927505	-2.533249
163.807560920715	-3.077698
163.823190927505	-3.716362
163.838810920715	-4.859932
163.854440927505	-6.845749
163.870070934296	-9.803909
163.885690927505	-13.64015
163.901320934296	-17.97976
163.916940927505	-22.2103
163.932570934296	-25.57014
163.948190927505	-27.3645
163.963820934296	-27.14626
163.979450941086	-24.84046
163.995070934296	-20.73585
164.010700941086	-15.34219
164.026320934296	-9.206139
164.041950941086	-2.79924
164.057570934296	3.496933
164.073200941086	9.39225
164.088830947876	14.59307
164.104450941086	18.83705
164.120080947876	21.93987
164.135700941086	23.85538
164.151330947876	24.69605
164.166950941086	24.72388
164.182580947876	24.25945
164.198210954666	23.56271
164.213830947876	22.84197
164.229460954666	22.12808
164.245080947876	21.3366
164.260710954666	20.29892
164.276330947876	18.82537
164.291960954666	16.80186
164.307590961456	14.25542
164.323210954666	11.37773
164.338840961456	8.421944
164.354460954666	5.63578
164.370090961456	3.099762
164.385710954666	0.6865158
164.401340961456	-1.880035
164.416970968246	-4.937706
164.432590961456	-8.720001
164.448220968246	-13.22183
164.463840961456	-18.16968
164.479470968246	-23.06551
164.495090961456	-27.24577
164.510720968246	-30.04733
164.526350975037	-30.94104
164.541970968246	-29.64426
164.557600975037	-26.24127
164.573220968246	-21.13167
164.588850975037	-14.90649
164.604470968246	-8.206894
164.620100975037	-1.55632
164.635730981827	4.728127
164.651350975037	10.46239
164.666980981827	15.53139
164.682600975037	19.82262
164.698230981827	23.18954
164.713850975037	25.51436
164.729480981827	26.75072
164.745110988617	26.98406
164.760730981827	26.45135
164.776360988617	25.47997
164.791980981827	24.33503
164.807610988617	23.18375
164.823230981827	22.00623
164.838860988617	20.62564
164.854490995407	18.8575
164.870110988617	16.6092
164.885740995407	13.96916
164.901360988617	11.16756
164.916990995407	8.477669
164.932610988617	6.020134
164.948240995407	3.733559
164.963871002197	1.373817
164.979490995407	-1.35183
164.995121002197	-4.656906
165.010740995407	-8.61348
165.026371002197	-13.16193
165.041990995407	-18.15034
165.057621002197	-23.29817
165.073251008987	-28.15736
165.088871002197	-32.10962
165.104501008987	-34.46807
165.120121002197	-34.67221
165.135751008987	-32.50641
165.151371002197	-28.26334
165.167001008987	-22.64824
165.182631015778	-16.57813
165.198251008987	-10.84363
165.213881015778	-5.878036
165.229501008987	-1.743073
165.245131015778	1.710754
165.260751008987	4.60656
165.276381015778	6.923561
165.292011022568	8.486053
165.307631015778	9.143173
165.323261022568	8.946121
165.338881015778	8.163071
165.354511022568	7.167366
165.370131015778	6.250381
165.385761022568	5.46006
165.401391029358	4.651054
165.417011022568	3.628189
165.432641029358	2.334312
165.448261022568	0.9079056
165.463891029358	-0.4163818
165.479511022568	-1.49588
165.495141029358	-2.428413
165.510771036148	-3.4758
165.526391029358	-4.960159
165.542021036148	-7.067406
165.557641029358	-9.811493
165.573271036148	-13.07558
165.588891029358	-16.73811
165.604521036148	-20.73522
165.620151042938	-24.97019
165.635771036148	-29.19088
165.651401042938	-32.86829
165.667021036148	-35.27739
165.682651042938	-35.68276
165.698271036148	-33.64806
165.713901042938	-29.15925
165.729531049728	-22.64281
165.745151042938	-14.80622
165.760781049728	-6.381981
165.776401042938	2.050568
165.792031049728	10.08154
165.807651042938	17.37153
165.823281049728	23.53703
165.838911056519	28.14177
165.854531049728	30.78629
165.870161056519	31.34848
165.885781049728	30.12138
165.901411056519	27.7907
165.917031049728	25.17838
165.932661056519	22.8923
165.948291063309	21.07539
165.963911056519	19.40388
165.979541063309	17.30869
165.995161056519	14.31076
166.010791063309	10.28981
166.026411056519	5.498207
166.042041063309	0.4169693
166.057671070099	-4.528061
166.073291063309	-9.138779
166.088921070099	-13.48531
166.104541063309	-17.82671
166.120171070099	-22.42819
166.135801076889	-27.5093
166.151421070099	-33.14542
166.167051076889	-39.33085
166.182671070099	-45.90025
166.198301076889	-52.46617
166.213921070099	-58.31342
166.229551076889	-62.44846
166.245181083679	-63.80389
166.260801076889	-61.54906
166.276431083679	-55.45344
166.292051076889	-46.00719
166.307681083679	-34.30717
166.323301076889	-21.73315
166.338931083679	-9.510513
166.354561090469	1.58828
166.370181083679	11.28669
166.385811090469	19.58765
166.401431083679	26.56333
166.417061090469	32.14561
166.432681083679	36.18802
166.448311090469	38.59772
166.46394109726	39.47923
166.479561090469	39.10269
166.49519109726	37.78053
166.510811090469	35.73865
166.52644109726	33.02222
166.542061090469	29.6186
166.55769109726	25.5938
166.57332110405	21.16993
166.58894109726	16.72689
166.60457110405	12.64413
166.62019109726	9.13068
166.63582110405	6.120998
166.65144109726	3.319004
166.66707110405	0.319046
166.68270111084	-3.257431
166.69832110405	-7.672791
166.71395111084	-12.98419
166.72957110405	-19.0249
166.74520111084	-25.34
166.76082110405	-31.18037
166.77645111084	-35.62087
166.792080879211	-37.79537
166.80770111084	-37.13445
166.823330879211	-33.5867
166.83895111084	-27.61855
166.854580879211	-20.04596
166.87020111084	-11.74557
166.885830879211	-3.433105
166.901460886002	4.470871
166.917080879211	11.74963
166.932710886002	18.28393
166.948330879211	23.88725
166.963960886002	28.3075
166.979580879211	31.2937
166.995210886002	32.72883
167.010840892792	32.75944
167.026460886002	31.7837
167.042090892792	30.33479
167.057710886002	28.87539
167.073340892792	27.64297
167.088960886002	26.56238
167.104590892792	25.36322
167.120220899582	23.7514
167.135840892792	21.5887
167.151470899582	18.97564
167.167090892792	16.19402
167.182720899582	13.52301
167.198340892792	11.07387
167.213970899582	8.784695
167.229600906372	6.424663
167.245220899582	3.664232
167.260850906372	0.1974411
167.276470899582	-4.223316
167.292100906372	-9.654022
167.307720899582	-15.83897
167.323350906372	-22.12335
167.338980913162	-27.50949
167.354600906372	-30.94605
167.370230913162	-31.64112
167.385850906372	-29.35232
167.401480913162	-24.4884
167.417100906372	-17.89021
167.432730913162	-10.52205
167.448360919952	-3.133693
167.463980913162	3.852674
167.479610919952	10.29717
167.495230913162	16.10578
167.510860919952	21.13303
167.526480913162	25.09883
167.542110919952	27.72033
167.557740926743	28.84095
167.573360919952	28.58257
167.588990926743	27.373
167.604610919952	25.76707
167.620240926743	24.29756
167.635860919952	23.19909
167.651490926743	22.36013
167.667120933533	21.41
167.682740926743	19.96709
167.698370933533	17.84191
167.713990926743	15.14472
167.729620933533	12.23431
167.745240926743	9.451101
167.760870933533	7.021762
167.776500940323	4.90649
167.792120933533	2.884416
167.807750940323	0.6378984
167.823370933533	-2.127429
167.839000940323	-5.645082
167.854620933533	-10.03185
167.870250940323	-15.21663
167.885880947113	-20.84535
167.901500940323	-26.23243
167.917130947113	-30.46253
167.932750940323	-32.64446
167.948380947113	-32.18159
167.964000940323	-28.98623
167.979630947113	-23.49533
167.995260953903	-16.52141
168.010880947113	-8.946839
168.026510953903	-1.517428
168.042130947113	5.328682
168.057760953903	11.41036
168.073380947113	16.66695
168.089010953903	21.01223
168.104640960693	24.29096
168.120260953903	26.33527
168.135890960693	27.10156
168.151510953903	26.75392
168.167140960693	25.64711
168.182760953903	24.17035
168.198390960693	22.63641
168.214020967484	21.17937
168.229640960693	19.79587
168.245270967484	18.40905
168.260890960693	16.97154
168.276520967484	15.45354
168.292140960693	13.83497
168.307770967484	12.06112
168.323400974274	10.07561
168.339020967484	7.846798
168.354650974274	5.414057
168.370270967484	2.842611
168.385900974274	0.1403103
168.401520967484	-2.759592
168.417150974274	-6.01577
168.432780981064	-9.77396
168.448400974274	-14.07268
168.464030981064	-18.79969
168.479650974274	-23.64888
168.495280981064	-28.13985
168.510900974274	-31.66835
168.526530981064	-33.6307
168.542160987854	-33.53343
168.557780981064	-31.19017
168.573410987854	-26.76348
168.589030981064	-20.74953
168.604660987854	-13.80951
168.620280981064	-6.584637
168.635910987854	0.4334488
168.651540994644	6.90546
168.667160987854	12.58921
168.682790994644	17.27157
168.698410987854	20.73323
168.714040994644	22.86683
168.729671001434	23.72453
168.745290994644	23.55391
168.760921001434	22.74812
168.776540994644	21.69057
168.792171001434	20.63246
168.807790994644	19.62936
168.823421001434	18.56377
168.839051008224	17.21994
168.854671001434	15.42908
168.870301008224	13.1268
168.885921001434	10.38425
168.901551008224	7.397179
168.917171001434	4.371208
168.932801008224	1.458866
168.948431015015	-1.27459
168.964051008224	-3.864502
168.979681015015	-6.41563
168.995301008224	-9.06432
169.010931015015	-11.93919
169.026551008224	-15.16166
169.042181015015	-18.82223
169.057811021805	-22.94535
169.073431015015	-27.42435
169.089061021805	-31.91157
169.104681015015	-35.82779
169.120311021805	-38.39622
169.135931015015	-38.8701
169.151561021805	-36.79884
169.167191028595	-32.19099
169.182811021805	-25.51872
169.198441028595	-17.61753
169.214061021805	-9.338341
169.229691028595	-1.354362
169.245311021805	5.929543
169.260941028595	12.3129
169.276571035385	17.62597
169.292191028595	21.61121
169.307821035385	23.96989
169.323441028595	24.56779
169.339071035385	23.5894
169.354691028595	21.56812
169.370321035385	19.28454
169.385951042175	17.4318
169.401571035385	16.33244
169.417201042175	15.85647
169.432821035385	15.52296
169.448451042175	14.80613
169.464071035385	13.43996
169.479701042175	11.49357
169.495331048965	9.291748
169.510951042175	7.167137
169.526581048965	5.237816
169.542201042175	3.344383
169.557831048965	1.197975
169.573451042175	-1.440628
169.589081048965	-4.635658
169.604711055756	-8.306328
169.620331048965	-12.2992
169.635961055756	-16.52763
169.651581048965	-20.92886
169.667211055756	-25.3785
169.682831048965	-29.5036
169.698461055756	-32.70409
169.714091062546	-34.26898
169.729711055756	-33.62847
169.745341062546	-30.57118
169.760961055756	-25.3811
169.776591062546	-18.72131
169.792211055756	-11.42015
169.807841062546	-4.239746
169.823471069336	2.308449
169.839091062546	7.952484
169.854721069336	12.54414
169.870341062546	15.95557
169.885971069336	18.03258
169.901591062546	18.65903
169.917221069336	17.87677
169.932851076126	16.036
169.948471069336	13.70141
169.964101076126	11.52133
169.979721069336	9.983025
169.995351076126	9.170052
170.010971069336	8.816452
170.026601076126	8.40007
170.042231082916	7.390617
170.057851076126	5.487137
170.073481082916	2.709396
170.089101076126	-0.6836319
170.104731082916	-4.297211
170.120351076126	-7.764214
170.135981082916	-10.86948
170.151611089706	-13.56201
170.167231082916	-15.94478
170.182861089706	-18.2351
170.198481082916	-20.67538
170.214111089706	-23.48994
170.229731082916	-26.76219
170.245361089706	-30.36948
170.260991096497	-33.89626
170.276611089706	-36.7205
170.292241096497	-38.11604
170.307861089706	-37.51412
170.323491096497	-34.67243
170.339111089706	-29.79214
170.354741096497	-23.45477
170.370371103287	-16.40155
170.385991096497	-9.311066
170.401621103287	-2.632484
170.417241096497	3.43988
170.432871103287	8.860703
170.448491096497	13.52077
170.464121103287	17.24001
170.479751110077	19.77413
170.495371103287	20.93828
170.511001110077	20.81526
170.526621103287	19.73412
170.542251110077	18.23261
170.557871103287	16.83043
170.573501110077	15.84113
170.589130878448	15.25111
170.604751110077	14.78591
170.620380878448	14.06254
170.636001110077	12.74354
170.651630878448	10.71431
170.667251110077	8.078163
170.682880878448	5.072159
170.698510885239	1.997711
170.714130878448	-0.9360275
170.729760885239	-3.627312
170.745380878448	-6.114296
170.761010885239	-8.556885
170.776630878448	-11.19279
170.792260885239	-14.28052
170.807890892029	-18.04111
170.823510885239	-22.49209
170.839140892029	-27.34785
170.854760885239	-31.9725
170.870390892029	-35.51682
170.886010885239	-37.11971
170.901640892029	-36.23111
170.917270898819	-32.75311
170.932890892029	-27.08644
170.948520898819	-19.95728
170.964140892029	-12.172
170.979770898819	-4.413773
170.995400905609	2.838737
171.011020898819	9.31955
171.026650905609	14.8434
171.042270898819	19.25968
171.057900905609	22.42194
171.073520898819	24.26148
171.089150905609	24.86338
171.104780912399	24.47305
171.120400905609	23.4707
171.136030912399	22.2616
171.151650905609	21.16123
171.167280912399	20.32381
171.182900905609	19.68914
171.198530912399	19.00612
171.214160919189	17.93645
171.229780912399	16.22919
171.245410919189	13.82245
171.261030912399	10.92288
171.276660919189	7.876266
171.292280912399	5.013611
171.307910919189	2.442928
171.32354092598	0.01343155
171.339160919189	-2.626007
171.35479092598	-5.839432
171.370410919189	-9.83952
171.38604092598	-14.60475
171.401660919189	-19.91539
171.41729092598	-25.42371
171.43292093277	-30.7092
171.44854092598	-35.23201
171.46417093277	-38.36443
171.47979092598	-39.43042
171.49542093277	-37.95938
171.51104092598	-33.84148
171.52667093277	-27.4813
171.54230093956	-19.69311
171.55792093277	-11.40645
171.57355093956	-3.390697
171.58917093277	3.920826
171.60480093956	10.42654
171.62042093277	16.18759
171.63605093956	21.17656
171.65168094635	25.24842
171.66730093956	28.13148
171.68293094635	29.59696
171.69855093956	29.64216
171.71418094635	28.56516
171.72980093956	26.87039
171.74543094635	25.06479
171.76106095314	23.4421
171.77668094635	21.96536
171.79231095314	20.35753
171.80793094635	18.30874
171.82356095314	15.70757
171.83918094635	12.72337
171.85481095314	9.713174
171.87044095993	7.015255
171.88606095314	4.727884
171.90169095993	2.63548
171.91731095314	0.3231263
171.93294095993	-2.615706
171.94856095314	-6.396516
171.96419095993	-10.95468
171.979820966721	-16.02569
171.99544095993	-21.25512
172.011070966721	-26.25046
172.02669095993	-30.57099
172.042320966721	-33.70197
172.05794095993	-35.08517
172.073570966721	-34.23691
172.089200973511	-30.962
172.104820966721	-25.44871
172.120450973511	-18.23891
172.136070966721	-10.09944
172.151700973511	-1.731294
172.167320966721	6.335929
172.182950973511	13.77426
172.198580980301	20.33359
172.214200973511	25.74281
172.229830980301	29.69056
172.245450973511	31.97011
172.261080980301	32.64676
172.276700973511	32.10317
172.292330980301	30.93941
172.307960987091	29.75178
172.323580980301	28.85255
172.339210987091	28.20947
172.354830980301	27.4942
172.370460987091	26.31291
172.386080980301	24.38121
172.401710987091	21.71192
172.417340993881	18.54015
172.432960987091	15.23882
172.448590993881	12.11919
172.464210987091	9.281986
172.479840993881	6.605175
172.495460987091	3.761646
172.511090993881	0.4102917
172.526721000671	-3.702461
172.542340993881	-8.614159
172.557971000671	-14.13675
172.573590993881	-19.85673
172.589221000671	-25.18246
172.604840993881	-29.42961
172.620471000671	-31.89032
172.636101007462	-32.03272
172.651721000671	-29.6177
172.667351007462	-24.83764
172.682971000671	-18.2609
172.698601007462	-10.68471
172.714221000671	-2.879019
172.729851007462	4.566656
172.745481014252	11.32255
172.761101007462	17.19892
172.776731014252	22.01465
172.792351007462	25.53506
172.807981014252	27.57203
172.823601007462	28.09646
172.839231014252	27.35618
172.854861021042	25.82926
172.870481014252	24.10343
172.886111021042	22.55759
172.901731014252	21.26773
172.917361021042	19.95435
172.932981014252	18.16034
172.948611021042	15.52117
172.964241027832	11.94925
172.979861021042	7.725521
172.995491027832	3.36912
173.011111021042	-0.5597858
173.026741027832	-3.742708
173.042361021042	-6.174265
173.057991027832	-8.198811
173.073621034622	-10.33276
173.089241027832	-13.06158
173.104871034622	-16.68158
173.120491027832	-21.17891
173.136121034622	-26.18493
173.151741027832	-31.04291
173.167371034622	-34.91423
173.183001041412	-36.95891
173.198621034622	-36.60364
173.214251041412	-33.65456
173.229871034622	-28.40196
173.245501041412	-21.4756
173.261131048203	-13.66166
173.276751041412	-5.637018
173.292381048203	2.086031
173.308001041412	9.196898
173.323631048203	15.44
173.339251041412	20.53828
173.354881048203	24.17832
173.370511054993	26.20608
173.386131048203	26.69713
173.401761054993	26.04648
173.417381048203	24.84327
173.433011054993	23.59556
173.448631048203	22.56306
173.464261054993	21.63572
173.479891061783	20.44802
173.495511054993	18.58659
173.511141061783	15.83782
173.526761054993	12.28251
173.542391061783	8.266064
173.558011054993	4.248093
173.573641061783	0.6055794
173.589271068573	-2.487318
173.604891061783	-5.110525
173.620521068573	-7.535094
173.636141061783	-10.18464
173.651771068573	-13.48832
173.667391061783	-17.73845
173.683021068573	-22.89682
173.698651075363	-28.4875
173.714271068573	-33.63142
173.729901075363	-37.26762
173.745521068573	-38.49555
173.761151075363	-36.86952
173.776771068573	-32.52758
173.792401075363	-26.10564
173.808031082153	-18.48915
173.823651075363	-10.48028
173.839281082153	-2.625947
173.854901075363	4.825134
173.870531082153	11.78885
173.886151075363	18.17004
173.901781082153	23.72984
173.917411088943	28.07663
173.933031082153	30.83514
173.948661088943	31.83155
173.964281082153	31.22849
173.979911088943	29.53852
173.995531082153	27.38849
174.011161088943	25.29173
174.026791095734	23.41569
174.042411088943	21.61421
174.058041095734	19.54906
174.073661088943	17.01269
174.089291095734	14.03144
174.104911088943	10.88557
174.120541095734	7.896269
174.136171102524	5.227689
174.151791095734	2.803364
174.167421102524	0.3266535
174.183041095734	-2.518793
174.198671102524	-5.920225
174.214291095734	-9.900605
174.229921102524	-14.34564
174.245551109314	-19.07448
174.261171102524	-23.84525
174.276801109314	-28.32979
174.292421102524	-32.02214
174.308051109314	-34.33358
174.323671102524	-34.67834
174.339301109314	-32.72087
174.354930877686	-28.4942
174.370551109314	-22.4713
174.386180877686	-15.3918
174.401801109314	-8.029417
174.417430877686	-1.005383
174.433051109314	5.371188
174.448680877686	11.00088
174.464310884476	15.85668
174.479930877686	19.83252
174.495560884476	22.72121
174.511180877686	24.30816
174.526810884476	24.5302
174.542430877686	23.61829
174.558060884476	22.02115
174.573690891266	20.30547
174.589310884476	18.87276
174.604940891266	17.84574
174.620560884476	16.98639
174.636190891266	15.89839
174.651810884476	14.22382
174.667440891266	11.82579
174.683070898056	8.891477
174.698690891266	5.780726
174.714320898056	2.865519
174.729940891266	0.3278553
174.745570898056	-1.926543
174.761190891266	-4.174944
174.776820898056	-6.77057
174.792450904846	-9.989559
174.808070898056	-13.97144
174.823700904846	-18.66797
174.839320898056	-23.90121
174.854950904846	-29.29157
174.870570898056	-34.24125
174.886200904846	-37.95647
174.901830911636	-39.55332
174.917450904846	-38.35255
174.933080911636	-34.12163
174.948700904846	-27.2103
174.964330911636	-18.48717
174.979950904846	-9.064498
174.995580911636	0.07012033
175.011210918427	8.314321
175.026830911636	15.46966
175.042460918427	21.61161
175.058080911636	26.83743
175.073710918427	31.10153
175.089330911636	34.18648
175.104960918427	35.90225
175.120590925217	36.16832
175.136210918427	35.20964
175.151840925217	33.46297
175.167460918427	31.41197
175.183090925217	29.41702
175.198710918427	27.57465
175.214340925217	25.76284
175.229970932007	23.73639
175.245590925217	21.30917
175.261220932007	18.45868
175.276840925217	15.32343
175.292470932007	12.08364
175.308090925217	8.848673
175.323720932007	5.626801
175.339350938797	2.314245
175.354970932007	-1.210152
175.370600938797	-4.983809
175.386220932007	-8.95208
175.401850938797	-12.9942
175.417470932007	-17.0521
175.433100938797	-21.15667
175.448730945587	-25.42221
175.464350938797	-29.85046
175.479980945587	-34.22892
175.495600938797	-38.00011
175.511230945587	-40.37899
175.526850938797	-40.59704
175.542480945587	-38.21879
175.558110952377	-33.36576
175.573730945587	-26.712
175.589360952377	-19.24459
175.604980945587	-11.89894
175.620610952377	-5.233028
175.636230945587	0.6258698
175.651860952377	5.858898
175.667490959167	10.63345
175.683110952377	14.91158
175.698740959167	18.3652
175.714360952377	20.60618
175.729990959167	21.40688
175.745610952377	20.92384
175.761240959167	19.65802
175.776870965958	18.26398
175.792490959167	17.24622
175.808120965958	16.76295
175.823740959167	16.59034
175.839370965958	16.33926
175.855000972748	15.64318
175.870620965958	14.32814
175.886250972748	12.42414
175.901870965958	10.05348
175.917500972748	7.333504
175.933120965958	4.335518
175.948750972748	1.108517
175.964380979538	-2.268829
175.980000972748	-5.64595
175.995630979538	-8.87907
176.011250972748	-11.9306
176.026880979538	-14.91065
176.042500972748	-18.0831
176.058130979538	-21.72246
176.073760986328	-25.92398
176.089380979538	-30.4744
176.105010986328	-34.79022
176.120630979538	-38.01785
176.136260986328	-39.33486
176.151880979538	-38.18212
176.167510986328	-34.51503
176.183140993118	-28.78975
176.198760986328	-21.82787
176.214390993118	-14.49733
176.230010986328	-7.447289
176.245640993118	-1.000881
176.261260986328	4.811657
176.276890993118	10.01338
176.292520999908	14.52551
176.308140993118	18.10936
176.323770999908	20.4474
176.339390993118	21.35506
176.355020999908	20.92384
176.370640993118	19.5521
176.386270999908	17.81651
176.401901006699	16.26166
176.417520999908	15.17355
176.433151006699	14.5447
176.448770999908	14.07859
176.464401006699	13.37925
176.480020999908	12.15934
176.495651006699	10.33236
176.511281013489	8.045509
176.526901006699	5.591644
176.542531013489	3.231262
176.558151006699	1.063004
176.573781013489	-0.9842606
176.589401006699	-3.124599
176.605031013489	-5.588428
176.620661020279	-8.538849
176.636281013489	-12.05014
176.651911020279	-16.14589
176.667531013489	-20.76958
176.683161020279	-25.75143
176.698781013489	-30.68963
176.714411020279	-34.92363
176.730041027069	-37.59679
176.745661020279	-37.97684
176.761291027069	-35.69374
176.776911020279	-30.95723
176.792541027069	-24.46486
176.808161020279	-17.14815
176.823791027069	-9.799126
176.839421033859	-2.892815
176.855041027069	3.44009
176.870671033859	9.21574
176.886291027069	14.37677
176.901921033859	18.69525
176.917541027069	21.83656
176.933171033859	23.53283
176.948801040649	23.77318
176.964421033859	22.83831
176.980051040649	21.22038
176.995671033859	19.40064
177.011301040649	17.72155
177.026921033859	16.25189
177.042551040649	14.87574
177.05818104744	13.38541
177.073801040649	11.66647
177.08943104744	9.727089
177.105051040649	7.687992
177.12068104744	5.671539
177.136301040649	3.719009
177.15193104744	1.725014
177.16756105423	-0.5100174
177.18318104744	-3.200481
177.19881105423	-6.490261
177.21443104744	-10.40928
177.23006105423	-14.90343
177.24568104744	-19.85898
177.26131105423	-25.07763
177.27694106102	-30.25017
177.29256105423	-34.8732
177.30819106102	-38.3153
177.32381105423	-39.90385
177.33944106102	-39.17308
177.35506105423	-35.98714
177.37069106102	-30.65065
177.38632106781	-23.764
177.40194106102	-16.07288
177.41757106781	-8.213398
177.43319106102	-0.6069717
177.44882106781	6.52412
177.46444106102	13.02222
177.48007106781	18.66563
177.4957010746	23.08527
177.51132106781	25.90044
177.5269510746	26.87976
177.54257106781	26.12738
177.5582010746	24.09854
177.57382106781	21.47998
177.5894510746	18.878
177.60508108139	16.66631
177.6207010746	14.86107
177.63633108139	13.19703
177.6519510746	11.33148
177.66758108139	8.994652
177.6832010746	6.114454
177.69883108139	2.790632
177.714461088181	-0.7720871
177.73008108139	-4.326454
177.745711088181	-7.642864
177.76133108139	-10.54483
177.776961088181	-12.99741
177.79258108139	-15.13588
177.808211088181	-17.26972
177.823841094971	-19.80569
177.839461088181	-23.07243
177.855091094971	-27.13649
177.870711088181	-31.69302
177.886341094971	-36.04799
177.901961088181	-39.29971
177.917591094971	-40.60736
177.933221101761	-39.40223
177.948841094971	-35.61082
177.964471101761	-29.58971
177.980091094971	-22.02613
177.995721101761	-13.70223
178.011341094971	-5.275234
178.026971101761	2.770039
178.042601108551	10.11965
178.058221101761	16.54053
178.073851108551	21.79471
178.089471101761	25.64833
178.105101108551	27.97076
178.120730876923	28.82644
178.136351108551	28.52519
178.151980876923	27.53883
178.167601108551	26.33735
178.183230876923	25.24257
178.198851108551	24.31603
178.214480876923	23.40695
178.230110883713	22.24644
178.245730876923	20.62155
178.261360883713	18.45474
178.276980876923	15.84953
178.292610883713	13.00986
178.308230876923	10.14887
178.323860883713	7.390488
178.339490890503	4.734585
178.355110883713	2.105278
178.370740890503	-0.629734
178.386360883713	-3.598991
178.401990890503	-6.898277
178.417610883713	-10.6008
178.433240890503	-14.73686
178.448870897293	-19.32534
178.464490890503	-24.26254
178.480120897293	-29.31991
178.495740890503	-34.02626
178.511370897293	-37.7047
178.526990890503	-39.58421
178.542620897293	-39.02042
178.558250904083	-35.71661
178.573870897293	-29.88578
178.589500904083	-22.21176
178.605120897293	-13.65969
178.620750904083	-5.16589
178.636370897293	2.603115
178.652000904083	9.36705
178.667630910873	15.1236
178.683250904083	19.97689
178.698880910873	23.95135
178.714500904083	26.96256
178.730130910873	28.89708
178.745750904083	29.73358
178.761380910873	29.62757
178.777010917664	28.88099
178.792630910873	27.83733
178.808260917664	26.7639
178.823880910873	25.80247
178.839510917664	24.95607
178.855130910873	24.1236
178.870760917664	23.16514
178.886390924454	21.89082
178.902010917664	20.15082
178.917640924454	17.84759
178.933260917664	14.98359
178.948890924454	11.58979
178.964510917664	7.77977
178.980140924454	3.62265
178.995770931244	-0.7829056
179.011390924454	-5.364296
179.027020931244	-9.995338
179.042640924454	-14.59434
179.058270931244	-19.15373
179.073890924454	-23.74326
179.089520931244	-28.45301
179.105150938034	-33.15347
179.120770931244	-37.36427
179.136400938034	-40.24799
179.152020931244	-40.84074
179.167650938034	-38.46121
179.183270931244	-33.05165
179.198900938034	-25.26668
179.214530944824	-16.21732
179.230150938034	-7.056778
179.245780944824	1.445023
179.261400938034	8.970787
179.277030944824	15.58245
179.292650938034	21.35892
179.308280944824	26.25996
179.323910951614	30.08227
179.339530944824	32.60022
179.355160951614	33.76572
179.370780944824	33.72422
179.386410951614	32.80669
179.402030944824	31.36903
179.417660951614	29.70612
179.433290958405	28.0032
179.448910951614	26.32773
179.464540958405	24.69202
179.480160951614	23.01517
179.495790958405	21.18
179.511410951614	19.04465
179.527040958405	16.51055
179.542670965195	13.57629
179.558290958405	10.3624
179.573920965195	7.006035
179.589540958405	3.631012
179.605170965195	0.2678299
179.620790958405	-3.138138
179.636420965195	-6.63501
179.652050971985	-10.3009
179.667670965195	-14.21815
179.683300971985	-18.50691
179.698920965195	-23.24086
179.714550971985	-28.33092
179.730170965195	-33.37041
179.745800971985	-37.58327
179.761430978775	-39.99136
179.777050971985	-39.68611
179.792680978775	-36.18985
179.808300971985	-29.66302
179.823930978775	-20.88344
179.839550971985	-10.98987
179.855180978775	-1.102097
179.870810985565	7.981262
179.886430978775	15.89673
179.902060985565	22.6339
179.917680978775	28.26137
179.933310985565	32.76183
179.948930978775	35.97325
179.964560985565	37.71394
179.980190992355	37.97226
179.995810985565	37.02953
180.011440992355	35.43221
180.027060985565	33.78094
180.042690992355	32.46103
180.058310985565	31.52266
180.073940992355	30.66798
180.089570999146	29.46198
180.105190992355	27.57607
180.120820999146	24.92392
180.136440992355	21.67815
180.152070999146	18.1441
180.167690992355	14.58159
180.183320999146	11.11465
180.198951005936	7.750122
180.214570999146	4.434448
180.230201005936	1.162796
180.245820999146	-2.05722
180.261451005936	-5.218513
180.277081012726	-8.442841
180.292701005936	-11.93189
180.308331012726	-15.89779
180.323951005936	-20.315
180.339581012726	-24.76788
180.355201005936	-28.41663
180.370831012726	-30.24055
180.386461019516	-29.41621
180.402081012726	-25.66897
180.417711019516	-19.44829
180.433331012726	-11.76672
180.448961019516	-3.843346
180.464581012726	3.32515
180.480211019516	9.248795
180.495841026306	13.89237
180.511461019516	17.49371
180.527091026306	20.24859
180.542711019516	22.17039
180.558341026306	23.08332
180.573961019516	22.83861
180.589591026306	21.47623
180.605221033096	19.33558
180.620841026306	16.92956
180.636471033096	14.74803
180.652091026306	13.04818
180.667721033096	11.78341
180.683341026306	10.67394
180.698971033096	9.344795
180.714601039886	7.54821
180.730221033096	5.260468
180.745851039886	2.667046
180.761471033096	0.0584259
180.777101039886	-2.322617
180.792721033096	-4.362473
180.808351039886	-6.175148
180.823981046677	-7.981209
180.839601039886	-10.07697
180.855231046677	-12.7063
180.870851039886	-16.03351
180.886481046677	-20.05704
180.902101039886	-24.58383
180.917731046677	-29.15338
180.933361053467	-33.07594
180.948981046677	-35.50507
180.964611053467	-35.6753
180.980231046677	-33.16228
180.995861053467	-28.07347
181.011481046677	-21.05992
181.027111053467	-13.11744
181.042741060257	-5.24218
181.058361053467	1.867653
181.073991060257	7.981903
181.089611053467	13.18675
181.105241060257	17.67125
181.120861053467	21.48669
181.136491060257	24.4858
181.152121067047	26.40012
181.167741060257	27.06164
181.183371067047	26.5732
181.198991060257	25.32164
181.214621067047	23.83404
181.230241060257	22.53718
181.245871067047	21.58549
181.261501073837	20.80219
181.277121067047	19.78813
181.292751073837	18.1894
181.308371067047	15.8585
181.324001073837	12.95533
181.339621067047	9.826073
181.355251073837	6.832161
181.370881080627	4.146557
181.386501073837	1.689114
181.402131080627	-0.8328781
181.417751073837	-3.744621
181.433381080627	-7.286644
181.449001073837	-11.50705
181.464631080627	-16.29713
181.480261087418	-21.42534
181.495881080627	-26.564
181.511511087418	-31.2649
181.527131080627	-34.94121
181.542761087418	-36.94241
181.558381080627	-36.72256
181.574011087418	-34.07526
181.589641094208	-29.23468
181.605261087418	-22.86672
181.620891094208	-15.85872
181.636511087418	-9.028049
181.652141094208	-2.911552
181.667761087418	2.289169
181.683391094208	6.619854
181.699021100998	10.1847
181.714641094208	12.98571
181.730271100998	14.92997
181.745891094208	15.88956
181.761521100998	15.88169
181.777141094208	15.12478
181.792771100998	14.00125
181.808401107788	12.94439
181.824021100998	12.26689
181.839651107788	12.0094
181.855271100998	11.97458
181.870901107788	11.79504
181.886521100998	11.14852
181.902151107788	9.89006
181.91778087616	8.098261
181.933401107788	6.013277
181.94903087616	3.89661
181.964651107788	1.890841
181.98028087616	-0.05677414
181.995901107788	-2.106277
182.01153087616	-4.441984
182.02716088295	-7.18553
182.04278087616	-10.3584
182.05841088295	-13.9135
182.07403087616	-17.78589
182.08966088295	-21.83894
182.10528087616	-25.80633
182.12091088295	-29.19734
182.13654088974	-31.34528
182.15216088295	-31.57715
182.16779088974	-29.48733
182.18341088295	-25.15115
182.19904088974	-19.14056
182.21466088295	-12.3472
182.23029088974	-5.6507
182.24592089653	0.3508444
182.26154088974	5.416817
182.27717089653	9.594866
182.29279088974	12.97603
182.30842089653	15.56815
182.32404088974	17.23253
182.33967089653	17.81597
182.35530090332	17.29935
182.37092089653	15.87382
182.38655090332	13.94746
182.40217089653	11.98126
182.41780090332	10.35105
182.43342089653	9.203366
182.44905090332	8.398234
182.46468091011	7.63411
182.48030090332	6.535453
182.49593091011	4.869455
182.51155090332	2.59761
182.52718091011	-0.09701633
182.54280090332	-2.969979
182.55843091011	-5.75832
182.574060916901	-8.326895
182.58968091011	-10.6717
182.605310916901	-12.86364
182.62093091011	-15.0381
182.636560916901	-17.35546
182.65218091011	-19.97778
182.667810916901	-23.02272
182.683440923691	-26.49277
182.699060916901	-30.14891
182.714690923691	-33.49094
182.730310916901	-35.81677
182.745940923691	-36.43222
182.761560916901	-34.85103
182.777190923691	-31.01607
182.792820930481	-25.30801
182.808440923691	-18.38332
182.824070930481	-10.98091
182.839690923691	-3.682352
182.855320930481	3.147281
182.870940923691	9.29447
182.886570930481	14.58851
182.902200937271	18.83483
182.917820930481	21.82931
182.933450937271	23.46494
182.949070930481	23.85843
182.964700937271	23.37422
182.980330944061	22.52838
182.995950937271	21.81971
183.011580944061	21.53151
183.027200937271	21.64487
183.042830944061	21.85603
183.058450937271	21.73962
183.074080944061	20.9389
183.089710950851	19.33796
183.105330944061	17.11158
183.120960950851	14.60475
183.136580944061	12.17914
183.152210950851	9.998186
183.167830944061	7.944249
183.183460950851	5.703914
183.199090957642	2.914132
183.214710950851	-0.616621
183.230340957642	-4.860622
183.245960950851	-9.562738
183.261590957642	-14.32112
183.277210950851	-18.64602
183.292840957642	-22.01555
183.308470964432	-23.91862
183.324090957642	-23.93684
183.339720964432	-21.88848
183.355340957642	-17.92097
183.370970964432	-12.48885
183.386590957642	-6.244998
183.402220964432	0.149085
183.417850971222	6.176288
183.433470964432	11.47919
183.449100971222	15.78978
183.464720964432	18.88105
183.480350971222	20.55284
183.495970964432	20.75021
183.511600971222	19.67728
183.527230978012	17.79992
183.542850971222	15.73689
183.558480978012	13.99427
183.574100971222	12.77647
183.589730978012	11.91005
183.605350971222	10.99163
183.620980978012	9.602288
183.636610984802	7.543001
183.652230978012	4.926304
183.667860984802	2.072611
183.683480978012	-0.6416178
183.699110984802	-2.984694
183.714730978012	-4.970211
183.730360984802	-6.822496
183.745990991592	-8.836922
183.761610984802	-11.30395
183.777240991592	-14.42954
183.792860984802	-18.28016
183.808490991592	-22.73714
183.824110984802	-27.45643
183.839740991592	-31.79873
183.855370998383	-34.94178
183.870990991592	-36.08028
183.886620998383	-34.63443
183.902240991592	-30.55437
183.917870998383	-24.30373
183.933490991592	-16.73866
183.949120998383	-8.815551
183.964751005173	-1.345884
183.980370998383	5.156498
183.996001005173	10.45833
184.011620998383	14.5078
184.027251005173	17.32769
184.042870998383	19.00936
184.058501005173	19.69778
184.074131011963	19.64876
184.089751005173	19.19151
184.105381011963	18.63848
184.121001005173	18.20322
184.136631011963	17.94611
184.152251005173	17.72566
184.167881011963	17.28207
184.183511018753	16.30722
184.199131011963	14.57782
184.214761018753	12.04824
184.230381011963	8.909544
184.246011018753	5.528876
184.261631011963	2.311158
184.277261018753	-0.5070446
184.292891025543	-2.942802
184.308511018753	-5.294638
184.324141025543	-7.990753
184.339761018753	-11.42318
184.355391025543	-15.73989
184.371011018753	-20.79089
184.386641025543	-26.11401
184.402271032333	-31.00412
184.417891025543	-34.67126
184.433521032333	-36.4067
184.449141025543	-35.74454
184.464771032333	-32.61812
184.480391025543	-27.40063
184.496021032333	-20.81679
184.511651039124	-13.71428
184.527271032333	-6.838332
184.542901039124	-0.6185333
184.558521032333	4.812192
184.574151039124	9.514005
184.589771032333	13.55425
184.605401039124	16.85159
184.621031045914	19.23782
184.636651039124	20.56388
184.652281045914	20.86507
184.667901039124	20.42879
184.683531045914	19.70639
184.699151039124	19.12343
184.714781045914	18.86643
184.730411052704	18.79315
184.746031045914	18.52141
184.761661052704	17.64171
184.777281045914	15.94358
184.792911052704	13.54859
184.808531045914	10.83865
184.824161052704	8.287536
184.839791059494	6.174936
184.855411052704	4.513085
184.871041059494	3.029037
184.886661052704	1.325211
184.902291059494	-0.9241099
184.917911052704	-3.858701
184.933541059494	-7.433342
184.949171066284	-11.48245
184.964791059494	-15.80588
184.980421066284	-20.16229
184.996041059494	-24.22575
185.011671066284	-27.49306
185.027291059494	-29.34562
185.042921066284	-29.17221
185.058551073074	-26.62661
185.074171066284	-21.81778
185.089801073074	-15.31012
185.105421066284	-7.968667
185.121051073074	-0.6631696
185.136681079865	6.000483
185.152301073074	11.76564
185.167931079865	16.63293
185.183551073074	20.68301
185.199181079865	23.89736
185.214801073074	26.13683
185.230431079865	27.23578
185.246061086655	27.17908
185.261681079865	26.16723
185.277311086655	24.65379
185.292931079865	23.11612
185.308561086655	21.86986
185.324181079865	20.92323
185.339811086655	19.98969
185.355441093445	18.6803
185.371061086655	16.74169
185.386691093445	14.22313
185.402311086655	11.42965
185.417941093445	8.773233
185.433561086655	6.469833
185.449191093445	4.426061
185.464821100235	2.312615
185.480441093445	-0.2747221
185.496071100235	-3.525306
185.511691093445	-7.391555
185.527321100235	-11.63737
185.542941093445	-16.01149
185.558571100235	-20.31253
185.574201107025	-24.387
185.589821100235	-27.9749
185.605451107025	-30.6169
185.621071100235	-31.73932
185.636701107025	-30.84352
185.652321100235	-27.80469
185.667951107025	-22.95242
185.683581113815	-16.96346
185.699201107025	-10.55291
185.714831113815	-4.241161
185.730451107025	1.746616
185.746081113815	7.356434
185.761701107025	12.44205
185.777331113815	16.67907
185.792960882187	19.59425
185.808581113815	20.84101
185.824210882187	20.45589
185.839831113815	18.92476
185.855460882187	16.99516
185.871081113815	15.31992
185.886710882187	14.19018
185.902340888977	13.42629
185.917960882187	12.58676
185.933590888977	11.23076
185.949210882187	9.173714
185.964840888977	6.538072
185.980460882187	3.649734
185.996090888977	0.8204584
186.011720895767	-1.788144
186.027340888977	-4.195065
186.042970895767	-6.556599
186.058590888977	-9.041271
186.074220895767	-11.78055
186.089840888977	-14.86271
186.105470895767	-18.36959
186.121100902557	-22.36828
186.136720895767	-26.84607
186.152350902557	-31.57214
186.167970895767	-36.02941
186.183600902557	-39.4529
186.199220895767	-41.02906
186.214850902557	-40.18737
186.230480909348	-36.84129
186.246100902557	-31.45138
186.261730909348	-24.82126
186.277350902557	-17.78908
186.292980909348	-10.9237
186.308600902557	-4.474068
186.324230909348	1.519032
186.339860916138	7.055078
186.355480909348	11.94867
186.371110916138	15.91848
186.386730909348	18.70676
186.402360916138	20.24958
186.417980909348	20.72821
186.433610916138	20.46784
186.449240922928	19.78449
186.464860916138	18.80822
186.480490922928	17.52115
186.496110916138	15.79324
186.511740922928	13.54612
186.527360916138	10.83333
186.542990922928	7.862376
186.558620929718	4.896734
186.574240922928	2.161932
186.589870929718	-0.2822378
186.605490922928	-2.552467
186.621120929718	-4.854371
186.636740922928	-7.425051
186.652370929718	-10.38504
186.668000936508	-13.7343
186.683620929718	-17.41737
186.699250936508	-21.39534
186.714870929718	-25.66061
186.730500936508	-30.2151
186.746120929718	-34.91716
186.761750936508	-39.3651
186.777380943298	-42.90786
186.793000936508	-44.74475
186.808630943298	-44.22401
186.824250936508	-41.07126
186.839880943298	-35.51623
186.855500936508	-28.20186
186.871130943298	-19.96002
186.886760950089	-11.51064
186.902380943298	-3.320681
186.918010950089	4.439486
186.933630943298	11.69463
186.949260950089	18.32311
186.964880943298	24.029
186.980510950089	28.42288
186.996140956879	31.2182
187.011760950089	32.37448
187.027390956879	32.1869
187.043010950089	31.16746
187.058640956879	29.86039
187.074260950089	28.65761
187.089890956879	27.6885
187.105520963669	26.7996
187.121140956879	25.72636
187.136770963669	24.18069
187.152390956879	21.98989
187.168020963669	19.20369
187.183640956879	16.00917
187.199270963669	12.70957
187.214900970459	9.53706
187.230520963669	6.606983
187.246150970459	3.837547
187.261770963669	1.046051
187.277400970459	-1.995468
187.293020963669	-5.442913
187.308650970459	-9.404148
187.324280977249	-13.91879
187.339900970459	-18.91581
187.355530977249	-24.1549
187.371150970459	-29.10917
187.386780977249	-32.99913
187.402400970459	-34.91897
187.418030977249	-34.15435
187.433660984039	-30.49645
187.449280977249	-24.32255
187.464910984039	-16.50499
187.480530977249	-8.082138
187.496160984039	0.04942703
187.511780977249	7.342125
187.527410984039	13.59209
187.543040990829	18.78902
187.558660984039	22.95162
187.574290990829	26.0554
187.589910984039	28.05272
187.605540990829	28.93887
187.62117099762	28.83544
187.636790990829	28.00943
187.65242099762	26.79462
187.668040990829	25.538
187.68367099762	24.46099
187.699290990829	23.65095
187.71492099762	22.99945
187.73055100441	22.30123
187.74617099762	21.30375
187.76180100441	19.82385
187.77742099762	17.79825
187.79305100441	15.30443
187.80867099762	12.49561
187.82430100441	9.514366
187.8399310112	6.466347
187.85555100441	3.391838
187.8711810112	0.3010483
187.88680100441	-2.811829
187.9024310112	-6.002327
187.91805100441	-9.388283
187.9336810112	-13.15945
187.94931101799	-17.51535
187.9649310112	-22.53351
187.98056101799	-27.94963
187.9961810112	-33.10011
188.01181101799	-36.99191
188.0274310112	-38.56606
188.04306101799	-37.08297
188.05869102478	-32.40553
188.07431101799	-25.06815
188.08994102478	-16.09493
188.10556101799	-6.68351
188.12119102478	2.188278
188.13681101799	9.923027
188.15244102478	16.34267
188.16807103157	21.55864
188.18369102478	25.73296
188.19932103157	28.97021
188.21494102478	31.27856
188.23057103157	32.70785
188.24619102478	33.35237
188.26182103157	33.42454
188.277451038361	33.12228
188.29307103157	32.55999
188.308701038361	31.73651
188.32432103157	30.53281
188.339951038361	28.8512
188.35557103157	26.65167
188.371201038361	24.03459
188.386831045151	21.14255
188.402451038361	18.131
188.418081045151	15.08717
188.433701038361	11.99792
188.449331045151	8.830055
188.464951038361	5.529007
188.480581045151	2.061287
188.496211051941	-1.591835
188.511831045151	-5.435059
188.527461051941	-9.471771
188.543081045151	-13.73384
188.558711051941	-18.256
188.574331045151	-23.12031
188.589961051941	-28.40622
188.605591058731	-34.08606
188.621211051941	-39.88837
188.636841058731	-45.23089
188.652461051941	-49.23184
188.668091058731	-50.94934
188.683711051941	-49.68475
188.699341058731	-45.28391
188.714971065521	-38.243
188.730591058731	-29.5772
188.746221065521	-20.4394
188.761841058731	-11.75639
188.777471065521	-4.006142
188.793091058731	2.751701
188.808721065521	8.626389
188.824351072311	13.59171
188.839971065521	17.45154
188.855601072311	19.90499
188.871221065521	20.83184
188.886851072311	20.44244
188.902471065521	19.30309
188.918101072311	18.0578
188.933731079102	17.21334
188.949351072311	16.92347
188.964981079102	16.99992
188.980601072311	17.09638
188.996231079102	16.87305
189.011851072311	16.10533
189.027481079102	14.69788
189.043111085892	12.64041
189.058731079102	10.02842
189.074361085892	7.013657
189.089981079102	3.826515
189.105611085892	0.6756821
189.121231079102	-2.27066
189.136861085892	-4.99501
189.152491092682	-7.626122
189.168111085892	-10.39032
189.183741092682	-13.58197
189.199361085892	-17.48978
189.214991092682	-22.27409
189.230611085892	-27.85699
189.246241092682	-33.76157
189.261871099472	-39.07729
189.277491092682	-42.64043
189.293121099472	-43.37223
189.308741092682	-40.6991
189.324371099472	-34.82695
189.339991092682	-26.69722
189.355621099472	-17.63309
189.371251106262	-8.838875
189.386871099472	-1.052132
189.402501106262	5.569717
189.418121099472	11.19186
189.433751106262	15.9844
189.449371099472	19.86774
189.465001106262	22.53274
189.480631113052	23.63067
189.496251106262	23.08625
189.511881113052	21.23849
189.527501106262	18.7483
189.543131113052	16.34953
189.558751106262	14.56938
189.574381113052	13.50628
189.590010881424	12.91026
189.605631113052	12.2969
189.621260881424	11.24097
189.636881113052	9.535408
189.652510881424	7.269981
189.668131113052	4.72776
189.683760881424	2.235397
189.699390888214	0.04949188
189.715010881424	-1.755959
189.730640888214	-3.268669
189.746260881424	-4.712471
189.761890888214	-6.308533
189.777510881424	-8.247063
189.793140888214	-10.61111
189.808770895004	-13.39239
189.824390888214	-16.45404
189.840020895004	-19.46465
189.855640888214	-21.87056
189.871270895004	-22.8229
189.886890888214	-21.3583
189.902520895004	-16.66534
189.918150901794	-8.478661
189.933770895004	2.700081
189.949400901794	15.64093
189.965020895004	28.70826
189.980650901794	40.35223
189.996280908585	49.49242
190.011900901794	55.68921
190.027530908585	58.98862
190.043150901794	59.65298
190.058780908585	57.98027
190.074400901794	54.2354
190.090030908585	48.81469
190.105660915375	42.30324
190.121280908585	35.50446
190.136910915375	29.1516
190.152530908585	23.70738
190.168160915375	19.16438
190.183780908585	15.08272
190.199410915375	10.86894
190.215040922165	6.062469
190.230660915375	0.5738449
190.246290922165	-5.303711
190.261910915375	-11.04247
190.277540922165	-16.19097
190.293160915375	-20.58944
190.308790922165	-24.44622
190.324420928955	-28.23531
190.340040922165	-32.47754
190.355670928955	-37.54223
190.371290922165	-43.50935
190.386920928955	-50.11524
190.402540922165	-56.75195
190.418170928955	-62.60956
190.433800935745	-66.80901
190.449420928955	-68.64044
190.465050935745	-67.79035
190.480670928955	-64.45604
190.496300935745	-59.27296
190.511920928955	-53.07679
190.527550935745	-46.57066
190.543180942535	-40.06448
190.558800935745	-33.47415
190.574430942535	-26.53185
190.590050935745	-19.08219
190.605680942535	-11.36216
190.621300935745	-3.946732
190.636930942535	2.49102
190.652560949326	7.500336
190.668180942535	11.08218
190.683810949326	13.67043
190.699430942535	15.86156
190.715060949326	18.09065
190.730680942535	20.39516
190.746310949326	22.40275
190.761940956116	23.60678
190.777560949326	23.6676
190.793190956116	22.64614
190.808810949326	20.97438
190.824440956116	19.24064
190.840060949326	17.86391
190.855690956116	16.87575
190.871320962906	15.93576
190.886940956116	14.49429
190.902570962906	12.05925
190.918190956116	8.395325
190.933820962906	3.586807
190.949440956116	-1.970901
190.965070962906	-7.65242
190.980700969696	-12.69263
190.996320962906	-16.27885
191.011950969696	-17.69513
191.027570962906	-16.50488
191.043200969696	-12.66829
191.058820962906	-6.58046
191.074450969696	1.036285
191.090080976486	9.343567
191.105700969696	17.62643
191.121330976486	25.37181
191.136950969696	32.28279
191.152580976486	38.12042
191.168200969696	42.66733
191.183830976486	45.65582
191.199460983276	46.92369
191.215080976486	46.54045
191.230710983276	44.85785
191.246330976486	42.45956
191.261960983276	39.95761
191.277580976486	37.74434
191.293210983276	35.89023
191.308840990067	34.09258
191.324460983276	31.90866
191.340090990067	28.95636
191.355710983276	25.1376
191.371340990067	20.69379
191.386960983276	16.09164
191.402590990067	11.77925
191.418220996857	8.020935
191.433840990067	4.737228
191.449470996857	1.580353
191.465090990067	-1.92598
191.480720996857	-6.187195
191.496340990067	-11.44548
191.511970996857	-17.64629
191.527601003647	-24.44293
191.543220996857	-31.19583
191.558851003647	-37.00253
191.574470996857	-40.85471
191.590101003647	-41.90613
191.605720996857	-39.72456
191.621351003647	-34.50766
191.636981010437	-27.05196
191.652601003647	-18.47432
191.668231010437	-9.837067
191.683851003647	-1.845154
191.699481010437	5.252106
191.715101003647	11.48648
191.730731010437	16.89189
191.746361017227	21.31807
191.761981010437	24.46056
191.777611017227	26.04869
191.793231010437	26.13147
191.808861017227	25.11765
191.824481010437	23.64285
191.840111017227	22.28403
191.855741024017	21.29062
191.871361017227	20.54148
191.886991024017	19.69284
191.902611017227	18.38754
191.918241024017	16.43932
191.933861017227	13.85353
191.949491024017	10.75483
191.965121030807	7.302467
191.980741024017	3.62561
191.996371030807	-0.1662598
192.011991024017	-3.973839
192.027621030807	-7.722656
192.043241024017	-11.41451
192.058871030807	-15.1727
192.074501037598	-19.17767
192.090121030807	-23.62961
192.105751037598	-28.6262
192.121371030807	-34.0461
192.137001037598	-39.53365
192.152621030807	-44.45232
192.168251037598	-47.96734
192.183881044388	-49.22088
192.199501037598	-47.58497
192.215131044388	-42.90492
192.230751037598	-35.58544
192.246381044388	-26.5155
192.262011051178	-16.75377
192.277631044388	-7.212204
192.293261051178	1.539948
192.308881044388	9.279617
192.324511051178	15.9207
192.340131044388	21.36605
192.355761051178	25.42883
192.371391057968	27.95971
192.387011051178	28.98144
192.402641057968	28.82175
192.418261051178	27.9814
192.433891057968	26.95671
192.449511051178	26.02787
192.465141057968	25.20091
192.480771064758	24.28011
192.496391057968	23.02617
192.512021064758	21.29383
192.527641057968	19.12445
192.543271064758	16.67167
192.558891057968	14.13113
192.574521064758	11.61681
192.590151071548	9.160492
192.605771064758	6.711815
192.621401071548	4.218971
192.637021064758	1.65625
192.652651071548	-0.9644928
192.668271064758	-3.61042
192.683901071548	-6.299782
192.699531078339	-9.095543
192.715151071548	-12.13197
192.730781078339	-15.54362
192.746401071548	-19.41013
192.762031078339	-23.62727
192.777651071548	-27.84974
192.793281078339	-31.49456
192.808911085129	-33.78557
192.824531078339	-34.00473
192.840161085129	-31.67079
192.855781078339	-26.78965
192.871411085129	-19.84187
192.887031078339	-11.70127
192.902661085129	-3.335526
192.918291091919	4.456848
192.933911085129	11.23666
192.949541091919	16.9308
192.965161085129	21.6237
192.980791091919	25.40387
192.996411085129	28.24201
193.012041091919	30.0864
193.027671098709	30.93444
193.043291091919	30.98681
193.058921098709	30.57433
193.074541091919	30.03331
193.090171098709	29.56068
193.105791091919	29.11703
193.121421098709	28.50733
193.137051105499	27.51579
193.152671098709	26.06354
193.168301105499	24.21539
193.183921098709	22.16655
193.199551105499	20.04949
193.215171098709	17.85859
193.230801105499	15.39221
193.246431112289	12.38332
193.262051105499	8.615265
193.277681112289	4.088783
193.293301105499	-0.9587936
193.308931112289	-6.103748
193.324551105499	-10.90268
193.340181112289	-15.08318
193.355810880661	-18.68588
193.371431112289	-22.04784
193.387060880661	-25.71496
193.402681112289	-30.18274
193.418310880661	-35.61559
193.433931112289	-41.68092
193.449560880661	-47.55392
193.465190887451	-52.12996
193.480810880661	-54.39848
193.496440887451	-53.77437
193.512060880661	-50.30964
193.527690887451	-44.63138
193.543310880661	-37.68093
193.558940887451	-30.36427
193.574570894241	-23.32625
193.590190887451	-16.89051
193.605820894241	-11.12787
193.621440887451	-6.068237
193.637070894241	-1.73856
193.652690887451	1.819534
193.668320894241	4.626646
193.683950901031	6.805954
193.699570894241	8.590221
193.715200901031	10.18557
193.730820894241	11.71636
193.746450901031	13.17489
193.762070894241	14.483
193.777700901031	15.55241
193.793330907822	16.3593
193.808950901031	16.94597
193.824580907822	17.39309
193.840200901031	17.75258
193.855830907822	17.99287
193.871450901031	18.00435
193.887080907822	17.63146
193.902710914612	16.72018
193.918330907822	15.16845
193.933960914612	12.98296
193.949580907822	10.23337
193.965210914612	7.0839
193.980830907822	3.731085
193.996460914612	0.3668194
194.012090921402	-2.846519
194.027710914612	-5.865828
194.043340921402	-8.792498
194.058960914612	-11.87327
194.074590921402	-15.39594
194.090210914612	-19.51444
194.105840921402	-24.03985
194.121470928192	-28.37665
194.137090921402	-31.65101
194.152720928192	-32.98586
194.168340921402	-31.83191
194.183970928192	-28.21269
194.199590921402	-22.70118
194.215220928192	-16.1963
194.230850934982	-9.605089
194.246470928192	-3.577566
194.262100934982	1.587097
194.277720928192	5.857641
194.293350934982	9.297094
194.308970928192	11.93118
194.324600934982	13.73365
194.340230941772	14.68671
194.355850934982	14.88542
194.371480941772	14.55748
194.387100934982	14.02936
194.402730941772	13.58788
194.418350934982	13.41834
194.433980941772	13.49531
194.449610948563	13.66755
194.465230941772	13.72236
194.480860948563	13.52169
194.496480941772	13.01797
194.512110948563	12.25294
194.527730941772	11.27637
194.543360948563	10.08883
194.558990955353	8.629055
194.574610948563	6.82831
194.590240955353	4.658836
194.605860948563	2.169641
194.621490955353	-0.4984913
194.637110948563	-3.152843
194.652740955353	-5.655777
194.668370962143	-7.956179
194.683990955353	-10.17827
194.699620962143	-12.55757
194.715240955353	-15.40172
194.730870962143	-18.90664
194.746490955353	-23.08157
194.762120962143	-27.65462
194.777750968933	-32.08588
194.793370962143	-35.67884
194.809000968933	-37.73931
194.824620962143	-37.76388
194.840250968933	-35.56264
194.855880975723	-31.3507
194.871500968933	-25.6558
194.887130975723	-19.23683
194.902750968933	-12.82064
194.918380975723	-6.936081
194.934000968933	-1.842712
194.949630975723	2.467503
194.965260982513	6.098709
194.980880975723	9.131241
194.996510982513	11.53313
195.012130975723	13.23835
195.027760982513	14.22049
195.043380975723	14.60196
195.059010982513	14.63425
195.074640989304	14.61053
195.090260982513	14.7105
195.105890989304	14.9637
195.121510982513	15.22917
195.137140989304	15.30359
195.152760982513	15.05542
195.168390989304	14.45374
195.184020996094	13.57309
195.199640989304	12.51355
195.215270996094	11.28814
195.230890989304	9.817566
195.246520996094	7.971207
195.262140989304	5.648735
195.277770996094	2.872684
195.293401002884	-0.1779747
195.309020996094	-3.262157
195.324651002884	-6.144932
195.340270996094	-8.77047
195.355901002884	-11.27937
195.371520996094	-13.94588
195.387151002884	-17.09557
195.402781009674	-20.92986
195.418401002884	-25.40261
195.434031009674	-30.16899
195.449651002884	-34.56435
195.465281009674	-37.70654
195.480901002884	-38.74952
195.496531009674	-37.11918
195.512161016464	-32.73135
195.527781009674	-26.07512
195.543411016464	-18.02461
195.559031009674	-9.538147
195.574661016464	-1.381042
195.590281009674	6.033318
195.605911016464	12.60482
195.621541023254	18.36925
195.637161016464	23.30435
195.652791023254	27.3362
195.668411016464	30.40667
195.684041023254	32.60542
195.699661016464	34.22384
195.715291023254	35.67543
195.730921030045	37.32721
195.746541023254	39.37958
195.762171030045	41.80003
195.777791023254	44.41591
195.793421030045	47.03835
195.809041023254	49.54719
195.824671030045	51.91201
195.840301036835	54.13966
195.855921030045	56.22804
195.871551036835	58.14175
195.887171030045	59.87231
195.902801036835	61.48471
195.918421030045	63.12893
195.934051036835	65.02411
195.949681043625	67.35165
195.965301036835	70.1385
195.980931043625	73.19154
195.996551036835	76.1199
196.012181043625	78.41574
196.027801036835	79.6099
196.043431043625	79.37984
196.059061050415	77.55466
196.074681043625	74.113
196.090311050415	69.18095
196.105931043625	63.10847
196.121561050415	56.56211
196.137181043625	50.49526
196.152811050415	45.98747
196.168441057205	43.85981
196.184061050415	44.40028
196.199691057205	47.12645
196.215311050415	50.96961
196.230941057205	54.62048
196.246561050415	56.96552
196.262191057205	57.24886
196.277821063995	55.06668
196.293441057205	50.14619
196.309071063995	42.25938
196.324691057205	31.33501
196.340321063995	17.77266
196.355941057205	2.658463
196.371571063995	-12.37474
196.387201070786	-25.68291
196.402821063995	-36.27305
196.418451070786	-44.2359
196.434071063995	-50.68396
196.449701070786	-57.1814
196.465321063995	-64.93825
196.480951070786	-74.3019
196.496581077576	-84.63217
196.512201070786	-94.74431
196.527831077576	-103.4264
196.543451070786	-109.8737
196.559081077576	-113.7552
196.574701070786	-115.0854
196.590331077576	-113.9853
196.605961084366	-110.5798
196.621581077576	-105.0319
196.637211084366	-97.68613
196.652831077576	-89.14217
196.668461084366	-80.20639
196.684081077576	-71.7625
196.699711084366	-64.62347
196.715341091156	-59.43762
196.730961084366	-56.55402
196.746591091156	-55.93568
196.762211084366	-57.05438
196.777841091156	-58.86215
196.793461084366	-60.00262
196.809091091156	-59.12199
196.824721097946	-55.32341
196.840341091156	-48.47345
196.855971097946	-39.2081
196.871591091156	-28.65329
196.887221097946	-17.9726
196.902841091156	-7.947906
196.918471097946	1.168182
196.934101104736	9.554871
196.949721097946	17.5376
196.965351104736	25.24649
196.980971097946	32.50607
196.996601104736	38.90195
197.012221097946	44.01776
197.027851104736	47.66177
197.043481111526	49.99304
197.059101104736	51.39462
197.074731111526	52.26505
197.090351104736	52.76685
197.105981111526	52.67035
197.121610879898	51.4198
197.137231111526	48.33463
197.152860879898	42.86334
197.168481111526	34.81042
197.184110879898	24.43188
197.199731111526	12.34271
197.215360879898	-0.6925354
197.230990886688	-13.98859
197.246610879898	-27.1391
197.262240886688	-40.05084
197.277860879898	-52.81671
197.293490886688	-65.51736
197.309110879898	-78.03445
197.324740886688	-89.96481
197.340370893478	-100.7359
197.355990886688	-109.7592
197.371620893478	-116.5946
197.387240886688	-120.9558
197.402870893478	-122.5863
197.418490886688	-121.0903
197.434120893478	-115.9026
197.449750900269	-106.4032
197.465370893478	-92.19751
197.481000900269	-73.43079
197.496620893478	-50.93826
197.512250900269	-26.24393
197.527870893478	-1.400177
197.543500900269	21.39114
197.559130907059	40.12949
197.574750900269	53.36916
197.590380907059	60.47093
197.606000900269	61.72983
197.621630907059	58.27675
197.637250900269	51.85094
197.652880907059	44.40892
197.668510913849	37.69576
197.684130907059	32.92445
197.699760913849	30.62178
197.715380907059	30.64764
197.731010913849	32.44144
197.746630907059	35.30644
197.762260913849	38.651
197.777890920639	42.07901
197.793510913849	45.3119
197.809140920639	47.91357
197.824760913849	49.15717
197.840390920639	47.95959
197.856010913849	43.1606
197.871640920639	33.94817
197.887270927429	20.28629
197.902890920639	3.076752
197.918520927429	-16.02577
197.934140920639	-35.20108
197.949770927429	-53.08981
197.965390920639	-69.16876
197.981020927429	-83.6032
197.996650934219	-96.71812
198.012270927429	-108.2984
198.027900934219	-117.3083
198.043520927429	-122.1312
198.059150934219	-121.4243
198.074770927429	-114.9703
198.090400934219	-104.1778
198.10603094101	-91.75392
198.121650934219	-80.79735
198.13728094101	-73.64619
198.152900934219	-71.05424
198.16853094101	-72.09655
198.184150934219	-74.72051
198.19978094101	-76.64646
198.2154109478	-76.14928
198.23103094101	-72.50591
198.2466609478	-65.90181
198.26228094101	-57.1305
198.2779109478	-47.22451
198.29353094101	-37.20457
198.3091609478	-27.91739
198.32479095459	-19.92686
198.3404109478	-13.46303
198.35604095459	-8.295658
198.3716609478	-3.854179
198.38729095459	0.7433357
198.4029109478	6.385641
198.41854095459	13.84276
198.43417096138	23.57571
198.44979095459	35.72038
198.46542096138	50.08226
198.48104095459	66.3153
198.49667096138	83.95088
198.51229095459	102.3685
198.52792096138	120.6473
198.54355096817	137.2812
198.55917096138	150.0477
198.57480096817	156.1258
198.59042096138	152.8642
198.60605096817	138.8508
198.62167096138	115.0002
198.63730096817	84.92314
198.65293097496	54.1572
198.66855096817	28.47839
198.68418097496	11.74533
198.69980096817	4.477058
198.71543097496	3.806511
198.73105096817	4.919037
198.74668097496	3.299149
198.76231098175	-3.252098
198.77793097496	-13.74304
198.79356098175	-24.72105
198.80918097496	-32.06947
198.82481098175	-32.98509
198.84043097496	-27.08174
198.85606098175	-16.23082
198.871690988541	-3.418335
198.88731098175	8.680496
198.902940988541	18.55939
198.91856098175	26.00723
198.934190988541	31.5638
198.94981098175	35.89067
198.965440988541	39.42287
198.981070995331	42.50278
198.996690988541	45.62598
199.012320995331	49.46649
199.027940988541	54.53108
199.043570995331	60.68904
199.059190988541	66.95302
199.074820995331	71.73466
199.090451002121	73.6459
199.106070995331	72.24808
199.121701002121	68.39131
199.137320995331	63.8855
199.152951002121	60.55664
199.168570995331	59.48712
199.184201002121	60.48404
199.199831008911	62.30824
199.215451002121	63.26271
199.231081008911	61.95563
199.246701002121	57.78905
199.262331008911	51.08228
199.277961015701	42.83357
199.293581008911	34.36075
199.309211015701	26.97115
199.324831008911	21.72839
199.340461015701	19.31841
199.356081008911	19.90831
199.371711015701	23.1311
199.387341022491	28.11522
199.402961015701	33.71223
199.418591022491	38.64915
199.434211015701	41.77287
199.449841022491	42.25909
199.465461015701	39.81877
199.481091022491	34.78021
199.496721029282	28.13936
199.512341022491	21.45633
199.527971029282	16.49327
199.543591022491	14.74866
199.559221029282	16.89653
199.574841022491	22.49696
199.590471029282	30.05017
199.606101036072	37.49005
199.621721029282	42.93929
199.637351036072	45.41834
199.652971029282	45.16724
199.668601036072	43.34658
199.684221029282	41.35151
199.699851036072	40.00571
199.715481042862	39.15427
199.731101036072	37.71386
199.746731042862	34.17533
199.762351036072	27.29306
199.777981042862	16.4387
199.793601036072	1.739822
199.809231042862	-16.18462
199.824861049652	-36.43516
199.840481042862	-57.78033
199.856111049652	-78.38168
199.871731042862	-95.72039
199.887361049652	-107.1277
199.902981042862	-110.901
199.918611049652	-107.6005
199.934241056442	-100.5246
199.949861049652	-94.88875
199.965491056442	-95.65244
199.981111049652	-105.2231
199.996741056442	-122.0916
200.012361049652	-141.3174
200.027991056442	-156.5539
200.043621063232	-162.6435
200.059241056442	-157.3089
200.074871063232	-141.3734
200.090491056442	-117.7349
200.106121063232	-89.90244
200.121741056442	-61.04004
200.137371063232	-33.68753
200.153001070023	-9.866186
200.168621063232	8.911314
200.184251070023	22.0994
200.199871063232	30.66427
200.215501070023	37.08677
200.231121063232	44.53379
200.246751070023	55.5748
200.262381076813	71.07504
200.278001070023	89.90547
200.293631076813	109.7009
200.309251070023	128.1584
200.324881076813	144.1333
200.340501070023	157.9915
200.356131076813	170.9537
200.371761083603	183.9596
200.387381076813	196.7156
200.403011083603	207.3328
200.418631076813	212.7325
200.434261083603	209.77
200.449881076813	196.4471
200.465511083603	172.7701
200.481141090393	140.8952
200.496761083603	104.4503
200.512391090393	67.42229
200.528011083603	33.00015
200.543641090393	2.63353
200.559261083603	-24.03966
200.574891090393	-48.58152
200.590521097183	-72.63424
200.606141090393	-96.87334
200.621771097183	-120.5147
200.637391090393	-141.5782
200.653021097183	-157.6476
200.668641090393	-166.8141
200.684271097183	-168.3501
200.699901103973	-162.858
200.715521097183	-152.0575
200.731151103973	-138.2829
200.746771097183	-123.9355
200.762401103973	-111.076
200.778021097183	-101.14
200.793651103973	-94.78029
200.809281110764	-91.89175
200.824901103973	-91.71777
200.840531110764	-92.98157
200.856151103973	-94.20656
200.871781110764	-94.07796
200.887401103973	-91.70981
200.903031110764	-86.85905
200.918660879135	-79.94733
200.934281110764	-71.95399
200.949910879135	-64.11488
200.965531110764	-57.6593
200.981160879135	-53.43199
200.996781110764	-51.67938
201.012410879135	-51.9733
201.028040885925	-53.27449
201.043660879135	-54.20773
201.059290885925	-53.39078
201.074910879135	-49.80118
201.090540885925	-43.08858
201.106160879135	-33.7348
201.121790885925	-22.95554
201.137420892715	-12.36732
201.153040885925	-3.501221
201.168670892715	2.700607
201.184290885925	6.088837
201.199920892715	7.275436
201.215540885925	7.257813
201.231170892715	7.017639
201.246800899506	7.178085
201.262420892715	7.979752
201.278050899506	9.434311
201.293670892715	11.57452
201.309300899506	14.55322
201.324920892715	18.5484
201.340550899506	23.57016
201.356180906296	29.2646
201.371800899506	34.90508
201.387430906296	39.63985
201.403050899506	42.79011
201.418680906296	44.15228
201.434300899506	44.09095
201.449930906296	43.43359
201.465560913086	43.15932
201.481180906296	44.02828
201.496810913086	46.30163
201.512430906296	49.63609
201.528060913086	53.14687
201.543680906296	55.6362
201.559310913086	55.9278
201.574940919876	53.19994
201.590560913086	47.20776
201.606190919876	38.42241
201.621810913086	27.93906
201.637440919876	17.24796
201.653060913086	7.856499
201.668690919876	0.8962402
201.684320926666	-3.126511
201.699940919876	-4.424484
201.715570926666	-3.763794
201.731190919876	-2.198273
201.746820926666	-0.7267876
201.762440919876	-0.03499603
201.778070926666	-0.4585876
201.793700933456	-2.036484
201.809320926666	-4.633148
201.824950933456	-8.103645
201.840570926666	-12.31068
201.856200933456	-17.08856
201.871820926666	-22.27322
201.887450933456	-27.59723
201.903080940247	-32.7723
201.918700933456	-37.55204
201.934330940247	-41.81903
201.949950933456	-45.62128
201.965580940247	-49.16516
201.981210947037	-52.6964
201.996830940247	-56.39445
202.012460947037	-60.25591
202.028080940247	-64.0481
202.043710947037	-67.41183
202.059330940247	-70.00992
202.074960947037	-71.68864
202.090590953827	-72.61195
202.106210947037	-73.25249
202.121840953827	-74.23879
202.137460947037	-76.15205
202.153090953827	-79.28125
202.168710947037	-83.49667
202.184340953827	-88.21222
202.199970960617	-92.49489
202.215590953827	-95.26653
202.231220960617	-95.62682
202.246840953827	-93.18233
202.262470960617	-88.18591
202.278090953827	-81.48428
202.293720960617	-74.16828
202.309350967407	-67.08025
202.324970960617	-60.49491
202.340600967407	-54.04727
202.356220960617	-47.0393
202.371850967407	-38.87343
202.387470960617	-29.42329
202.403100967407	-19.12404
202.418730974197	-8.760178
202.434350967407	0.8802185
202.449980974197	9.360123
202.465600967407	16.68944
202.481230974197	23.21558
202.496850967407	29.42632
202.512480974197	35.78503
202.528110980988	42.60181
202.543730974197	50.05466
202.559360980988	58.18156
202.574980974197	66.90004
202.590610980988	76.01805
202.606230974197	85.23453
202.621860980988	94.17337
202.637490987778	102.3568
202.653110980988	109.1779
202.668740987778	113.8918
202.684360980988	115.6831
202.699990987778	113.8104
202.715610980988	107.9428
202.731240987778	98.45047
202.746870994568	86.49002
202.762490987778	73.69519
202.778120994568	61.52829
202.793740987778	50.65414
202.809370994568	40.798
202.824990987778	31.14096
202.840620994568	21.13101
202.856251001358	11.07751
202.871870994568	2.265076
202.887501001358	-3.622284
202.903120994568	-5.277527
202.918751001358	-2.415375
202.934370994568	4.071991
202.950001001358	12.36676
202.965631008148	20.22089
202.981251001358	25.34918
202.996881008148	25.86584
203.012501001358	20.71136
203.028131008148	10.10175
203.043751001358	-4.143829
203.059381008148	-18.82211
203.075011014938	-30.16605
203.090631008148	-35.08392
203.106261014938	-32.29944
203.121881008148	-22.77402
203.137511014938	-9.229797
203.153131008148	4.922577
203.168761014938	16.77673
203.184391021729	24.70474
203.200011014938	28.46231
203.215641021729	28.83194
203.231261014938	26.98059
203.246891021729	23.94431
203.262511014938	20.31174
203.278141021729	16.20215
203.293771028519	11.36859
203.309391021729	5.399353
203.325021028519	-2.148804
203.340641021729	-11.57098
203.356271028519	-22.92523
203.371891021729	-35.81036
203.387521028519	-49.26538
203.403151035309	-61.75934
203.418771028519	-71.39355
203.434401035309	-76.37274
203.450021028519	-75.51117
203.465651035309	-68.6626
203.481271028519	-56.82733
203.496901035309	-41.94855
203.512531042099	-26.39124
203.528151035309	-12.30774
203.543781042099	-1.189575
203.559401035309	6.389404
203.575031042099	10.61365
203.590651035309	12.15009
203.606281042099	11.79761
203.621911048889	10.26636
203.637531042099	8.174255
203.653161048889	6.090576
203.668781042099	4.676941
203.684411048889	4.660889
203.700031042099	6.667542
203.715661048889	11.01453
203.731291055679	17.54565
203.746911048889	25.56476
203.762541055679	33.9563
203.778161048889	41.39923
203.793791055679	46.57416
203.809411048889	48.48798
203.825041055679	46.59003
203.840671062469	40.97498
203.856291055679	32.38837
203.871921062469	22.1228
203.887541055679	11.73682
203.903171062469	2.669861
203.918791055679	-4.122314
203.934421062469	-8.33197
203.95005106926	-10.24713
203.965671062469	-10.53467
203.98130106926	-9.985291
203.996921062469	-9.304565
204.01255106926	-9.044067
204.028171062469	-9.537048
204.04380106926	-10.89771
204.05943107605	-12.96796
204.07505106926	-15.31268
204.09068107605	-17.27124
204.10630106926	-18.10907
204.12193107605	-17.2594
204.13755106926	-14.49664
204.15318107605	-10.07715
204.16881108284	-4.658386
204.18443107605	0.8938599
204.20006108284	5.814392
204.21568107605	9.638611
204.23131108284	12.32153
204.24694108963	14.1344
204.26256108284	15.47571
204.27819108963	16.68146
204.29381108284	17.91394
204.30944108963	19.20941
204.32506108284	20.58704
204.34069108963	22.11584
204.35632109642	23.89716
204.37194108963	25.93945
204.38757109642	28.08899
204.40319108963	29.99268
204.41882109642	31.25031
204.43444108963	31.56635
204.45007109642	30.88647
204.46570110321	29.38538
204.48132109642	27.35474
204.49695110321	25.04968
204.51257109642	22.60986
204.52820110321	20.06891
204.54382109642	17.42676
204.55945110321	14.75458
204.575081110001	12.1723
204.59070110321	9.80542
204.606331110001	7.728271
204.62195110321	5.894104
204.637581110001	4.203125
204.65320110321	2.570679
204.668831110001	1.057434
204.684460878372	-0.1299438
204.700081110001	-0.6724243
204.715710878372	-0.3301392
204.731331110001	0.930481
204.746960878372	2.859497
204.762581110001	5.019775
204.778210878372	6.95166
204.793840885162	8.394409
204.809460878372	9.36438
204.825090885162	10.11517
204.840710878372	10.94147
204.856340885162	11.99823
204.871960878372	13.20776
204.887590885162	14.3656
204.903220891953	15.26855
204.918840885162	15.90381
204.934470891953	16.43524
204.950090885162	17.14581
204.965720891953	18.28711
204.981340885162	19.99396
204.996970891953	22.2406
205.012600898743	24.87476
205.028220891953	27.66052
205.043850898743	30.26636
205.059470891953	32.34729
205.075100898743	33.57355
205.090720891953	33.74603
205.106350898743	32.87976
205.121980905533	31.21045
205.137600898743	29.12866
205.153230905533	26.99384
205.168850898743	25.03308
205.184480905533	23.25543
205.200100898743	21.51477
205.215730905533	19.60175
205.231360912323	17.36627
205.246980905533	14.76044
205.262610912323	11.88983
205.278230905533	8.988525
205.293860912323	6.407288
205.309480905533	4.539978
205.325110912323	3.718567
205.340740919113	4.093262
205.356360912323	5.540771
205.371990919113	7.679321
205.387610912323	9.974487
205.403240919113	11.91339
205.418860912323	13.15692
205.434490919113	13.6051
205.450120925903	13.36163
205.465740919113	12.61383
205.481370925903	11.52454
205.496990919113	10.17596
205.512620925903	8.624329
205.528240919113	6.966064
205.543870925903	5.367065
205.559500932693	4.044556
205.575120925903	3.165344
205.590750932693	2.726807
205.606370925903	2.51416
205.622000932693	2.198242
205.637620925903	1.493591
205.653250932693	0.3013916
205.668880939484	-1.207458
205.684500932693	-2.695313
205.700130939484	-3.833557
205.715750932693	-4.459534
205.731380939484	-4.64325
205.747000932693	-4.60968
205.762630939484	-4.592957
205.778260946274	-4.724854
205.793880939484	-5.015808
205.809510946274	-5.438965
205.825130939484	-5.990112
205.840760946274	-6.752197
205.856380939484	-7.811096
205.872010946274	-9.186401
205.887640953064	-10.74377
205.903260946274	-12.17828
205.918890953064	-13.07465
205.934510946274	-13.0542
205.950140953064	-11.89398
205.965760946274	-9.575378
205.981390953064	-6.330566
205.997020959854	-2.527893
206.012640953064	1.410095
206.028270959854	5.141113
206.043890953064	8.424377
206.059520959854	11.13275
206.075140953064	13.19897
206.090770959854	14.57538
206.106400966644	15.2265
206.122020959854	15.18671
206.137650966644	14.60248
206.153270959854	13.70178
206.168900966644	12.71429
206.184520959854	11.82178
206.200150966644	11.11041
206.215780973434	10.62427
206.231400966644	10.39709
206.247030973434	10.46075
206.262650966644	10.76227
206.278280973434	11.14935
206.293900966644	11.35272
206.309530973434	11.07947
206.325160980225	10.17468
206.340780973434	8.704468
206.356410980225	6.922363
206.372030973434	5.159058
206.387660980225	3.638
206.403280973434	2.376892
206.418910980225	1.229126
206.434540987015	-0.03643799
206.450160980225	-1.602417
206.465790987015	-3.520752
206.481410980225	-5.71051
206.497040987015	-8.027283
206.512660980225	-10.29193
206.528290987015	-12.28571
206.543920993805	-13.7771
206.559540987015	-14.49811
206.575170993805	-14.23438
206.590790987015	-12.8512
206.606420993805	-10.40765
206.622051000595	-7.166626
206.637670993805	-3.558716
206.653301000595	-0.04553223
206.668920993805	2.990234
206.684551000595	5.366943
206.700170993805	7.105286
206.715801000595	8.337158
206.731431007385	9.22937
206.747051000595	9.894958
206.762681007385	10.37012
206.778301000595	10.67059
206.793931007385	10.8255
206.809551000595	10.89777
206.825181007385	10.9444
206.840811014175	10.9989
206.856431007385	11.00708
206.872061014175	10.86243
206.887681007385	10.44733
206.903311014175	9.700928
206.918931007385	8.669678
206.934561014175	7.48407
206.950191020966	6.304993
206.965811014175	5.241028
206.981441020966	4.340698
206.997061014175	3.54248
207.012691020966	2.733276
207.028311014175	1.771484
207.043941020966	0.5404663
207.059571027756	-1.032959
207.075191020966	-2.951965
207.090821027756	-5.155518
207.106441020966	-7.556519
207.122071027756	-10.01099
207.137691020966	-12.3584
207.153321027756	-14.40472
207.168951034546	-15.94525
207.184571027756	-16.78308
207.200201034546	-16.79175
207.215821027756	-15.93958
207.231451034546	-14.31116
207.247071027756	-12.11938
207.262701034546	-9.650696
207.278331041336	-7.209717
207.293951034546	-5.053101
207.309581041336	-3.335815
207.325201034546	-2.113403
207.340831041336	-1.357727
207.356451034546	-1.016663
207.372081041336	-1.071289
207.387711048126	-1.527771
207.403331041336	-2.384399
207.418961048126	-3.586609
207.434581041336	-4.991882
207.450211048126	-6.393799
207.465831041336	-7.595764
207.481461048126	-8.495117
207.497091054916	-9.147644
207.512711048126	-9.763489
207.528341054916	-10.60242
207.543961048126	-11.85291
207.559591054916	-13.56702
207.575211048126	-15.65436
207.590841054916	-17.96045
207.606471061707	-20.34967
207.622091054916	-22.76971
207.637721061707	-25.23523
207.653341054916	-27.79889
207.668971061707	-30.4812
207.684591054916	-33.22681
207.700221061707	-35.91058
207.715851068497	-38.35083
207.731471061707	-40.32507
207.747101068497	-41.59845
207.762721061707	-41.9469
207.778351068497	-41.18524
207.793971061707	-39.23077
207.809601068497	-36.18134
207.825231075287	-32.38971
207.840851068497	-28.4292
207.856481075287	-24.95459
207.872101068497	-22.46771
207.887731075287	-21.07324
207.903351068497	-20.37048
207.918981075287	-19.53937
207.934611082077	-17.69952
207.950231075287	-14.30017
207.965861082077	-9.406555
207.981481075287	-3.650818
207.997111082077	2.092651
208.012731075287	7.162964
208.028361082077	11.40033
208.043991088867	15.15662
208.059611082077	18.99469
208.075241088867	23.34442
208.090861082077	28.27966
208.106491088867	33.59021
208.122111082077	38.96936
208.137741088867	44.27405
208.153371095657	49.55469
208.168991088867	54.98694
208.184621095657	60.67059
208.200241088867	66.47797
208.215871095657	72.01953
208.231491088867	76.69183
208.247121095657	79.7962
208.262751102448	80.64441
208.278371095657	78.72504
208.294001102448	73.78339
208.309621095657	65.94214
208.325251102448	55.74561
208.340871095657	44.125
208.356501102448	32.29968
208.372131109238	21.63544
208.387751102448	13.47943
208.403381109238	8.906921
208.419001102448	8.51062
208.434631109238	12.15271
208.450251102448	18.90289
208.465881109238	27.17041
208.481510877609	35.09143
208.497131109238	40.98285
208.512760877609	43.82904
208.528381109238	43.47821
208.544010877609	40.56891
208.559631109238	36.21027
208.575260877609	31.52325
208.590890884399	27.29236
208.606510877609	23.81683
208.622140884399	20.97107
208.637760877609	18.42847
208.653390884399	15.86694
208.669010877609	13.12781
208.684640884399	10.18823
208.70027089119	7.079651
208.715890884399	3.783447
208.73152089119	0.2299805
208.747140884399	-3.644104
208.76277089119	-7.772339
208.778390884399	-11.89618
208.79402089119	-15.64642
208.80965089798	-18.68591
208.82527089119	-20.88684
208.84090089798	-22.40533
208.85652089119	-23.6463
208.87215089798	-25.10699
208.88777089119	-27.18774
208.90340089798	-30.02191
208.91903090477	-33.43115
208.93465089798	-36.97766
208.95028090477	-40.11755
208.96590089798	-42.35669
208.98153090477	-43.35754
208.99715089798	-42.96704
209.01278090477	-41.17047
209.02841091156	-38.01416
209.04403090477	-33.54712
209.05966091156	-27.79138
209.07528090477	-20.86444
209.09091091156	-13.03528
209.10654091835	-4.750366
209.12216091156	3.404846
209.13779091835	10.82294
209.15341091156	17.03516
209.16904091835	21.75262
209.18466091156	24.84882
209.20029091835	26.25867
209.21592092514	25.92993
209.23154091835	23.88959
209.24717092514	20.45758
209.26279091835	16.3313
209.27842092514	12.4975
209.29404091835	9.871826
209.30967092514	8.829102
209.325300931931	8.841492
209.34092092514	8.523743
209.356550931931	6.073975
209.37217092514	-0.04431152
209.387800931931	-10.4679
209.40342092514	-24.6568
209.419050931931	-41.00159
209.434680938721	-57.27887
209.450300931931	-71.17511
209.465930938721	-80.78284
209.481550931931	-84.84119
209.497180938721	-82.86633
209.512800931931	-75.13373
209.528430938721	-62.62921
209.544060945511	-46.94696
209.559680938721	-30.06097
209.575310945511	-14.09454
209.590930938721	-0.9344482
209.606560945511	8.1521
209.622180938721	12.87097
209.637810945511	13.97144
209.653440952301	13.03052
209.669060945511	11.91388
209.684690952301	12.10297
209.700310945511	14.26752
209.715940952301	18.19098
209.731560945511	23.02313
209.747190952301	27.74054
209.762820959091	31.53021
209.778440952301	33.91052
209.794070959091	34.70416
209.809690952301	34.06403
209.825320959091	32.43848
209.840940952301	30.66254
209.856570959091	29.80658
209.872200965881	30.83844
209.887820959091	34.13776
209.903450965881	39.16455
209.919070959091	44.52631
209.934700965881	48.46393
209.950320959091	49.56189
209.965950965881	47.23291
209.981580972672	41.8559
209.997200965881	34.40308
210.012830972672	25.96918
210.028450965881	17.3894
210.044080972672	9.170898
210.059700965881	1.684875
210.075330972672	-4.673096
210.090960979462	-9.453125
210.106580972672	-12.38312
210.122210979462	-13.58954
210.137830972672	-13.69119
210.153460979462	-13.57004
210.169080972672	-13.94391
210.184710979462	-15.0239
210.200340986252	-16.38669
210.215960979462	-17.20346
210.231590986252	-16.65213
210.247210979462	-14.33295
210.262840986252	-10.40881
210.278460979462	-5.520538
210.294090986252	-0.5001221
210.309720993042	3.959106
210.325340986252	7.477234
210.340970993042	10.03094
210.356590986252	11.83109
210.372220993042	13.15784
210.387840986252	14.15689
210.403470993042	14.77023
210.419100999832	14.74564
210.434720993042	13.79568
210.450350999832	11.77237
210.465970993042	8.812927
210.481600999832	5.308716
210.497220993042	1.723236
210.512850999832	-1.628357
210.528481006622	-4.722473
210.544100999832	-7.774597
210.559731006622	-11.04379
210.575350999832	-14.61414
210.590981006622	-18.27945
210.606600999832	-21.60651
210.622231006622	-24.17075
210.637861013412	-25.7587
210.653481006622	-26.46411
210.669111013412	-26.62653
210.684731006622	-26.68707
210.700361013412	-26.98145
210.715981006622	-27.67273
210.731611013412	-28.71277
210.747241020203	-29.91275
210.762861013412	-30.99655
210.778491020203	-31.69611
210.794111013412	-31.75189
210.809741020203	-30.98383
210.825361013412	-29.30911
210.840991020203	-26.79776
210.856621026993	-23.68912
210.872241020203	-20.34525
210.887871026993	-17.16406
210.903491020203	-14.48444
210.919121026993	-12.47211
210.934741020203	-11.07462
210.950371026993	-10.11087
210.966001033783	-9.352478
210.981621026993	-8.638916
210.997251033783	-7.910889
211.012871026993	-7.192383
211.028501033783	-6.53299
211.044121026993	-5.94751
211.059751033783	-5.430817
211.075381040573	-5.019867
211.091001033783	-4.869232
211.106631040573	-5.181946
211.122251033783	-6.113495
211.137881040573	-7.625977
