onset	BVP
1.56782603263855	23.90173
1.58345603942871	24.19363
1.59908604621887	24.74881
1.61470603942871	25.54889
1.63033604621887	26.52029
1.64595603942871	27.53702
1.66158604621887	28.46936
1.67721605300903	29.23892
1.69283604621887	29.84216
1.70846605300903	30.35663
1.72408604621887	30.9278
1.73971605300903	31.70087
1.75533604621887	32.74677
1.77096605300903	34.00723
1.78659605979919	35.29858
1.80221605300903	36.35776
1.81784605979919	36.95709
1.83346605300903	36.9787
1.84909605979919	36.42389
1.86471605300903	35.35901
1.88034605979919	33.85089
1.89597606658936	31.84662
1.91159605979919	29.19919
1.92722606658936	25.73422
1.94284605979919	21.36594
1.95847606658936	16.20432
1.97409605979919	10.5817
1.98972606658936	5.000824
2.00535607337952	-0.05636597
2.02097606658936	-4.227325
2.03660607337952	-7.398987
2.05222606658936	-9.668945
2.06785607337952	-11.31369
2.08347606658936	-12.66852
2.09910607337952	-14.01752
2.11473608016968	-15.51639
2.13035607337952	-17.14334
2.14598608016968	-18.76257
2.16160607337952	-20.20654
2.17723608016968	-21.37317
2.19285607337952	-22.20239
2.20848608016968	-22.62253
2.22411608695984	-22.44183
2.23973608016968	-21.41617
2.25536608695984	-19.35666
2.27098608016968	-16.3562
2.28661608695984	-12.87357
2.30223608016968	-9.635834
2.31786608695984	-7.359955
2.33349609375	-6.464325
2.34911608695984	-6.921387
2.36474609375	-8.388031
2.38036608695984	-10.34421
2.39599609375	-12.26923
2.41161608695984	-13.62462
2.42724609375	-13.77704
2.44287610054016	-12.03925
2.45849609375	-7.898987
2.47412610054016	-1.335678
2.48974609375	6.967117
2.50537610054016	15.68005
2.52099609375	23.24612
2.53662610054016	28.39102
2.55225610733032	30.51283
2.56787610054016	29.75664
2.58350610733032	26.743
2.59912610054016	22.21204
2.61475610733032	16.70464
2.63037610054016	10.55904
2.64600610733032	4.00972
2.66163611412048	-2.608521
2.67725610733032	-8.825272
2.69288611412048	-14.10863
2.70850610733032	-18.07352
2.72413611412048	-20.64923
2.73975610733032	-22.14018
2.75538611412048	-23.13622
2.78663611412048	-26.0014
2.80226612091064	-28.37279
2.81788611412048	-31.1189
2.83351612091064	-33.80904
2.84913611412048	-36.045
2.86476612091064	-37.63463
2.88039612770081	-38.56712
2.89601612091064	-38.94373
2.91164612770081	-38.8154
2.92726612091064	-38.10509
2.94289612770081	-36.62639
2.95851612091064	-34.22946
2.97414612770081	-30.92407
2.98977613449097	-26.96788
3.00539612770081	-22.85658
3.02102613449097	-19.17691
3.03664612770081	-16.46118
3.05227613449097	-15.00908
3.06789612770081	-14.80672
3.08352613449097	-15.55823
3.09915614128113	-16.72374
3.11477613449097	-17.69279
3.13040614128113	-17.89247
3.14602613449097	-16.96806
3.16165614128113	-14.85016
3.17727613449097	-11.78349
3.19290614128113	-8.204666
3.20853614807129	-4.606628
3.22415614128113	-1.420349
3.23978614807129	1.094528
3.25540614128113	2.845184
3.27103614807129	3.842567
3.28665614128113	4.186462
3.30228614807129	4.038918
3.31791615486145	3.639908
3.33353614807129	3.310303
3.34916615486145	3.372284
3.36478614807129	4.054916
3.38041615486145	5.376472
3.39603614807129	7.131363
3.41166615486145	8.985252
3.42729616165161	10.58942
3.44291615486145	11.73651
3.45854616165161	12.34094
3.47416615486145	12.37276
3.48979616165161	11.72821
3.50541615486145	10.23936
3.52104616165161	7.711029
3.53667593002319	4.105164
3.55229616165161	-0.357605
3.56792593002319	-5.204056
3.58354616165161	-9.885956
3.59917593002319	-13.9437
3.61479616165161	-17.16403
3.63042593002319	-19.53893
3.64605593681335	-21.15336
3.66167593002319	-22.05878
3.67730593681335	-22.27198
3.69292593002319	-21.80491
3.70855593681335	-20.76285
3.72417593002319	-19.39112
3.73980593681335	-17.98202
3.75543594360352	-16.76461
3.77105593681335	-15.83951
3.78668594360352	-15.17644
3.80230593681335	-14.70524
3.81793594360352	-14.41737
3.84918594360352	-14.6199
3.86481595039368	-15.17244
3.88043594360352	-15.93932
3.89606595039368	-16.7236
3.91168594360352	-17.31345
3.92731595039368	-17.54903
3.94293594360352	-17.37778
3.95856595039368	-16.86221
3.97419595718384	-16.14934
3.98981595039368	-15.37114
4.00544595718384	-14.58752
4.02106595039368	-13.76987
4.03669595718384	-12.80478
4.05231595039368	-11.58267
4.06794595718384	-10.0833
4.083575963974	-8.43158
4.09919595718384	-6.848129
4.114825963974	-5.54361
4.13044595718384	-4.602951
4.146075963974	-3.919739
4.16169595718384	-3.267151
4.177325963974	-2.431976
4.19295597076416	-1.341171
4.208575963974	-0.1197815
4.22420597076416	1.014877
4.239825963974	1.849319
4.25545597076416	2.307999
4.27108597755432	2.430481
4.28670597076416	2.374542
4.30233597755432	2.315048
4.31795597076416	2.427963
4.33358597755432	2.871841
4.34920597076416	3.822784
4.36483597755432	5.466187
4.38046598434448	7.896317
4.39608597755432	11.04805
4.41171598434448	14.62535
4.42733597755432	18.19128
4.44296598434448	21.31161
4.45858597755432	23.71796
4.47421598434448	25.35013
4.48984599113464	26.34085
4.50546598434448	26.85176
4.52109599113464	26.9502
4.53671598434448	26.59117
4.55234599113464	25.70786
4.56796598434448	24.34283
4.58359599113464	22.69586
4.5992259979248	21.09836
4.61484599113464	19.82176
4.6304759979248	18.97836
4.64609599113464	18.43097
4.6617259979248	17.90437
4.67734599113464	17.12021
4.6929759979248	15.94218
4.70860600471497	14.41914
4.7242259979248	12.71786
4.73985600471497	11.043
4.7554759979248	9.504517
4.77110600471497	8.107422
4.7867259979248	6.756516
4.80235600471497	5.346832
4.81798601150513	3.84549
4.83360600471497	2.309311
4.84923601150513	0.8799438
4.86485600471497	-0.2921295
4.88048601150513	-1.148727
4.89610600471497	-1.750443
4.91173601150513	-2.302628
4.92736601829529	-3.047607
4.94298601150513	-4.193497
4.95861601829529	-5.846741
4.97423601150513	-8.03064
4.98986601829529	-10.70432
5.00548601150513	-13.82962
5.02111601829529	-17.32001
5.03674602508545	-21.03951
5.06799602508545	-28.1503
5.08361601829529	-30.92761
5.09924602508545	-32.88301
5.11486601829529	-33.94655
5.13049602508545	-34.15302
5.14612603187561	-33.54865
5.16174602508545	-32.11188
5.17737603187561	-29.77531
5.19299602508545	-26.53513
5.20862603187561	-22.55861
5.22424602508545	-18.20282
5.23987603187561	-13.94427
5.25550603866577	-10.16632
5.27112603187561	-6.994202
5.28675603866577	-4.257889
5.30237603187561	-1.537918
5.31800603866577	1.613541
5.33362603187561	5.45517
5.34925603866577	9.940735
5.36488604545593	14.74496
5.38050603866577	19.37419
5.39613604545593	23.39732
5.41175603866577	26.57062
5.42738604545593	28.88982
5.44300603866577	30.54814
5.45863604545593	31.79889
5.47426605224609	32.85765
5.48988604545593	33.82979
5.50551605224609	34.74748
5.52113604545593	35.60794
5.53676605224609	36.41743
5.55238604545593	37.18631
5.56801605224609	37.82242
5.58364605903625	38.16299
5.59926605224609	37.95007
5.61489605903625	37.00131
5.63051605224609	35.2951
5.64614605903625	33.03075
5.66176605224609	30.50909
5.67739605903625	28.05052
5.69302606582642	25.82285
5.70864605903625	23.81354
5.72427606582642	21.93982
5.73989605903625	20.08485
5.75552606582642	18.24564
5.77114605903625	16.54402
5.78677606582642	15.13467
5.80240607261658	14.13914
5.81802606582642	13.59711
5.83365607261658	13.4622
5.84927606582642	13.65953
5.86490607261658	14.10291
5.88052606582642	14.67857
5.89615607261658	15.22371
5.91178607940674	15.51228
5.92740607261658	15.25745
5.94303607940674	14.22865
5.95865607261658	12.326
5.97428607940674	9.680786
5.98990607261658	6.593948
6.00553607940674	3.432617
6.0211660861969	0.4941864
6.03678607940674	-2.11113
6.0524160861969	-4.423965
6.06803607940674	-6.571182
6.0836660861969	-8.638016
6.09928607940674	-10.59863
6.1149160861969	-12.31796
6.13054609298706	-13.63835
6.1461660861969	-14.44281
6.16179609298706	-14.67816
6.1774160861969	-14.35374
6.19304609298706	-13.51588
6.2086660861969	-12.22371
6.22429609298706	-10.55426
6.23992609977722	-8.624985
6.25554609298706	-6.605347
6.27117609977722	-4.657028
6.28679609298706	-2.887955
6.30242609977722	-1.315842
6.31804609298706	0.125885
6.33367609977722	1.522766
6.34930610656738	2.879509
6.36492609977722	4.079773
6.38055610656738	4.881706
6.39617609977722	5.049561
6.41180610656738	4.489105
6.42742609977722	3.371704
6.44305610656738	2.154991
6.45868611335754	1.416641
6.47430610656738	1.631897
6.48993611335754	2.977058
6.50555610656738	5.277275
6.52118611335754	8.073845
6.53681612014771	10.87992
6.55243611335754	13.36255
6.56806612014771	15.40797
6.58368611335754	17.06141
6.59931612014771	18.34031
6.61493611335754	19.09163
6.63056612014771	19.0397
6.64619612693787	17.92385
6.66181612014771	15.65196
6.67744612693787	12.43766
6.69306612014771	8.779861
6.70869612693787	5.300385
6.72431612014771	2.560635
6.73994612693787	0.9169731
6.75557613372803	0.3648262
6.77119612693787	0.5232239
6.78682613372803	0.6959038
6.80244612693787	-0.04319382
6.81807613372803	-2.574375
6.83369612693787	-7.429462
6.84932613372803	-14.52605
6.86495614051819	-23.10004
6.88057613372803	-31.8757
6.89620614051819	-39.49595
6.91182613372803	-44.99005
6.92745614051819	-48.08843
6.94307613372803	-49.28564
6.95870614051819	-49.56886
6.97433614730835	-50.07752
6.98995614051819	-51.73794
7.00558614730835	-55.02643
7.02120614051819	-59.91772
7.03683614730835	-65.9272
7.05245614051819	-72.30662
7.06808614730835	-78.25264
7.08371615409851	-83.13394
7.09933614730835	-86.56352
7.11496615409851	-88.39434
7.13058614730835	-88.52978
7.14621615409851	-86.78561
7.16183614730835	-82.866
7.17746615409851	-76.5802
7.19309616088867	-68.0827
7.20871615409851	-58.05041
7.22434616088867	-47.62016
7.23996615409851	-37.97338
7.25559616088867	-29.9621
7.27121615409851	-23.88502
7.28684616088867	-19.50306
7.30247592926025	-16.30259
7.31809616088867	-13.72522
7.33372592926025	-11.27184
7.34934616088867	-8.453697
7.36497592926025	-4.832226
7.38059616088867	-0.06109238
7.39622592926025	5.888229
7.41185593605042	12.57026
7.42747592926025	19.1105
7.44310593605042	24.43446
7.45872592926025	27.64445
7.47435593605042	28.2818
7.48997592926025	26.43314
7.50560593605042	22.59251
7.52123594284058	17.47426
7.53685593605042	11.84106
7.55248594284058	6.421516
7.56810593605042	1.890854
7.58373594284058	-1.178238
7.59935593605042	-2.377487
7.61498594284058	-1.620903
7.63061594963074	0.7812729
7.64623594284058	4.146042
7.66186594963074	7.580681
7.67748594284058	10.20374
7.69311594963074	11.39647
7.70873594284058	10.9433
7.72436594963074	9.031021
7.7399959564209	6.14241
7.75561594963074	2.873383
7.7712459564209	-0.2541046
7.78686594963074	-2.886841
7.8024959564209	-4.905243
7.81811594963074	-6.368027
7.8337459564209	-7.417374
7.84937596321106	-8.152924
7.8649959564209	-8.521759
7.88062596321106	-8.334656
7.8962459564209	-7.327759
7.91187596321106	-5.358444
7.9274959564209	-2.491806
7.94312596321106	0.9307251
7.95875597000122	4.402023
7.97437596321106	7.432129
7.99000597000122	9.69075
8.00562596321106	11.09328
8.02125597000122	11.71895
8.03687596321106	11.74391
8.05250597000122	11.29701
8.06813597679138	10.49408
8.08375597000122	9.442795
8.09938597679138	8.335297
8.11500597000122	7.449387
8.13063597679138	7.110489
8.14625597000122	7.580994
8.16188597679138	8.970703
8.17751598358154	11.18507
8.19313597679138	13.93449
8.20876598358154	16.85556
8.22438597679138	19.5733
8.24001598358154	21.8334
8.25563597679138	23.5033
8.27126598358154	24.5593
8.2868959903717	25.04736
8.30251598358154	25.03946
8.3181459903717	24.60748
8.33376598358154	23.81284
8.3493959903717	22.73303
8.36501598358154	21.42221
8.3806459903717	19.95367
8.39627599716187	18.38763
8.4118959903717	16.78656
8.42752599716187	15.16415
8.4431459903717	13.54108
8.45877599716187	11.88214
8.4743959903717	10.11411
8.49002599716187	8.151611
8.50565600395203	5.94873
8.52127599716187	3.578796
8.53690600395203	1.321533
8.55252599716187	-0.3967285
8.56815600395203	-1.135712
8.58377599716187	-0.6147156
8.59940600395203	1.141876
8.61503601074219	3.781616
8.63065600395203	6.767181
8.64628601074219	9.545685
8.66190600395203	11.76535
8.67753601074219	13.35629
8.69315600395203	14.45468
8.70878601074219	15.29492
8.72441601753235	16.03787
8.74003601074219	16.6857
8.75566601753235	17.1221
8.77128601074219	17.19235
8.78691601753235	16.77753
8.80253601074219	15.87915
8.81816601753235	14.6134
8.83379602432251	13.16769
8.84941601753235	11.76172
8.86504602432251	10.56146
8.88066601753235	9.664764
8.89629602432251	9.080841
8.91191601753235	8.781006
8.92754602432251	8.645355
8.94317603111267	8.537933
8.95879602432251	8.280945
8.97442603111267	7.703796
8.99004602432251	6.697052
9.00567603111267	5.261444
9.02129602432251	3.514191
9.03692603111267	1.657104
9.05255603790283	-0.1169739
9.06817603111267	-1.727478
9.08380603790283	-3.23111
9.09942603111267	-4.770935
9.11505603790283	-6.480957
9.13068604469299	-8.32373
9.14630603790283	-10.06558
9.16193604469299	-11.29282
9.17755603790283	-11.57571
9.19318604469299	-10.63983
9.20880603790283	-8.498413
9.22443604469299	-5.431793
9.24006605148315	-1.944122
9.25568604469299	1.431854
9.27131605148315	4.282593
9.28693604469299	6.420929
9.30256605148315	7.883942
9.31818604469299	8.886169
9.33381605148315	9.677521
9.34944605827332	10.48367
9.36506605148315	11.44016
9.38069605827332	12.53915
9.39631605148315	13.66037
9.41194605827332	14.61414
9.42756605148315	15.19989
9.44319605827332	15.23428
9.45882606506348	14.59225
9.47444605827332	13.20749
9.49007606506348	11.12793
9.50569605827332	8.512665
9.52132606506348	5.615753
9.53694605827332	2.777466
9.55257606506348	0.3101196
9.56820607185364	-1.557526
9.58382606506348	-2.766937
9.59945607185364	-3.4133
9.61507606506348	-3.69458
9.63070607185364	-3.791107
9.64632606506348	-3.812042
9.66195607185364	-3.748291
9.6775860786438	-3.520966
9.69320607185364	-3.088074
9.7088360786438	-2.475861
9.72445607185364	-1.815674
9.7400860786438	-1.292084
9.75570607185364	-1.066223
9.7713360786438	-1.187042
9.78696608543396	-1.545898
9.8025860786438	-1.864624
9.81821608543396	-1.742249
9.8338360786438	-0.8265381
9.84946608543396	1.052032
9.8650860786438	3.751801
9.88071608543396	6.809052
9.89634609222412	9.606659
9.91196608543396	11.60428
9.92759609222412	12.56107
9.94321608543396	12.6322
9.95884609222412	12.27795
9.97446608543396	12.01221
9.99009609222412	12.16605
10.0057260990143	12.79935
10.0213460922241	13.72995
10.0369760990143	14.70059
10.0525960922241	15.53983
10.0682260990143	16.23883
10.0838460922241	16.88571
10.0994760990143	17.59189
10.1151061058044	18.40646
10.1307260990143	19.27609
10.1463561058044	20.09415
10.1619760990143	20.76056
10.1932260990143	21.55328
10.2088561058044	21.82468
10.2244861125946	22.16071
10.2401061058044	22.63449
10.2557361125946	23.23648
10.2713561058044	23.84644
10.2869861125946	24.29861
10.3026061058044	24.42514
10.3182361125946	24.13016
10.3338661193848	23.37256
10.3494861125946	22.15601
10.3651161193848	20.48041
10.3807361125946	18.35468
10.3963661193848	15.81967
10.4119861125946	12.99075
10.4276161193848	10.06064
10.4432461261749	7.254028
10.4588661193848	4.77005
10.4744961261749	2.728119
10.4901161193848	1.178345
10.5057461261749	0.1147156
10.5213661193848	-0.488678
10.5369961261749	-0.654541
10.5526261329651	-0.4712524
10.5682461261749	-0.1069031
10.5838761329651	0.1768646
10.5994961261749	0.05575562
10.6151261329651	-0.7844391
10.6307461261749	-2.558456
10.6463761329651	-5.345352
10.6620061397552	-9.04512
10.6776261329651	-13.39679
10.6932561397552	-18.03644
10.7088761329651	-22.54797
10.7245061397552	-26.53383
10.7401261329651	-29.64528
10.7557561397552	-31.61447
10.7713861465454	-32.27162
10.7870061397552	-31.61765
10.8026361465454	-29.87996
10.8182561397552	-27.49875
10.8338861465454	-25.05286
10.8495061397552	-23.06062
10.8651361465454	-21.83972
10.8807661533356	-21.45694
10.8963861465454	-21.81502
10.9120161533356	-22.77832
10.9276361465454	-24.30898
10.9432661533356	-26.41086
10.9588861465454	-28.99747
10.9745161533356	-31.78044
10.9901461601257	-34.243
11.0057661533356	-35.81345
11.0213961601257	-36.10197
11.0370161533356	-35.04419
11.0526461601257	-32.90262
11.0682661533356	-30.13068
11.0838961601257	-27.18782
11.0995259284973	-24.38373
11.1151461601257	-21.84221
11.1307759284973	-19.53308
11.1463961601257	-17.36061
11.1620259284973	-15.263
11.1776461601257	-13.23068
11.1932759284973	-11.32414
11.2089059352875	-9.665634
11.2245259284973	-8.418427
11.2401559352875	-7.697113
11.2557759284973	-7.47934
11.2714059352875	-7.484406
11.2870259284973	-7.184769
11.3026559352875	-6.00975
11.3182859420776	-3.608826
11.3339059352875	-0.1274109
11.3495359420776	3.747726
11.3651559352875	7.00563
11.3807859420776	8.733612
11.3964159488678	8.458099
11.4120359420776	6.327332
11.4276659488678	3.056747
11.4432859420776	-0.3756104
11.4589159488678	-2.968994
11.4745359420776	-3.931732
11.4901659488678	-2.753723
11.505795955658	0.6670685
11.5214159488678	6.020859
11.537045955658	12.50594
11.5526659488678	18.97914
11.568295955658	24.24977
11.5839159488678	27.42671
11.599545955658	28.17719
11.6151759624481	26.74037
11.630795955658	23.77608
11.6464259624481	20.03519
11.662045955658	16.22476
11.6776759624481	12.90392
11.693295955658	10.49944
11.7089259624481	9.30603
11.7245559692383	9.350922
11.7401759624481	10.25157
11.7558059692383	11.17091
11.7714259624481	10.98697
11.7870559692383	8.677231
11.8026759624481	3.818344
11.8183059692383	-3.063843
11.8339359760284	-10.47028
11.8495559692383	-16.34909
11.8651859760284	-18.84143
11.8808059692383	-17.04326
11.8964359760284	-11.44908
11.9120559692383	-3.866714
11.9276859760284	3.289597
11.9433159828186	7.889771
11.9589359760284	8.888992
11.9745659828186	6.563965
11.9901859760284	2.257263
12.0058159828186	-2.377151
12.0214359760284	-6.038864
12.0370659828186	-8.150146
12.0526959896088	-8.767639
12.0683159828186	-8.224274
12.0839459896088	-6.766861
12.0995659828186	-4.471924
12.1151959896088	-1.36377
12.1308159828186	2.4021
12.1464459896088	6.397675
12.1620759963989	10.02072
12.1776959896088	12.70479
12.1933259963989	14.11923
12.2089459896088	14.26265
12.2245759963989	13.39778
12.2401959896088	11.86827
12.2558259963989	9.929962
12.2714560031891	7.676331
12.2870759963989	5.033295
12.3027060031891	1.867294
12.3183259963989	-1.8405
12.3339560031891	-5.877655
12.3495759963989	-9.735718
12.3652060031891	-12.69571
12.3808360099792	-14.0625
12.3964560031891	-13.42818
12.4120860099792	-10.87292
12.4277060031891	-6.968979
12.4433360099792	-2.600922
12.4589560031891	1.334396
12.4745860099792	4.144562
12.4902160167694	5.5168
12.5058360099792	5.51387
12.5214660167694	4.484833
12.5370860099792	2.928543
12.5527160167694	1.369659
12.5683360099792	0.2203674
12.5839660167694	-0.2988129
12.5995960235596	-0.1804047
12.6152160167694	0.3980865
12.6308460235596	1.157471
12.6464660167694	1.810547
12.6620960235596	2.099106
12.6777160167694	1.853302
12.6933460235596	0.9720764
12.7089760303497	-0.5711365
12.7245960235596	-2.716476
12.7402260303497	-5.31395
12.7558460235596	-8.136307
12.7714760303497	-10.88084
12.7870960235596	-13.20396
12.8027260303497	-14.78781
12.8183560371399	-15.35413
12.8339760303497	-14.73276
12.8496060371399	-12.93492
12.8652260303497	-10.19472
12.8808560371399	-6.975983
12.8964760303497	-3.854935
12.9121060371399	-1.384094
12.9277360439301	0.1271057
12.9433560371399	0.6941681
12.9589860439301	0.6533813
12.9746060371399	0.5234375
12.9902360439301	0.7655945
13.0058560371399	1.606201
13.0214860439301	2.958221
13.0371160507202	4.498505
13.0527360439301	5.831635
13.0683660507202	6.693909
13.0839860439301	7.005554
13.0996160507202	6.853622
13.1152360439301	6.393997
13.1308660507202	5.747925
13.1464960575104	4.97435
13.1621160507202	4.097366
13.1777460575104	3.171585
13.1933660507202	2.303497
13.2089960575104	1.642639
13.2246160507202	1.303741
13.2402460575104	1.312515
13.2558760643005	1.593033
13.2714960575104	2.029129
13.2871260643005	2.498688
13.3027460575104	2.942154
13.3183760643005	3.359482
13.3339960575104	3.757507
13.3496260643005	4.134079
13.3652560710907	4.43306
13.3808760643005	4.57724
13.3965060710907	4.512115
13.4121260643005	4.249466
13.4277560710907	3.880814
13.4433760643005	3.553955
13.4590060710907	3.406265
13.4746360778809	3.49498
13.4902560710907	3.800034
13.5058860778809	4.224121
13.5215060710907	4.673859
13.5371360778809	5.088348
13.5527560710907	5.451279
13.5683860778809	5.772598
13.584016084671	6.075928
13.5996360778809	6.375641
13.615266084671	6.704803
13.6308860778809	7.168884
13.646516084671	7.892456
13.6621460914612	8.972229
13.677766084671	10.40588
13.6933960914612	11.99962
13.709016084671	13.42239
13.7246460914612	14.30486
13.740266084671	14.36911
13.7558960914612	13.55086
13.7715260982513	12.05792
13.7871460914612	10.24185
13.8027760982513	8.472687
13.8183960914612	7.003983
13.8340260982513	5.886017
13.8496460914612	5.003372
13.8652760982513	4.134598
13.8809061050415	3.052856
13.8965260982513	1.562164
13.9121561050415	-0.4340515
13.9277760982513	-2.966995
13.9434061050415	-5.979446
13.9590260982513	-9.33371
13.9746561050415	-12.81464
13.9902861118317	-16.13947
14.0059061050415	-18.99248
14.0215361118317	-21.07343
14.0371561050415	-22.15047
14.0527861118317	-22.13264
14.0684061050415	-21.09729
14.0840361118317	-19.26048
14.0996661186218	-16.93066
14.1152861118317	-14.45714
14.1309161186218	-12.10707
14.1465361118317	-10.07233
14.1621661186218	-8.459869
14.1777861118317	-7.296005
14.1934161186218	-6.538376
14.209046125412	-6.08165
14.2246661186218	-5.757889
14.240296125412	-5.399078
14.2559161186218	-4.927094
14.271546125412	-4.363281
14.2871661186218	-3.852432
14.302796125412	-3.527039
14.3184261322021	-3.40065
14.334046125412	-3.301254
14.3496761322021	-2.9133
14.365296125412	-1.952011
14.3809261322021	-0.311615
14.396546125412	1.827301
14.4121761322021	4.100525
14.4278061389923	6.095001
14.4434261322021	7.543533
14.4590561389923	8.384888
14.4746761322021	8.71936
14.4903061389923	8.711411
14.5059261322021	8.4814
14.5215561389923	8.044754
14.5371861457825	7.355194
14.5528061389923	6.341843
14.5684361457825	4.97699
14.5840561389923	3.298996
14.5996861457825	1.415619
14.6153061389923	-0.5549927
14.6309361457825	-2.487473
14.6465661525726	-4.316452
14.6621861457825	-6.038788
14.6778161525726	-7.698883
14.6934361457825	-9.356033
14.7090661525726	-11.00879
14.7246861457825	-12.54926
14.7403161525726	-13.74094
14.7559461593628	-14.26355
14.7715661525726	-13.81418
14.7871961593628	-12.24359
14.8028161525726	-9.638428
14.8184461593628	-6.359619
14.8340661525726	-2.943192
14.8496961593628	0.0617218
14.8653259277344	2.266602
14.8809461593628	3.584061
14.8965759277344	4.221802
14.9121961593628	4.598114
14.9278259277344	5.101471
14.9434461593628	5.948486
14.9590759277344	7.071548
14.9747059345245	8.177223
14.9903259277344	8.914322
15.0059559345245	9.062561
15.0215759277344	8.680771
15.0372059345245	8.100311
15.0528259277344	7.772919
15.0684559345245	8.002487
15.0840859413147	8.7528
15.0997059345245	9.608688
15.1153359413147	9.953667
15.1309559345245	9.35215
15.1465859413147	7.759399
15.1622059345245	5.619896
15.1778359413147	3.623184
15.1934659481049	2.320763
15.2090859413147	1.865646
15.2247159481049	1.927551
15.2403359413147	1.896477
15.2559659481049	1.179138
15.2715859413147	-0.5433655
15.2872159481049	-3.370888
15.302845954895	-7.250206
15.3184659481049	-11.9872
15.334095954895	-17.0829
15.3497159481049	-21.52637
15.365345954895	-23.92153
15.3809659481049	-23.03522
15.396595954895	-18.48004
15.4122259616852	-11.20452
15.427845954895	-3.372261
15.4434759616852	2.482948
15.459095954895	4.530968
15.4747259616852	2.429131
15.490345954895	-2.632637
15.5059759616852	-8.621979
15.5216059684753	-13.63548
15.5372259616852	-16.54012
15.5528559684753	-17.07655
15.5684759616852	-15.51163
15.5841059684753	-12.18414
15.5997259616852	-7.306297
15.6153559684753	-1.150345
15.6309859752655	5.73423
15.6466059684753	12.42183
15.6622359752655	17.80428
15.6778559684753	20.98685
15.6934859752655	21.58709
15.7091059684753	19.91109
15.7247359752655	16.83852
15.7403659820557	13.55833
15.7559859752655	11.12113
15.7716159820557	10.21098
15.7872359752655	10.9185
15.8028659820557	12.80025
15.8184859752655	15.11166
15.8341159820557	17.04572
15.8497459888458	18.08731
15.8653659820557	18.16417
15.8809959888458	17.58263
15.8966159820557	16.81153
15.9122459888458	16.23819
15.9278659820557	15.99887
15.9434959888458	15.93292
15.959125995636	15.73058
15.9747459888458	15.00401
15.990375995636	13.35317
16.0059959888458	10.41203
16.021625995636	5.841141
16.0372459888458	-0.5089493
16.052875995636	-8.390099
16.0685060024261	-17.03844
16.084125995636	-25.23529
16.0997560024261	-31.59278
16.115375995636	-35.02148
16.1310060024261	-35.09885
16.146625995636	-32.19615
16.1622560024261	-27.37172
16.1778860092163	-21.97959
16.1935060024261	-17.24739
16.2091360092163	-13.97856
16.2247560024261	-12.4131
16.2403860092163	-12.24558
16.2560160160065	-12.82665
16.2716360092163	-13.33415
16.2872660160065	-12.98158
16.3028860092163	-11.25954
16.3185160160065	-8.038528
16.3341360092163	-3.644028
16.3497660160065	1.267578
16.3653960227966	5.901604
16.3810160160065	9.566765
16.3966460227966	11.86378
16.4122660160065	12.71024
16.4278960227966	12.35492
16.4435160160065	11.19839
16.4591460227966	9.675507
16.4747760295868	8.17942
16.4903960227966	6.989433
16.5060260295868	6.246033
16.5216460227966	5.912651
16.5372760295868	5.821793
16.5528960227966	5.731667
16.5685260295868	5.441917
16.584156036377	4.87458
16.5997760295868	4.114868
16.615406036377	3.355057
16.6310260295868	2.768082
16.646656036377	2.439499
16.6622760295868	2.292564
16.677906036377	2.176056
16.6935360431671	1.924675
16.709156036377	1.463959
16.7247860431671	0.7845535
16.740406036377	-0.02315521
16.7560360431671	-0.8693619
16.771656036377	-1.67263
16.7872860431671	-2.349152
16.8029160499573	-2.821091
16.8185360431671	-3.006592
16.8341660499573	-2.890213
16.8497860431671	-2.526825
16.8654160499573	-2.088829
16.8810360431671	-1.768745
16.8966660499573	-1.712387
16.9122960567474	-1.97728
16.9279160499573	-2.479935
16.9435460567474	-3.078491
16.9591660499573	-3.633408
16.9747960567474	-4.084862
16.9904160499573	-4.42025
17.0060460567474	-4.62471
17.0216760635376	-4.621391
17.0372960567474	-4.25219
17.0529260635376	-3.365715
17.0685460567474	-1.906731
17.0841760635376	-0.04136658
17.0997960567474	1.880493
17.1154260635376	3.416924
17.1310560703278	4.206734
17.1466760635376	4.153992
17.1623060703278	3.452438
17.1779260635376	2.541702
17.1935560703278	1.885139
17.2091760635376	1.792633
17.2248060703278	2.272224
17.2404360771179	3.11396
17.2560560703278	3.995422
17.2716860771179	4.689186
17.2873060703278	5.159378
17.3029360771179	5.545029
17.3185560703278	6.04142
17.3341860771179	6.728966
17.3498160839081	7.523308
17.3654360771179	8.183083
17.3810660839081	8.450905
17.3966860771179	8.174362
17.4123160839081	7.342377
17.4279360771179	6.059143
17.4435660839081	4.434029
17.4591960906982	2.554802
17.4748160839081	0.4451294
17.4904460906982	-1.850807
17.5060660839081	-4.234383
17.5216960906982	-6.563492
17.5373160839081	-8.680504
17.5529460906982	-10.4624
17.5685760974884	-11.86205
17.5841960906982	-12.89742
17.5998260974884	-13.62698
17.6154460906982	-14.10663
17.6310760974884	-14.35764
17.6466960906982	-14.37084
17.6623260974884	-14.12811
17.6779561042786	-13.61736
17.6935760974884	-12.84905
17.7092061042786	-11.92035
17.7248260974884	-11.00282
17.7404561042786	-10.31824
17.7560760974884	-10.09351
17.7717061042786	-10.44093
17.7873361110687	-11.28517
17.8029561042786	-12.32343
17.8185861110687	-13.08218
17.8342061042786	-13.07483
17.8498361110687	-11.98835
17.8654561042786	-9.806793
17.8810861110687	-6.831917
17.8967161178589	-3.556732
17.9123361110687	-0.4666519
17.9279661178589	2.130653
17.9435861110687	4.133263
17.9592161178589	5.595032
17.9748361110687	6.566299
17.9904661178589	7.033104
18.006096124649	6.982117
18.0217161178589	6.499786
18.037346124649	5.828522
18.0529661178589	5.341278
18.068596124649	5.392387
18.0842161178589	6.112137
18.099846124649	7.329834
18.1154761314392	8.655579
18.131096124649	9.657257
18.1467261314392	10.0694
18.162346124649	9.885132
18.1779761314392	9.290596
18.193596124649	8.533119
18.2092261314392	7.786926
18.2248561382294	7.064705
18.2404761314392	6.266464
18.2561061382294	5.285782
18.2717261314392	4.105614
18.2873561382294	2.828178
18.3029761314392	1.632835
18.3186061382294	0.6907349
18.3342361450195	0.0803299
18.3498561382294	-0.2394791
18.3654861450195	-0.4056549
18.3811061382294	-0.5782394
18.3967361450195	-0.8640976
18.4123561382294	-1.33239
18.4279861450195	-2.006355
18.4436161518097	-2.925468
18.4592361450195	-4.120544
18.4748661518097	-5.577797
18.4904861450195	-7.17495
18.5061161518097	-8.646133
18.5217461585999	-9.61393
18.5373661518097	-9.710991
18.5529961585999	-8.728851
18.5686161518097	-6.713814
18.5842461585999	-3.929428
18.5998661518097	-0.8021088
18.6154961585999	2.260262
18.63112616539	4.97007
18.6467461585999	7.200836
18.66237616539	8.968712
18.6779961585999	10.32103
18.69362616539	11.26865
18.7092461585999	11.77063
18.72487616539	11.78754
18.7405059337616	11.29343
18.75612616539	10.33462
18.7717559337616	9.039597
18.78737616539	7.57711
18.8030059337616	6.153244
18.81862616539	4.941589
18.8342559337616	4.064537
18.8498859405518	3.578522
18.8655059337616	3.475021
18.8811359405518	3.68
18.8967559337616	4.117027
18.9123859405518	4.671204
18.9280059337616	5.236855
18.9436359405518	5.679512
18.9592659473419	5.847816
18.9748859405518	5.595016
18.9905159473419	4.824272
19.0061359405518	3.533043
19.0217659473419	1.858528
19.0373859405518	0.0705719
19.0530159473419	-1.50882
19.0686459541321	-2.589684
19.0842659473419	-3.029739
19.0998959541321	-2.889198
19.1155159473419	-2.428909
19.1311459541321	-2.04261
19.1467659473419	-2.118385
19.1623959541321	-2.836403
19.1780259609222	-4.058624
19.1936459541321	-5.328705
19.2092759609222	-6.01918
19.2248959541321	-5.546936
19.2405259609222	-3.621864
19.2561459541321	-0.3634949
19.2717759609222	3.740738
19.2874059677124	8.024055
19.3030259609222	11.85801
19.3186559677124	14.82604
19.3342759609222	16.75135
19.3499059677124	17.66692
19.3655259609222	17.73096
19.3811559677124	17.14211
19.3967859745026	16.13818
19.4124059677124	14.99942
19.4280359745026	13.99136
19.4436559677124	13.31316
19.4592859745026	13.017
19.4749059677124	12.96085
19.4905359745026	12.84867
19.5061659812927	12.34592
19.5217859745026	11.20398
19.5374159812927	9.376225
19.5530359745026	7.020061
19.5686659812927	4.390751
19.5842859745026	1.760143
19.5999159812927	-0.7244987
19.6155459880829	-3.054596
19.6311659812927	-5.295448
19.6467959880829	-7.52319
19.6624159812927	-9.739918
19.6780459880829	-11.86911
19.6936659812927	-13.77671
19.7092959880829	-15.35774
19.724925994873	-16.54263
19.7405459880829	-17.35847
19.756175994873	-17.89207
19.7717959880829	-18.28983
19.787425994873	-18.70749
19.8030459880829	-19.27155
19.818675994873	-20.03974
19.8343060016632	-20.89666
19.849925994873	-21.57272
19.8655560016632	-21.62871
19.881175994873	-20.63378
19.8968060016632	-18.36379
19.912425994873	-14.91912
19.9280560016632	-10.78117
19.9436860084534	-6.632168
19.9593060016632	-3.13661
19.9749360084534	-0.6720161
19.9905560016632	0.7268066
20.0061860084534	1.3563
20.0218060016632	1.622866
20.0374360084534	1.847889
20.0530660152435	2.189415
20.0686860084534	2.601301
20.0843160152435	2.963049
20.0999360084534	3.162186
20.1155660152435	3.145748
20.1311860084534	2.934759
20.1468160152435	2.613802
20.1624460220337	2.288202
20.1780660152435	2.078323
20.1936960220337	2.066208
20.2093160152435	2.266047
20.2249460220337	2.606867
20.2405660152435	2.988949
20.2561960220337	3.320024
20.2718260288239	3.584618
20.2874460220337	3.825539
20.3030760288239	4.100348
20.3186960220337	4.414333
20.3343260288239	4.695874
20.3499460220337	4.799192
20.3655760288239	4.596049
20.381206035614	4.025637
20.3968260288239	3.101812
20.412456035614	1.871616
20.4280760288239	0.3202534
20.443706035614	-1.648502
20.4593260288239	-4.205208
20.474956035614	-7.514769
20.4905860424042	-11.71679
20.506206035614	-16.83287
20.5218360424042	-22.73847
20.537456035614	-29.11198
20.5530860424042	-35.3692
20.568706035614	-40.7041
20.5843360424042	-44.21552
20.5999660491943	-45.19781
20.6155860424042	-43.43582
20.6312160491943	-39.39788
20.6468360424042	-34.15614
20.6624660491943	-29.0605
20.6780960559845	-25.23258
20.6937160491943	-23.16556
20.7093460559845	-22.60852
20.7249660491943	-22.83282
20.7405960559845	-23.11064
20.7562160491943	-23.11789
20.7718460559845	-23.0704
20.7874760627747	-23.53267
20.8030960559845	-24.98256
20.8187260627747	-27.46401
20.8343460559845	-30.512
20.8499760627747	-33.36946
20.8655960559845	-35.33066
20.8812260627747	-35.93405
20.8968560695648	-34.95249
20.9124760627747	-32.27324
20.9281060695648	-27.91887
20.9437260627747	-22.25182
20.9593560695648	-16.2041
20.9749760627747	-11.19495
20.9906060695648	-8.572021
21.006236076355	-8.876122
21.0218560695648	-11.29525
21.037486076355	-13.87722
21.0531060695648	-14.40731
21.068736076355	-11.56651
21.0843560695648	-5.61644
21.099986076355	1.773575
21.1156160831451	8.476685
21.131236076355	13.00823
21.1468660831451	15.12524
21.162486076355	15.6582
21.1781160831451	15.70258
21.193736076355	15.87707
21.2093660831451	16.0329
21.2249960899353	15.53948
21.2406160831451	13.83627
21.2562460899353	10.90482
21.2718660831451	7.30336
21.2874960899353	3.878372
21.3031160831451	1.354065
21.3187460899353	0.01998901
21.3343760967255	-0.2577972
21.3499960899353	0.1694336
21.3656260967255	1.032089
21.3812460899353	2.303467
21.3968760967255	4.179413
21.4124960899353	6.87677
21.4281260967255	10.40755
21.4437561035156	14.50188
21.4593760967255	18.67299
21.4750061035156	22.43912
21.4906260967255	25.55818
21.5062561035156	28.08475
21.5218760967255	30.30342
21.5375061035156	32.5182
21.5531361103058	34.89619
21.5687561035156	37.41212
21.5843861103058	39.92033
21.6000061035156	42.27354
21.6156361103058	44.42032
21.6312561035156	46.42015
21.6468861103058	48.40457
21.6625161170959	50.48647
21.6781361103058	52.71495
21.6937661170959	54.98904
21.7093861103058	57.07588
21.7250161170959	58.60667
21.7406361103058	59.19038
21.7562661170959	58.55441
21.7718961238861	56.5925
21.7875161170959	53.43906
21.8031461238861	49.4326
21.8187661170959	45.00482
21.8343961238861	40.50966
21.8500161170959	36.14282
21.8656461238861	31.89325
21.8812761306763	27.57553
21.8968961238861	22.94109
21.9125261306763	17.73155
21.9281461238861	11.80049
21.9437761306763	5.245789
21.9593961238861	-1.530579
21.9750261306763	-7.89209
21.9906561374664	-13.13319
22.0062761306763	-16.70444
22.0219061374664	-18.41383
22.0375261306763	-18.47536
22.0531561374664	-17.39186
22.0687761306763	-15.68884
22.0844061374664	-13.69046
22.1000361442566	-11.40695
22.1156561374664	-8.598343
22.1312861442566	-4.970047
22.1469061374664	-0.3884125
22.1625361442566	4.974991
22.1781561374664	10.64674
22.1937861442566	15.963
22.2094161510468	20.29417
22.2250361442566	23.17625
22.2406661510468	24.38501
22.2562861442566	23.92387
22.2719161510468	21.92099
22.2875361442566	18.51654
22.3031661510468	13.85431
22.3187961578369	8.134644
22.3344161510468	1.679977
22.3500461578369	-5.016434
22.3656661510468	-11.38329
22.3812961578369	-16.94485
22.3969161510468	-21.42259
22.4125461578369	-24.79501
22.4281761646271	-27.25233
22.4437961578369	-28.99512
22.4594261646271	-30.06822
22.4750461578369	-30.31386
22.4906761646271	-29.45383
22.5062961578369	-27.26385
22.5219261646271	-23.76315
22.5375559329987	-19.2798
22.5531761646271	-14.38232
22.5688059329987	-9.722916
22.5844261646271	-5.833389
22.6000559329987	-3.022537
22.6156761646271	-1.326401
22.6313059329987	-0.5847778
22.6469359397888	-0.5743866
22.6625559329987	-1.059891
22.6781859397888	-1.865585
22.6938059329987	-2.851471
22.7094359397888	-3.906204
22.7250559329987	-4.906342
22.7406859397888	-5.701202
22.756315946579	-6.144974
22.7719359397888	-6.086655
22.787565946579	-5.441971
22.8031859397888	-4.149872
22.818815946579	-2.208252
22.8344359397888	0.2960968
22.850065946579	3.158211
22.8656959533691	6.014038
22.881315946579	8.408821
22.8969459533691	9.923164
22.912565946579	10.38853
22.9281959533691	10.0205
22.943815946579	9.460205
22.9594459533691	9.578323
22.9750759601593	11.11273
22.9906959533691	14.30859
23.0063259601593	18.74514
23.0219459533691	23.42514
23.0375759601593	27.16616
23.0531959533691	29.1329
23.0688259601593	29.21098
23.0844559669495	28.11967
23.1000759601593	27.07168
23.1157059669495	27.27086
23.1313259601593	29.25503
23.1469559669495	32.6073
23.1625759601593	36.08923
23.1782059669495	38.19086
23.1938359737396	37.83377
23.2094559669495	34.78532
23.2250859737396	29.70781
23.2407059669495	23.70429
23.2563359737396	18.00806
23.2719559669495	13.85182
23.2875859737396	12.53333
23.3032159805298	15.40423
23.3188359737396	23.26096
23.3344659805298	35.3875
23.3500859737396	48.89954
23.3657159805298	59.1518
23.3813459873199	61.36953
23.3969659805298	52.81834
23.4125959873199	34.27966
23.4282159805298	9.865498
23.4438459873199	-14.85424
23.4594659805298	-35.34142
23.4750959873199	-49.75973
23.4907259941101	-59.02348
23.5063459873199	-65.34377
23.5219759941101	-70.44108
23.5375959873199	-74.61269
23.5532259941101	-77.02597
23.5688459873199	-76.87028
23.5844759941101	-74.30406
23.6001060009003	-70.64448
23.6157259941101	-67.55499
23.6313560009003	-66.06555
23.6469759941101	-65.9705
23.6626060009003	-65.98492
23.6782259941101	-64.48868
23.6938560009003	-60.42251
23.7094860076904	-53.8876
23.7251060009003	-46.03373
23.7407360076904	-38.61546
23.7563560009003	-33.12629
23.7719860076904	-30.16777
23.7876060009003	-29.28355
23.8032360076904	-29.24689
23.8188660144806	-28.67201
23.8344860076904	-26.64394
23.8501160144806	-23.10237
23.8657360076904	-18.73431
23.8813660144806	-14.56712
23.8969860076904	-11.41221
23.9126160144806	-9.497007
23.9282460212708	-8.450273
23.9438660144806	-7.556581
23.9594960212708	-6.153246
23.9751160144806	-3.928026
23.9907460212708	-1.020984
24.0063660144806	2.120985
24.0219960212708	4.935452
24.0376260280609	6.92259
24.0532460212708	7.774412
24.0688760280609	7.33806
24.0844960212708	5.638254
24.1001260280609	2.87892
24.1157460212708	-0.5369601
24.1313760280609	-4.015681
24.1470060348511	-6.906335
24.1626260280609	-8.64038
24.1782560348511	-8.855922
24.1938760280609	-7.35365
24.2095060348511	-4.143682
24.2251260280609	0.5963964
24.2407560348511	6.509521
24.2563860416412	13.04017
24.2720060348511	19.52625
24.2876360416412	25.33541
24.3032560348511	30.00636
24.3188860416412	33.40452
24.3345060348511	35.71824
24.3501360416412	37.29947
24.3657660484314	38.49873
24.3813860416412	39.55261
24.3970160484314	40.51509
24.4126360416412	41.37775
24.4282660484314	42.1318
24.4438860416412	42.82384
24.4595160484314	43.57641
24.4751460552216	44.55211
24.4907660484314	45.87698
24.5063960552216	47.64609
24.5220160484314	49.8847
24.5376460552216	52.4784
24.5532660484314	55.21521
24.5688960552216	57.85009
24.5845260620117	60.17982
24.6001460552216	62.13435
24.6157760620117	63.77748
24.6313960552216	65.28355
24.6470260620117	66.8401
24.6626460552216	68.58082
24.6782760620117	70.44043
24.6939060688019	72.1915
24.7095260620117	73.52539
24.7251560688019	74.15057
24.7407760620117	73.90598
24.7564060688019	72.74644
24.7720260620117	70.70883
24.7876560688019	67.76711
24.803286075592	63.74027
24.8189060688019	58.24599
24.834536075592	50.77068
24.8501560688019	40.74297
24.865786075592	27.6227
24.8814060688019	11.09605
24.897036075592	-8.746422
24.9126660823822	-31.14622
24.928286075592	-54.60323
24.9439160823822	-77.0205
24.959536075592	-96.14783
24.9751660823822	-110.1823
24.990786075592	-118.3323
25.0064160823822	-121.0218
25.0220460891724	-119.6413
25.0376660823822	-116.0155
25.0532960891724	-111.7696
25.0689160823822	-107.9361
25.0845460891724	-104.9003
25.1001660823822	-102.5611
25.1157960891724	-100.6006
25.1314260959625	-98.66388
25.1470460891724	-96.43338
25.1626760959625	-93.60953
25.1782960891724	-89.90768
25.1939260959625	-85.09187
25.2095460891724	-79.07169
25.2251760959625	-71.92995
25.2408061027527	-63.90717
25.2564260959625	-55.37733
25.2720561027527	-46.71042
25.2876760959625	-38.18997
25.3033061027527	-29.99072
25.3189260959625	-22.18646
25.3345561027527	-14.8306
25.3501861095428	-8.030609
25.3658061027527	-1.963043
25.3814361095428	3.242096
25.3970561027527	7.538971
25.4126861095428	11.10431
25.4283061027527	14.2247
25.4439361095428	17.15649
25.459566116333	19.94661
25.4751861095428	22.40277
25.490816116333	24.1646
25.5064361095428	24.86606
25.522066116333	24.42068
25.5376961231232	23.0536
25.553316116333	21.31885
25.5689461231232	19.90419
25.584566116333	19.41508
25.6001961231232	20.13026
25.615816116333	21.78819
25.6314461231232	23.49757
25.6470761299133	23.82924
25.6626961231232	21.21635
25.6783261299133	14.47845
25.6939461231232	3.440063
25.7095761299133	-10.7847
25.7251961231232	-25.95447
25.7408261299133	-39.33649
25.7564561367035	-48.59735
25.7720761299133	-52.49081
25.7877061367035	-51.08562
25.8033261299133	-45.44983
25.8189561367035	-37.07504
25.8345761299133	-27.26761
25.8502061367035	-16.88821
25.8658361434937	-6.459137
25.8814561367035	3.622726
25.8970861434937	12.88678
25.9127061367035	20.83366
25.9283361434937	27.15123
25.9439561367035	31.9631
25.9595861434937	35.81018
25.9752161502838	39.52132
25.9908361434937	43.83609
26.0064661502838	49.04813
26.0220861434937	54.88719
26.0377161502838	60.62677
26.0533361434937	65.37801
26.0689661502838	68.43724
26.084596157074	69.52354
26.1002161502838	68.82657
26.115846157074	66.88445
26.1314661502838	64.33177
26.147096157074	61.63783
26.1627161502838	58.9807
26.178346157074	56.2377
26.1939761638641	53.11839
26.209596157074	49.34654
26.2252261638641	44.8541
26.240846157074	39.82211
26.2564761638641	34.57808
26.272096157074	29.44864
26.2877261638641	24.56793
26.3033559322357	19.88702
26.3189761638641	15.2428
26.3346059322357	10.54494
26.3502261638641	5.861221
26.3658559322357	1.398087
26.3814761638641	-2.632935
26.3971059322357	-6.157852
26.4127359390259	-9.324188
26.4283559322357	-12.43645
26.4439859390259	-15.77054
26.4596059322357	-19.44661
26.4752359390259	-23.35188
26.4908559322357	-27.2178
26.5064859390259	-30.73773
26.522115945816	-33.73811
26.5377359390259	-36.22871
26.553365945816	-38.38156
26.5689859390259	-40.43637
26.584615945816	-42.56999
26.6002359390259	-44.84584
26.615865945816	-47.1778
26.6314959526062	-49.39568
26.647115945816	-51.32506
26.6627459526062	-52.85355
26.678365945816	-53.97101
26.6939959526062	-54.73744
26.709615945816	-55.2005
26.7252459526062	-55.30963
26.7408759593964	-54.87152
26.7564959526062	-53.58333
26.7721259593964	-51.14081
26.7877459526062	-47.37984
26.8033759593964	-42.39217
26.8189959526062	-36.56654
26.8346259593964	-30.45651
26.8502559661865	-24.64076
26.8658759593964	-19.54143
26.8815059661865	-15.33206
26.8971259593964	-11.95027
26.9127559661865	-9.200302
26.9283759593964	-6.902191
26.9440059661865	-4.968307
26.9596359729767	-3.430908
26.9752559661865	-2.366013
26.9908859729767	-1.805618
27.0065059661865	-1.646286
27.0221359729767	-1.64798
27.0377559661865	-1.500183
27.0533859729767	-0.9673767
27.0690159797668	0.01722717
27.0846359729767	1.320099
27.1002659797668	2.679688
27.1158859729767	3.836319
27.1315159797668	4.650131
27.1471359729767	5.160477
27.1627659797668	5.535492
27.178395986557	5.941925
27.1940159797668	6.412216
27.209645986557	6.811966
27.2252659797668	6.927795
27.240895986557	6.604263
27.2565159797668	5.840256
27.272145986557	4.807281
27.2877759933472	3.76651
27.303395986557	2.91098
27.3190259933472	2.309464
27.334645986557	1.866974
27.3502759933472	1.430893
27.365895986557	0.880722
27.3815259933472	0.188385
27.3971560001373	-0.6050873
27.4127759933472	-1.439896
27.4284060001373	-2.275665
27.4440259933472	-3.101028
27.4596560001373	-3.871384
27.4752759933472	-4.464096
27.4909060001373	-4.638687
27.5065360069275	-4.122437
27.5221560001373	-2.671051
27.5377860069275	-0.2348022
27.5534060001373	3.00441
27.5690360069275	6.646103
27.5846560001373	10.17473
27.6002860069275	13.11391
27.6159160137177	15.16641
27.6315360069275	16.2274
27.6471660137177	16.36092
27.6627860069275	15.73415
27.6784160137177	14.52087
27.6940360069275	12.89702
27.7096660137177	11.04936
27.7252960205078	9.162979
27.7409160137177	7.448074
27.7565460205078	6.076324
27.7721660137177	5.129654
27.7877960205078	4.561203
27.8034160137177	4.19136
27.8190460205078	3.794937
27.834676027298	3.177528
27.8502960205078	2.231445
27.865926027298	0.961647
27.8815460205078	-0.5543823
27.897176027298	-2.211967
27.9127960205078	-3.931511
27.928426027298	-5.664177
27.9440560340881	-7.373291
27.959676027298	-9.001465
27.9753060340881	-10.44758
27.990926027298	-11.61756
28.0065560340881	-12.49434
28.022176027298	-13.14886
28.0378060340881	-13.74053
28.0534360408783	-14.43605
28.0690560340881	-15.32803
28.0846860408783	-16.38788
28.1003060340881	-17.51369
28.1159360408783	-18.56982
28.1315560340881	-19.44755
28.1471860408783	-20.05964
28.1628160476685	-20.27391
28.1784360408783	-19.90395
28.1940660476685	-18.72818
28.2096860408783	-16.57631
28.2253160476685	-13.45096
28.2409460544586	-9.616196
28.2565660476685	-5.586319
28.2721960544586	-1.965294
28.2878160476685	0.7049255
28.3034460544586	2.168434
28.3190660476685	2.483391
28.3346960544586	2.000526
28.3503260612488	1.158012
28.3659460544586	0.3334045
28.3815760612488	-0.2818604
28.3971960544586	-0.6867714
28.4128260612488	-0.9690628
28.4284460544586	-1.236397
28.4440760612488	-1.535378
28.4597060680389	-1.890087
28.4753260612488	-2.332561
28.4909560680389	-2.922585
28.5065760612488	-3.738998
28.5222060680389	-4.821445
28.5378260612488	-6.104538
28.5534560680389	-7.417583
28.5690860748291	-8.56292
28.5847060680389	-9.343721
28.6003360748291	-9.656811
28.6159560680389	-9.500948
28.6315860748291	-8.93067
28.6472060680389	-8.073275
28.6628360748291	-7.057558
28.6784660816193	-5.98235
28.6940860748291	-4.863089
28.7097160816193	-3.668006
28.7253360748291	-2.344172
28.7409660816193	-0.9539776
28.7565860748291	0.2815971
28.7722160816193	1.088267
28.7878460884094	1.282873
28.8034660816193	1.004749
28.8190960884094	0.7364445
28.8347160816193	1.159943
28.8503460884094	2.828912
28.8659660816193	5.91246
28.8815960884094	10.08
28.8972260951996	14.6362
28.9128460884094	18.86626
28.9284760951996	22.27187
28.9440960884094	24.66641
28.9597260951996	26.08989
28.9753460884094	26.615
28.9909760951996	26.27652
29.0066061019897	25.10064
29.0222260951996	23.1996
29.0378561019897	20.83734
29.0534760951996	18.4128
29.0691061019897	16.29221
29.0847260951996	14.7113
29.1003561019897	13.70378
29.1159861087799	13.13536
29.1316061019897	12.78318
29.1472361087799	12.47127
29.1628561019897	12.09097
29.1784861087799	11.61773
29.1941061019897	11.07362
29.2097361087799	10.47887
29.2253661155701	9.834045
29.2409861087799	9.115814
29.2566161155701	8.32682
29.2722361087799	7.50914
29.2878661155701	6.774864
29.3034861087799	6.234612
29.3191161155701	5.901482
29.3347461223602	5.621445
29.3503661155701	5.066704
29.3659961223602	3.862808
29.3816161155701	1.755043
29.3972461223602	-1.256226
29.4128661155701	-4.880562
29.4284961223602	-8.620865
29.4441261291504	-11.94152
29.4597461223602	-14.3755
29.4753761291504	-15.58205
29.4909961223602	-15.3355
29.5066261291504	-13.54504
29.5222461223602	-10.2982
29.5378761291504	-5.878471
29.5535061359406	-0.7877579
29.5691261291504	4.390045
29.5847561359406	9.147873
29.6003761291504	13.20576
29.6160061359406	16.54922
29.6316261291504	19.3376
29.6472561359406	21.74116
29.6628861427307	23.84272
29.6785061359406	25.64689
29.6941361427307	27.10452
29.7097561359406	28.21317
29.7253861427307	29.04601
29.7410061359406	29.71449
29.7566361427307	30.26893
29.7722661495209	30.65857
29.7878861427307	30.74947
29.8035161495209	30.38781
29.8191361427307	29.52158
29.8347661495209	28.2385
29.8503861427307	26.71803
29.8660161495209	25.18677
29.881646156311	23.77359
29.8972661495209	22.41039
29.912896156311	20.84522
29.9285161495209	18.70407
29.944146156311	15.60671
29.9597661495209	11.36585
29.975396156311	6.094421
29.9910261631012	0.2213593
30.006646156311	-5.545181
30.0222761631012	-10.45601
30.037896156311	-13.95214
30.0535261631012	-15.8846
30.069146156311	-16.62948
30.0847761631012	-17.03845
30.1004059314728	-18.07465
30.1160261631012	-20.43201
30.1316559314728	-24.2803
30.1472761631012	-29.16779
30.1629059314728	-34.15153
30.1785261631012	-38.19536
30.1941559314728	-40.44174
30.2097859382629	-40.45395
30.2254059314728	-38.34565
30.2410359382629	-34.72234
30.2566559314728	-30.69911
30.2722859382629	-27.80447
30.2879059314728	-27.57635
30.3035359382629	-30.93378
30.3191659450531	-37.56791
30.3347859382629	-45.67786
30.3504159450531	-52.44398
30.3660359382629	-55.02949
30.3816659450531	-51.67403
30.3972959518433	-42.41347
30.4129159450531	-28.89668
30.4285459518433	-13.5722
30.4441659450531	1.328331
30.4597959518433	14.41107
30.4754159450531	25.21021
30.4910459518433	33.74208
30.5066759586334	40.04966
30.5222959518433	44.08414
30.5379259586334	45.79853
30.5535459518433	45.45995
30.5691759586334	43.79578
30.5847959518433	41.69572
30.6004259586334	39.8586
30.6160559654236	38.53997
30.6316759586334	37.41249
30.6473059654236	35.75292
30.6629259586334	32.93152
30.6785559654236	28.65619
30.6941759586334	23.21045
30.7098059654236	17.41467
30.7254359722137	12.22566
30.7410559654236	8.341034
30.7566859722137	5.944107
30.7723059654236	4.682495
30.7879359722137	3.88858
30.8035559654236	2.978973
30.8191859722137	1.690002
30.8348159790039	0.1291504
30.8504359722137	-1.359634
30.8660659790039	-2.444504
30.8816859722137	-2.936844
30.8973159790039	-2.782059
30.9129359722137	-1.986771
30.9285659790039	-0.5362244
30.9441959857941	1.602631
30.9598159790039	4.376114
30.9754459857941	7.548172
30.9910659790039	10.74004
31.0066959857941	13.53072
31.0223159790039	15.65317
31.0379459857941	17.10272
31.0535759925842	18.06287
31.0691959857941	18.76068
31.0848259925842	19.2692
31.1004459857941	19.42761
31.1160759925842	18.92033
31.1316959857941	17.48854
31.1473259925842	15.09728
31.1629559993744	12.08363
31.1785759925842	9.042084
31.1942059993744	6.581306
31.2098259925842	5.057472
31.2254559993744	4.440819
31.2410759925842	4.333694
31.2567059993744	4.180832
31.2723360061646	3.563309
31.2879559993744	2.310219
31.3035860061646	0.5745697
31.3192059993744	-1.320435
31.3348360061646	-3.075264
31.3504559993744	-4.531746
31.3660860061646	-5.680084
31.3817160129547	-6.63044
31.3973360061646	-7.487617
31.4129660129547	-8.298729
31.4285860061646	-9.036331
31.4442160129547	-9.654221
31.4598360061646	-10.13125
31.4754660129547	-10.51637
31.4910960197449	-10.92737
31.5067160129547	-11.50668
31.5223460197449	-12.40314
31.5379660129547	-13.67104
31.5535960197449	-15.24268
31.5692160129547	-16.89871
31.5848460197449	-18.34363
31.600476026535	-19.2701
31.6160960197449	-19.48385
31.631726026535	-18.89711
31.6473460197449	-17.53343
31.662976026535	-15.46559
31.6785960197449	-12.78223
31.694226026535	-9.574585
31.7098560333252	-6.022179
31.725476026535	-2.37516
31.7411060333252	1.054161
31.756726026535	3.972366
31.7723560333252	6.234108
31.787976026535	7.870293
31.8036060333252	9.077347
31.8192360401154	10.06339
31.8348560333252	10.96887
31.8504860401154	11.81438
31.8661060333252	12.54367
31.8817360401154	13.13886
31.8973560333252	13.67373
31.9129860401154	14.25946
31.9286160469055	14.97638
31.9442360401154	15.79208
31.9598660469055	16.50303
31.9754860401154	16.83651
31.9911160469055	16.50671
32.0067360401154	15.37536
32.0223660469055	13.47179
32.0379960536957	11.01967
32.0536160469055	8.33065
32.0692460536957	5.768929
32.0848660469055	3.634521
32.1004960536957	2.127533
32.1161160469055	1.296234
32.1317460536957	1.013412
32.1473760604858	1.035606
32.1629960536957	1.063652
32.1786260604858	0.8169327
32.1942460536957	0.1233139
32.2098760604858	-1.073349
32.2254960536957	-2.687798
32.2411260604858	-4.577927
32.256756067276	-6.555191
32.2723760604858	-8.468079
32.288006067276	-10.22591
32.3036260604858	-11.79991
32.319256067276	-13.21597
32.3348760604858	-14.52552
32.350506067276	-15.77813
32.3661360740662	-16.96961
32.381756067276	-18.03812
32.3973860740662	-18.81259
32.413006067276	-19.07519
32.4286360740662	-18.6046
32.444256067276	-17.28758
32.4598860740662	-15.18416
32.4755160808563	-12.50473
32.4911360740662	-9.592274
32.5067660808563	-6.721996
32.5223860740662	-4.066196
32.5380160808563	-1.620117
32.5536360740662	0.6966591
32.5692660808563	2.982792
32.5848960876465	5.234524
32.6005160808563	7.339142
32.6161460876465	9.139881
32.6317660808563	10.48629
32.6473960876465	11.30985
32.6630260944366	11.66078
32.6786460876465	11.66937
32.6942760944366	11.50569
32.7098960876465	11.35403
32.7255260944366	11.3603
32.7411460876465	11.57748
32.7567760944366	11.96255
32.7724061012268	12.39484
32.7880260944366	12.70623
32.8036561012268	12.77602
32.8192760944366	12.58889
32.8349061012268	12.23665
32.8505260944366	11.88921
32.8661561012268	11.69223
32.881786108017	11.67252
32.8974061012268	11.70499
32.913036108017	11.55566
32.9286561012268	11.02438
32.944286108017	10.06802
32.9599061012268	8.830896
32.975536108017	7.57933
32.9911661148071	6.519131
33.006786108017	5.697952
33.0224161148071	4.976548
33.038036108017	4.153816
33.0536661148071	3.083694
33.069286108017	1.793405
33.0849161148071	0.4864817
33.1005461215973	-0.5837259
33.1161661148071	-1.196927
33.1317961215973	-1.284546
33.1474161148071	-0.9063247
33.1630461215973	-0.152575
33.1786661148071	0.9628272
33.1942961215973	2.563131
33.2099261283875	4.913346
33.2255461215973	8.384868
33.2411761283875	13.28324
33.2567961215973	19.66838
33.2724261283875	27.15934
33.2880461215973	34.91074
33.3036761283875	41.7966
33.3193061351776	46.80421
33.3349261283875	49.37451
33.3505561351776	49.62093
33.3661761283875	48.32676
33.3818061351776	46.78348
33.3974261283875	46.49129
33.4130561351776	48.85068
33.4286861419678	54.82613
33.4443061351776	64.56486
33.4599361419678	77.0489
33.4755561351776	89.90457
33.4911861419678	99.702
33.5068061351776	102.7759
33.5224361419678	96.40863
33.5380661487579	79.87196
33.5536861419678	54.7873
33.5693161487579	24.60176
33.5849361419678	-6.5616
33.6005661487579	-35.18252
33.6161861419678	-59.13054
33.6318161487579	-77.73205
33.6474461555481	-91.25494
33.6630661487579	-100.238
33.6786961555481	-105.1215
33.6943161487579	-106.2203
33.7099461555481	-104.0272
33.7255661487579	-99.39319
33.7411961555481	-93.45724
33.7568261623383	-87.29079
33.7724461555481	-81.54169
33.7880761623383	-76.2827
33.8036961555481	-71.17976
33.8193261623383	-65.85806
33.8349461555481	-60.19174
33.8505761623383	-54.48546
33.8662059307098	-49.39174
33.8818261623383	-45.59375
33.8974559307098	-43.48482
33.9130761623383	-42.95822
33.9287059307098	-43.39226
33.9443261623383	-43.8979
33.9599559307098	-43.59979
33.9755859375	-41.91928
33.9912059307098	-38.73141
34.0068359375	-34.37804
34.0224559307098	-29.49411
34.0380859375	-24.77974
34.0537059307098	-20.77332
34.0693359375	-17.7254
34.0849659442902	-15.60707
34.1005859375	-14.21339
34.1162159442902	-13.32571
34.1318359375	-12.79762
34.1474659442902	-12.57683
34.1630859375	-12.57875
34.1787159442902	-12.65047
34.1943459510803	-12.53789
34.2099659442902	-11.98573
34.2255959510803	-10.83585
34.2412159442902	-9.115814
34.2568459510803	-7.006424
34.2724659442902	-4.782394
34.2880959510803	-2.735474
34.3037259578705	-1.040939
34.3193459510803	0.2016449
34.3349759578705	1.004532
34.3505959510803	1.443649
34.3662259578705	1.633133
34.3818459510803	1.680878
34.3974759578705	1.641068
34.4131059646606	1.490662
34.4287259578705	1.122391
34.4443559646606	0.4398804
34.4599759578705	-0.567276
34.4756059646606	-1.668762
34.4912259578705	-2.442291
34.5068559646606	-2.377304
34.5224859714508	-1.123184
34.5381059646606	1.30928
34.5537359714508	4.521469
34.5693559646606	7.81662
34.5849859714508	10.49054
34.6006059646606	12.08258
34.6162359714508	12.53589
34.631865978241	12.13641
34.6474859714508	11.35556
34.663115978241	10.68729
34.6787359714508	10.51929
34.694365978241	11.14195
34.7099859714508	12.74268
34.725615978241	15.42273
34.7412459850311	19.1026
34.756865978241	23.47693
34.7724959850311	28.0368
34.788115978241	32.18862
34.8037459850311	35.44779
34.819365978241	37.55615
34.8349959850311	38.51311
34.8506259918213	38.47066
34.8662459850311	37.63911
34.8818759918213	36.20789
34.8974959850311	34.40565
34.9131259918213	32.58906
34.9287459850311	31.24831
34.9443759918213	30.88226
34.9600059986115	31.76251
34.9756259918213	33.72267
34.9912559986115	36.20917
35.0068759918213	38.50267
35.0225059986115	40.07434
35.0381259918213	40.78162
35.0537559986115	40.88831
35.0693860054016	40.7765
35.0850059986115	40.65147
35.1006360054016	40.34622
35.1162559986115	39.45412
35.1318860054016	37.62079
35.1475059986115	34.81738
35.1631360054016	31.47594
35.1787660121918	28.27666
35.1943860054016	25.80319
35.2100160121918	24.23657
35.2256360054016	23.27072
35.2412660121918	22.28682
35.2568960189819	20.65703
35.2725160121918	18.02513
35.2881460189819	14.37863
35.3037660121918	10.02296
35.3193960189819	5.415802
35.3350160121918	1.030212
35.3506460189819	-2.634018
35.3662760257721	-5.090866
35.3818960189819	-5.917511
35.3975260257721	-4.863678
35.4131460189819	-1.986633
35.4287760257721	2.261856
35.4443960189819	7.105392
35.4600260257721	11.68205
35.4756560325623	15.26772
35.4912760257721	17.47731
35.5069060325623	18.31245
35.5225260257721	18.08675
35.5381560325623	17.23438
35.5537760257721	16.18559
35.5694060325623	15.16486
35.5850360393524	14.15796
35.6006560325623	12.90219
35.6162860393524	11.0531
35.6319060325623	8.369629
35.6475360393524	4.853149
35.6631560325623	0.819397
35.6787860393524	-3.2099
35.6944160461426	-6.757935
35.7100360393524	-9.565979
35.7256660461426	-11.67099
35.7412860393524	-13.38181
35.7569160461426	-15.06009
35.7725360393524	-16.9856
35.7881660461426	-19.34576
35.8037960529327	-22.22098
35.8194160461426	-25.6311
35.8350460529327	-29.5726
35.8506660461426	-33.91864
35.8662960529327	-38.33646
35.8819160461426	-42.40952
35.8975460529327	-45.74759
35.9131760597229	-48.17355
35.9287960529327	-49.86047
35.9444260597229	-51.27921
35.9600460529327	-52.97345
35.9756760597229	-55.2384
35.9912960529327	-57.87192
36.0069260597229	-60.12784
36.0225560665131	-60.93585
36.0381760597229	-59.27573
36.0538060665131	-54.52548
36.0694260597229	-46.73712
36.0850560665131	-36.61865
36.1006760597229	-25.36484
36.1163060665131	-14.31705
36.1319360733032	-4.629486
36.1475560665131	2.959625
36.1631860733032	8.201874
36.1788060665131	11.2916
36.1944360733032	12.70132
36.2100560665131	13.01218
36.2256860733032	12.77576
36.2413160800934	12.38315
36.2569360733032	11.99362
36.2725660800934	11.5527
36.2881860733032	10.8259
36.3038160800934	9.539032
36.3194360733032	7.459167
36.3350660800934	4.511292
36.3506960868835	0.7459412
36.3663160800934	-3.63501
36.3819460868835	-8.349854
36.3975660800934	-13.11813
36.4131960868835	-17.70575
36.4288160800934	-21.95004
36.4444460868835	-25.7684
36.4600760936737	-29.20557
36.4756960868835	-32.35526
36.4913260936737	-35.36853
36.5069460868835	-38.30777
36.5225760936737	-41.08087
36.5381960868835	-43.4314
36.5538260936737	-45.0105
36.5694561004639	-45.54886
36.5850760936737	-45.0217
36.6007061004639	-43.70914
36.6163260936737	-42.11935
36.6319561004639	-40.84415
36.6475760936737	-40.3429
36.6632061004639	-40.78506
36.678836107254	-42.02661
36.6944561004639	-43.62329
36.710086107254	-44.92548
36.7257061004639	-45.25006
36.741336107254	-43.98245
36.7569561004639	-40.74777
36.772586107254	-35.53159
36.7882161140442	-28.72226
36.803836107254	-21.01547
36.8194661140442	-13.26654
36.835086107254	-6.193787
36.8507161140442	-0.1849976
36.866336107254	4.738373
36.8819661140442	8.851501
36.8975961208344	12.51526
36.9132161140442	15.939
36.9288461208344	19.0856
36.9444661140442	21.73334
36.9600961208344	23.57721
36.9757161140442	24.46298
36.9913461208344	24.46008
37.0069761276245	23.85596
37.0225961208344	22.99759
37.0382261276245	22.17377
37.0538461208344	21.50882
37.0694761276245	20.98962
37.0850961208344	20.54227
37.1007261276245	20.12064
37.1163561344147	19.74347
37.1319761276245	19.40802
37.1476061344147	19.04517
37.1632261276245	18.49597
37.1788561344147	17.58279
37.1944761276245	16.20673
37.2101061344147	14.41364
37.2257361412048	12.37576
37.2413561344147	10.3158
37.2569861412048	8.435455
37.2726061344147	6.834839
37.2882361412048	5.535431
37.3038561344147	4.523132
37.3194861412048	3.745148
37.335116147995	3.114685
37.3507361412048	2.481903
37.366366147995	1.623871
37.3819861412048	0.2920532
37.397616147995	-1.696198
37.4132361412048	-4.36142
37.428866147995	-7.481506
37.4444961547852	-10.57977
37.460116147995	-13.01086
37.4757461547852	-14.07828
37.491366147995	-13.24951
37.5069961547852	-10.32739
37.5226261615753	-5.543762
37.5382461547852	0.4412842
37.5538761615753	6.75824
37.5694961547852	12.55942
37.5851261615753	17.27197
37.6007461547852	20.70316
37.6163761615753	22.98703
37.6320059299469	24.40643
37.6476261615753	25.19348
37.6632559299469	25.46814
37.6788761615753	25.21899
37.6945059299469	24.47113
37.7101261615753	23.3244
37.7257559299469	21.96964
37.7413859367371	20.57864
37.7570059299469	19.24915
37.7726359367371	17.94763
37.7882559299469	16.54395
37.8038859367371	14.9248
37.8195059299469	13.0015
37.8351359367371	10.79437
37.8507659435272	8.382935
37.8663859367371	5.859253
37.8820159435272	3.319031
37.8976359367371	0.8543091
37.9132659435272	-1.4328
37.9288859367371	-3.421722
37.9445159435272	-5.026215
37.9601459503174	-6.232635
37.9757659435272	-7.074249
37.9913959503174	-7.611664
38.0070159435272	-7.907104
38.0226459503174	-8.003113
38.0382659435272	-7.947632
38.0538959503174	-7.79657
38.0695259571075	-7.599365
38.0851459503174	-7.378693
38.1007759571075	-7.132629
38.1163959503174	-6.849915
38.1320259571075	-6.550537
38.1476459503174	-6.322601
38.1632759571075	-6.32724
38.1789059638977	-6.780762
38.1945259571075	-7.871796
38.2101559638977	-9.703949
38.2257759571075	-12.2095
38.2414059638977	-15.14697
38.2570259571075	-18.08408
38.2726559638977	-20.4519
38.2882859706879	-21.60901
38.3039059638977	-20.98886
38.3195359706879	-18.29822
38.3351559638977	-13.65982
38.3507859706879	-7.658234
38.3664059638977	-1.22702
38.3820359706879	4.59729
38.397665977478	8.969025
38.4132859706879	11.41592
38.428915977478	11.85471
38.4445359706879	10.4429
38.460165977478	7.437592
38.4757859706879	3.088684
38.491415977478	-2.323761
38.5070459842682	-8.485504
38.522665977478	-15.05283
38.5382959842682	-21.76627
38.553915977478	-28.56107
38.5695459842682	-35.61517
38.585165977478	-43.20142
38.6007959842682	-51.43608
38.6164259910583	-60.03705
38.6320459842682	-68.27406
38.6476759910583	-75.13579
38.6632959842682	-79.63545
38.6789259910583	-81.12253
38.6945459842682	-79.40344
38.7101759910583	-74.68024
38.7258059978485	-67.35355
38.7414259910583	-57.8483
38.7570559978485	-46.59288
38.7726759910583	-34.06877
38.7883059978485	-20.92015
38.8039259910583	-7.931137
38.8195559978485	4.082092
38.8351860046387	14.43733
38.8508059978485	22.77576
38.8664360046387	29.13614
38.8820559978485	33.84871
38.8976860046387	37.35898
38.9133059978485	40.01842
38.9289360046387	41.96727
38.9445660114288	43.13348
38.9601860046387	43.33119
38.9758160114288	42.37863
38.9914360046387	40.24106
39.0070660114288	37.1559
39.0226860046387	33.57301
39.0383160114288	30.11172
39.053946018219	27.38388
39.0695660114288	25.79388
39.085196018219	25.42766
39.1008160114288	26.05211
39.116446018219	27.16531
39.1320660114288	28.23321
39.147696018219	28.8562
39.1633260250092	28.87664
39.178946018219	28.39204
39.1945760250092	27.6419
39.210196018219	26.83909
39.2258260250092	26.07774
39.241446018219	25.29426
39.2570760250092	24.3264
39.2727060317993	23.03674
39.2883260250092	21.43279
39.3039560317993	19.66269
39.3195760250092	18.02473
39.3352060317993	16.8301
39.3508260250092	16.26335
39.3664560317993	16.30598
39.3820860385895	16.72082
39.3977060317993	17.16647
39.4133360385895	17.32943
39.4289560317993	17.05523
39.4445860385895	16.31525
39.4602060317993	15.20331
39.4758360385895	13.83543
39.4914660453796	12.2477
39.5070860385895	10.42275
39.5227160453796	8.280693
39.5383360385895	5.805367
39.5539660453796	3.077049
39.5695860385895	0.2961197
39.5852160453796	-2.307068
39.6008460521698	-4.477623
39.6164660453796	-6.092896
39.6320960521698	-7.201782
39.6477160453796	-8.025955
39.6633460521698	-8.912651
39.67897605896	-10.20568
39.6945960521698	-12.11907
39.71022605896	-14.66845
39.7258460521698	-17.6131
39.74147605896	-20.50923
39.7570960521698	-22.79466
39.77272605896	-23.91891
39.7883560657501	-23.43762
39.80397605896	-21.15957
39.8196060657501	-17.18431
39.83522605896	-11.93352
39.8508560657501	-6.052994
39.86647605896	-0.2841873
39.8821060657501	4.767776
39.8977360725403	8.749199
39.9133560657501	11.62464
39.9289860725403	13.61186
39.9446060657501	14.97529
39.9602360725403	15.89896
39.9758560657501	16.3843
39.9914860725403	16.34532
40.0071160793304	15.71948
40.0227360725403	14.56371
40.0383660793304	13.08976
40.0539860725403	11.55925
40.0696160793304	10.16697
40.0852360725403	8.916035
40.1008660793304	7.682831
40.1164960861206	6.295395
40.1321160793304	4.68689
40.1477460861206	2.916744
40.1633660793304	1.151798
40.1789960861206	-0.4553776
40.1946160793304	-1.828318
40.2102460861206	-2.980888
40.2258760929108	-4.00621
40.2414960861206	-5.012674
40.2571260929108	-6.07531
40.2727460861206	-7.232981
40.2883760929108	-8.495897
40.3039960861206	-9.810595
40.3196260929108	-11.0912
40.3352560997009	-12.1755
40.3508760929108	-12.86647
40.3665060997009	-13.01236
40.3821260929108	-12.56465
40.3977560997009	-11.6314
40.4133760929108	-10.46275
40.4290060997009	-9.422384
40.4446361064911	-8.847473
40.4602560997009	-8.997643
40.4758861064911	-9.906007
40.4915060997009	-11.35852
40.5071361064911	-12.86946
40.5227560997009	-13.81797
40.5383861064911	-13.6205
40.5540161132812	-11.91153
40.5696361064911	-8.72069
40.5852661132812	-4.393205
40.6008861064911	0.4569072
40.6165161132812	5.23421
40.6321361064911	9.508467
40.6477661132812	13.12121
40.6633961200714	16.11067
40.6790161132812	18.60673
40.6946461200714	20.66375
40.7102661132812	22.2215
40.7258961200714	23.18046
40.7415161132812	23.45889
40.7571461200714	23.10935
40.7727761268616	22.30538
40.7883961200714	21.26839
40.8040261268616	20.1922
40.8196461200714	19.17916
40.8352761268616	18.21204
40.8508961200714	17.19067
40.8665261268616	15.96511
40.8821561336517	14.3433
40.8977761268616	12.14452
40.9134061336517	9.221107
40.9290261268616	5.525345
40.9446561336517	1.177528
40.9602761268616	-3.542995
40.9759061336517	-8.253765
40.9915361404419	-12.55333
41.0071561336517	-16.09802
41.0227861404419	-18.66978
41.0384061336517	-20.17685
41.0540361404419	-20.66158
41.0696561336517	-20.33725
41.0852861404419	-19.58298
41.1009161472321	-18.93221
41.1165361404419	-18.95131
41.1321661472321	-20.07155
41.1477861404419	-22.41416
41.1634161472321	-25.78698
41.1790361404419	-29.73311
41.1946661472321	-33.79062
41.2102961540222	-37.68564
41.2259161472321	-41.4336
41.2415461540222	-45.25296
41.2571661472321	-49.38219
41.2727961540222	-53.80587
41.2884161472321	-58.17142
41.3040461540222	-61.82115
41.3196761608124	-64.05036
41.3352961540222	-64.42169
41.3509261608124	-62.9703
41.3665461540222	-60.26532
41.3821761608124	-57.25802
41.3977961540222	-54.90312
41.4134261608124	-53.87896
41.429055929184	-54.34102
41.4446761608124	-55.94985
41.460305929184	-58.074
41.4759261608124	-60.05038
41.491555929184	-61.2758
41.5071761608124	-61.1877
41.522805929184	-59.20009
41.5384359359741	-54.77516
41.554055929184	-47.55768
41.5696859359741	-37.60385
41.585305929184	-25.46616
41.6009359359741	-12.06148
41.616555929184	1.577728
41.6321859359741	14.56705
41.6478159427643	26.34338
41.6634359359741	36.58565
41.6790659427643	45.1342
41.6946859359741	51.87993
41.7103159427643	56.80037
41.7259359359741	60.04147
41.7415659427643	61.97658
41.7571959495544	63.09319
41.7728159427643	63.81836
41.7884459495544	64.33592
41.8040659427643	64.57236
41.8196959495544	64.29805
41.8353159427643	63.32841
41.8509459495544	61.63766
41.8665759563446	59.39645
41.8821959495544	56.88638
41.8978259563446	54.42441
41.9134459495544	52.23026
41.9290759563446	50.38458
41.9446959495544	48.78366
41.9603259563446	47.19775
41.9759559631348	45.33841
41.9915759563446	42.95508
42.0072059631348	39.93295
42.0228259563446	36.38525
42.0384559631348	32.63547
42.0540759563446	29.18387
42.0697059631348	26.55368
42.0853359699249	25.1532
42.1009559631348	25.1228
42.1165859699249	26.31036
42.1322059631348	28.28598
42.1478359699249	30.50031
42.1634559631348	32.4147
42.1790859699249	33.65021
42.1947159767151	34.03098
42.2103359699249	33.56113
42.2259659767151	32.37784
42.2415859699249	30.63458
42.2572159767151	28.51004
42.2728359699249	26.17181
42.2884659767151	23.81439
42.3040959835052	21.68173
42.3197159767151	20.00479
42.3353459835052	18.96722
42.3509659767151	18.62305
42.3665959835052	18.87781
42.3822259902954	19.48883
42.3978459835052	20.14017
42.4134759902954	20.51508
42.4290959835052	20.397
42.4447259902954	19.75656
42.4603459835052	18.72943
42.4759759902954	17.56723
42.4916059970856	16.50824
42.5072259902954	15.67917
42.5228559970856	15.01169
42.5384759902954	14.29367
42.5541059970856	13.30322
42.5697259902954	11.91544
42.5853559970856	10.23697
42.6009860038757	8.526184
42.6166059970856	7.105591
42.6322360038757	6.19043
42.6478559970856	5.823975
42.6634860038757	5.826752
42.6791059970856	5.910309
42.6947360038757	5.765869
42.7103660106659	5.139709
42.7259860038757	3.944427
42.7416160106659	2.247894
42.7572360038757	0.3041992
42.7728660106659	-1.532745
42.7884860038757	-2.872253
42.8041160106659	-3.383728
42.8197460174561	-2.911682
42.8353660106659	-1.524261
42.8509960174561	0.4688721
42.8666160106659	2.662781
42.8822460174561	4.612579
42.8978660106659	5.999664
42.9134960174561	6.63739
42.9291260242462	6.510345
42.9447460174561	5.723724
42.9603760242462	4.46524
42.9759960174561	2.93576
42.9916260242462	1.352753
43.0072460174561	-0.0541687
43.0228760242462	-1.079041
43.0385060310364	-1.590698
43.0541260242462	-1.588074
43.0697560310364	-1.226593
43.0853760242462	-0.7904053
43.1010060310364	-0.5790405
43.1166260242462	-0.818634
43.1322560310364	-1.610809
43.1478860378265	-2.904877
43.1635060310364	-4.563019
43.1791360378265	-6.407806
43.1947560310364	-8.258087
43.2103860378265	-9.971069
43.2260060310364	-11.42671
43.2416360378265	-12.52841
43.2572660446167	-13.21233
43.2728860378265	-13.48946
43.2885160446167	-13.41693
43.3041360378265	-13.13269
43.3197660446167	-12.80875
43.3353860378265	-12.64012
43.3510160446167	-12.8307
43.3666460514069	-13.54253
43.3822660446167	-14.83728
43.3978960514069	-16.61824
43.4135160446167	-18.6593
43.4291460514069	-20.58833
43.4447660446167	-21.99806
43.4603960514069	-22.48837
43.476026058197	-21.75858
43.4916460514069	-19.67033
43.507276058197	-16.29478
43.5228960514069	-11.93819
43.538526058197	-7.085983
43.5541460514069	-2.315628
43.569776058197	1.868484
43.5854060649872	5.131195
43.601026058197	7.396561
43.6166560649872	8.800842
43.632276058197	9.594284
43.6479060649872	10.03069
43.663526058197	10.28032
43.6791560649872	10.38968
43.6947860717773	10.3331
43.7104060649872	10.07941
43.7260360717773	9.629089
43.7416560649872	9.049271
43.7572860717773	8.478729
43.7729060649872	8.031601
43.7885360717773	7.797333
43.8041660785675	7.781097
43.8197860717773	7.927429
43.8354160785675	8.140137
43.8510360717773	8.34285
43.8666660785675	8.481934
43.8822860717773	8.522995
43.8979160785675	8.464386
43.9135460853577	8.307922
43.9291660785675	8.09053
43.9447960853577	7.891846
43.9604160785675	7.868561
43.9760460853577	8.161423
43.9916660785675	8.881393
44.0072960853577	9.986938
44.0229260921478	11.28868
44.0385460853577	12.50822
44.0541760921478	13.37692
44.0697960853577	13.74895
44.0854260921478	13.68759
44.1010460853577	13.45667
44.1166760921478	13.40927
44.132306098938	13.89291
44.1479260921478	15.09821
44.163556098938	17.02946
44.1791760921478	19.51303
44.194806098938	22.29721
44.2104260921478	25.16112
44.226056098938	27.97766
44.2416861057281	30.75085
44.257306098938	33.53271
44.2729361057281	36.35664
44.288556098938	39.17089
44.3041861057281	41.8258
44.319806098938	44.11775
44.3354361057281	45.93798
44.3510661125183	47.39231
44.3666861057281	48.81332
44.3823161125183	50.70122
44.3979361057281	53.47626
44.4135661125183	57.31468
44.4291861057281	61.98311
44.4448161125183	66.88957
44.4604461193085	71.27155
44.4760661125183	74.45999
44.4916961193085	76.13008
44.5073161125183	76.37556
44.5229461193085	75.73546
44.5385661125183	75.05762
44.5541961193085	75.36916
44.5698261260986	77.54017
44.5854461193085	81.87534
44.6010761260986	87.64882
44.6166961193085	92.86064
44.6323261260986	94.488
44.6479561328888	89.32874
44.6635761260986	75.24502
44.6792061328888	52.19474
44.6948261260986	22.56543
44.7104561328888	-9.50407
44.7260761260986	-39.55473
44.7417061328888	-64.21066
44.757336139679	-82.03549
44.7729561328888	-93.43288
44.788586139679	-99.91078
44.8042061328888	-103.2193
44.819836139679	-104.8811
44.8354561328888	-106.1181
44.851086139679	-107.9313
44.8667161464691	-111.0627
44.882336139679	-115.6629
44.8979661464691	-121.0222
44.913586139679	-125.5388
44.9292161464691	-127.2163
44.944836139679	-124.4004
44.9604661464691	-116.4629
44.9760961532593	-104.0753
44.9917161464691	-88.89964
45.0073461532593	-72.96469
45.0229661464691	-58.01215
45.0385961532593	-45.10754
45.0542161464691	-34.50444
45.0698461532593	-25.84592
45.0854761600494	-18.44566
45.1010961532593	-11.62248
45.1167261600494	-4.960464
45.1323461532593	1.54834
45.1479761600494	7.557495
45.1635961532593	12.62665
45.1792261600494	16.4034
45.194855928421	18.81837
45.2104761600494	20.07913
45.226105928421	20.53207
45.2417261600494	20.59479
45.257355928421	20.83191
45.2729761600494	21.92505
45.288605928421	24.48599
45.3042359352112	28.52863
45.319855928421	32.9725
45.3354859352112	35.64108
45.351105928421	33.90668
45.3667359352112	25.87714
45.382355928421	11.50391
45.3979859352112	-7.157349
45.4136159420013	-26.63736
45.4292359352112	-43.48785
45.4448659420013	-55.56934
45.4604859352112	-62.61249
45.4761159420013	-65.74725
45.4917359352112	-66.57443
45.5073659420013	-66.25583
45.5229959487915	-65.26038
45.5386159420013	-63.64862
45.5542459487915	-61.53067
45.5698659420013	-59.28314
45.5854959487915	-57.39636
45.6011159420013	-56.13403
45.6167459487915	-55.27191
45.6323759555817	-54.17786
45.6479959487915	-52.14151
45.6636259555817	-48.71753
45.6792459487915	-44.04404
45.6948759555817	-38.8382
45.7104959487915	-34.11154
45.7261259555817	-30.78412
45.7417559623718	-29.32434
45.7573759555817	-29.59052
45.7730059623718	-30.97296
45.7886259555817	-32.7785
45.8042559623718	-34.55765
45.8198759555817	-36.27542
45.8355059623718	-38.19733
45.851135969162	-40.61945
45.8667559623718	-43.65793
45.882385969162	-47.20401
45.8980059623718	-51.0766
45.913635969162	-55.17731
45.9292559623718	-59.50888
45.944885969162	-64.08237
45.9605159759521	-68.87286
45.976135969162	-73.77692
45.9917659759521	-78.78745
46.007385969162	-84.04956
46.0230159759521	-89.86688
46.038635969162	-96.3649
46.0542659759521	-103.0897
46.0698959827423	-108.854
46.0855159759521	-112.1182
46.1011459827423	-111.6374
46.1167659759521	-107.1986
46.1323959827423	-99.76437
46.1480159759521	-90.97829
46.1636459827423	-82.24844
46.1792759895325	-73.8956
46.1948959827423	-64.97523
46.2105259895325	-53.87984
46.2261459827423	-39.35663
46.2417759895325	-21.32837
46.2573959827423	-1.071548
46.2730259895325	19.43016
46.2886559963226	38.45107
46.3042759895325	55.22991
46.3199059963226	70.08413
46.3355259895325	83.79861
46.3511559963226	96.7823
46.3667759895325	108.5518
46.3824059963226	117.8938
46.3980360031128	123.4707
46.4136559963226	124.5356
46.4292860031128	121.4231
46.4449059963226	115.4115
46.4605360031128	108.0864
46.4761559963226	100.658
46.4917860031128	93.53218
46.507416009903	86.4386
46.5230360031128	78.95503
46.538666009903	71.03983
46.5542860031128	63.26389
46.569916009903	56.62488
46.5855360031128	51.9546
46.601166009903	49.48519
46.6167960166931	48.67284
46.632416009903	48.47399
46.6480460166931	47.88937
46.663666009903	46.42451
46.6792960166931	44.22487
46.694916009903	41.89157
46.7105460166931	40.03329
46.7261760234833	38.91443
46.7417960166931	38.2902
46.7574260234833	37.60381
46.7730460166931	36.26624
46.7886760234833	34.00447
46.8042960166931	30.9563
46.8199260234833	27.56828
46.8355560302734	24.36125
46.8511760234833	21.6418
46.8668060302734	19.37523
46.8824260234833	17.31234
46.8980560302734	15.16916
46.9136760234833	12.85571
46.9293060302734	10.57002
46.9449360370636	8.672234
46.9605560302734	7.468769
46.9761860370636	6.982685
46.9918060302734	6.939957
47.0074360370636	6.899223
47.0230560302734	6.484589
47.0386860370636	5.596359
47.0543160438538	4.380493
47.0699360370636	3.111702
47.0855660438538	1.999428
47.1011860370636	1.064331
47.1168160438538	0.1950531
47.1324460506439	-0.7178268
47.1480660438538	-1.629105
47.1636960506439	-2.289391
47.1793160438538	-2.326302
47.1949460506439	-1.420258
47.2105660438538	0.5162735
47.2261960506439	3.287697
47.2418260574341	6.433418
47.2574460506439	9.391174
47.2730760574341	11.67927
47.2886960506439	12.98373
47.3043260574341	13.22069
47.3199460506439	12.48516
47.3355760574341	11.01429
47.3512060642242	9.090569
47.3668260574341	6.995747
47.3824560642242	4.968914
47.3980760574341	3.234901
47.4137060642242	1.985432
47.4293260574341	1.399502
47.4449560642242	1.596508
47.4605860710144	2.594254
47.4762060642242	4.251141
47.4918360710144	6.24567
47.5074560642242	8.156013
47.5230860710144	9.554016
47.5387060642242	10.17546
47.5543360710144	9.967903
47.5699660778046	9.083282
47.5855860710144	7.777428
47.6012160778046	6.302597
47.6168360710144	4.841694
47.6324660778046	3.480801
47.6480860710144	2.252628
47.6637160778046	1.133389
47.6793460845947	0.07249069
47.6949660778046	-1.057125
47.7105960845947	-2.409843
47.7262160778046	-4.145958
47.7418460845947	-6.352097
47.7574660778046	-8.952633
47.7730960845947	-11.74135
47.7887260913849	-14.42572
47.8043460845947	-16.74047
47.8199760913849	-18.53045
47.8355960845947	-19.78917
47.8512260913849	-20.6144
47.8668460845947	-21.17976
47.8824760913849	-21.69548
47.898106098175	-22.30711
47.9137260913849	-23.09776
47.929356098175	-23.97556
47.9449760913849	-24.66844
47.960606098175	-24.74017
47.9762260913849	-23.733
47.991856098175	-21.34875
48.0074861049652	-17.58722
48.023106098175	-12.79764
48.0387361049652	-7.57093
48.054356098175	-2.578827
48.0699861049652	1.654694
48.085606098175	4.816799
48.1012361049652	6.812141
48.1168661117554	7.69738
48.1324861049652	7.565697
48.1481161117554	6.571083
48.1637361049652	4.958065
48.1793661117554	3.117741
48.1949861049652	1.532009
48.2106161117554	0.7115479
48.2262461185455	0.9936218
48.2418661117554	2.438629
48.2574961185455	4.736458
48.2731161117554	7.295143
48.2887461185455	9.404694
48.3043661117554	10.45599
48.3199961185455	10.13898
48.3356261253357	8.518299
48.3512461185455	6.016296
48.3668761253357	3.228737
48.3824961185455	0.7366943
48.3981261253357	-1.080391
48.4137461185455	-2.140297
48.4293761253357	-2.652519
48.4450061321259	-2.996029
48.4606261253357	-3.499893
48.4762561321259	-4.301125
48.4918761253357	-5.283291
48.5075061321259	-6.211765
48.5231261253357	-6.886448
48.5387561321259	-7.280533
48.554386138916	-7.591602
48.5700061321259	-8.108555
48.585636138916	-9.066536
48.6012561321259	-10.51381
48.616886138916	-12.26742
48.6325061321259	-13.99776
48.648136138916	-15.32791
48.6637661457062	-15.93897
48.679386138916	-15.58546
48.6950161457062	-14.13913
48.710636138916	-11.5784
48.7262661457062	-8.047791
48.741886138916	-3.874325
48.7575161457062	0.4975815
48.7731461524963	4.565063
48.7887661457062	7.928715
48.8043961524963	10.3881
48.8200161457062	11.95924
48.8356461524963	12.83371
48.8512661457062	13.26666
48.8668961524963	13.46161
48.8825261592865	13.48263
48.8981461524963	13.26563
48.9137761592865	12.68195
48.9293961524963	11.70556
48.9450261592865	10.44489
48.9606461524963	9.149765
48.9762761592865	8.106182
48.9919059276581	7.49165
49.0075261592865	7.282127
49.0231559276581	7.281395
49.0387761592865	7.240837
49.0544059276581	6.980545
49.0700261592865	6.485382
49.0856559276581	5.819389
49.1012859344482	5.088982
49.1169059276581	4.331337
49.1325359344482	3.493515
49.1481559276581	2.538399
49.1637859344482	1.482872
49.1794059276581	0.4682693
49.1950359344482	-0.3300247
49.2106659412384	-0.7656631
49.2262859344482	-0.8478546
49.2419159412384	-0.763298
49.2575359344482	-0.8227005
49.2731659412384	-1.358383
49.2887859344482	-2.601143
49.3044159412384	-4.583984
49.3200459480286	-7.185295
49.3356659412384	-10.15352
49.3512959480286	-13.22359
49.3669159412384	-16.14412
49.3825459480286	-18.71998
49.3981659412384	-20.75579
49.4137959480286	-22.12929
49.4294259548187	-22.80193
49.4450459480286	-22.88943
49.4606759548187	-22.62861
49.4762959480286	-22.24783
49.4919259548187	-21.8754
49.5075559616089	-21.48506
49.5231759548187	-20.92082
49.5388059616089	-20.09416
49.5544259548187	-19.10276
49.5700559616089	-18.22423
49.5856759548187	-17.79858
49.6013059616089	-17.98609
49.616935968399	-18.58781
49.6325559616089	-19.10709
49.648185968399	-18.8987
49.6638059616089	-17.49332
49.679435968399	-14.79676
49.6950559616089	-11.14232
49.710685968399	-7.124687
49.7263159751892	-3.332024
49.741935968399	-0.1030655
49.7575659751892	2.538925
49.773185968399	4.799568
49.7888159751892	6.923866
49.804435968399	9.033661
49.8200659751892	11.03296
49.8356959819794	12.6936
49.8513159751892	13.82652
49.8669459819794	14.41323
49.8825659751892	14.61372
49.8981959819794	14.70168
49.9138159751892	14.86731
49.9294459819794	15.14859
49.9450759887695	15.37247
49.9606959819794	15.2625
49.9763259887695	14.5769
49.9919459819794	13.23665
50.0075759887695	11.35844
50.0231959819794	9.249954
50.0388259887695	7.352402
50.0544559955597	6.11824
50.0700759887695	5.959427
50.0857059955597	7.098389
50.1013259887695	9.514526
50.1169559955597	12.9324
50.1325759887695	16.87392
50.1482059955597	20.76427
50.1638360023499	24.07973
50.1794559955597	26.48976
50.1950860023499	27.93556
50.2107059955597	28.60225
50.2263360023499	28.78394
50.2419559955597	28.75458
50.2575860023499	28.62442
50.27321600914	28.36412
50.2888360023499	27.83037
50.30446600914	26.93181
50.3200860023499	25.72629
50.33571600914	24.44061
50.3513360023499	23.40947
50.36696600914	22.9239
50.3825960159302	23.08667
50.39821600914	23.73003
50.4138460159302	24.48657
50.42946600914	24.92746
50.4450960159302	24.70891
50.46071600914	23.70457
50.4763460159302	21.93501
50.4919760227203	19.53842
50.5075960159302	16.65814
50.5232260227203	13.39365
50.5388460159302	9.820786
50.5544760227203	6.060089
50.5700960159302	2.239792
50.5857260227203	-1.589905
50.6013560295105	-5.560684
50.6169760227203	-10.00023
50.6326060295105	-15.21394
50.6482260227203	-21.22507
50.6638560295105	-27.53903
50.6794760227203	-33.16638
50.6951060295105	-36.91682
50.7107360363007	-37.82274
50.7263560295105	-35.53305
50.7419860363007	-30.40154
50.7576060295105	-23.35312
50.7732360363007	-15.50041
50.7888560295105	-7.8545
50.8044860363007	-1.077568
50.8201160430908	4.489456
50.8357360363007	8.773964
50.8513660430908	11.79435
50.8669860363007	13.58648
50.8826160430908	14.17748
50.8982360363007	13.59312
50.9138660430908	11.96672
50.929496049881	9.545219
50.9451160430908	6.683968
50.960746049881	3.770874
50.9763660430908	1.102058
50.991996049881	-1.260056
51.0076160430908	-3.45153
51.023246049881	-5.737068
51.0388760566711	-8.39061
51.054496049881	-11.54642
51.0701260566711	-15.18031
51.085746049881	-19.06238
51.1013760566711	-22.87899
51.116996049881	-26.32485
51.1326260566711	-29.23273
51.1482560634613	-31.59467
51.1638760566711	-33.52949
51.1795060634613	-35.08431
51.1951260566711	-36.07738
51.2107560634613	-36.08622
51.2263760566711	-34.50723
51.2420060634613	-30.91507
51.2576360702515	-25.32963
51.2732560634613	-18.33597
51.2888860702515	-10.89381
51.3045060634613	-3.924347
51.3201360702515	1.995377
51.3357560634613	6.75946
51.3513860702515	10.48847
51.3670160770416	13.26268
51.3826360702515	14.85986
51.3982660770416	14.83527
51.4138860702515	12.85658
51.4295160770416	8.988617
51.4451360702515	3.828316
51.4607660770416	-1.702347
51.4763960838318	-6.664215
51.4920160770416	-10.44644
51.5076460838318	-12.77477
51.5232660770416	-13.64375
51.5388960838318	-13.11263
51.5545160770416	-11.19788
51.5701460838318	-7.946396
51.5857760906219	-3.536415
51.6013960838318	1.593506
51.6170260906219	6.846123
51.6326460838318	11.59631
51.6482760906219	15.42358
51.6639060974121	18.16708
51.6795260906219	19.94064
51.6951560974121	21.05651
51.7107760906219	21.81916
51.7264060974121	22.43307
51.7420260906219	22.95584
51.7576560974121	23.34808
51.7732861042023	23.50314
51.7889060974121	23.32464
51.8045361042023	22.73685
51.8201560974121	21.67091
51.8357861042023	20.09686
51.8514060974121	18.01657
51.8670361042023	15.48706
51.8826661109924	12.66699
51.8982861042023	9.794716
51.9139161109924	7.111633
51.9295361042023	4.792305
51.9451661109924	2.888924
51.9607861042023	1.322556
51.9764161109924	-0.02844238
51.9920461177826	-1.265762
52.0076661109924	-2.408829
52.0232961177826	-3.380684
52.0389161109924	-4.062698
52.0545461177826	-4.387138
52.0701661109924	-4.360374
52.0857961177826	-4.102661
52.1014261245728	-3.775032
52.1170461177826	-3.525375
52.1326761245728	-3.459961
52.1482961177826	-3.639847
52.1639261245728	-4.092323
52.1795461177826	-4.794113
52.1951761245728	-5.690918
52.2108061313629	-6.68148
52.2264261245728	-7.649986
52.2420561313629	-8.493637
52.2576761245728	-9.172546
52.2733061313629	-9.750313
52.2889261245728	-10.37322
52.3045561313629	-11.16637
52.3201861381531	-12.11059
52.3358061313629	-12.98669
52.3514361381531	-13.40267
52.3670561313629	-12.92715
52.3826861381531	-11.27029
52.3983061313629	-8.404083
52.4139361381531	-4.612427
52.4295661449432	-0.4300766
52.4451861381531	3.5541
52.4608161449432	6.876785
52.4764361381531	9.308113
52.4920661449432	10.87868
52.5076861381531	11.80959
52.5233161449432	12.35767
52.5389461517334	12.70673
52.5545661449432	12.91016
52.5701961517334	12.89997
52.5858161449432	12.54746
52.6014461517334	11.78819
52.6170661449432	10.63976
52.6326961517334	9.234268
52.6483261585236	7.758957
52.6639461517334	6.409798
52.6795761585236	5.341743
52.6951961517334	4.685013
52.7108261585236	4.510429
52.7264461517334	4.810097
52.7420761585236	5.469017
52.7577061653137	6.284027
52.7733261585236	6.995102
52.7889561653137	7.360977
52.8045761585236	7.209465
52.8202061653137	6.505882
52.8358261585236	5.339752
52.8514561653137	3.88739
52.8670859336853	2.331406
52.8827061653137	0.8316116
52.8983359336853	-0.4937286
52.9139561653137	-1.567352
52.9295859336853	-2.37973
52.9452061653137	-3.015991
52.9608359336853	-3.609413
52.9764659404755	-4.323784
52.9920859336853	-5.272034
53.0077159404755	-6.505714
53.0233359336853	-8.001114
53.0389659404755	-9.673111
53.0545859336853	-11.40272
53.0702159404755	-13.02062
53.0858459472656	-14.31672
53.1014659404755	-14.99389
53.1170959472656	-14.74548
53.1327159404755	-13.33193
53.1483459472656	-10.71619
53.1639659404755	-7.116615
53.1795959472656	-3.030472
53.1952259540558	0.9093018
53.2108459472656	4.148384
53.2264759540558	6.375534
53.2420959472656	7.587532
53.2577259540558	8.042084
53.2733459472656	8.088402
53.2889759540558	8.008301
53.3046059608459	7.911133
53.3202259540558	7.765594
53.3358559608459	7.468674
53.3514759540558	6.978081
53.3671059608459	6.331131
53.3827259540558	5.652519
53.3983559608459	5.095749
53.4139859676361	4.774239
53.4296059608459	4.714691
53.4452359676361	4.846252
53.4608559608459	5.046356
53.4764859676361	5.195335
53.4921059608459	5.230919
53.5077359676361	5.154999
53.5233659744263	4.989464
53.5389859676361	4.696762
53.5546159744263	4.16407
53.5702359676361	3.224464
53.5858659744263	1.751205
53.6014859676361	-0.1868286
53.6171159744263	-2.301064
53.6327459812164	-4.150734
53.6483659744263	-5.333961
53.6639959812164	-5.635803
53.6796159744263	-5.179413
53.6952459812164	-4.321106
53.7108659744263	-3.52343
53.7264959812164	-3.184036
53.7421259880066	-3.527534
53.7577459812164	-4.580765
53.7733759880066	-6.173386
53.7889959812164	-7.98423
53.8046259880066	-9.566284
53.8202459812164	-10.44205
53.8358759880066	-10.18301
53.8515059947968	-8.555191
53.8671259880066	-5.615765
53.8827559947968	-1.721638
53.8983759880066	2.573658
53.9140059947968	6.757786
53.9296259880066	10.49295
53.9452559947968	13.67696
53.9608860015869	16.39593
53.9765059947968	18.78428
53.9921360015869	20.89338
54.0077559947968	22.63007
54.0233860015869	23.87441
54.0390059947968	24.54396
54.0546360015869	24.74951
54.0702660083771	24.79917
54.0858860015869	25.0765
54.1015160083771	25.90098
54.1171360015869	27.34578
54.1327660083771	29.15199
54.1483860015869	30.79911
54.1640160083771	31.79265
54.1796460151672	31.87482
54.1952660083771	31.28933
54.2108960151672	30.70027
54.2265160083771	30.95229
54.2421460151672	32.67797
54.2577660083771	35.95097
54.2733960151672	40.2205
54.2890260219574	44.48568
54.3046460151672	47.76924
54.3202760219574	49.52814
54.3358960151672	49.96969
54.3515260219574	49.9597
54.3671560287476	50.61959
54.3827760219574	52.80013
54.3984060287476	56.60007
54.4140260219574	61.3033
54.4296560287476	65.59148
54.4452760219574	68.09632
54.4609060287476	67.99823
54.4765360355377	65.50788
54.4921560287476	61.93195
54.5077860355377	59.36397
54.5234060287476	60.04187
54.5390360355377	65.68017
54.5546560287476	76.86295
54.5702860355377	92.64644
54.5859160423279	110.4641
54.6015360355377	126.3759
54.6171660423279	135.8352
54.6327860355377	134.8754
54.6484160423279	121.4355
54.6640360355377	96.36292
54.6796660423279	63.40222
54.695296049118	28.15282
54.7109160423279	-3.800354
54.726546049118	-28.72366
54.7421660423279	-45.71477
54.757796049118	-56.45448
54.7734160423279	-63.90834
54.789046049118	-70.75742
54.8046760559082	-78.31006
54.820296049118	-86.43277
54.8359260559082	-94.23642
54.851546049118	-100.87
54.8671760559082	-106.1223
54.882796049118	-110.2467
54.8984260559082	-113.5359
54.9140560626984	-115.8085
54.9296760559082	-116.2996
54.9453060626984	-113.947
54.9609260559082	-108.0094
54.9765560626984	-98.61072
54.9921760559082	-86.92563
55.0078060626984	-74.89157
55.0234360694885	-64.60974
55.0390560626984	-57.55493
55.0546860694885	-54.08807
55.0703060626984	-53.47318
55.0859360694885	-54.3222
55.1015560626984	-55.27466
55.1171860694885	-55.57428
55.1328160762787	-55.21317
55.1484360694885	-54.70789
55.1640660762787	-54.5546
55.1796860694885	-54.78192
55.1953160762787	-54.82364
55.2109360694885	-53.78024
55.2265660762787	-50.96814
55.2421960830688	-46.32205
55.2578160762787	-40.57574
55.2734460830688	-34.9158
55.2890660762787	-30.55054
55.3046960830688	-28.19327
55.3203160762787	-27.88867
55.3359460830688	-29.15588
55.351576089859	-31.18332
55.3671960830688	-33.20236
55.382826089859	-34.61765
55.3984460830688	-35.07254
55.414076089859	-34.40045
55.4296960830688	-32.64648
55.445326089859	-29.98492
55.4609560966492	-26.67822
55.476576089859	-23.0267
55.4922060966492	-19.27502
55.507826089859	-15.58813
55.5234560966492	-12.06573
55.539076089859	-8.803894
55.5547060966492	-5.901428
55.5703361034393	-3.47699
55.5859560966492	-1.596497
55.6015861034393	-0.2351379
55.6172060966492	0.7062988
55.6328361034393	1.311218
55.6484560966492	1.62442
55.6640861034393	1.61676
55.6797161102295	1.24231
55.6953361034393	0.5093079
55.7109661102295	-0.5114746
55.7265861034393	-1.709778
55.7422161102295	-2.946259
55.7578361034393	-4.139252
55.7734661102295	-5.251404
55.7890961170197	-6.30954
55.8047161102295	-7.360199
55.8203461170197	-8.476074
55.8359661102295	-9.702942
55.8515961170197	-11.04523
55.8672161102295	-12.45889
55.8828461170197	-13.88977
55.8984761238098	-15.2948
55.9140961170197	-16.6366
55.9297261238098	-17.88348
55.9453461170197	-18.95938
55.9609761238098	-19.75067
55.9765961170197	-20.13498
55.9922261238098	-20.04156
56.0078561306	-19.55472
56.0234761238098	-18.89474
56.0391061306	-18.42648
56.0547261238098	-18.46973
56.0703561306	-19.24231
56.0859761238098	-20.70291
56.1016061306	-22.58322
56.1172361373901	-24.39221
56.1328561306	-25.57153
56.1484861373901	-25.66339
56.1641061306	-24.44934
56.1797361373901	-22.04422
56.1953561306	-18.8277
56.2109861373901	-15.30914
56.2266161441803	-11.9855
56.2422361373901	-9.220245
56.2578661441803	-7.174133
56.2734861373901	-5.875275
56.2891161441803	-5.234711
56.3047361373901	-5.114899
56.3203661441803	-5.351746
56.3359961509705	-5.74411
56.3516161441803	-6.09613
56.3672461509705	-6.253906
56.3828661441803	-6.174927
56.3984961509705	-5.931335
56.4141161441803	-5.700287
56.4297461509705	-5.682831
56.4453761577606	-6.003082
56.4609961509705	-6.63504
56.4766261577606	-7.431946
56.4922461509705	-8.158752
56.5078761577606	-8.604767
56.5235061645508	-8.667664
56.5391261577606	-8.366821
56.5547561645508	-7.817078
56.5703761577606	-7.190338
56.5860061645508	-6.584442
56.6016261577606	-5.989014
56.6172561645508	-5.298065
56.6328859329224	-4.37207
56.6485061645508	-3.114899
56.6641359329224	-1.55191
56.6797561645508	0.1767273
56.6953859329224	1.848297
56.7110061645508	3.276611
56.7266359329224	4.385468
56.7422659397125	5.250946
56.7578859329224	6.052933
56.7735159397125	6.994995
56.7891359329224	8.22377
56.8047659397125	9.748779
56.8203859329224	11.45132
56.8360159397125	13.12604
56.8516459465027	14.52715
56.8672659397125	15.46478
56.8828959465027	15.85269
56.8985159397125	15.7438
56.9141459465027	15.35971
56.9297659397125	15.07118
56.9453959465027	15.27516
56.9610259532928	16.28278
56.9766459465027	18.18826
56.9922759532928	20.77792
57.0078959465027	23.60208
57.0235259532928	26.12328
57.0391459465027	27.92844
57.0547759532928	28.88443
57.070405960083	29.10654
57.0860259532928	28.82996
57.101655960083	28.26326
57.1172759532928	27.48041
57.132905960083	26.43628
57.1485259532928	25.08125
57.164155960083	23.45433
57.1797859668732	21.71381
57.195405960083	20.06859
57.2110359668732	18.69986
57.226655960083	17.63716
57.2422859668732	16.79182
57.257905960083	15.98885
57.2735359668732	15.03549
57.2891659736633	13.81294
57.3047859668732	12.31738
57.3204159736633	10.65245
57.3360359668732	8.968155
57.3516659736633	7.410614
57.3672859668732	6.008072
57.3829159736633	4.691238
57.3985459804535	3.326736
57.4141659736633	1.774445
57.4297959804535	0.01152802
57.4454159736633	-1.880516
57.4610459804535	-3.747688
57.4766659736633	-5.454277
57.4922959804535	-6.950607
57.5079259872437	-8.282578
57.5235459804535	-9.534462
57.5391759872437	-10.76021
57.5547959804535	-11.95541
57.5704259872437	-13.07264
57.5860459804535	-14.05739
57.6016759872437	-14.87054
57.6173059940338	-15.44511
57.6329259872437	-15.68353
57.6485559940338	-15.4408
57.6641759872437	-14.5232
57.6798059940338	-12.7787
57.6954259872437	-10.19353
57.7110559940338	-6.909515
57.726686000824	-3.225266
57.7423059940338	0.4749756
57.757936000824	3.85788
57.7735559940338	6.666885
57.789186000824	8.763657
57.8048059940338	10.10533
57.820436000824	10.74342
57.8360660076141	10.7907
57.851686000824	10.45366
57.8673160076141	9.968147
57.882936000824	9.562134
57.8985660076141	9.395065
57.914186000824	9.517845
57.9298160076141	9.8741
57.9454460144043	10.34054
57.9610660076141	10.78243
57.9766960144043	11.07891
57.9923160076141	11.15553
58.0079460144043	10.9505
58.0235660076141	10.44429
58.0391960144043	9.698612
58.0548260211945	8.859184
58.0704460144043	8.117847
58.0860760211945	7.593204
58.1016960144043	7.251335
58.1173260211945	6.890179
58.1329460144043	6.268204
58.1485760211945	5.232609
58.1642060279846	3.868069
58.1798260211945	2.435093
58.1954560279846	1.23625
58.2110760211945	0.4337196
58.2267060279846	-0.04412842
58.2423260211945	-0.4671478
58.2579560279846	-1.103577
58.2735860347748	-2.115955
58.2892060279846	-3.436592
58.3048360347748	-4.767189
58.3204560279846	-5.677395
58.3360860347748	-5.689629
58.3517060279846	-4.375385
58.3673360347748	-1.486717
58.3829660415649	2.947874
58.3985860347748	8.559271
58.4142160415649	14.65303
58.4298360347748	20.40885
58.4454660415649	25.12737
58.4610860347748	28.43837
58.4767160415649	30.423
58.4923460483551	31.49215
58.5079660415649	32.15287
58.5235960483551	32.74084
58.5392160415649	33.29384
58.5548460483551	33.52733
58.5704660415649	33.02026
58.5860960483551	31.39531
58.6017260551453	28.49643
58.6173460483551	24.46327
58.6329760551453	19.66405
58.6485960483551	14.54585
58.6642260551453	9.486633
58.6798460483551	4.686848
58.6954760551453	0.1189289
58.7111060619354	-4.342505
58.7267260551453	-8.825511
58.7423560619354	-13.38319
58.7579760551453	-17.93765
58.7736060619354	-22.41314
58.7892360687256	-26.81352
58.8048560619354	-31.24341
58.8204860687256	-35.90793
58.8361060619354	-41.02303
58.8517360687256	-46.69189
58.8673560619354	-52.85664
58.8829860687256	-59.28203
58.8986160755157	-65.60289
58.9142360687256	-71.4472
58.9298660755157	-76.55272
58.9454860687256	-80.80511
58.9611160755157	-84.31161
58.9767360687256	-87.30703
58.9923660755157	-90.0873
59.0079960823059	-92.93071
59.0236160755157	-95.97421
59.0392460823059	-99.08734
59.0548660755157	-101.8376
59.0704960823059	-103.5035
59.0861160755157	-103.1376
59.1017460823059	-99.8213
59.1173760890961	-92.92432
59.1329960823059	-82.264
59.1486260890961	-68.19835
59.1642460823059	-51.49838
59.1798760890961	-33.1739
59.1954960823059	-14.32246
59.2111260890961	3.988167
59.2267560958862	20.83933
59.2423760890961	35.53297
59.2580060958862	47.68239
59.2736260890961	57.26939
59.2892560958862	64.59065
59.3048760890961	70.15987
59.3205060958862	74.51685
59.3361361026764	78.06856
59.3517560958862	81.01698
59.3673861026764	83.39413
59.3830060958862	85.15192
59.3986361026764	86.24413
59.4142560958862	86.68018
59.4298861026764	86.52969
59.4455161094666	85.90707
59.4611361026764	84.92992
59.4767661094666	83.68436
59.4923861026764	82.19835
59.5080161094666	80.40588
59.5236361026764	78.12358
59.5392661094666	75.14507
59.5548961162567	71.31366
59.5705161094666	66.59807
59.5861461162567	61.10637
59.6017661094666	55.09355
59.6173961162567	48.83992
59.6330161094666	42.6002
59.6486461162567	36.55038
59.6642761230469	30.7849
59.6798961162567	25.36867
59.6955261230469	20.399
59.7111461162567	16.01794
59.7267761230469	12.33784
59.7423961162567	9.353409
59.7580261230469	6.904083
59.773656129837	4.711838
59.7892761230469	2.502853
59.804906129837	0.0891571
59.8205261230469	-2.553116
59.836156129837	-5.320282
59.8517761230469	-8.020096
59.867406129837	-10.401
59.8830361366272	-12.11148
59.898656129837	-12.74486
59.9142861366272	-11.91797
59.929906129837	-9.433136
59.9455361366272	-5.487656
59.961156129837	-0.643631
59.9767861366272	4.258469
59.9924161434174	8.413696
60.0080361366272	11.29973
60.0236661434174	12.84554
60.0392861366272	13.34355
60.0549161434174	13.23218
60.0705361366272	12.91217
60.0861661434174	12.55588
60.1017961502075	12.18091
60.1174161434174	11.7243
60.1330461502075	11.15282
60.1486661434174	10.51584
60.1642961502075	9.900085
60.1799161434174	9.366287
60.1955461502075	8.878983
60.2111761569977	8.358948
60.2267961502075	7.700653
60.2424261569977	6.832901
60.2580461502075	5.764175
60.2736761569977	4.552704
60.2892961502075	3.306152
60.3049261569977	2.144333
60.3205561637878	1.194199
60.3361761569977	0.5355377
60.3518061637878	0.2060547
60.3674261569977	0.144455
60.3830561637878	0.180954
60.3986761569977	0.07771301
60.4143061637878	-0.4034119
60.4299359321594	-1.385376
60.4455561637878	-2.842819
60.4611859321594	-4.563065
60.4768061637878	-6.286545
60.4924359321594	-7.763474
60.5080561637878	-8.876068
60.5236859321594	-9.632294
60.5393159389496	-10.12852
60.5549359321594	-10.50819
60.5705659389496	-10.87851
60.5861859321594	-11.31064
60.6018159389496	-11.83951
60.6174359321594	-12.49008
60.6330659389496	-13.2318
60.6486959457397	-13.96321
60.6643159389496	-14.4433
60.6799459457397	-14.32581
60.6955659389496	-13.28934
60.7111959457397	-11.17119
60.7268159389496	-8.08931
60.7424459457397	-4.451187
60.7580759525299	-0.8252106
60.7736959457397	2.269775
60.7893259525299	4.531296
60.8049459457397	5.991074
60.8205759525299	6.945877
60.8361959457397	7.756073
60.8518259525299	8.646637
60.8674559593201	9.648193
60.8830759525299	10.59387
60.8987059593201	11.27888
60.9143259525299	11.66615
60.9299559593201	11.94574
60.9455759525299	12.49051
60.9612059593201	13.7045
60.9768359661102	15.76508
60.9924559593201	18.50957
61.0080859661102	21.45964
61.0237059593201	24.04301
61.0393359661102	25.83813
61.0549559593201	26.84129
61.0705859661102	27.47313
61.0862159729004	28.42303
61.1018359661102	30.30995
61.1174659729004	33.33195
61.1330859661102	37.12464
61.1487159729004	40.83997
61.1643359661102	43.48523
61.1799659729004	44.38077
61.1955959796906	43.51563
61.2112159729004	41.61488
61.2268459796906	39.98154
61.2424659729004	39.99645
61.2580959796906	42.46396
61.2737159729004	47.23503
61.2893459796906	53.17145
61.3049759864807	58.60006
61.3205959796906	61.97513
61.3362259864807	62.45899
61.3518459796906	60.12376
61.3674759864807	55.92266
61.3831059932709	51.40848
61.3987259864807	48.27626
61.4143559932709	48.08432
61.4299759864807	51.81331
61.4456059932709	59.29447
61.4612259864807	68.68259
61.4768559932709	76.35894
61.492486000061	77.72612
61.5081059932709	68.87923
61.523736000061	48.4609
61.5393559932709	18.68362
61.554986000061	-15.06728
61.5706059932709	-46.16218
61.586236000061	-69.18022
61.6018660068512	-81.6858
61.617486000061	-84.53305
61.6331160068512	-80.72888
61.648736000061	-73.67812
61.6643660068512	-65.84229
61.679986000061	-58.32909
61.6956160068512	-51.33023
61.7112460136414	-44.97686
61.7268660068512	-39.72898
61.7424960136414	-36.25184
61.7581160068512	-34.9472
61.7737460136414	-35.52537
61.7893660068512	-36.95617
61.8049960136414	-37.83781
61.8206260204315	-37.02103
61.8362460136414	-34.21602
61.8518760204315	-30.36345
61.8674960136414	-27.35388
61.8831260204315	-27.23466
61.8987460136414	-31.25572
61.9143760204315	-39.12714
61.9300060272217	-49.0466
61.9456260204315	-58.43251
61.9612560272217	-65.06554
61.9768760204315	-68.09901
61.9925060272217	-68.3701
62.0081260204315	-67.83676
62.0237560272217	-68.51259
62.0393860340118	-71.47214
62.0550060272217	-76.39087
62.0706360340118	-81.84636
62.0862560272217	-86.13672
62.1018860340118	-88.13765
62.1175060272217	-87.72841
62.1331360340118	-85.65117
62.148766040802	-82.90797
62.1643860340118	-80.13377
62.180016040802	-77.23819
62.1956360340118	-73.44753
62.211266040802	-67.86467
62.2268860340118	-59.96736
62.242516040802	-49.91898
62.2581460475922	-38.54063
62.273766040802	-26.93672
62.2893960475922	-16.03903
62.305016040802	-6.347321
62.3206460475922	2.098923
62.336266040802	9.500137
62.3518960475922	15.96344
62.3675260543823	21.37411
62.3831460475922	25.46349
62.3987760543823	27.97978
62.4143960475922	28.93857
62.4300260543823	28.73047
62.4456460475922	28.03799
62.4612760543823	27.60869
62.4769060611725	27.98244
62.4925260543823	29.26114
62.5081560611725	31.08063
62.5237760543823	32.80824
62.5394060611725	33.76913
62.5550260543823	33.55693
62.5706560611725	32.16275
62.5862860679626	29.96213
62.6019060611725	27.53069
62.6175360679626	25.37929
62.6331560611725	23.75623
62.6487860679626	22.58904
62.6644060611725	21.55853
62.6800360679626	20.25674
62.6956660747528	18.39249
62.7112860679626	15.8886
62.7269160747528	12.86404
62.7425360679626	9.598526
62.7581660747528	6.431519
62.7737860679626	3.700775
62.7894160747528	1.665405
62.805046081543	0.3957062
62.8206660747528	-0.2824249
62.836296081543	-0.7964478
62.8519160747528	-1.643021
62.867546081543	-3.260117
62.8831660747528	-5.752548
62.898796081543	-8.831543
62.9144260883331	-11.85402
62.930046081543	-14.02007
62.9456760883331	-14.66425
62.961296081543	-13.4892
62.9769260883331	-10.67354
62.992546081543	-6.773605
63.0081760883331	-2.594818
63.0238060951233	1.128677
63.0394260883331	3.867065
63.0550560951233	5.433502
63.0706760883331	5.975189
63.0863060951233	5.85582
63.1019260883331	5.479431
63.1175560951233	5.181854
63.1331861019135	5.123413
63.1488060951233	5.25811
63.1644361019135	5.451599
63.1800560951233	5.548958
63.1956861019135	5.449135
63.2113060951233	5.159103
63.2269361019135	4.776382
63.2425661087036	4.437225
63.2581861019135	4.27594
63.2738161087036	4.379395
63.2894361019135	4.741959
63.3050661087036	5.307709
63.3206861019135	5.956505
63.3363161087036	6.524925
63.3519461154938	6.878525
63.3675661087036	6.910637
63.3831961154938	6.583504
63.3988161087036	5.940323
63.4144461154938	5.089005
63.4300661087036	4.126923
63.4456961154938	3.124733
63.4613261222839	2.061974
63.4769461154938	0.8642044
63.4925761222839	-0.5169373
63.5081961154938	-2.025208
63.5238261222839	-3.464905
63.5394461154938	-4.55246
63.5550761222839	-5.04734
63.5707061290741	-4.867966
63.5863261222839	-4.109573
63.6019561290741	-3.049644
63.6175761222839	-1.979874
63.6332061290741	-1.122635
63.6488361358643	-0.5406265
63.6644561290741	-0.1318588
63.6800861358643	0.3501129
63.6957061290741	1.236549
63.7113361358643	2.870758
63.7269561290741	5.551376
63.7425861358643	9.316093
63.7582161426544	13.8887
63.7738361358643	18.5856
63.7894661426544	22.50787
63.8050861358643	24.79662
63.8207161426544	24.99215
63.8363361358643	23.18771
63.8519661426544	19.97603
63.8675961494446	16.14845
63.8832161426544	12.32809
63.8988461494446	8.781151
63.9144661426544	5.421722
63.9300961494446	2.016739
63.9457161426544	-1.572899
63.9613461494446	-5.243095
63.9769761562347	-8.64164
63.9925961494446	-11.3398
64.0082261562347	-13.02264
64.0238461494446	-13.66547
64.0394761562347	-13.5527
64.0550961494446	-13.17752
64.0707261562347	-13.00355
64.0863561630249	-13.269
64.1019761562347	-13.86899
64.1176061630249	-14.41873
64.1332261562347	-14.43736
64.1488561630249	-13.61566
64.1644761562347	-11.99342
64.1801061630249	-9.944542
64.1957359313965	-7.999931
64.2113561630249	-6.556068
64.2269859313965	-5.676918
64.2426061630249	-5.12191
64.2582359313965	-4.529549
64.2738561630249	-3.662575
64.2894859313965	-2.512138
64.3051159381866	-1.251297
64.3207359313965	-0.03585052
64.3363659381866	1.039406
64.3519859313965	1.905083
64.3676159381866	2.365593
64.3832359313965	1.984779
64.3988659381866	0.2098923
64.4144959449768	-3.306503
64.4301159381866	-8.36467
64.4457459449768	-14.08639
64.4613659381866	-19.14737
64.4769959449768	-22.27069
64.4926159381866	-22.72654
64.5082459449768	-20.58041
64.523875951767	-16.61504
64.5394959449768	-11.91259
64.555125951767	-7.435982
64.5707459449768	-3.750946
64.586375951767	-1.018921
64.6019959449768	0.8779297
64.617625951767	2.127098
64.6332559585571	2.892624
64.648875951767	3.290489
64.6645059585571	3.451988
64.680125951767	3.561447
64.6957559585571	3.827667
64.711375951767	4.426369
64.7270059585571	5.3992
64.7426359653473	6.595505
64.7582559585571	7.704865
64.7738859653473	8.358536
64.7895059585571	8.338829
64.8051359653473	7.627831
64.8207559585571	6.457748
64.8363859653473	5.145752
64.8520159721375	3.93943
64.8676359653473	2.882607
64.8832659721375	1.817383
64.8988859653473	0.4485397
64.9145159721375	-1.501152
64.9301359653473	-4.173073
64.9457659721375	-7.520454
64.9613959789276	-11.30012
64.9770159721375	-15.17582
64.9926459789276	-18.79453
65.0082659721375	-21.85878
65.0238959789276	-24.15137
65.0395159721375	-25.57224
65.0551459789276	-26.07393
65.0707759857178	-25.6611
65.0863959789276	-24.3869
65.1020259857178	-22.35612
65.1176459789276	-19.73093
65.1332759857178	-16.73376
65.1488959789276	-13.61519
65.1645259857178	-10.55787
65.1801559925079	-7.611923
65.1957759857178	-4.650314
65.2114059925079	-1.407669
65.2270259857178	2.40464
65.2426559925079	6.965096
65.2582759857178	12.2503
65.2739059925079	18.00069
65.2895359992981	23.78098
65.3051559925079	29.09232
65.3207859992981	33.48828
65.3364059925079	36.67539
65.3520359992981	38.55741
65.3676559925079	39.18009
65.3832859992981	38.67069
65.3989160060883	37.17158
65.4145359992981	34.86814
65.4301660060883	32.01452
65.4457859992981	28.99118
65.4614160060883	26.28158
65.4770359992981	24.34097
65.4926660060883	23.46925
65.5082960128784	23.63846
65.5239160060883	24.52131
65.5395460128784	25.59733
65.5551660060883	26.39789
65.5707960128784	26.68399
65.5864160060883	26.49351
65.6020460128784	26.0293
65.6176760196686	25.45998
65.6332960128784	24.75414
65.6489260196686	23.68987
65.6645460128784	22.01202
65.6801760196686	19.57328
65.6957960128784	16.49071
65.7114260196686	13.06963
65.7270560264587	9.680458
65.7426760196686	6.568642
65.7583060264587	3.787735
65.7739260196686	1.207436
65.7895560264587	-1.344208
65.8051760196686	-3.9552
65.8208060264587	-6.599182
65.8364360332489	-9.147705
65.8520560264587	-11.44151
65.8676860332489	-13.3438
65.8833060264587	-14.7504
65.8989360332489	-15.56728
65.9145560264587	-15.71137
65.9301860332489	-15.13583
65.9458160400391	-13.81644
65.9614360332489	-11.8096
65.9770660400391	-9.260124
65.9926860332489	-6.398399
66.0083160400391	-3.562523
66.0239360332489	-1.148483
66.0395660400391	0.4588776
66.0551960468292	1.015358
66.0708160400391	0.4692993
66.0864460468292	-0.9621048
66.1020660400391	-2.905663
66.1176960468292	-4.916679
66.1333260536194	-6.618286
66.1489460468292	-7.805954
66.1645760536194	-8.468819
66.1801960468292	-8.732185
66.1958260536194	-8.806084
66.2114460468292	-8.926186
66.2270760536194	-9.290886
66.2427060604095	-10.06684
66.2583260536194	-11.31153
66.2739560604095	-12.94277
66.2895760536194	-14.73851
66.3052060604095	-16.34414
66.3208260536194	-17.425
66.3364560604095	-17.78621
66.3520860671997	-17.49957
66.3677060604095	-16.85748
66.3833360671997	-16.33463
66.3989560604095	-16.34048
66.4145860671997	-17.06013
66.4302060604095	-18.38939
66.4458360671997	-19.98043
66.4614660739899	-21.43579
66.4770860671997	-22.48664
66.4927160739899	-23.13132
66.5083360671997	-23.54756
66.5239660739899	-24.02676
66.5395860671997	-24.80143
66.5552160739899	-25.93957
66.57084608078	-27.33163
66.5864660739899	-28.67778
66.60209608078	-29.59238
66.6177160739899	-29.65599
66.63334608078	-28.58378
66.6489660739899	-26.26477
66.66459608078	-22.87362
66.6802260875702	-18.82429
66.69584608078	-14.64536
66.7114760875702	-10.84212
66.72709608078	-7.723503
66.7427260875702	-5.345726
66.75834608078	-3.460327
66.7739760875702	-1.70105
66.7896060943604	0.3060074
66.8052260875702	2.752899
66.8208560943604	5.575424
66.8364760875702	8.489372
66.8521060943604	11.09313
66.8677260875702	13.11314
66.8833560943604	14.46478
66.8989861011505	15.31294
66.9146060943604	15.90146
66.9302361011505	16.42866
66.9458560943604	16.89668
66.9614861011505	17.15263
66.9771060943604	16.97835
66.9927361011505	16.18409
67.0083661079407	14.69504
67.0239861011505	12.53465
67.0396161079407	9.784157
67.0552361011505	6.599258
67.0708661079407	3.203499
67.0864861011505	-0.07714081
67.1021161079407	-2.912758
67.1177461147308	-5.02565
67.1333661079407	-6.340195
67.1489961147308	-6.972881
67.1646161079407	-7.157623
67.1802461147308	-7.153637
67.1958661079407	-7.143475
67.2114961147308	-7.223351
67.227126121521	-7.42205
67.2427461147308	-7.743523
67.258376121521	-8.087414
67.2739961147308	-8.274456
67.289626121521	-8.095001
67.3052461147308	-7.446457
67.320876121521	-6.47094
67.3365061283112	-5.536671
67.352126121521	-5.102261
67.3677561283112	-5.433556
67.383376121521	-6.361866
67.3990061283112	-7.244808
67.414626121521	-7.220646
67.4302561283112	-5.576916
67.4458861351013	-2.121346
67.4615061283112	2.721041
67.4771361351013	8.086275
67.4927561283112	13.04473
67.5083861351013	16.93274
67.5240061283112	19.57759
67.5396361351013	21.17354
67.5552661418915	22.11868
67.5708861351013	22.75058
67.5865161418915	23.21878
67.6021361351013	23.42623
67.6177661418915	23.18984
67.6333861351013	22.38399
67.6490161418915	21.08018
67.6646461486816	19.60231
67.6802661418915	18.40521
67.6958961486816	17.8752
67.7115161418915	18.12972
67.7271461486816	18.94266
67.7427661418915	19.79337
67.7583961486816	20.14513
67.7740261554718	19.65331
67.7896461486816	18.27071
67.8052761554718	16.23979
67.8208961486816	13.8862
67.8365261554718	11.50225
67.8521461486816	9.264215
67.8677761554718	7.259031
67.883406162262	5.566443
67.8990261554718	4.281384
67.914656162262	3.470238
67.9302761554718	3.078852
67.945906162262	2.927264
67.9615261554718	2.739917
67.977156162262	2.268401
67.9927859306335	1.4172
68.008406162262	0.2506266
68.0240359306335	-1.033195
68.039656162262	-2.231115
68.0552859306335	-3.227852
68.070906162262	-4.045846
68.0865359306335	-4.808373
68.1021659374237	-5.720628
68.1177859306335	-6.975176
68.1334159374237	-8.726696
68.1490359306335	-11.04096
68.1646659374237	-13.82276
68.1802859306335	-16.73358
68.1959159374237	-19.20697
68.2115459442139	-20.54253
68.2271659374237	-20.09184
68.2427959442139	-17.50091
68.2584159374237	-12.90032
68.2740459442139	-6.888613
68.2896659374237	-0.4133253
68.3052959442139	5.553051
68.320925951004	10.30205
68.3365459442139	13.58899
68.352175951004	15.60263
68.3677959442139	16.77173
68.383425951004	17.54483
68.3990459442139	18.17062
68.414675951004	18.65287
68.4303059577942	18.86842
68.445925951004	18.69333
68.4615559577942	18.09573
68.477175951004	17.15654
68.4928059577942	16.02254
68.5084359645844	14.81154
68.5240559577942	13.58113
68.5396859645844	12.30681
68.5553059577942	10.887
68.5709359645844	9.230869
68.5865559577942	7.276863
68.6021859645844	5.041735
68.6178159713745	2.633858
68.6334359645844	0.2271976
68.6490659713745	-1.979318
68.6646859645844	-3.842033
68.6803159713745	-5.306288
68.6959359645844	-6.469067
68.7115659713745	-7.490936
68.7271959781647	-8.574793
68.7428159713745	-9.873886
68.7584459781647	-11.44644
68.7740659713745	-13.25285
68.7896959781647	-15.169
68.8053159713745	-16.98049
68.8209459781647	-18.4436
68.8365759849548	-19.32537
68.8521959781647	-19.45767
68.8678259849548	-18.84415
68.8834459781647	-17.68177
68.8990759849548	-16.36339
68.9146959781647	-15.39409
68.9303259849548	-15.27715
68.945955991745	-16.31187
68.9615759849548	-18.47585
68.977205991745	-21.38441
68.9928259849548	-24.3059
69.008455991745	-26.39385
69.0240759849548	-26.89714
69.039705991745	-25.40755
69.0553359985352	-21.9688
69.070955991745	-17.06778
69.0865859985352	-11.48105
69.102205991745	-6.046785
69.1178359985352	-1.497883
69.133455991745	1.734074
69.1490859985352	3.556837
69.1647160053253	4.231936
69.1803359985352	4.284576
69.1959660053253	4.322478
69.2115859985352	4.81587
69.2272160053253	5.965306
69.2428359985352	7.633029
69.2584660053253	9.477237
69.2740960121155	11.13251
69.2897160053253	12.3876
69.3053460121155	13.22748
69.3209660053253	13.78113
69.3365960121155	14.15758
69.3522160053253	14.35053
69.3678460121155	14.24471
69.3834760189056	13.73366
69.3990960121155	12.8183
69.4147260189056	11.64716
69.4303460121155	10.43015
69.4459760189056	9.325595
69.4615960121155	8.385166
69.4772260189056	7.526793
69.4928560256958	6.644839
69.5084760189056	5.665753
69.5241060256958	4.590037
69.5397260189056	3.467603
69.5553560256958	2.354739
69.5709760189056	1.317969
69.5866060256958	0.3988428
69.602236032486	-0.3178868
69.6178560256958	-0.7981377
69.633486032486	-1.001008
69.6491060256958	-0.9747314
69.664736032486	-0.8441162
69.6803560256958	-0.8191576
69.695986032486	-1.147728
69.7116160392761	-2.016433
69.727236032486	-3.455667
69.7428660392761	-5.264917
69.758486032486	-7.043199
69.7741160392761	-8.27582
69.789736032486	-8.5086
69.8053660392761	-7.519388
69.8209960460663	-5.386263
69.8366160392761	-2.428621
69.8522460460663	0.9219694
69.8678660392761	4.29443
69.8834960460663	7.46126
69.8991160392761	10.30233
69.9147460460663	12.77412
69.9303760528564	14.76313
69.9459960460663	16.13263
69.9616260528564	16.75636
69.9772460460663	16.59489
69.9928760528564	15.69507
70.0084960460663	14.22171
70.0241260528564	12.41503
70.0397560596466	10.5756
70.0553760528564	9.01722
70.0710060596466	7.973798
70.0866260528564	7.546157
70.1022560596466	7.636152
70.1178760528564	7.954195
70.1335060596466	8.075844
70.1491360664368	7.628352
70.1647560596466	6.431107
70.1803860664368	4.561357
70.1960060596466	2.307748
70.2116360664368	0.009246826
70.2272560596466	-2.091935
70.2428860664368	-3.920314
70.2585160732269	-5.534359
70.2741360664368	-7.035906
70.2897660732269	-8.453575
70.3053860664368	-9.688416
70.3210160732269	-10.58372
70.3366360664368	-11.00868
70.3522660732269	-10.98904
70.3678960800171	-10.75903
70.3835160732269	-10.70821
70.3991460800171	-11.26594
70.4147660732269	-12.69097
70.4303960800171	-14.96612
70.4460160732269	-17.70961
70.4616460800171	-20.27419
70.4772760868073	-21.89997
70.4928960800171	-21.94725
70.5085260868073	-20.11433
70.5241460800171	-16.53986
70.5397760868073	-11.76165
70.5553960800171	-6.538925
70.5710260868073	-1.62062
70.5866560935974	2.454836
70.6022760868073	5.46353
70.6179060935974	7.487992
70.6335260868073	8.752346
70.6491560935974	9.518012
70.6647861003876	9.965911
70.6804060935974	10.17102
70.6960361003876	10.16526
70.7116560935974	9.981447
70.7272861003876	9.712858
70.7429060935974	9.509156
70.7585361003876	9.556414
70.7741661071777	10.00391
70.7897861003876	10.86296
70.8054161071777	11.99054
70.8210361003876	13.11745
70.8366661071777	13.95893
70.8522861003876	14.36492
70.8679161071777	14.38477
70.8835461139679	14.24049
70.8991661071777	14.20825
70.9147961139679	14.47266
70.9304161071777	15.03785
70.9460461139679	15.7553
70.9616661071777	16.43823
70.9772961139679	16.95362
70.9929261207581	17.26035
71.0085461139679	17.38421
71.0241761207581	17.37875
71.0397961139679	17.28804
71.0554261207581	17.12595
71.0710461139679	16.84138
71.0866761207581	16.29994
71.1023061275482	15.25949
71.1179261207581	13.46598
71.1335561275482	10.74652
71.1491761207581	7.195198
71.1648061275482	3.190919
71.1804261207581	-0.6918504
71.1960561275482	-3.940402
71.2116861343384	-6.336908
71.2273061275482	-8.018826
71.2429361343384	-9.386365
71.2585561275482	-10.88049
71.2741861343384	-12.73283
71.2898061275482	-14.84366
71.3054361343384	-16.81514
71.3210661411285	-18.10123
71.3366861343384	-18.25488
71.3523161411285	-17.11768
71.3679361343384	-14.89305
71.3835661411285	-12.10531
71.3991861343384	-9.43325
71.4148161411285	-7.466841
71.4304461479187	-6.555887
71.4460661411285	-6.676882
71.4616961479187	-7.516712
71.4773161411285	-8.608591
71.4929461479187	-9.563698
71.5085661411285	-10.25108
71.5241961479187	-10.83569
71.5398261547089	-11.69851
71.5554461479187	-13.17368
71.5710761547089	-15.34789
71.5866961479187	-17.91205
71.6023261547089	-20.26219
71.6179461479187	-21.70377
71.6335761547089	-21.79235
71.649206161499	-20.48775
71.6648261547089	-18.19417
71.680456161499	-15.51972
71.6960761547089	-12.97757
71.711706161499	-10.76173
71.7273261547089	-8.761726
71.742956161499	-6.747374
71.7585859298706	-4.586311
71.774206161499	-2.459597
71.7898359298706	-0.8230114
71.805456161499	-0.195755
71.8210859298706	-0.9312267
71.836706161499	-2.991922
71.8523359298706	-5.976831
71.8679659366608	-9.279996
71.8835859298706	-12.34926
71.8992159366608	-14.89371
71.9148359298706	-16.93834
71.9304659366608	-18.73301
71.9460859298706	-20.57239
71.9617159366608	-22.62519
71.9773459434509	-24.82516
71.9929659366608	-26.88133
72.0085959434509	-28.35947
72.0242159366608	-28.75374
72.0398459434509	-27.6675
72.0554659366608	-24.87804
72.0710959434509	-20.54668
72.0867259502411	-15.21566
72.1023459434509	-9.76053
72.1179759502411	-5.058674
72.1335959434509	-1.609479
72.1492259502411	0.7407637
72.1648459434509	2.801938
72.1804759502411	5.642066
72.1961059570312	10.0152
72.2117259502411	15.95402
72.2273559570312	22.69465
72.2429759502411	29.07509
72.2586059570312	34.07827
72.2742259502411	37.30328
72.2898559570312	38.97591
72.3054859638214	39.69933
72.3211059570312	39.96635
72.3367359638214	39.89494
72.3523559570312	39.23168
72.3679859638214	37.59001
72.3836059570312	34.77674
72.3992359638214	30.94793
72.4148659706116	26.57947
72.4304859638214	22.26636
72.4461159706116	18.53321
72.4617359638214	15.64653
72.4773659706116	13.63215
72.4929859638214	12.3256
72.5086159706116	11.4378
72.5242459774017	10.65637
72.5398659706116	9.590597
72.5554959774017	7.88575
72.5711159706116	5.181231
72.5867459774017	1.238905
72.6023659706116	-3.973936
72.6179959774017	-10.18238
72.6336259841919	-16.79036
72.6492459774017	-22.95725
72.6648759841919	-27.79783
72.6804959774017	-30.62906
72.6961259841919	-31.17582
72.7117459774017	-29.6305
72.7273759841919	-26.60283
72.7430059909821	-22.90562
72.7586259841919	-19.29048
72.7742559909821	-16.23902
72.7898759841919	-13.88004
72.8055059909821	-12.0335
72.8211259841919	-10.37636
72.8367559909821	-8.633972
72.8523859977722	-6.713711
72.8680059909821	-4.698252
72.8836359977722	-2.818464
72.8992559909821	-1.258307
72.9148859977722	-0.0261116
72.9305059909821	1.082275
72.9461359977722	2.447472
72.9617660045624	4.459177
72.9773859977722	7.360542
72.9930160045624	11.14213
73.0086359977722	15.46028
73.0242660045624	19.73126
73.0398859977722	23.30428
73.0555160045624	25.71621
73.0711460113525	26.91494
73.0867660045624	27.30268
73.1023960113525	27.56837
73.1180160045624	28.38244
73.1336460113525	30.05536
73.1492660045624	32.4697
73.1648960113525	35.15166
73.1805260181427	37.53718
73.1961460113525	39.15492
73.2117760181427	39.75764
73.2273960113525	39.24966
73.2430260181427	37.60279
73.2586460113525	34.80435
73.2742760181427	30.91037
73.2899060249329	26.12444
73.3055260181427	20.76808
73.3211560249329	15.12644
73.3367760181427	9.302036
73.3524060249329	3.104441
73.368036031723	-3.748268
73.3836560249329	-11.41276
73.399286031723	-19.62947
73.4149060249329	-27.68981
73.430536031723	-34.63885
73.4461560249329	-39.58673
73.461786031723	-42.00924
73.4774160385132	-41.87449
73.493036031723	-39.55659
73.5086660385132	-35.69356
73.524286031723	-30.91956
73.5399160385132	-25.76538
73.555536031723	-20.59955
73.5711660385132	-15.626
73.5867960453033	-10.9595
73.6024160385132	-6.670747
73.6180460453033	-2.830791
73.6336660385132	0.4448724
73.6492960453033	3.004297
73.6649160385132	4.75111
73.6805460453033	5.711967
73.6961760520935	6.092706
73.7117960453033	6.234468
73.7274260520935	6.465945
73.7430460453033	6.946845
73.7586760520935	7.590015
73.7742960453033	8.098163
73.7899260520935	8.136353
73.8055560588837	7.541996
73.8211760520935	6.354026
73.8368060588837	4.806566
73.8524260520935	3.159908
73.8680560588837	1.570822
73.8836760520935	0.03442001
73.8993060588837	-1.494353
73.9149360656738	-3.026847
73.9305560588837	-4.467056
73.9461860656738	-5.646298
73.9618060588837	-6.460927
73.9774360656738	-6.946042
73.9930560588837	-7.277583
74.0086860656738	-7.685028
74.024316072464	-8.296113
74.0399360656738	-9.054596
74.055566072464	-9.747539
74.0711860656738	-10.15079
74.086816072464	-10.16123
74.1024360656738	-9.878403
74.118066072464	-9.540895
74.1336960792542	-9.385536
74.149316072464	-9.564758
74.1649460792542	-10.06737
74.180566072464	-10.73566
74.1961960792542	-11.30706
74.211816072464	-11.51215
74.2274460792542	-11.07373
74.2430760860443	-9.764511
74.2586960792542	-7.448195
74.2743260860443	-4.128031
74.2899460792542	-0.006946564
74.3055760860443	4.531626
74.3211960792542	9.033592
74.3368260860443	13.06104
74.3524560928345	16.31057
74.3680760860443	18.65009
74.3837060928345	20.06734
74.3993260860443	20.64122
74.4149560928345	20.4934
74.4305760860443	19.76919
74.4462060928345	18.63353
74.4618360996246	17.25412
74.4774560928345	15.78798
74.4930860996246	14.34353
74.5087060928345	12.99715
74.5243360996246	11.80464
74.5399560928345	10.80406
74.5555860996246	10.03906
74.5712161064148	9.538834
74.5868360996246	9.289577
74.6024661064148	9.229572
74.6180860996246	9.227566
74.6337161064148	9.140789
74.6493360996246	8.86758
74.6649661064148	8.391998
74.680596113205	7.790592
74.6962161064148	7.222321
74.711846113205	6.810188
74.7274661064148	6.571995
74.743096113205	6.398361
74.7587161064148	6.045872
74.774346113205	5.261597
74.7899761199951	3.887604
74.805596113205	1.926441
74.8212261199951	-0.4295921
74.836846113205	-2.910759
74.8524761199951	-5.258366
74.868096113205	-7.380463
74.8837261199951	-9.348434
74.8993561267853	-11.39793
74.9149761199951	-13.72264
74.9306061267853	-16.3853
74.9462261199951	-19.23192
74.9618561267853	-21.916
74.9774761199951	-24.02237
74.9931061267853	-25.24413
75.0087361335754	-25.46577
75.0243561267853	-24.77929
75.0399861335754	-23.45154
75.0556061267853	-21.79223
75.0712361335754	-20.09398
75.0868561267853	-18.56444
75.1024861335754	-17.29313
75.1181161403656	-16.22409
75.1337361335754	-15.19606
75.1493661403656	-13.97483
75.1649861335754	-12.3693
75.1806161403656	-10.32539
75.1962361335754	-7.934082
75.2118661403656	-5.415192
75.2274961471558	-2.981621
75.2431161403656	-0.7918129
75.2587461471558	1.108002
75.2743661403656	2.734322
75.2899961471558	4.108826
75.3056161403656	5.18354
75.3212461471558	5.920143
75.3368761539459	6.307823
75.3524961471558	6.47068
75.3681261539459	6.625473
75.3837461471558	7.059052
75.3993761539459	7.922707
75.4149961471558	9.220619
75.4306261539459	10.76199
75.4462561607361	12.19564
75.4618761539459	13.0799
75.4775061607361	12.94731
75.4931261539459	11.35352
75.5087561607361	7.992348
75.5243761539459	2.891136
75.5400061607361	-3.507271
75.5556359291077	-10.32387
75.5712561607361	-16.43941
75.5868859291077	-20.83534
75.6025061607361	-22.94404
75.6181359291077	-22.83216
75.6337659358978	-21.14043
75.6493859291077	-18.78103
75.6650159358978	-16.55226
75.6806359291077	-14.89993
75.6962659358978	-13.85486
75.7118859291077	-13.18909
75.7275159358978	-12.62032
75.743145942688	-11.9404
75.7587659358978	-11.0622
75.774395942688	-9.971889
75.7900159358978	-8.618774
75.805645942688	-6.904934
75.8212659358978	-4.691528
75.836895942688	-1.900192
75.8525259494781	1.403751
75.868145942688	4.901707
75.8837759494781	8.079487
75.899395942688	10.26373
75.9150259494781	10.82836
75.930645942688	9.405727
75.9462759494781	6.059425
75.9619059562683	1.33728
75.9775259494781	-3.837086
75.9931559562683	-8.397057
76.0087759494781	-11.42641
76.0244059562683	-12.37684
76.0400259494781	-11.21793
76.0556559562683	-8.344105
76.0712859630585	-4.396496
76.0869059562683	-0.03447342
76.1025359630585	4.233624
76.1181559562683	8.09454
76.1337859630585	11.38198
76.1494059562683	14.007
76.1650359630585	15.93804
76.1806659698486	17.24233
76.1962859630585	18.17963
76.2119159698486	19.18879
76.2275359630585	20.74821
76.2431659698486	23.19666
76.2587859630585	26.51701
76.2744159698486	30.30606
76.2900459766388	33.96746
76.3056659698486	36.96906
76.3212959766388	39.0985
76.3369159698486	40.55862
76.3525459766388	41.83974
76.3681659698486	43.50429
76.3837959766388	45.99557
76.399425983429	49.55404
76.4150459766388	54.26266
76.430675983429	60.07906
76.4462959766388	66.84459
76.461925983429	74.22095
76.4775459766388	81.70602
76.493175983429	88.67762
76.5088059902191	94.57789
76.524425983429	99.08657
76.5400559902191	102.2035
76.555675983429	104.1799
76.5713059902191	105.3966
76.586925983429	106.173
76.6025559902191	106.6593
76.6181859970093	106.8578
76.6338059902191	106.6369
76.6494359970093	105.8407
76.6650559902191	104.3073
76.6806859970093	101.9392
76.6963059902191	98.70689
76.7119359970093	94.70436
76.7275660037994	90.11969
76.7431859970093	85.22365
76.7588160037994	80.27226
76.7744359970093	75.41161
76.7900660037994	70.65213
76.8056859970093	65.86731
76.8213160037994	60.83212
76.8369460105896	55.34274
76.8525660037994	49.29791
76.8681960105896	42.77737
76.8838160037994	36.04337
76.8994460105896	29.47113
76.9150660037994	23.37393
76.9306960105896	17.88806
76.9463260173798	12.9039
76.9619460105896	8.118408
76.9775760173798	3.194916
76.9931960105896	-2.068024
77.0088260173798	-7.632202
77.0244460105896	-13.23944
77.0400760173798	-18.48346
77.0557060241699	-22.99026
77.0713260173798	-26.48199
77.0869560241699	-28.85172
77.1025760173798	-30.20422
77.1182060241699	-30.84818
77.1338260173798	-31.28824
77.1494560241699	-32.15967
77.1650860309601	-34.14429
77.1807060241699	-37.76563
77.1963360309601	-43.3689
77.2119560241699	-51.02838
77.2275860309601	-60.61481
77.2432060241699	-71.8551
77.2588360309601	-84.40497
77.2744660377502	-97.84338
77.2900860309601	-111.6811
77.3057160377502	-125.3741
77.3213360309601	-138.3766
77.3369660377502	-150.2256
77.3525860309601	-160.6082
77.3682160377502	-169.4564
77.3838460445404	-176.8959
77.3994660377502	-183.1592
77.4150960445404	-188.4621
77.4307160377502	-192.8545
77.4463460445404	-196.1594
77.4619660377502	-197.9471
77.4775960445404	-197.6399
77.4932260513306	-194.725
77.5088460445404	-189.0928
77.5244760513306	-181.2621
77.5400960445404	-172.4096
77.5557260513306	-164.1006
77.5713460445404	-157.7037
77.5869760513306	-153.8216
77.6026060581207	-151.9415
77.6182260513306	-150.5371
77.6338560581207	-147.6778
77.6494760513306	-141.7453
77.6651060581207	-131.9979
77.6807260513306	-118.6392
77.6963560581207	-102.5405
77.7119860649109	-84.685
77.7276060581207	-65.87225
77.7432360649109	-46.63849
77.7588560581207	-27.4433
77.7744860649109	-8.894348
77.790116071701	8.232056
77.8057360649109	23.15991
77.821366071701	35.38483
77.8369860649109	44.80573
77.852616071701	51.75708
77.8682360649109	56.77325
77.883866071701	60.30084
77.8994960784912	62.54401
77.915116071701	63.37976
77.9307460784912	62.46619
77.946366071701	59.41864
77.9619960784912	53.99823
77.977616071701	46.23755
77.9932460784912	36.53949
78.0088760852814	25.55884
78.0244960784912	14.10962
78.0401260852814	2.946655
78.0557460784912	-7.412842
78.0713760852814	-16.77283
78.0869960784912	-25.23776
78.1026260852814	-33.20132
78.1182560920715	-41.06378
78.1338760852814	-49.06772
78.1495060920715	-57.12967
78.1651260852814	-64.86331
78.1807560920715	-71.70621
78.1963760852814	-77.26141
78.2120060920715	-81.54047
78.2276360988617	-84.98636
78.2432560920715	-88.31723
78.2588860988617	-92.02792
78.2745060920715	-96.07169
78.2901360988617	-99.76331
78.3057560920715	-101.9648
78.3213860988617	-101.3886
78.3370161056519	-96.90152
78.3526360988617	-87.72043
78.3682661056519	-73.5351
78.3838860988617	-54.76422
78.3995161056519	-32.56937
78.4151360988617	-8.924805
78.4307661056519	13.84586
78.446396112442	33.61942
78.4620161056519	49.13809
78.477646112442	60.30457
78.4932661056519	67.9931
78.508896112442	73.49846
78.5245161056519	77.85167
78.540146112442	81.53889
78.5557761192322	84.54263
78.571396112442	86.73415
78.5870261192322	88.17603
78.602646112442	89.13144
78.6182761192322	89.82576
78.633896112442	90.16736
78.6495261192322	89.74831
78.6651561260223	87.97512
78.6807761192322	84.45542
78.6964061260223	79.27372
78.7120261192322	73.0676
78.7276561260223	66.91589
78.7432761192322	61.94958
78.7589061260223	58.97203
78.7745361328125	58.20397
78.7901561260223	59.25322
78.8057861328125	61.29174
78.8214061260223	63.40245
78.8370361328125	64.82851
78.8526561260223	65.07121
78.8682861328125	63.88077
78.8839161396027	61.12342
78.8995361328125	56.74855
78.9151661396027	50.80226
78.9307861328125	43.57306
78.9464161396027	35.62287
78.9620361328125	27.76029
78.9776661396027	20.83517
78.9932961463928	15.43172
79.0089161396027	11.67942
79.0245461463928	9.244083
79.0401661396027	7.514385
79.0557961463928	5.888474
79.0714161396027	4.011223
79.0870461463928	1.789757
79.102676153183	-0.591156
79.1182961463928	-2.831718
79.133926153183	-4.568398
79.1495461463928	-5.424652
79.165176153183	-5.098495
79.1807961463928	-3.456169
79.196426153183	-0.6007233
79.2120561599731	3.069054
79.227676153183	6.981117
79.2433061599731	10.59052
79.258926153183	13.60751
79.2745561599731	16.09881
79.290176153183	18.40623
79.3058061599731	20.88718
79.3214359283447	23.62798
79.3370561599731	26.39554
79.3526859283447	28.73949
79.3683061599731	30.24068
79.3839359283447	30.77791
79.3995561599731	30.59531
79.4151859283447	30.18266
79.4308159351349	30.03062
79.4464359283447	30.38922
79.4620659351349	31.1116
79.4776859283447	31.79741
79.4933159351349	31.97493
79.5089359283447	31.32875
79.5245659351349	29.84578
79.540195941925	27.7841
79.5558159351349	25.50073
79.571445941925	23.26755
79.5870659351349	21.18025
79.602695941925	19.16571
79.6183159351349	17.13052
79.633945941925	15.07361
79.6495759487152	13.1479
79.665195941925	11.58759
79.6808259487152	10.55237
79.696445941925	10.00615
79.7120759487152	9.662018
79.727695941925	9.149612
79.7433259487152	8.129227
79.7589559555054	6.449677
79.7745759487152	4.176483
79.7902059555054	1.540771
79.8058259487152	-1.125336
79.8214559555054	-3.451675
79.8370759487152	-5.067749
79.8527059555054	-5.651047
79.8683359622955	-4.94368
79.8839559555054	-2.870956
79.8995859622955	0.4218292
79.9152059555054	4.601074
79.9308359622955	9.214417
79.9464559555054	13.873
79.9620859622955	18.31261
79.9777159690857	22.4068
79.9933359622955	26.06331
80.0089659690857	29.15491
80.0245859622955	31.44481
80.0402159690857	32.69449
80.0558359622955	32.80074
80.0714659690857	31.87402
80.0870959758759	30.24988
80.1027159690857	28.36922
80.1183459758759	26.63004
80.1339659690857	25.25992
80.1495959758759	24.30916
80.1652159690857	23.65091
80.1808459758759	23.0723
80.196475982666	22.38936
80.2120959758759	21.48076
80.227725982666	20.37085
80.2433459758759	19.1917
80.258975982666	18.14935
80.2745959758759	17.40044
80.290225982666	16.97763
80.3058559894562	16.72777
80.321475982666	16.41951
80.3371059894562	15.96901
80.352725982666	15.59764
80.3683559894562	15.92651
80.383975982666	17.73283
80.3996059894562	21.58031
80.4152359962463	27.49565
80.4308559894562	34.8503
80.4464859962463	42.5882
80.4621059894562	49.61508
80.4777359962463	55.24397
80.4933660030365	59.35536
80.5089859962463	62.43147
80.5246160030365	65.23843
80.5402359962463	68.43936
80.5558660030365	72.24301
80.5714859962463	76.16295
80.5871160030365	78.98123
80.6027460098267	78.86424
80.6183660030365	73.81895
80.6339960098267	62.24814
80.6496160030365	43.72292
80.6652460098267	19.49756
80.6808660030365	-7.461761
80.6964960098267	-33.02456
80.7121260166168	-53.05952
80.7277460098267	-64.70773
80.7433760166168	-67.31842
80.7589960098267	-62.51129
80.7746260166168	-53.55138
80.7902460098267	-44.07755
80.8058760166168	-36.93018
80.821506023407	-33.47211
80.8371260166168	-33.57337
80.852756023407	-36.20738
80.8683760166168	-40.10324
80.884006023407	-44.20882
80.8996260166168	-47.76546
80.915256023407	-50.1851
80.9308860301971	-50.95724
80.946506023407	-49.68861
80.9621360301971	-46.35761
80.977756023407	-41.44172
80.9933860301971	-35.97694
81.009006023407	-31.15236
81.0246360301971	-27.90178
81.0402660369873	-26.51965
81.0558860301971	-26.56515
81.0715160369873	-27.11275
81.0871360301971	-27.14598
81.1027660369873	-25.98651
81.1183860301971	-23.47454
81.1340160369873	-19.9542
81.1496460437775	-16.007
81.1652660369873	-12.18449
81.1808960437775	-8.805294
81.1965160369873	-5.878738
81.2121460437775	-3.158829
81.2277660369873	-0.2877426
81.2433960437775	2.982956
81.2590260505676	6.703323
81.2746460437775	10.65399
81.2902760505676	14.44161
81.3058960437775	17.65443
81.3215260505676	20.07211
81.3371460437775	21.81012
81.3527760505676	23.33645
81.3684060573578	25.28511
81.3840260505676	28.1757
81.3996560573578	32.12386
81.4152760505676	36.73605
81.4309060573578	41.28023
81.4465260505676	44.98804
81.4621560573578	47.35937
81.4777860641479	48.37203
81.4934060573578	48.33268
81.5090360641479	47.64249
81.5246560573578	46.49367
81.5402860641479	44.72736
81.5559060573578	41.96483
81.5715360641479	37.87921
81.5871660709381	32.43723
81.6027860641479	25.98427
81.6184160709381	19.12866
81.6340360641479	12.44984
81.6496660709381	6.289703
81.6652860641479	0.6782379
81.6809160709381	-4.619431
81.6965460777283	-9.920456
81.7121660709381	-15.4705
81.7277960777283	-21.34628
81.7434160709381	-27.47017
81.7590460777283	-33.66763
81.7746660709381	-39.71397
81.7902960777283	-45.34402
81.8059260845184	-50.2242
81.8215460777283	-53.96153
81.8371760845184	-56.20793
81.8527960777283	-56.78555
81.8684260845184	-55.86526
81.8840460777283	-53.98129
81.8996760845184	-51.9149
81.9153060913086	-50.38939
81.9309260845184	-49.84091
81.9465560913086	-50.20143
81.9621760845184	-51.03024
81.9778060913086	-51.74529
81.9934260845184	-51.96274
82.0090560913086	-51.69762
82.0246860980988	-51.31201
82.0403060913086	-51.31267
82.0559360980988	-51.99469
82.0715560913086	-53.31795
82.0871860980988	-54.82617
82.1028060913086	-55.85272
82.1184360980988	-55.72365
82.1340661048889	-53.97565
82.1496860980988	-50.5527
82.1653161048889	-45.82187
82.1809360980988	-40.51181
82.1965661048889	-35.46822
82.2121860980988	-31.4444
82.2278161048889	-28.83386
82.2434461116791	-27.64484
82.2590661048889	-27.57201
82.2746961116791	-28.18195
82.2903161048889	-29.11058
82.3059461116791	-30.14874
82.3215661048889	-31.19839
82.3371961116791	-32.17905
82.3528261184692	-33.00298
82.3684461116791	-33.53522
82.3840761184692	-33.70607
82.3996961116791	-33.57829
82.4153261184692	-33.30649
82.4309461116791	-33.06783
82.4465761184692	-32.92291
82.4622061252594	-32.74474
82.4778261184692	-32.19005
82.4934561252594	-30.7926
82.5090761184692	-28.03154
82.5247061252594	-23.55571
82.5403261184692	-17.32285
82.5559561252594	-9.652893
82.5715861320496	-1.224228
82.5872061252594	7.137375
82.6028361320496	14.71107
82.6184561252594	21.02335
82.6340861320496	25.84343
82.6497161388397	29.08806
82.6653361320496	30.66521
82.6809661388397	30.49031
82.6965861320496	28.60658
82.7122161388397	25.34692
82.7278361320496	21.36024
82.7434661388397	17.48972
82.7590961456299	14.50749
82.7747161388397	12.90886
82.7903461456299	12.87207
82.8059661388397	14.34499
82.8215961456299	17.17392
82.8372161388397	21.18279
82.8528461456299	26.08107
82.86847615242	31.43245
82.8840961456299	36.60885
82.89972615242	40.9428
82.9153461456299	43.89429
82.93097615242	45.24879
82.9465961456299	45.14079
82.96222615242	44.00613
82.9778561592102	42.4156
82.99347615242	40.89598
83.0091061592102	39.81213
83.02472615242	39.22636
83.0403561592102	38.89935
83.05597615242	38.40669
83.0716061592102	37.31689
83.0872361660004	35.39388
83.1028561592102	32.6798
83.1184861660004	29.46613
83.1341061592102	26.09052
83.1497361660004	22.80744
83.1653561592102	19.67148
83.1809861660004	16.57986
83.1966159343719	13.38146
83.2122361660004	9.961739
83.2278659343719	6.260368
83.2434861660004	2.283524
83.2591159343719	-1.914772
83.2747361660004	-6.243484
83.2903659343719	-10.563
83.3059959411621	-14.66843
83.3216159343719	-18.40143
83.3372459411621	-21.69944
83.3528659343719	-24.70878
83.3684959411621	-27.74647
83.3841159343719	-31.17942
83.3997459411621	-35.16582
83.4153759479523	-39.51747
83.4309959411621	-43.63168
83.4466259479523	-46.63914
83.4622459411621	-47.68089
83.4778759479523	-46.23717
83.4934959411621	-42.34543
83.5091259479523	-36.60461
83.5247559547424	-30.02234
83.5403759479523	-23.67072
83.5560059547424	-18.45805
83.5716259479523	-14.91365
83.5872559547424	-13.1662
83.6028759479523	-13.05937
83.6185059547424	-14.21868
83.6341359615326	-16.14095
83.6497559547424	-18.16948
83.6653859615326	-19.56741
83.6810059547424	-19.63355
83.6966359615326	-17.94628
83.7122559547424	-14.51217
83.7278859615326	-9.842583
83.7435159683228	-4.81155
83.7591359615326	-0.300869
83.7747659683228	3.116276
83.7903859615326	5.334312
83.8060159683228	6.672085
83.8216359615326	7.627468
83.8372659683228	8.57893
83.8528959751129	9.624504
83.8685159683228	10.58142
83.8841459751129	11.09573
83.8997659683228	10.90148
83.9153959751129	9.894066
83.9310159683228	8.209829
83.9466459751129	6.127305
83.9622759819031	3.993459
83.9778959751129	2.076811
83.9935259819031	0.4999518
84.0091459751129	-0.8041596
84.0247759819031	-2.06901
84.0403959751129	-3.533173
84.0560259819031	-5.31569
84.0716559886932	-7.2946
84.0872759819031	-9.068509
84.1029059886932	-10.04147
84.1185259819031	-9.558262
84.1341559886932	-7.121152
84.1497759819031	-2.531145
84.1654059886932	3.956787
84.1810359954834	11.66479
84.1966559886932	19.59298
84.2122859954834	26.6853
84.2279059886932	32.09006
84.2435359954834	35.38105
84.2591559886932	36.62445
84.2747859954834	36.29792
84.2904160022736	35.03996
84.3060359954834	33.42014
84.3216660022736	31.81578
84.3372859954834	30.40861
84.3529160022736	29.2551
84.3685359954834	28.36469
84.3841660022736	27.72419
84.3997960090637	27.29202
84.4154160022736	26.92354
84.4310460090637	26.43597
84.4466660022736	25.5971
84.4622960090637	24.23351
84.4779160022736	22.26712
84.4935460090637	19.7861
84.5091760158539	16.98772
84.5247960090637	14.13856
84.5404260158539	11.47525
84.5560460090637	9.122406
84.5716760158539	7.120121
84.5872960090637	5.415337
84.6029260158539	3.923912
84.618556022644	2.573483
84.6341760158539	1.304268
84.649806022644	0.05279541
84.6654260158539	-1.270554
84.681056022644	-2.770874
84.6966760158539	-4.539001
84.712306022644	-6.520092
84.7279360294342	-8.521347
84.743556022644	-10.19933
84.7591860294342	-11.14909
84.774806022644	-11.00499
84.7904360294342	-9.548374
84.806056022644	-6.821644
84.8216860294342	-3.124893
84.8373160362244	0.973156
84.8529360294342	4.780991
84.8685660362244	7.653854
84.8841860294342	9.152397
84.8998160362244	9.174061
84.9154360294342	7.880795
84.9310660362244	5.657806
84.9466960430145	2.949833
84.9623160362244	0.2225227
84.9779460430145	-2.136517
84.9935660362244	-3.78331
85.0091960430145	-4.478462
85.0248260498047	-4.132809
85.0404460430145	-2.846458
85.0560760498047	-0.9681892
85.0716960430145	1.084
85.0873260498047	2.924911
85.1029460430145	4.366951
85.1185760498047	5.449795
85.1342060565948	6.409031
85.1498260498047	7.512459
85.1654560565948	8.927185
85.1810760498047	10.68325
85.1967060565948	12.6118
85.2123260498047	14.4741
85.2279560565948	16.0157
85.243586063385	17.02179
85.2592060565948	17.35263
85.274836063385	16.94209
85.2904560565948	15.82051
85.306086063385	14.05248
85.3217060565948	11.76651
85.337336063385	9.121506
85.3529660701752	6.258923
85.368586063385	3.267414
85.3842160701752	0.1360245
85.399836063385	-3.242397
85.4154660701752	-7.022881
85.431086063385	-11.30722
85.4467160701752	-16.02702
85.4623460769653	-20.83633
85.4779660701752	-25.11954
85.4935960769653	-28.14406
85.5092160701752	-29.26432
85.5248460769653	-28.17164
85.5404660701752	-25.0076
85.5560960769653	-20.38498
85.5717260837555	-15.1885
85.5873460769653	-10.318
85.6029760837555	-6.412701
85.6185960769653	-3.794739
85.6342260837555	-2.427078
85.6498460769653	-2.096436
85.6654760837555	-2.533222
85.6811060905457	-3.469624
85.6967260837555	-4.663696
85.7123560905457	-5.885532
85.7279760837555	-6.876568
85.7436060905457	-7.406624
85.7592260837555	-7.369778
85.7748560905457	-6.830551
85.7904860973358	-5.991898
85.8061060905457	-5.170322
85.8217360973358	-4.623634
85.8373560905457	-4.492828
85.8529860973358	-4.772999
85.8686060905457	-5.346008
85.8842360973358	-6.03952
85.899866104126	-6.701408
85.9154860973358	-7.193027
85.931116104126	-7.442604
85.9467360973358	-7.465488
85.962366104126	-7.385399
85.9779860973358	-7.380165
85.993616104126	-7.605408
86.0092461109161	-8.139812
86.024866104126	-8.951775
86.0404961109161	-9.931145
86.056116104126	-10.90925
86.0717461109161	-11.75381
86.087366104126	-12.40259
86.1029961109161	-12.8386
86.1186261177063	-13.10178
86.1342461109161	-13.25808
86.1498761177063	-13.4325
86.1654961109161	-13.76665
86.1811261177063	-14.36412
86.1967461109161	-15.10876
86.2123761177063	-15.59684
86.2280061244965	-15.15364
86.2436261177063	-13.01593
86.2592561244965	-8.633331
86.2748761177063	-1.914803
86.2905061244965	6.645203
86.3061261177063	16.05838
86.3217561244965	25.13795
86.3373861312866	32.77791
86.3530061244965	38.28102
86.3686361312866	41.42835
86.3842561244965	42.44371
86.3998861312866	41.80286
86.4155061244965	40.07504
86.4311361312866	37.73446
86.4467661380768	35.14748
86.4623861312866	32.56623
86.4780161380768	30.15585
86.4936361312866	28.05411
86.5092661380768	26.3648
86.5248861312866	25.14098
86.5405161380768	24.33335
86.5561461448669	23.79246
86.5717661380768	23.2864
86.5873961448669	22.57772
86.6030161380768	21.46583
86.6186461448669	19.83598
86.6342661380768	17.70128
86.6498961448669	15.14194
86.6655261516571	12.32835
86.6811461448669	9.4039
86.6967761516571	6.449181
86.7123961448669	3.442123
86.7280261516571	0.3127899
86.7436461448669	-2.989349
86.7592761516571	-6.437805
86.7749061584473	-9.878609
86.7905261516571	-13.12325
86.8061561584473	-15.98708
86.8217761516571	-18.38649
86.8374061584473	-20.39218
86.8530261516571	-22.16164
86.8686561584473	-23.89828
86.8842861652374	-25.79084
86.8999061584473	-28.01664
86.9155361652374	-30.69833
86.9311561584473	-33.89568
86.9467861652374	-37.53709
86.9624061584473	-41.314
86.9780361652374	-44.69811
86.993665933609	-46.97984
87.0092861652374	-47.53938
87.024915933609	-46.07886
87.0405361652374	-42.78725
87.056165933609	-38.27445
87.0717861652374	-33.38641
87.087415933609	-28.85081
87.1030459403992	-25.04639
87.118665933609	-21.94458
87.1342959403992	-19.22974
87.149915933609	-16.6136
87.1655459403992	-14.01034
87.181165933609	-11.61589
87.1967959403992	-9.768517
87.2124259471893	-8.780922
87.2280459403992	-8.726227
87.2436759471893	-9.435333
87.2592959403992	-10.53223
87.2749259471893	-11.58068
87.2905459403992	-12.3018
87.3061759471893	-12.65481
87.3218059539795	-12.83421
87.3374259471893	-13.16557
87.3530559539795	-13.90363
87.3686759471893	-15.01089
87.3843059539795	-16.12506
87.3999259471893	-16.67302
87.4155559539795	-16.1241
87.4311859607697	-14.21388
87.4468059539795	-11.11484
87.4624359607697	-7.227859
87.4780559539795	-3.042374
87.4936859607697	1.076279
87.5093159675598	4.883163
87.5249359607697	8.194611
87.5405659675598	10.83856
87.5561859607697	12.80473
87.5718159675598	14.38414
87.5874359607697	16.19197
87.6030659675598	18.9754
87.61869597435	23.16859
87.6343159675598	28.54065
87.64994597435	34.13914
87.6655659675598	38.6564
87.68119597435	41.09044
87.6968159675598	41.2542
87.71244597435	39.83496
87.7280759811401	38.06305
87.74369597435	37.07132
87.7593259811401	37.3904
87.77494597435	38.85065
87.7905759811401	40.84108
87.80619597435	42.70113
87.8218259811401	44.05238
87.8374559879303	44.85954
87.8530759811401	45.20128
87.8687059879303	45.14932
87.8843259811401	44.60986
87.8999559879303	43.38026
87.9155759811401	41.28661
87.9312059879303	38.4167
87.9468359947205	35.05809
87.9624559879303	31.66817
87.9780859947205	28.66586
87.9937059879303	26.23453
88.0093359947205	24.2993
88.0249559879303	22.55797
88.0405859947205	20.60454
88.0562160015106	18.11102
88.0718359947205	14.93401
88.0874660015106	11.11061
88.1030859947205	6.859894
88.1187160015106	2.490097
88.1343359947205	-1.694885
88.1499660015106	-5.429199
88.1655960083008	-8.576248
88.1812160015106	-11.10513
88.1968460083008	-13.08533
88.2124660015106	-14.62494
88.2280960083008	-15.87546
88.2437160015106	-16.9763
88.2593460083008	-18.08273
88.2749760150909	-19.3645
88.2905960083008	-20.99126
88.3062260150909	-23.16055
88.3218460083008	-26.01398
88.3374760150909	-29.52864
88.3530960083008	-33.40091
88.3687260150909	-37.07813
88.3843560218811	-39.82332
88.3999760150909	-40.92159
88.4156060218811	-39.92487
88.4312260150909	-36.78305
88.4468560218811	-31.88965
88.4624760150909	-25.93791
88.4781060218811	-19.69276
88.4937360286713	-13.72897
88.5093560218811	-8.37056
88.5249860286713	-3.628571
88.5406060218811	0.6709747
88.5562360286713	4.81781
88.5718560218811	9.129868
88.5874860286713	13.8925
88.6031160354614	19.30533
88.6187360286713	25.41481
88.6343660354614	32.11397
88.6499860286713	39.11009
88.6656160354614	46.07396
88.6812360286713	52.68628
88.6968660354614	58.72202
88.7124960422516	64.14401
88.7281160354614	69.01228
88.7437460422516	73.47212
88.7593660354614	77.53914
88.7749960422516	81.12772
88.7906160354614	84.09933
88.8062460422516	86.33215
88.8218760490417	87.83425
88.8374960422516	88.77872
88.8531260490417	89.61292
88.8687460422516	90.90635
88.8843760490417	93.13404
88.8999960422516	96.44478
88.9156260490417	100.4714
88.9312560558319	104.3072
88.9468760490417	106.6267
88.9625060558319	105.9925
88.9781260490417	101.1638
88.9937560558319	91.4817
89.0093760490417	77.01183
89.0250060558319	58.5664
89.0406360626221	37.51947
89.0562560558319	15.48591
89.0718860626221	-5.993431
89.0875060558319	-25.67391
89.1031360626221	-42.73079
89.1187560558319	-56.78046
89.1343860626221	-67.77321
89.1500160694122	-75.9612
89.1656360626221	-81.76952
89.1812660694122	-85.65176
89.1968860626221	-88.0441
89.2125160694122	-89.21945
89.2281360626221	-89.24413
89.2437660694122	-87.87622
89.2593960762024	-84.83994
89.2750160694122	-80.03102
89.2906460762024	-73.72528
89.3062660694122	-66.62993
89.3218960762024	-59.66075
89.3375160694122	-53.72105
89.3531460762024	-49.32644
89.3687760829926	-46.45172
89.3843960762024	-44.50763
89.4000260829926	-42.58698
89.4156460762024	-39.84983
89.4312760829926	-35.87188
89.4468960762024	-30.89283
89.4625260829926	-25.7991
89.4781560897827	-21.89127
89.4937760829926	-20.47688
89.5094060897827	-22.42065
89.5250260829926	-27.79164
89.5406560897827	-35.70836
89.5562760829926	-44.45654
89.5719060897827	-52.0092
89.5875360965729	-56.66234
89.6031560897827	-57.6649
89.6187860965729	-55.48845
89.6344060897827	-51.58543
89.6500360965729	-47.73273
89.6656560897827	-45.26083
89.6812860965729	-44.44492
89.696916103363	-44.4019
89.7125360965729	-43.53218
89.728166103363	-40.22585
89.7437860965729	-33.62053
89.759416103363	-23.98811
89.7750461101532	-12.58632
89.790666103363	-1.152832
89.8062961101532	8.745789
89.821916103363	16.21031
89.8375461101532	21.12947
89.853166103363	23.96387
89.8687961101532	25.37105
89.8844261169434	25.82037
89.9000461101532	25.44391
89.9156761169434	24.19093
89.9312961101532	22.10579
89.9469261169434	19.50374
89.9625461101532	17.01254
89.9781761169434	15.35275
89.9938061237335	15.09885
90.0094261169434	16.44215
90.0250561237335	19.13629
90.0406761169434	22.55693
90.0563061237335	25.87888
90.0719261169434	28.31001
90.0875561237335	29.25974
90.1031861305237	28.57053
90.1188061237335	26.58687
90.1344361305237	24.08737
90.1500561237335	22.00807
90.1656861305237	20.98784
90.1813061237335	21.05309
90.1969361305237	21.5289
90.2125661373138	21.35576
90.2281861305237	19.63791
90.2438161373138	16.20772
90.2594361305237	11.68562
90.2750661373138	7.132202
90.2906861305237	3.435883
90.3063161373138	0.8033447
90.321946144104	-1.281631
90.3375661373138	-3.823334
90.353196144104	-7.817673
90.3688161373138	-14.15799
90.384446144104	-23.75157
90.4000661373138	-37.60707
90.415696144104	-56.42116
90.4313261508942	-79.71489
90.446946144104	-105.2219
90.4625761508942	-129.0051
90.478196144104	-146.6745
90.4938261508942	-155.1316
90.509446144104	-153.8468
90.5250761508942	-144.8737
90.5407061576843	-131.5714
90.5563261508942	-116.8478
90.5719561576843	-101.9307
90.5875761508942	-86.49197
90.6032061576843	-69.70354
90.6188261508942	-51.41737
90.6344561576843	-32.65393
90.6500861644745	-15.13718
90.6657061576843	-0.3439331
90.6813361644745	11.16251
90.6969561576843	19.67809
90.7125861644745	25.74553
90.7282061576843	29.41176
90.7438361644745	30.06061
90.7594659328461	26.88683
90.7750861644745	19.56406
90.7907159328461	8.869293
90.8063361644745	-3.208527
90.8219659328461	-13.93971
90.8375861644745	-20.92816
90.8532159328461	-22.8226
90.8688459396362	-19.84174
90.8844659328461	-13.44234
90.9000959396362	-5.590034
90.9157159328461	2.041428
90.9313459396362	8.569588
90.9469659328461	13.91631
90.9625959396362	18.41964
90.9782259464264	22.34251
90.9938459396362	25.68595
91.0094759464264	28.13055
91.0250959396362	29.30128
91.0407259464264	28.94152
91.0563459396362	27.01796
91.0719759464264	23.68867
91.0876059532166	19.29333
91.1032259464264	14.27382
91.1188559532166	9.103069
91.1344759464264	4.240829
91.1501059532166	0.01527786
91.1657259464264	-3.429201
91.1813559532166	-6.097986
91.1969859600067	-8.004343
91.2126059532166	-9.042682
91.2282359600067	-8.88821
91.2438559532166	-7.111585
91.2594859600067	-3.357701
91.2751059532166	2.43444
91.2907359600067	9.859861
91.3063659667969	18.02564
91.3219859600067	25.79135
91.3376159667969	32.01488
91.3532359600067	35.97929
91.3688659667969	37.59309
91.3844859600067	37.38449
91.4001159667969	36.22647
91.415745973587	34.97126
91.4313659667969	34.13433
91.446995973587	33.80512
91.4626159667969	33.80761
91.478245973587	33.90082
91.4938659667969	34.00016
91.509495973587	34.13864
91.5251259803772	34.34794
91.540745973587	34.45533
91.5563759803772	34.10137
91.571995973587	32.87587
91.5876259803772	30.576
91.603245973587	27.36866
91.6188759803772	23.75123
91.6345059871674	20.35349
91.6501259803772	17.63643
91.6657559871674	15.78024
91.6813759803772	14.64867
91.6970059871674	13.98124
91.7126259803772	13.54692
91.7282559871674	13.24608
91.7438859939575	13.08102
91.7595059871674	13.02662
91.7751359939575	12.96452
91.7907559871674	12.62545
91.8063859939575	11.73112
91.8220059871674	10.111
91.8376359939575	7.821457
91.8532660007477	5.140312
91.8688859939575	2.470184
91.8845160007477	0.202507
91.9001359939575	-1.469421
91.9157660007477	-2.575928
91.9313859939575	-3.398178
91.9470160007477	-4.305443
91.9626460075378	-5.650055
91.9782660007477	-7.571541
91.9938960075378	-9.900017
92.0095160007477	-12.18118
92.0251460075378	-13.78377
92.0407660007477	-14.158
92.0563960075378	-12.99734
92.072026014328	-10.42151
92.0876460075378	-6.891869
92.103276014328	-3.047935
92.1188960075378	0.5286179
92.134526014328	3.464676
92.1501460075378	5.582466
92.165776014328	6.814903
92.1814060211182	7.073105
92.197026014328	6.28112
92.2126560211182	4.458389
92.228276014328	1.867416
92.2439060211182	-0.9607468
92.259526014328	-3.335594
92.2751560211182	-4.631004
92.2907860279083	-4.552864
92.3064060211182	-3.209534
92.3220360279083	-1.047913
92.3376560211182	1.391937
92.3532860279083	3.692558
92.3689160346985	5.703102
92.3845360279083	7.536179
92.4001660346985	9.39563
92.4157860279083	11.4426
92.4314160346985	13.59044
92.4470360279083	15.55347
92.4626660346985	16.9061
92.4782960414886	17.31744
92.4939160346985	16.68646
92.5095460414886	15.21748
92.5251660346985	13.32703
92.5407960414886	11.4576
92.5564160346985	9.94648
92.5720460414886	8.890335
92.5876760482788	8.174408
92.6032960414886	7.545723
92.6189260482788	6.791901
92.6345460414886	5.763214
92.6501760482788	4.443695
92.6657960414886	2.902626
92.6814260482788	1.28196
92.697056055069	-0.2743683
92.7126760482788	-1.631569
92.728306055069	-2.715439
92.7439260482788	-3.535278
92.759556055069	-4.188286
92.7751760482788	-4.841827
92.790806055069	-5.651001
92.8064360618591	-6.694641
92.822056055069	-7.886711
92.8376860618591	-8.951851
92.853306055069	-9.445198
92.8689360618591	-8.888443
92.884556055069	-6.878593
92.9001860618591	-3.323425
92.9158160686493	1.517014
92.9314360618591	7.074463
92.9470660686493	12.60749
92.9626860618591	17.42192
92.9783160686493	21.0687
92.9939360618591	23.44044
93.0095660686493	24.7204
93.0251960754395	25.27664
93.0408160686493	25.4288
93.0564460754395	25.3923
93.0720660686493	25.25204
93.0876960754395	24.99234
93.1033160686493	24.57942
93.1189460754395	24.03571
93.1345760822296	23.42756
93.1501960754395	22.82494
93.1658260822296	22.25604
93.1814460754395	21.66027
93.1970760822296	20.92349
93.2126960754395	19.96314
93.2283260822296	18.73245
93.2439560890198	17.25789
93.2595760822296	15.58102
93.2752060890198	13.69798
93.2908260822296	11.56861
93.3064560890198	9.160431
93.3220760822296	6.522095
93.3377060890198	3.865639
93.3533360958099	1.486954
93.3689560890198	-0.3672256
93.3845860958099	-1.629936
93.4002060890198	-2.470802
93.4158360958099	-3.282829
93.4314560890198	-4.496986
93.4470860958099	-6.383911
93.4627161026001	-8.964653
93.4783360958099	-12.0116
93.4939661026001	-15.15032
93.5095860958099	-18.05769
93.5252161026001	-20.51758
93.5408360958099	-22.49436
93.5564661026001	-24.11087
93.5720961093903	-25.59367
93.5877161026001	-27.15631
93.6033461093903	-28.91192
93.6189661026001	-30.76902
93.6345961093903	-32.39405
93.6502161026001	-33.29467
93.6658461093903	-32.91599
93.6814761161804	-30.87085
93.6970961093903	-27.11371
93.7127261161804	-21.94629
93.7283461093903	-15.97715
93.7439761161804	-9.926739
93.7595961093903	-4.458679
93.7752261161804	0.01522446
93.7908561229706	3.325745
93.8064761161804	5.558117
93.8221061229706	6.907898
93.8377261161804	7.600243
93.8533561229706	7.816799
93.8689761161804	7.682486
93.8846061229706	7.257168
93.9002361297607	6.609114
93.9158561229706	5.851748
93.9314861297607	5.122931
93.9471061229706	4.572414
93.9627361297607	4.287767
93.9783561229706	4.248501
93.9939861297607	4.373951
94.0096161365509	4.523521
94.0252361297607	4.571823
94.0408661365509	4.459185
94.0564861297607	4.184317
94.0721161365509	3.735752
94.0877361297607	3.110619
94.1033661365509	2.278732
94.1189961433411	1.197195
94.1346161365509	-0.1215858
94.1502461433411	-1.652559
94.1658661365509	-3.31576
94.1814961433411	-4.986414
94.1971161365509	-6.557249
94.2127461433411	-7.956181
94.2283761501312	-9.148094
94.2439961433411	-10.14477
94.2596261501312	-11.01811
94.2752461433411	-11.87151
94.2908761501312	-12.83042
94.3064961433411	-13.96975
94.3221261501312	-15.27816
94.3377561569214	-16.6565
94.3533761501312	-17.95469
94.3690061569214	-19.06217
94.3846261501312	-20.01093
94.4002561569214	-20.9804
94.4158761501312	-22.20673
94.4315061569214	-23.79569
94.4471361637115	-25.58031
94.4627561569214	-27.05084
94.4783861637115	-27.50358
94.4940061569214	-26.28195
94.5096361637115	-23.08802
94.5252561569214	-18.14226
94.5408861637115	-12.15698
94.5565159320831	-6.062286
94.5721361637115	-0.7116776
94.5877659320831	3.396019
94.6033861637115	6.196747
94.6190159320831	7.934111
94.6346459388733	8.983757
94.6502659320831	9.650124
94.6658959388733	10.07463
94.6815159320831	10.30442
94.6971459388733	10.36448
94.7127659320831	10.33768
94.7283959388733	10.31893
94.7440259456635	10.38501
94.7596459388733	10.51773
94.7752759456635	10.62511
94.7908959388733	10.56157
94.8065259456635	10.20505
94.8221459388733	9.509197
94.8377759456635	8.528223
94.8534059524536	7.348707
94.8690259456635	6.071571
94.8846559524536	4.766335
94.9002759456635	3.474897
94.9159059524536	2.209816
94.9315259456635	1.000381
94.9471559524536	-0.1436005
94.9627859592438	-1.214535
94.9784059524536	-2.222744
94.9940359592438	-3.237152
95.0096559524536	-4.352226
95.0252859592438	-5.649418
95.0409059524536	-7.147247
95.0565359592438	-8.809231
95.0721659660339	-10.52331
95.0877859592438	-12.17783
95.1034159660339	-13.6911
95.1190359592438	-15.02181
95.1346659660339	-16.19258
95.1502859592438	-17.2402
95.1659159660339	-18.23809
95.1815459728241	-19.24473
95.1971659660339	-20.32882
95.2127959728241	-21.49309
95.2284159660339	-22.6443
95.2440459728241	-23.52323
95.2596659660339	-23.72576
95.2752959728241	-22.81665
95.2909259796143	-20.46017
95.3065459728241	-16.59635
95.3221759796143	-11.50046
95.3377959728241	-5.700638
95.3534259796143	0.195076
95.3690459728241	5.678886
95.3846759796143	10.44705
95.4003059864044	14.40122
95.4159259796143	17.57694
95.4315559864044	20.06511
95.4471759796143	21.93348
95.4628059864044	23.25481
95.4784259796143	24.13831
95.4940559864044	24.75042
95.5096859931946	25.28384
95.5253059864044	25.90518
95.5409359931946	26.68439
95.5565559864044	27.54149
95.5721859931946	28.30055
95.5878059864044	28.71851
95.6034359931946	28.59039
95.6190659999847	27.79955
95.6346859931946	26.35327
95.6503159999847	24.41196
95.6659359931946	22.24021
95.6815659999847	20.16154
95.6971859931946	18.46688
95.7128159999847	17.3633
95.7284460067749	16.87286
95.7440659999847	16.82707
95.7596960067749	16.91447
95.7753159999847	16.73072
95.7909460067749	15.95113
95.8065659999847	14.43681
95.8221960067749	12.32394
95.8378260135651	9.974419
95.8534460067749	7.847137
95.8690760135651	6.316017
95.8846960067749	5.501793
95.9003260135651	5.210129
95.9159460067749	5.009605
95.9315760135651	4.402893
95.9472060203552	3.018784
95.9628260135651	0.7770042
95.9784560203552	-2.022808
95.9940760135651	-4.802551
96.0097060203552	-6.82489
96.0253260135651	-7.441143
96.0409560203552	-6.221664
96.0565860271454	-3.103973
96.0722060203552	1.666569
96.0878360271454	7.58643
96.1034560203552	14.02396
96.1190860271454	20.36609
96.1347060203552	26.0892
96.1503360271454	30.81275
96.1659660339355	34.33653
96.1815860271454	36.67572
96.1972160339355	38.03899
96.2128360271454	38.81162
96.2284660339355	39.49126
96.2440860271454	40.54656
96.2597160339355	42.36375
96.2753460407257	45.09555
96.2909660339355	48.69429
96.3065960407257	52.95184
96.3222160339355	57.61897
96.3378460407257	62.43828
96.3534660339355	67.18929
96.3690960407257	71.69164
96.3847260475159	75.77269
96.4003460407257	79.33958
96.4159760475159	82.39558
96.4315960407257	85.07469
96.4472260475159	87.62527
96.4628460407257	90.25871
96.4784760475159	93.04597
96.494106054306	95.80315
96.5097260475159	98.1987
96.525356054306	99.81537
96.5409760475159	100.4067
96.556606054306	99.93948
96.5722260475159	98.61136
96.587856054306	96.72509
96.6034860610962	94.52097
96.619106054306	92.03583
96.6347360610962	89.07251
96.650356054306	85.33102
96.6659860610962	80.49866
96.681606054306	74.41479
96.6972360610962	67.13019
96.7128660678864	58.87804
96.7284860610962	49.93829
96.7441160678864	40.49567
96.7597360610962	30.58057
96.7753660678864	20.10464
96.7909960746765	9.038025
96.8066160678864	-2.435577
96.8222460746765	-13.80194
96.8378660678864	-24.30045
96.8534960746765	-33.1521
96.8691160678864	-39.72836
96.8847460746765	-43.74976
96.9003760814667	-45.30719
96.9159960746765	-44.75757
96.9316260814667	-42.56161
96.9472460746765	-39.12543
96.9628760814667	-34.77545
96.9784960746765	-29.68411
96.9941260814667	-24.03024
97.0097560882568	-17.9469
97.0253760814667	-11.64438
97.0410060882568	-5.421173
97.0566260814667	0.3019104
97.0722560882568	5.078125
97.0878760814667	8.479187
97.1035060882568	10.20923
97.119136095047	10.26343
97.1347560882568	8.886536
97.150386095047	6.522217
97.1660060882568	3.56134
97.181636095047	0.1564941
97.1972560882568	-4.05835
97.212886095047	-9.881592
97.2285161018372	-18.38171
97.244136095047	-30.43982
97.2597661018372	-46.32703
97.275386095047	-65.42981
97.2910161018372	-86.26605
97.306636095047	-106.8333
97.3222661018372	-125.0884
97.3378961086273	-139.4344
97.3535161018372	-148.9471
97.3691461086273	-153.3433
97.3847661018372	-152.7683
97.4003961086273	-147.614
97.4160161018372	-138.4487
97.4316461086273	-126.0015
97.4472761154175	-111.2103
97.4628961086273	-95.25867
97.4785261154175	-79.42902
97.4941461086273	-64.97571
97.5097761154175	-52.87805
97.5253961086273	-43.64099
97.5410261154175	-37.16534
97.5566561222076	-32.82428
97.5722761154175	-29.6535
97.5879061222076	-26.6308
97.6035261154175	-22.99774
97.6191561222076	-18.43842
97.6347761154175	-13.0058
97.6504061222076	-6.937805
97.6660361289978	-0.4738159
97.6816561222076	6.222412
97.6972861289978	12.99579
97.7129061222076	19.62805
97.7285361289978	25.75891
97.7441561222076	30.99878
97.7597861289978	35.11481
97.775416135788	38.12408
97.7910361289978	40.39209
97.806666135788	42.42981
97.8222861289978	44.7478
97.837916135788	47.61798
97.8535361289978	51.04596
97.869166135788	54.81335
97.8847961425781	58.68866
97.900416135788	62.65131
97.9160461425781	66.901
97.931666135788	71.85278
97.9472961425781	77.89832
97.962916135788	85.18042
97.9785461425781	93.3562
97.9941761493683	101.6182
98.0097961425781	108.8245
98.0254261493683	113.8191
98.0410461425781	115.6991
98.0566761493683	114.0085
98.0722961425781	108.7372
98.0879261493683	100.1564
98.1035561561584	88.57141
98.1191761493683	74.0813
98.1348061561584	56.62231
98.1504261493683	36.0929
98.1660561561584	12.71765
98.1816761493683	-12.83435
98.1973061561584	-39.2981
98.2129361629486	-64.94824
98.2285561561584	-87.97437
98.2441861629486	-106.8932
98.2598061561584	-120.8575
98.2754361629486	-129.837
98.2910561561584	-134.4919
98.3066861629486	-135.8959
98.3223159313202	-135.3346
98.3379361629486	-134.093
98.3535659313202	-133.296
98.3691861629486	-133.8165
98.3848159313202	-136.1422
98.4004361629486	-140.1652
98.4160659313202	-145.1725
98.4316959381104	-149.9423
98.4473159313202	-152.9423
98.4629459381104	-152.7695
98.4785659313202	-148.5129
98.4941959381104	-140.0061
98.5098159313202	-127.896
98.5254459381104	-113.4093
98.5410759449005	-98.04626
98.5566959381104	-83.13501
98.5723259449005	-69.64465
98.5879459381104	-57.9845
98.6035759449005	-48.20215
98.6191959381104	-40.13184
98.6348259449005	-33.66125
98.6504559516907	-28.7356
98.6660759449005	-25.19629
98.6817059516907	-22.7124
98.6973259449005	-20.71252
98.7129559516907	-18.54895
98.7285759449005	-15.80664
98.7442059516907	-12.56982
98.7598359584808	-9.40979
98.7754559516907	-7.231079
98.7910859584808	-6.85022
98.8067059516907	-8.575562
98.8223359584808	-12.01672
98.8379559516907	-16.28882
98.8535859584808	-20.24121
98.869215965271	-23.10364
98.8848359584808	-24.72717
98.900465965271	-25.67859
98.9160859584808	-26.97437
98.931715965271	-29.65356
98.9473359584808	-34.32178
98.962965965271	-40.91125
98.9785959720612	-48.71838
98.994215965271	-56.50806
99.0098459720612	-63.01123
99.025465965271	-67.1156
99.0410959720612	-68.23657
99.056715965271	-66.38647
99.0723459720612	-62.26208
99.0879759788513	-57.00623
99.1035959720612	-52.09961
99.1192259788513	-48.89929
99.1348459720612	-48.27124
99.1504759788513	-50.33374
99.1660959720612	-54.34607
99.1817259788513	-58.98108
99.1973559856415	-62.80566
99.2129759788513	-64.72095
99.2286059856415	-64.28992
99.2442259788513	-61.83118
99.2598559856415	-58.14832
99.2754759788513	-54.2124
99.2911059856415	-50.83301
99.3067359924316	-48.50684
99.3223559856415	-47.37781
99.3379859924316	-47.45984
99.3536059856415	-48.64063
99.3692359924316	-50.83789
99.3848559856415	-53.85681
99.4004859924316	-57.43677
99.4161159992218	-61.2821
99.4317359924316	-65.12476
99.4473659992218	-68.80273
99.4629859924316	-72.24402
99.4786159992218	-75.41309
99.494246006012	-78.05408
99.5098659992218	-79.71985
99.525496006012	-79.76624
99.5411159992218	-77.63757
99.556746006012	-73.08118
99.5723659992218	-66.41431
99.587996006012	-58.35156
99.6036260128021	-49.84161
99.619246006012	-41.84827
99.6348760128021	-34.98334
99.650496006012	-29.40112
99.6661260128021	-24.81665
99.681746006012	-20.64063
99.6973760128021	-16.18024
99.7130060195923	-11.00885
99.7286260128021	-5.140503
99.7442560195923	0.9498291
99.7598760128021	6.446472
99.7755060195923	10.65082
99.7911260128021	13.36823
99.8067560195923	15.19739
99.8223860263824	17.3468
99.8380060195923	21.2887
99.8536360263824	28.15076
99.8692560195923	38.25189
99.8848860263824	51.14008
99.9005060195923	65.67297
99.9161360263824	80.513
99.9317660331726	94.38391
99.9473860263824	106.3501
99.9630160331726	115.7867
99.9786360263824	122.3637
99.9942660331726	125.9918
100.009886026382	126.8122
100.025516033173	125.3611
100.041146039963	122.415
100.056766033173	118.9984
100.072396039963	115.9431
100.088016033173	113.6522
100.103646039963	111.9566
100.119266033173	110.1119
100.134896039963	107.1469
100.150526046753	102.2783
100.166146039963	95.35034
100.181776046753	86.92377
100.197396039963	78.23389
100.213026046753	70.64114
100.228646039963	65.0524
100.244276046753	61.52295
100.259906053543	59.22476
100.275526046753	56.78802
100.291156053543	52.85004
100.306776046753	46.61148
100.322406053543	38.09018
100.338026046753	28.17551
100.353656053543	18.31543
100.369286060333	10.01843
100.384906053543	4.560059
100.400536060333	2.621399
100.416156053543	4.155396
100.431786060333	8.381989
100.447406053543	13.8389
100.463036060333	18.71548
100.478666067123	21.31122
100.494286060333	20.49969
100.509916067123	16.02234
100.525536060333	8.62912
100.541166067123	-0.2101746
100.556786060333	-8.651825
100.572416067123	-14.97086
100.588046073914	-18.09274
100.603666067123	-17.75638
100.619296073914	-14.57782
100.634916067123	-9.737091
100.650546073914	-4.635956
100.666166067123	-0.4086304
100.681796073914	2.257935
100.697426080704	3.231781
100.713046073914	2.844971
100.728676080704	1.712891
100.744296073914	0.4784851
100.759926080704	-0.3120728
100.775546073914	-0.3660583
100.791176080704	0.3833618
100.806806087494	1.763672
100.822426080704	3.355743
100.838056087494	4.599487
100.853676080704	5.009613
100.869306087494	4.33316
100.884926080704	2.652374
100.900556087494	0.4309082
100.916186094284	-1.723145
100.931806087494	-3.105499
100.947436094284	-3.166412
100.963056087494	-1.649597
100.978686094284	1.300873
100.994306087494	5.160126
101.009936094284	9.138794
101.025566101074	12.33533
101.041186094284	14.02054
101.056816101074	13.76898
101.072436094284	11.70016
101.088066101074	8.442871
101.103686094284	5.00058
101.119316101074	2.401566
101.134946107864	1.373428
101.150566101074	2.039474
101.166196107864	3.904358
101.181816101074	6.015579
101.197446107864	7.253098
101.213066101074	6.649734
101.228696107864	3.676941
101.244326114655	-1.65271
101.259946107864	-8.723816
101.275576114655	-16.45096
101.291196107864	-23.55698
101.306826114655	-28.79694
101.322446107864	-31.31572
101.338076114655	-30.89052
101.353706121445	-28.04338
101.369326114655	-23.88963
101.384956121445	-19.72578
101.400576114655	-16.57941
101.416206121445	-14.84407
101.431826114655	-14.29135
101.447456121445	-14.28596
101.463086128235	-14.18845
101.478706121445	-13.5721
101.494336128235	-12.33539
101.509956121445	-10.54994
101.525586128235	-8.235916
101.541206121445	-5.323654
101.556836128235	-1.69928
101.572466135025	2.621841
101.588086128235	7.412643
101.603716135025	12.26274
101.619336128235	16.65667
101.634966135025	20.12514
101.650586128235	22.31283
101.666216135025	23.04234
101.681846141815	22.29521
101.697466135025	20.28454
101.713096141815	17.44308
101.728716135025	14.43377
101.744346141815	12.13893
101.759976148605	11.43963
101.775596141815	13.08561
101.791226148605	17.4349
101.806846141815	24.32758
101.822476148605	33.05196
101.838096141815	42.48834
101.853726148605	51.44174
101.869356155396	58.91499
101.884976148605	64.47518
101.900606155396	68.1809
101.916226148605	70.48058
101.931856155396	71.74678
101.947476148605	72.00993
101.963106155396	70.85738
101.978736162186	67.82038
101.994356155396	62.70591
102.009986162186	55.95425
102.025606155396	48.67539
102.041236162186	42.33366
102.056856155396	38.15645
102.072486162186	36.74064
102.088115930557	37.77832
102.103736162186	40.18102
102.119365930557	42.44778
102.134986162186	43.153
102.150615930557	41.33525
102.166236162186	36.77246
102.181865930557	29.97923
102.197495937347	21.98674
102.213115930557	13.94334
102.228745937347	6.666817
102.244365930557	0.5636292
102.259995937347	-4.452625
102.275615930557	-8.607151
102.291245937347	-12.08257
102.306875944138	-14.89115
102.322495937347	-16.9912
102.338125944138	-18.39563
102.353745937347	-19.35519
102.369375944138	-20.25537
102.384995937347	-21.30306
102.400625944138	-22.43023
102.416255950928	-23.19545
102.431875944138	-23.08631
102.447505950928	-21.85716
102.463125944138	-19.83812
102.478755950928	-17.80306
102.494375944138	-16.78785
102.510005950928	-17.64703
102.525635957718	-20.69435
102.541255950928	-25.59208
102.556885957718	-31.51421
102.572505950928	-37.45699
102.588135957718	-42.63324
102.603755950928	-46.7216
102.619385957718	-49.9052
102.635015964508	-52.69952
102.650635957718	-55.69157
102.666265964508	-59.17768
102.681885957718	-63.09
102.697515964508	-67.02348
102.713135957718	-70.54964
102.728765964508	-73.4772
102.744395971298	-75.88423
102.760015964508	-77.87129
102.775645971298	-79.26109
102.791265964508	-79.3647
102.806895971298	-77.08891
102.822515964508	-71.59807
102.838145971298	-62.731
102.853775978088	-51.36467
102.869395971298	-39.11464
102.885025978088	-27.64349
102.900645971298	-17.88226
102.916275978088	-9.703543
102.931895971298	-2.085541
102.947525978088	6.270098
102.963155984879	16.18628
102.978775978088	27.77156
102.994405984879	40.46431
103.010025978088	53.40393
103.025655984879	65.88749
103.041275978088	77.56209
103.056905984879	88.23975
103.072535991669	97.61961
103.088155984879	105.3286
103.103785991669	111.1396
103.119405984879	115.5496
103.135035991669	120.0614
103.150655984879	126.818
103.166285991669	137.7146
103.181915998459	153.1465
103.197535991669	171.1572
103.213165998459	187.5763
103.228785991669	197.4499
103.244415998459	196.8008
103.260035991669	184.3342
103.275665998459	161.7398
103.291296005249	132.8159
103.306915998459	101.7738
103.322546005249	71.77089
103.338165998459	44.34384
103.353796005249	19.70625
103.369415998459	-2.274637
103.385046005249	-21.63928
103.400676012039	-38.15273
103.416296005249	-51.78387
103.431926012039	-63.01831
103.447546005249	-72.93502
103.463176012039	-82.79657
103.478796005249	-93.36974
103.494426012039	-104.5467
103.510056018829	-115.2277
103.525676012039	-123.792
103.541306018829	-128.5582
103.556926012039	-128.4333
103.572556018829	-123.3624
103.588176012039	-114.4609
103.603806018829	-103.7759
103.61943602562	-93.57611
103.635056018829	-85.60421
103.65068602562	-80.35818
103.666306018829	-77.02858
103.68193602562	-73.91492
103.697556018829	-69.33829
103.71318602562	-62.51077
103.72881603241	-53.80293
103.74443602562	-44.4398
103.76006603241	-35.81479
103.77568602562	-28.91074
103.79131603241	-23.96243
103.80693602562	-20.68172
103.82256603241	-18.56725
103.8381960392	-17.22972
103.85381603241	-16.5276
103.8694460392	-16.40498
103.88506603241	-16.74429
103.9006960392	-17.34135
103.91631603241	-18.05103
103.9319460392	-18.91331
103.94757604599	-20.31464
103.9631960392	-22.85946
103.97882604599	-27.05516
103.9944460392	-32.98036
104.01007604599	-40.06364
104.02570605278	-47.12016
104.04132604599	-52.75431
104.05695605278	-55.78962
104.07257604599	-55.80476
104.08820605278	-53.2474
104.10382604599	-49.2201
104.11945605278	-44.9216
104.13508605957	-41.14336
104.15070605278	-37.91452
104.16633605957	-34.60751
104.18195605278	-30.30146
104.19758605957	-24.28959
104.21320605278	-16.63294
104.22883605957	-8.26833
104.24446606636	-0.7465057
104.26008605957	4.335182
104.27571606636	6.138134
104.29133605957	4.930912
104.30696606636	2.176651
104.32258605957	0.005069733
104.33821606636	0.4855347
104.353846073151	4.795372
104.36946606636	12.84433
104.385096073151	23.35227
104.40071606636	34.35599
104.416346073151	44.00462
104.43196606636	51.0695
104.447596073151	55.27538
104.463226079941	57.01068
104.478846073151	56.99403
104.494476079941	55.90327
104.510096073151	54.20067
104.525726079941	52.18835
104.541346073151	50.10574
104.556976079941	48.314
104.572606086731	47.14861
104.588226079941	46.78061
104.603856086731	46.9547
104.619476079941	47.04156
104.635106086731	46.23746
104.650726079941	44.01688
104.666356086731	40.29288
104.681986093521	35.54063
104.697606086731	30.59386
104.713236093521	26.28148
104.728856086731	23.09174
104.744486093521	21.09943
104.760106086731	19.92841
104.775736093521	19.04059
104.791366100311	17.9771
104.806986093521	16.48996
104.822616100311	14.59911
104.838236093521	12.54208
104.853866100311	10.64006
104.869486093521	9.100876
104.885116100311	7.99144
104.900746107101	7.139633
104.916366100311	6.253601
104.931996107101	4.987808
104.947616100311	3.154037
104.963246107101	0.8101959
104.978866100311	-1.724762
104.994496107101	-3.968658
105.010126113892	-5.392807
105.025746107101	-5.508591
105.041376113892	-3.958633
105.056996107101	-0.5311127
105.072626113892	4.789734
105.088246107101	11.8033
105.103876113892	20.09157
105.119506120682	28.97632
105.135126113892	37.59114
105.150756120682	45.11398
105.166376113892	50.98996
105.182006120682	55.05191
105.197626113892	57.44347
105.213256120682	58.4953
105.228886127472	58.56
105.244506120682	57.95218
105.260136127472	56.90465
105.275756120682	55.65991
105.291386127472	54.51126
105.307006120682	53.71811
105.322636127472	53.43115
105.338266134262	53.56483
105.353886127472	53.82382
105.369516134262	53.86703
105.385136127472	53.40236
105.400766134262	52.31685
105.416386127472	50.72577
105.432016134262	48.87343
105.447646141052	46.98256
105.463266134262	45.19733
105.478896141052	43.53423
105.494516134262	41.89775
105.510146141052	40.14522
105.525766134262	38.14511
105.541396141052	35.78281
105.557026147842	33.12149
105.572646141052	30.2897
105.588276147842	27.42892
105.603896141052	24.65926
105.619526147842	21.97415
105.635146141052	19.25578
105.650776147842	16.31885
105.666406154633	13.10902
105.682026147842	9.782318
105.697656154633	6.852615
105.713276147842	4.952362
105.728906154633	4.729454
105.744526147842	6.627308
105.760156154633	10.6037
105.775786161423	16.21973
105.791406154633	22.67598
105.807036161423	29.05842
105.822656154633	34.45607
105.838286161423	38.25768
105.853906154633	40.10769
105.869536161423	39.92904
105.885165929794	37.93861
105.900786161423	34.41836
105.916415929794	29.72206
105.932036161423	24.27803
105.947665929794	18.51429
105.963286161423	12.74092
105.978915929794	7.178276
105.994545936584	1.783424
106.010165929794	-3.686752
106.025795936584	-9.453293
106.041415929794	-15.70403
106.057045936584	-22.31139
106.072665929794	-28.84372
106.088295936584	-34.82521
106.103925943375	-39.9162
106.119545936584	-44.00838
106.135175943375	-47.27226
106.150795936584	-49.9993
106.166425943375	-52.32413
106.182045936584	-54.24095
106.197675943375	-55.61449
106.213305950165	-56.3721
106.228925943375	-56.6584
106.244555950165	-56.78511
106.260175943375	-57.03609
106.275805950165	-57.49304
106.291425943375	-58.05066
106.307055950165	-58.3419
106.322685956955	-58.05319
106.338305950165	-57.00211
106.353935956955	-55.10162
106.369555950165	-52.39986
106.385185956955	-48.86227
106.400805950165	-44.42119
106.416435956955	-39.08853
106.432065963745	-33.11157
106.447685956955	-26.94991
106.463315963745	-21.29488
106.478935956955	-16.78638
106.494565963745	-13.85632
106.510185956955	-12.62546
106.525815963745	-12.88388
106.541445970535	-14.31558
106.557065963745	-16.63516
106.572695970535	-19.58725
106.588315963745	-22.89664
106.603945970535	-26.28186
106.619575977325	-29.3587
106.635195970535	-31.73697
106.650825977325	-33.20514
106.666445970535	-33.80255
106.682075977325	-33.83182
106.697695970535	-33.73822
106.713325977325	-33.92511
106.728955984116	-34.56647
106.744575977325	-35.67197
106.760205984116	-37.13763
106.775825977325	-38.76425
106.791455984116	-40.39859
106.807075977325	-41.8902
106.822705984116	-43.10788
106.838335990906	-43.91443
106.853955984116	-44.2157
106.869585990906	-44.00729
106.885205984116	-43.36703
106.900835990906	-42.48788
106.916455984116	-41.49371
106.932085990906	-40.51373
106.947715997696	-39.63882
106.963335990906	-39.02209
106.978965997696	-38.90057
106.994585990906	-39.48718
107.010215997696	-40.80502
107.025835990906	-42.47928
107.041465997696	-43.77585
107.057096004486	-43.75021
107.072715997696	-41.71796
107.088346004486	-37.57245
107.103965997696	-31.74686
107.119596004486	-25.04883
107.135215997696	-18.27719
107.150846004486	-12.00763
107.166476011276	-6.513275
107.182096004486	-2.004089
107.197726011276	1.347595
107.213346004486	3.233429
107.228976011276	3.384888
107.244596004486	1.798615
107.260226011276	-1.148529
107.275856018066	-4.82608
107.291476011276	-8.525757
107.307106018066	-11.63686
107.322726011276	-13.91023
107.338356018066	-15.34099
107.353976011276	-16.11942
107.369606018066	-16.55707
107.385236024857	-16.90474
107.400856018066	-17.36946
107.416486024857	-18.0925
107.432106018066	-19.20966
107.447736024857	-20.79187
107.463356018066	-22.97559
107.478986024857	-25.88422
107.494616031647	-29.58087
107.510236024857	-34.02324
107.525866031647	-38.95319
107.541486024857	-43.96832
107.557116031647	-48.43437
107.572736024857	-51.55333
107.588366031647	-52.5451
107.603996038437	-50.87202
107.619616031647	-46.48399
107.635246038437	-39.91035
107.650866031647	-32.25024
107.666496038437	-24.8266
107.682116031647	-18.80531
107.697746038437	-14.69787
107.713376045227	-12.09209
107.728996038437	-9.814781
107.744626045227	-6.385635
107.760246038437	-0.525238
107.775876045227	8.396072
107.791496038437	20.06664
107.807126045227	33.45325
107.822756052017	47.11687
107.838376045227	59.70592
107.854006052017	70.2939
107.869626045227	78.59918
107.885256052017	84.8009
107.900876045227	89.32658
107.916506052017	92.62561
107.932136058807	94.96101
107.947756052017	96.5396
107.963386058807	97.5621
107.979006052017	98.37241
107.994636058807	99.29895
108.010256052017	100.4918
108.025886058807	101.6955
108.041516065598	102.2395
108.057136058807	101.2151
108.072766065598	97.86094
108.088386058807	91.93797
108.104016065598	83.82458
108.119636058807	74.37975
108.135266065598	64.5656
108.150896072388	55.06873
108.166516065598	46.0369
108.182146072388	37.13052
108.197766065598	27.60829
108.213396072388	16.60379
108.229016065598	3.304894
108.244646072388	-12.7778
108.260276079178	-31.58485
108.275896072388	-52.33029
108.291526079178	-73.53655
108.307146072388	-93.17725
108.322776079178	-109.0457
108.338396072388	-119.0729
108.354026079178	-121.7353
108.369656085968	-116.516
108.385276079178	-104.0869
108.400906085968	-86.40176
108.416526079178	-66.3436
108.432156085968	-46.9589
108.447776079178	-30.54853
108.463406085968	-18.05537
108.479036092758	-8.929081
108.494656085968	-1.63958
108.510286092758	5.314289
108.525906085968	12.71584
108.541536092758	20.28833
108.557156085968	26.99948
108.572786092758	31.66825
108.588416099548	33.46831
108.604036092758	32.05184
108.619666099548	27.38894
108.635286092758	19.67214
108.650916099548	9.264633
108.666536092758	-3.064434
108.682166099548	-15.93357
108.697796106339	-27.46534
108.713416099548	-35.5642
108.729046106339	-38.58707
108.744666099548	-35.85911
108.760296106339	-27.98702
108.775926113129	-16.67768
108.791546106339	-4.311745
108.807176113129	6.855057
108.822796106339	15.30133
108.838426113129	20.50675
108.854046106339	23.10642
108.869676113129	24.26198
108.885306119919	25.23591
108.900926113129	26.86802
108.916556119919	29.46781
108.932176113129	32.92696
108.947806119919	36.94613
108.963426113129	41.21986
108.979056119919	45.31467
108.994686126709	48.75721
109.010306119919	50.88194
109.025936126709	51.17533
109.041556119919	49.53356
109.057186126709	46.43514
109.072806119919	42.79101
109.088436126709	39.45331
109.104066133499	36.814
109.119686126709	34.52385
109.135316133499	31.76063
109.150936126709	27.7065
109.166566133499	22.00735
109.182186126709	15.05772
109.197816133499	7.819801
109.213446140289	1.620972
109.229066133499	-2.328888
109.244696140289	-3.134682
109.260316133499	-0.54496
109.275946140289	4.992126
109.291566133499	12.35169
109.307196140289	19.99569
109.322826147079	26.35548
109.338446140289	30.17986
109.354076147079	30.91374
109.369696140289	28.5377
109.385326147079	23.45029
109.400946140289	16.09544
109.416576147079	6.870247
109.43220615387	-3.852257
109.447826147079	-15.50858
109.46345615387	-27.22353
109.479076147079	-37.99358
109.49470615387	-46.76283
109.510326147079	-52.75218
109.52595615387	-55.65162
109.54158616066	-55.72681
109.55720615387	-53.65063
109.57283616066	-50.26356
109.58845615387	-46.3254
109.60408616066	-42.30667
109.61970615387	-38.45124
109.63533616066	-34.94181
109.650965929031	-31.98415
109.66658616066	-30.0029
109.682215929031	-29.52863
109.69783616066	-30.9976
109.713465929031	-34.38684
109.72908616066	-39.1556
109.744715929031	-44.1971
109.760345935822	-48.21193
109.775965929031	-50.13959
109.791595935822	-49.47707
109.807215929031	-46.30431
109.822845935822	-41.14221
109.838465929031	-34.74119
109.854095935822	-27.74379
109.869725942612	-20.72342
109.885345935822	-14.12596
109.900975942612	-8.243774
109.916595935822	-3.090179
109.932225942612	1.71196
109.947845935822	6.944092
109.963475942612	13.66795
109.979105949402	22.72044
109.994725942612	34.34962
110.010355949402	47.87384
110.025975942612	61.82864
110.041605949402	74.44707
110.057225942612	84.28813
110.072855949402	90.63501
110.088485956192	93.45091
110.104105949402	93.16621
110.119735956192	90.29549
110.135355949402	85.31451
110.150985956192	78.78607
110.166605949402	71.54411
110.182235956192	64.90691
110.197865962982	60.28896
110.213485956192	58.81183
110.229115962982	60.76779
110.244735956192	65.48367
110.260365962982	71.50331
110.275985956192	77.20901
110.291615962982	81.2935
110.307245969772	83.07535
110.322865962982	82.55908
110.338495969772	79.97
110.354115962982	75.57426
110.369745969772	69.55241
110.385365962982	62.11927
110.400995969772	53.64368
110.416625976562	44.7506
110.432245969772	36.28136
110.447875976562	29.06387
110.463495969772	23.66556
110.479125976562	20.04433
110.494745969772	17.57433
110.510375976562	15.21877
110.526005983353	11.79577
110.541625976562	6.33213
110.557255983353	-1.700783
110.572875976562	-12.21959
110.588505983353	-24.4609
110.604125976562	-37.09206
110.619755983353	-48.57865
110.635385990143	-57.42936
110.651005983353	-62.52641
110.666635990143	-63.48631
110.682255983353	-60.58409
110.697885990143	-54.71038
110.713505983353	-47.12026
110.729135990143	-39.14631
110.744765996933	-31.91591
110.760385990143	-26.17866
110.776015996933	-22.18756
110.791635990143	-19.77815
110.807265996933	-18.60474
110.822885990143	-18.31794
110.838515996933	-18.80752
110.854146003723	-20.16522
110.869765996933	-22.53066
110.885396003723	-25.76959
110.901015996933	-29.30171
110.916646003723	-32.24981
110.932265996933	-33.80922
110.947896003723	-33.59589
110.963526010513	-31.8376
110.979146003723	-29.25147
110.994776010513	-26.87809
111.010396003723	-25.78876
111.026026010513	-26.93914
111.041646003723	-30.93033
111.057276010513	-37.7492
111.072906017303	-46.67348
111.088526010513	-56.20108
111.104156017303	-64.44429
111.119776010513	-69.73328
111.135406017303	-71.24855
111.151026010513	-69.2787
111.166656017303	-64.96626
111.182286024094	-59.75397
111.197906017303	-54.80202
111.213536024094	-50.86697
111.229156017303	-48.38881
111.244786024094	-47.77926
111.260406017303	-49.39205
111.276036024094	-53.19629
111.291666030884	-58.33063
111.307286024094	-62.98848
111.322916030884	-64.95172
111.338536024094	-62.39061
111.354166030884	-54.68015
111.369786024094	-42.55058
111.385416030884	-27.68234
111.401046037674	-11.92843
111.416666030884	3.342609
111.432296037674	17.38765
111.447916030884	29.8811
111.463546037674	40.35665
111.479176044464	48.10145
111.494796037674	52.27171
111.510426044464	52.49052
111.526046037674	49.35533
111.541676044464	44.35271
111.557296037674	39.52706
111.572926044464	36.66633
111.588556051254	36.65212
111.604176044464	39.12167
111.619806051254	42.74479
111.635426044464	45.80269
111.651056051254	46.80322
111.666676044464	45.02569
111.682306051254	40.52939
111.697936058044	33.98823
111.713556051254	26.30953
111.729186058044	18.23615
111.744806051254	10.1686
111.760436058044	2.401252
111.776056051254	-4.818285
111.791686058044	-11.19094
111.807316064835	-16.26409
111.822936058044	-19.70319
111.838566064835	-21.31963
111.854186058044	-21.13518
111.869816064835	-19.32243
111.885436058044	-16.11789
111.901066064835	-11.67131
111.916696071625	-6.264674
111.932316064835	-0.4920063
111.947946071625	4.711938
111.963566064835	8.121809
111.979196071625	8.783499
111.994816064835	6.48288
112.010446071625	2.139997
112.026076078415	-2.332827
112.041696071625	-4.604294
112.057326078415	-2.858376
112.072946071625	3.605371
112.088576078415	14.17677
112.104196071625	27.23216
112.119826078415	40.65667
112.135456085205	52.29655
112.151076078415	60.35022
112.166706085205	63.5021
112.182326078415	61.22033
112.197956085205	53.67912
112.213576078415	41.77351
112.229206085205	26.885
112.244836091995	10.4578
112.260456085205	-6.277197
112.276086091995	-22.4217
112.291706085205	-37.29241
112.307336091995	-50.28899
112.322956085205	-60.64403
112.338586091995	-67.61317
112.354216098785	-70.58511
112.369836091995	-69.3203
112.385466098785	-64.0966
112.401086091995	-55.68365
112.416716098785	-45.2216
112.432336091995	-34.06768
112.447966098785	-23.5623
112.463596105576	-14.74665
112.479216098785	-8.222408
112.494846105576	-4.150303
112.510466098785	-2.248074
112.526096105576	-2.051174
112.541716098785	-2.916416
112.557346105576	-4.140305
112.572976112366	-5.156315
112.588596105576	-6.012951
112.604226112366	-7.627903
112.619846105576	-11.58253
112.635476112366	-19.32489
112.651096105576	-30.79793
112.666726112366	-43.82305
112.682356119156	-54.37149
112.697976112366	-58.0266
112.713606119156	-51.87263
112.729226112366	-35.73013
112.744856119156	-11.98029
112.760476112366	15.79924
112.776106119156	44.60668
112.791736125946	73.25665
112.807356119156	102.2947
112.822986125946	133.0072
112.838606119156	166.0692
112.854236125946	200.718
112.869856119156	234.4759
112.885486125946	263.9001
112.901116132736	285.4638
112.916736125946	296.3053
112.932366132736	294.6364
112.947986125946	279.8901
112.963616132736	252.7875
112.979236125946	215.4361
112.994866132736	171.423
113.010496139526	125.3731
113.026116132736	82.02216
113.041746139526	44.77037
113.057366132736	14.33907
113.072996139526	-11.79169
113.088616132736	-38.64096
113.104246139526	-71.491
113.119876146317	-113.0985
113.135496139526	-161.5907
113.151126146317	-210.2462
113.166746139526	-249.3663
113.182376146317	-269.8996
113.197996139526	-267.0169
113.213626146317	-242.249
113.229256153107	-203.0289
113.244876146317	-159.9102
113.260506153107	-122.6069
113.276126146317	-96.77024
113.291756153107	-82.85406
113.307376146317	-77.31691
113.323006153107	-75.411
113.338636159897	-73.68286
113.354256153107	-70.95648
113.369886159897	-67.6503
113.385506153107	-64.35081
113.401136159897	-60.87453
113.416756153107	-56.46375
113.432386159897	-51.01977
113.448015928268	-46.05984
113.463636159897	-44.95946
113.479265928268	-51.93628
113.494886159897	-70.1283
113.510515928268	-99.89331
113.526136159897	-138.2256
113.541765928268	-179.3613
113.557395935059	-216.4275
113.573015928268	-243.4218
113.588645935059	-256.6093
113.604265928268	-255.0004
113.619895935059	-239.9326
113.635525941849	-213.8999
113.651145935059	-179.3876
113.666775941849	-138.3076
113.682395935059	-91.84362
113.698025941849	-40.77133
113.713645935059	14.15064
113.729275941849	71.97673
113.744905948639	131.2537
113.760525941849	189.746
113.776155948639	244.0613
113.791775941849	289.803
113.807405948639	322.2665
113.823025941849	337.8355
113.838655948639	335.4551
113.854285955429	317.2865
113.869905948639	288.351
113.885535955429	254.9881
113.901155948639	223.1535
113.916785955429	197.046
113.932405948639	178.6692
113.948035955429	168.2754
113.963665962219	165.1857
113.979285955429	168.4921
113.994915962219	177.2012
114.010535955429	190.2451
114.026165962219	206.1815
114.041785955429	223.0673
114.057415962219	238.581
114.073045969009	250.2593
114.088665962219	255.7604
114.104295969009	253.4147
114.119915962219	242.652
114.135545969009	224.1226
114.151165962219	199.7383
114.166795969009	172.1886
114.1824259758	144.3475
114.198045969009	118.5961
114.2136759758	96.45821
114.229295969009	78.44833
114.2449259758	64.17564
114.260545969009	52.59271
114.2761759758	42.06136
114.29180598259	30.58745
114.3074259758	16.06604
114.32305598259	-3.185242
114.3386759758	-27.76773
114.35430598259	-56.7428
114.3699259758	-87.61426
114.38555598259	-117.1202
114.40118598938	-142.4309
114.41680598259	-162.304
114.43243598938	-177.5622
114.44805598259	-190.8041
114.46368598938	-205.4275
114.47930598259	-224.3
114.49493598938	-248.7953
114.51056599617	-278.1432
114.52618598938	-309.4353
114.54181599617	-338.4058
114.55743598938	-360.5403
114.57306599617	-372.4216
114.58868598938	-372.8142
114.60431599617	-363.1878
114.61994600296	-347.0409
114.63556599617	-328.5655
114.65119600296	-311.0222
114.66681599617	-295.5442
114.68244600296	-280.9027
114.69806599617	-264.4101
114.71369600296	-243.377
114.72932600975	-216.3479
114.74494600296	-183.7633
114.76057600975	-147.66
114.77619600296	-110.7761
114.79182600975	-75.58401
114.80744600296	-43.66959
114.82307600975	-15.66995
114.838706016541	8.376953
114.85432600975	28.53021
114.869956016541	44.68176
114.88557600975	56.65222
114.901206016541	64.51566
114.91682600975	68.82135
114.932456016541	70.55252
114.948086023331	70.78247
114.963706016541	70.27554
114.979336023331	69.30402
114.994956016541	67.87756
115.010586023331	66.07684
115.026206016541	64.54871
115.041836023331	64.28241
115.057466030121	66.32333
115.073086023331	71.09973
115.088716030121	78.12573
115.104336023331	86.11829
115.119966030121	93.42227
115.135586023331	98.60992
115.151216030121	100.8369
115.166846036911	100.0444
115.182466030121	96.6424
115.198096036911	91.45914
115.213716030121	85.33496
115.229346036911	79.11374
115.244966030121	73.60535
115.260596036911	69.35086
115.276226043701	66.53564
115.291846036911	64.81787
115.307476043701	63.51556
115.323096036911	61.68576
115.338726043701	58.49866
115.354346036911	53.42938
115.369976043701	46.39063
115.385606050491	37.76895
115.401226043701	28.25131
115.416856050491	18.63263
115.432476043701	9.606842
115.448106050491	1.567108
115.463726043701	-5.391174
115.479356050491	-11.4104
115.494986057281	-16.56741
115.510606050491	-20.84882
115.526236057281	-23.98755
115.541856050491	-25.69934
115.557486057281	-25.85568
115.573106050491	-24.66196
115.588736057281	-22.74127
115.604366064072	-21.04456
115.619986057281	-20.58203
115.635616064072	-22.11575
115.651236057281	-26.03287
115.666866064072	-32.06595
115.682486057281	-39.31876
115.698116064072	-46.3757
115.713746070862	-51.62239
115.729366064072	-53.763
115.744996070862	-52.22597
115.760616064072	-47.29497
115.776246070862	-39.92159
115.791866064072	-31.37202
115.807496070862	-22.66216
115.823126077652	-14.38222
115.838746070862	-6.626694
115.854376077652	0.8490448
115.869996070862	8.343872
115.885626077652	15.98424
115.901256084442	23.60744
115.916876077652	30.74052
115.932506084442	36.73958
115.948126077652	41.02762
115.963756084442	43.26585
115.979376077652	43.40523
115.995006084442	41.69464
116.010636091232	38.4794
116.026256084442	33.99332
116.041886091232	28.33701
116.057506084442	21.55544
116.073136091232	13.78212
116.088756084442	5.432159
116.104386091232	-2.835358
116.120016098022	-10.27336
116.135636091232	-16.21266
116.151266098022	-20.20491
116.166886091232	-22.18631
116.182516098022	-22.39433
116.198136091232	-21.38956
116.213766098022	-19.86075
116.229396104813	-18.46933
116.245016098022	-17.62643
116.260646104813	-17.37772
116.276266098022	-17.37357
116.291896104813	-17.05434
116.307516098022	-15.89468
116.323146104813	-13.52853
116.338776111603	-10.05354
116.354396104813	-5.76683
116.370026111603	-1.221649
116.385646104813	3.04631
116.401276111603	6.656876
116.416896104813	9.51239
116.432526111603	11.87607
116.448156118393	14.51904
116.463776111603	18.64189
116.479406118393	25.45193
116.495026111603	35.82211
116.510656118393	49.67091
116.526276111603	65.80397
116.541906118393	82.15977
116.557536125183	96.47137
116.573156118393	107.0324
116.588786125183	113.3607
116.604406118393	116.2096
116.620036125183	117.0244
116.635656118393	117.2353
116.651286125183	117.6352
116.666916131973	118.1682
116.682536125183	118.289
116.698166131973	117.2378
116.713786125183	114.4545
116.729416131973	109.6903
116.745036125183	102.9471
116.760666131973	94.22926
116.776296138763	83.63013
116.791916131973	71.29507
116.807546138763	57.49634
116.823166131973	42.85239
116.838796138763	28.07127
116.854416131973	13.97508
116.870046138763	1.271454
116.885676145554	-9.623657
116.901296138763	-18.71942
116.916926145554	-26.29089
116.932546138763	-32.94135
116.948176145554	-39.37036
116.963796138763	-46.08673
116.979426145554	-53.25964
116.995056152344	-60.50797
117.010676145554	-67.07489
117.026306152344	-72.14926
117.041926145554	-75.2337
117.057556152344	-76.30618
117.073176145554	-75.99612
117.088806152344	-75.26135
117.104436159134	-75.09689
117.120056152344	-76.22064
117.135686159134	-79.0152
117.151306152344	-83.48941
117.166936159134	-89.3002
117.182556152344	-95.62567
117.198186159134	-101.0411
117.213816165924	-103.8079
117.229436159134	-102.2469
117.245066165924	-95.28741
117.260686159134	-83.00443
117.276316165924	-66.64432
117.291936159134	-48.19043
117.307566165924	-29.63846
117.323195934296	-12.37476
117.338816165924	3.00705
117.354445934296	16.40253
117.370066165924	27.77103
117.385695934296	36.91229
117.401316165924	43.45264
117.416945934296	47.30106
117.432575941086	48.8902
117.448195934296	49.20374
117.463825941086	49.39621
117.479445934296	50.25235
117.495075941086	51.88306
117.510695934296	53.70538
117.526325941086	54.82059
117.541955947876	54.50757
117.557575941086	52.63708
117.573205947876	49.65637
117.588825941086	46.29889
117.604455947876	43.14951
117.620075941086	40.35501
117.635705947876	37.61346
117.651335954666	34.40063
117.666955947876	30.3616
117.682585954666	25.5029
117.698205947876	20.25366
117.713835954666	15.24319
117.729455947876	10.95535
117.745085954666	7.534088
117.760715961456	4.780243
117.776335954666	2.360962
117.791965961456	-0.06594849
117.807585954666	-2.718933
117.823215961456	-5.75885
117.838835954666	-9.465851
117.854465961456	-14.30713
117.870095968246	-20.90848
117.885715961456	-29.8042
117.901345968246	-41.09595
117.916965961456	-54.1192
117.932595968246	-67.37497
117.948215961456	-78.74915
117.963845968246	-86.06442
117.979475975037	-87.81918
117.995095968246	-83.65527
118.010725975037	-74.54529
118.026345968246	-62.52277
118.041975975037	-49.98315
118.057595968246	-38.93088
118.073225975037	-30.49069
118.088855981827	-24.89371
118.104475975037	-21.72165
118.120105981827	-20.4184
118.135725975037	-20.37915
118.151355981827	-21.13004
118.166975975037	-22.09293
118.182605981827	-22.52908
118.198235988617	-21.65543
118.213855981827	-18.84964
118.229485988617	-14.0238
118.245105981827	-7.620605
118.260735988617	-0.6269531
118.276355981827	5.821472
118.291985988617	10.66959
118.307615995407	13.12796
118.323235988617	12.88693
118.338865995407	10.06036
118.354485988617	5.195251
118.370115995407	-0.9745178
118.385735988617	-7.710571
118.401365995407	-14.53046
118.416996002197	-21.32965
118.432615995407	-28.29547
118.448246002197	-35.65732
118.463865995407	-43.33252
118.479496002197	-50.80994
118.495126008987	-57.27618
118.510746002197	-61.91614
118.526376008987	-64.41034
118.541996002197	-65.07553
118.557626008987	-64.75507
118.573246002197	-64.42429
118.588876008987	-64.76785
118.604506015778	-65.88895
118.620126008987	-67.43506
118.635756015778	-68.64679
118.651376008987	-68.68362
118.667006015778	-66.77081
118.682626008987	-62.42303
118.698256015778	-55.54535
118.713886022568	-46.55856
118.729506015778	-36.43814
118.745136022568	-26.52972
118.760756015778	-18.12173
118.776386022568	-11.94876
118.792006015778	-7.802216
118.807636022568	-4.699982
118.823266029358	-1.377472
118.838886022568	3.114899
118.854516029358	9.071198
118.870136022568	16.17206
118.885766029358	23.81201
118.901386022568	31.52356
118.917016029358	39.00729
118.932646036148	46.0856
118.948266029358	52.50623
118.963896036148	57.81412
118.979516029358	61.53946
118.995146036148	63.44232
119.010766029358	63.7356
119.026396036148	62.9455
119.042026042938	61.7424
119.057646036148	60.50793
119.073276042938	59.26358
119.088896036148	57.71344
119.104526042938	55.41171
119.120146036148	51.98087
119.135776042938	47.23819
119.151406049728	41.21967
119.167026042938	34.17322
119.182656049728	26.59155
119.198276042938	19.08279
119.213906049728	12.23169
119.229526042938	6.564423
119.245156049728	2.294495
119.260786056519	-0.6348877
119.276406049728	-2.579102
119.292036056519	-4.101685
119.307656049728	-5.880951
119.323286056519	-8.586517
119.338906049728	-12.81992
119.354536056519	-18.95172
119.370166063309	-26.8027
119.385786056519	-35.53543
119.401416063309	-43.64066
119.417036056519	-49.25116
119.432666063309	-50.74451
119.448286056519	-47.3389
119.463916063309	-39.47098
119.479546070099	-28.82901
119.495166063309	-17.79898
119.510796070099	-8.771454
119.526416063309	-3.519363
119.542046070099	-2.716309
119.557666063309	-5.978302
119.573296070099	-12.10541
119.588926076889	-19.5919
119.604546070099	-26.99622
119.620176076889	-33.34682
119.635796070099	-38.17491
119.651426076889	-41.41159
119.667046070099	-43.30254
119.682676076889	-44.13953
119.698306083679	-44.18678
119.713926076889	-43.62364
119.729556083679	-42.5872
119.745176076889	-41.12067
119.760806083679	-39.20453
119.776426076889	-36.62332
119.792056083679	-32.99318
119.807686090469	-27.85442
119.823306083679	-20.90578
119.838936090469	-12.26106
119.854556083679	-2.554352
119.870186090469	7.068924
119.885806083679	15.31635
119.901436090469	21.03424
119.91706609726	23.53397
119.932686090469	22.59128
119.94831609726	18.28482
119.963936090469	10.82011
119.97956609726	0.2787399
119.995186090469	-13.08778
120.01081609726	-28.7314
120.02644610405	-45.45905
120.04206609726	-61.55634
120.05769610405	-75.32564
120.07331609726	-85.58725
120.08894610405	-92.21892
120.10456609726	-95.90324
120.12019610405	-97.72982
120.13582611084	-98.4821
120.15144610405	-98.33243
120.16707611084	-96.83611
120.18269610405	-93.2698
120.19832611084	-86.95683
120.21394610405	-77.18642
120.22957611084	-63.1843
120.24520611763	-43.95858
120.26082611084	-18.69172
120.27645611763	12.72504
120.29207611084	48.95902
120.30770611763	87.07792
120.32332611084	122.8569
120.33895611763	151.6331
120.35458612442	169.597
120.37020611763	174.742
120.38583612442	167.4678
120.40145611763	150.5494
120.41708612442	128.5761
120.43270611763	106.844
120.44833612442	90.11629
120.46396613121	81.4769
120.47958612442	81.42421
120.49521613121	87.99127
120.51083612442	97.36261
120.52646613121	105.3054
120.54208612442	108.68
120.55771613121	106.4234
120.573346138	99.79515
120.58896613121	91.58049
120.604596138	84.90462
120.62021613121	81.79956
120.635846138	82.56221
120.65146613121	85.64845
120.667096138	88.48932
120.682726144791	88.5381
120.698346138	84.15607
120.713976144791	75.10999
120.729596138	62.35213
120.745226144791	47.55316
120.760856151581	32.30382
120.776476144791	17.71765
120.792106151581	4.161957
120.807726144791	-8.48111
120.823356151581	-20.44533
120.838976144791	-31.67429
120.854606151581	-41.55615
120.870236158371	-48.97713
120.885856151581	-52.6606
120.901486158371	-51.63066
120.917106151581	-45.49161
120.932736158371	-34.65253
120.948356151581	-20.22488
120.963986158371	-3.821991
120.979616165161	12.71034
120.995236158371	27.55476
121.010866165161	39.24632
121.026486158371	46.89856
121.042116165161	50.26399
121.057736158371	49.76218
121.073366165161	46.23407
121.088995933533	40.57559
121.104616165161	33.45927
121.120245933533	25.25761
121.135866165161	16.17601
121.151495933533	6.648056
121.167116165161	-2.355133
121.182745933533	-9.326935
121.198375940323	-12.50171
121.213995933533	-10.44403
121.229625940323	-2.64801
121.245245933533	10.19637
121.260875940323	26.29382
121.276495933533	43.33945
121.292125940323	59.16092
121.307755947113	72.22948
121.323375940323	81.6615
121.339005947113	87.11458
121.354625940323	88.49489
121.370255947113	85.84896
121.385875940323	79.61327
121.401505947113	70.81245
121.417135953903	61.04402
121.432755947113	52.24296
121.448385953903	46.07274
121.464005947113	43.18025
121.479635953903	43.03163
121.495255947113	43.98177
121.510885953903	43.83818
121.526515960693	40.62624
121.542135953903	33.01018
121.557765960693	20.41012
121.573385953903	2.97261
121.589015960693	-18.4794
121.604635953903	-42.50924
121.620265960693	-66.69383
121.635895967484	-87.6606
121.651515960693	-101.5106
121.667145967484	-104.6883
121.682765960693	-95.30681
121.698395967484	-74.06684
121.714015960693	-44.41196
121.729645967484	-11.64832
121.745275974274	18.66653
121.760895967484	42.37052
121.776525974274	57.56957
121.792145967484	64.33821
121.807775974274	63.80902
121.823395967484	57.05906
121.839025974274	44.80865
121.854655981064	27.85482
121.870275974274	7.774475
121.885905981064	-12.91043
121.901525974274	-31.21278
121.917155981064	-44.90955
121.932775974274	-53.4747
121.948405981064	-58.03632
121.964035987854	-60.64789
121.979655981064	-63.11351
121.995285987854	-66.21594
122.010905981064	-69.58535
122.026535987854	-72.3753
122.042155981064	-73.77972
122.057785987854	-73.36905
122.073415994644	-70.90017
122.089035987854	-65.89213
122.104665994644	-57.81151
122.120285987854	-46.41756
122.135915994644	-32.27623
122.151535987854	-16.88777
122.167165994644	-2.441078
122.182796001434	8.865074
122.198415994644	15.37276
122.214046001434	16.26805
122.229665994644	11.54321
122.245296001434	1.798569
122.260915994644	-12.03209
122.276546001434	-28.71262
122.292176008224	-46.95633
122.307796001434	-65.6075
122.323426008224	-83.68471
122.339046001434	-100.3049
122.354676008224	-114.4818
122.370296001434	-124.9431
122.385926008224	-130.2927
122.401556015015	-129.6231
122.417176008224	-122.8943
122.432806015015	-111.3165
122.448426008224	-96.9998
122.464056015015	-82.10291
122.479676008224	-68.04085
122.495306015015	-55.21925
122.510936021805	-43.38454
122.526556015015	-32.38583
122.542186021805	-22.71217
122.557806015015	-15.43079
122.573436021805	-11.60541
122.589056015015	-11.44192
122.604686021805	-13.85444
122.620316028595	-16.76505
122.635936021805	-17.95729
122.651566028595	-16.03797
122.667186021805	-11.01189
122.682816028595	-4.15538
122.698436021805	2.625702
122.714066028595	7.592392
122.729696035385	9.818916
122.745316028595	9.459846
122.760946035385	7.448044
122.776566028595	5.081055
122.792196035385	3.510017
122.807816028595	3.397339
122.823446035385	4.761429
122.839076042175	7.102985
122.854696035385	9.556904
122.870326042175	11.27516
122.885946035385	11.87207
122.901576042175	11.46222
122.917206048965	10.72556
122.932826042175	10.56155
122.948456048965	11.65433
122.964076042175	14.09042
122.979706048965	17.38546
122.995326042175	20.67412
123.010956048965	23.20202
123.026586055756	24.59081
123.042206048965	24.87293
123.057836055756	24.438
123.073456048965	23.91468
123.089086055756	23.98028
123.104706048965	25.32841
123.120336055756	28.55212
123.135966062546	33.95152
123.151586055756	41.33438
123.167216062546	49.90886
123.182836055756	58.37436
123.198466062546	65.25316
123.214086055756	69.25626
123.229716062546	69.53306
123.245346069336	65.82486
123.260966062546	58.53617
123.276596069336	48.64749
123.292216062546	37.55202
123.307846069336	26.75609
123.323466062546	17.45895
123.339096069336	10.34891
123.354726076126	5.460854
123.370346069336	2.357712
123.385976076126	0.4810257
123.401596069336	-0.5715141
123.417226076126	-1.120277
123.432846069336	-1.464928
123.448476076126	-2.015327
123.464106082916	-3.304024
123.479726076126	-5.616821
123.495356082916	-8.865318
123.510976076126	-12.60403
123.526606082916	-16.27563
123.542226076126	-19.58772
123.557856082916	-22.72694
123.573486089706	-26.11634
123.589106082916	-29.98357
123.604736089706	-34.07385
123.620356082916	-37.61259
123.635986089706	-39.67851
123.651606082916	-39.77991
123.667236089706	-38.15699
123.682866096497	-35.81351
123.698486089706	-34.08673
123.714116096497	-34.05862
123.729736089706	-35.99715
123.745366096497	-39.06776
123.760986089706	-41.64207
123.776616096497	-41.75688
123.792246103287	-37.8673
123.807866096497	-29.42806
123.823496103287	-17.15518
123.839116096497	-2.77626
123.854746103287	11.52048
123.870366096497	23.69882
123.885996103287	32.4366
123.901626110077	37.34203
123.917246103287	38.81852
123.932876110077	37.76003
123.948496103287	35.18404
123.964126110077	31.88177
123.979746103287	28.29663
123.995376110077	24.59448
124.011006116867	20.73149
124.026626110077	16.67047
124.042256116867	12.55148
124.057876110077	8.765396
124.073506116867	5.90892
124.089126110077	4.558609
124.104756116867	4.995392
124.120386123657	6.943085
124.136006116867	9.477509
124.151636123657	11.18173
124.167256116867	10.59924
124.182886123657	6.636795
124.198506116867	-0.9408569
124.214136123657	-11.39008
124.229766130447	-23.20367
124.245386123657	-34.50822
124.261016130447	-43.61935
124.276636123657	-49.45511
124.292266130447	-51.64537
124.307886123657	-50.50479
124.323516130447	-46.86174
124.339146137238	-41.81664
124.354766130447	-36.41374
124.370396137238	-31.46696
124.386016130447	-27.34323
124.401646137238	-23.89041
124.417266130447	-20.53044
124.432896137238	-16.40826
124.448526144028	-10.69804
124.464146137238	-2.848587
124.479776144028	7.234451
124.495396137238	19.16574
124.511026144028	32.11569
124.526646137238	44.94089
124.542276144028	56.42142
124.557906150818	65.44492
124.573526144028	71.1996
124.589156150818	73.33549
124.604776144028	71.98062
124.620406150818	67.68575
124.636026144028	61.34262
124.651656150818	54.00829
124.667286157608	46.82294
124.682906150818	40.79181
124.698536157608	36.57733
124.714156150818	34.28714
124.729786157608	33.46097
124.745406150818	33.15024
124.761036157608	32.14996
124.776666164398	29.31223
124.792286157608	23.85025
124.807916164398	15.51865
124.823536157608	4.634705
124.839166164398	-8.101929
124.854786157608	-21.72128
124.870416164398	-35.21655
124.88604593277	-47.65756
124.901666164398	-58.3811
124.91729593277	-66.97708
124.932916164398	-73.25656
124.94854593277	-77.27744
124.964166164398	-79.33463
124.97979593277	-80.04919
124.99542593956	-80.314
125.01104593277	-81.15829
125.02667593956	-83.42355
125.04229593277	-87.42215
125.05792593956	-92.57819
125.07354593277	-97.38782
125.08917593956	-99.77206
125.10480594635	-97.66846
125.12042593956	-89.8541
125.13605594635	-76.36337
125.15167593956	-58.62079
125.16730594635	-38.99411
125.18292593956	-20.10532
125.19855594635	-4.086914
125.21418595314	7.924591
125.22980594635	15.80673
125.24543595314	20.29944
125.26105594635	22.46338
125.27668595314	23.22552
125.29230594635	23.16165
125.30793595314	22.47238
125.32356595993	21.16171
125.33918595314	19.2236
125.35481595993	16.81473
125.37043595314	14.14221
125.38606595993	11.55804
125.40168595314	9.305145
125.41731595993	7.519684
125.432945966721	6.271759
125.44856595993	5.643188
125.464195966721	5.770538
125.47981595993	6.773743
125.495445966721	8.656281
125.51106595993	11.01855
125.526695966721	13.21606
125.542325973511	14.34488
125.557945966721	13.57751
125.573575973511	10.56793
125.589195966721	5.660583
125.604825973511	-0.114563
125.620455980301	-5.442444
125.636075973511	-9.104553
125.651705980301	-10.47626
125.667325973511	-9.581909
125.682955980301	-6.999878
125.698575973511	-3.59259
125.714205980301	-0.1237183
125.729835987091	2.912598
125.745455980301	5.387207
125.761085987091	7.521179
125.776705980301	9.839661
125.792335987091	13.06409
125.807955980301	17.99127
125.823585987091	25.23669
125.839215993881	34.97675
125.854835987091	46.82532
125.870465993881	59.71161
125.886085987091	72.21277
125.901715993881	82.91046
125.917335987091	90.79205
125.932965993881	95.51105
125.948596000671	97.39954
125.964215993881	97.26172
125.979846000671	95.96667
125.995465993881	94.2226
126.011096000671	92.35315
126.026715993881	90.43054
126.042346000671	88.43469
126.057976007462	86.36212
126.073596000671	84.25336
126.089226007462	82.03973
126.104846000671	79.53857
126.120476007462	76.39294
126.136096000671	72.29932
126.151726007462	67.18567
126.167356014252	61.39233
126.182976007462	55.57495
126.198606014252	50.42694
126.214226007462	46.35962
126.229856014252	43.21698
126.245476007462	40.36023
126.261106014252	36.87677
126.276736021042	32.0025
126.292356014252	25.48065
126.307986021042	17.74426
126.323606014252	9.793579
126.339236021042	2.831543
126.354856014252	-2.177979
126.370486021042	-4.932922
126.386116027832	-5.801208
126.401736021042	-5.659119
126.417366027832	-5.515503
126.432986021042	-6.141296
126.448616027832	-7.940613
126.464236021042	-10.93982
126.479866027832	-14.81396
126.495496034622	-18.9809
126.511116027832	-22.61176
126.526746034622	-24.63861
126.542366027832	-23.93811
126.557996034622	-19.80237
126.573616027832	-12.19421
126.589246034622	-1.962769
126.604876041412	9.335022
126.620496034622	20.00818
126.636126041412	28.68622
126.651746034622	34.72107
126.667376041412	38.17902
126.682996034622	39.55017
126.698626041412	39.25122
126.714256048203	37.50653
126.729876041412	34.3222
126.745506048203	29.80615
126.761126041412	24.38654
126.776756048203	18.85931
126.792376041412	14.10242
126.808006048203	10.78674
126.823636054993	9.061584
126.839256048203	8.503967
126.854886054993	8.367859
126.870506048203	7.784729
126.886136054993	6.104858
126.901756048203	2.960022
126.917386054993	-1.622314
126.933016061783	-7.38678
126.948636054993	-13.77039
126.964266061783	-20.14822
126.979886054993	-25.75903
126.995516061783	-29.94833
127.011136054993	-32.37003
127.026766061783	-33.08124
127.042396068573	-32.54153
127.058016061783	-31.3945
127.073646068573	-30.2431
127.089266061783	-29.41104
127.104896068573	-28.99902
127.120516061783	-28.81039
127.136146068573	-28.63062
127.151776075363	-28.32993
127.167396068573	-27.93738
127.183026075363	-27.64664
127.198646068573	-27.72141
127.214276075363	-28.41937
127.229896068573	-29.90961
127.245526075363	-32.15179
127.261156082153	-34.75247
127.276776075363	-36.89011
127.292406082153	-37.48254
127.308026075363	-35.39352
127.323656082153	-29.95734
127.339276075363	-21.27496
127.354906082153	-10.36243
127.370536088943	1.050079
127.386156082153	11.15161
127.401786088943	18.59549
127.417406082153	22.86356
127.433036088943	24.21295
127.448656082153	23.51117
127.464286088943	21.70432
127.479916095734	19.59296
127.495536088943	17.73755
127.511166095734	16.41354
127.526786088943	15.80899
127.542416095734	16.02374
127.558036088943	17.07394
127.573666095734	18.81854
127.589296102524	21.02844
127.604916095734	23.31964
127.620546102524	25.33484
127.636166095734	26.80258
127.651796102524	27.55731
127.667416095734	27.63507
127.683046102524	27.16434
127.698676109314	26.3649
127.714296102524	25.49792
127.729926109314	24.83929
127.745546102524	24.5921
127.761176109314	24.85715
127.776806116104	25.66977
127.792426109314	26.85446
127.808056116104	28.1575
127.823676109314	29.21506
127.839306116104	29.73059
127.854926109314	29.56937
127.870556116104	28.87546
127.886186122894	27.9559
127.901806116104	27.13339
127.917436122894	26.62128
127.933056116104	26.22791
127.948686122894	25.45035
127.964306116104	23.66226
127.979936122894	20.35791
127.995566129684	15.52444
128.011186122894	9.834152
128.026816129684	4.543167
128.042436122894	1.222809
128.058066129684	1.237778
128.073686122894	5.22435
128.089316129684	12.82217
128.104946136475	22.69325
128.120566129684	32.87215
128.136196136475	41.32736
128.151816129684	46.5898
128.167446136475	48.0423
128.183066129684	46.01408
128.198696136475	41.48901
128.214326143265	35.71735
128.229946136475	29.8044
128.245576143265	24.53
128.261196136475	20.13989
128.276826143265	16.57457
128.292446136475	13.6064
128.308076143265	11.00341
128.323706150055	8.672752
128.339326143265	6.576927
128.354956150055	4.557022
128.370576143265	2.244827
128.386206150055	-0.8473282
128.401826143265	-5.280922
128.417456150055	-11.22202
128.433086156845	-18.38065
128.448706150055	-26.07934
128.464336156845	-33.51097
128.479956150055	-40.12774
128.495586156845	-45.89834
128.511206150055	-51.24717
128.526836156845	-56.83306
128.542466163635	-63.2662
128.558086156845	-70.91209
128.573716163635	-80.00389
128.589336156845	-90.64701
128.604966163635	-102.6601
128.620586156845	-115.2497
128.636216163635	-126.7319
128.651845932007	-134.7029
128.667466163635	-136.8281
128.683095932007	-131.7391
128.698716163635	-119.8913
128.714345932007	-103.5142
128.729966163635	-85.88554
128.745595932007	-70.04996
128.761225938797	-57.75474
128.776845932007	-49.03799
128.792475938797	-42.6202
128.808095932007	-36.84946
128.823725938797	-30.44022
128.839345932007	-23.01595
128.854975938797	-14.8821
128.870605945587	-6.709709
128.886225938797	0.9132919
128.901855945587	7.616196
128.917475938797	13.20849
128.933105945587	17.53086
128.948725938797	20.27012
128.964355945587	21.08984
128.979985952377	19.82494
128.995605945587	16.82449
129.011235952377	13.08553
129.026855945587	10.01323
129.042485952377	8.862778
129.058105945587	10.21748
129.073735952377	13.63441
129.089365959167	17.78983
129.104985952377	21.03239
129.120615959167	21.99214
129.136235952377	20.12881
129.151865959167	15.82508
129.167485952377	10.04453
129.183115959167	3.90387
129.198745965958	-1.711441
129.214365959167	-6.31514
129.229995965958	-9.767807
129.245615959167	-12.15506
129.261245965958	-13.71189
129.276865959167	-14.73241
129.292495965958	-15.52227
129.308125972748	-16.34218
129.323745965958	-17.31052
129.339375972748	-18.46098
129.354995965958	-19.63483
129.370625972748	-20.64713
129.386245965958	-21.3387
129.401875972748	-21.68812
129.417505979538	-21.84155
129.433125972748	-22.06718
129.448755979538	-22.64474
129.464375972748	-23.72314
129.480005979538	-25.25335
129.495625972748	-26.85561
129.511255979538	-27.92571
129.526885986328	-27.69495
129.542505979538	-25.52113
129.558135986328	-21.09586
129.573755979538	-14.63364
129.589385986328	-6.862961
129.605005979538	1.172562
129.620635986328	8.405426
129.636265993118	14.0582
129.651885986328	17.76003
129.667515993118	19.5965
129.683135986328	19.8196
129.698765993118	18.76989
129.714385986328	16.7266
129.730015993118	13.96806
129.745645999908	10.9001
129.761265993118	8.05822
129.776895999908	6.060524
129.792515993118	5.36705
129.808145999908	6.053558
129.823765993118	7.666466
129.839395999908	9.358162
129.855026006699	10.22305
129.870645999908	9.672691
129.886276006699	7.694443
129.901895999908	4.748512
129.917526006699	1.607491
129.933145999908	-1.106964
129.948776006699	-3.161255
129.964406013489	-4.75399
129.980026006699	-6.376877
129.995656013489	-8.463837
130.011276006699	-11.12556
130.026906013489	-14.04824
130.042526006699	-16.6914
130.058156013489	-18.47264
130.073786020279	-19.03423
130.089406013489	-18.37341
130.105036020279	-16.78504
130.120656013489	-14.8111
130.136286020279	-13.06655
130.151906013489	-12.17924
130.167536020279	-12.52908
130.183166027069	-14.3157
130.198786020279	-17.27567
130.214416027069	-20.76601
130.230036020279	-23.77556
130.245666027069	-25.16734
130.261286020279	-23.99792
130.276916027069	-19.89423
130.292546033859	-13.18812
130.308166027069	-4.785973
130.323796033859	3.965988
130.339416027069	11.7918
130.355046033859	17.70076
130.370666027069	21.17818
130.386296033859	22.2204
130.401926040649	21.19466
130.417546033859	18.67965
130.433176040649	15.34859
130.448796033859	11.87731
130.464426040649	8.870956
130.48005604744	6.825951
130.495676040649	5.976028
130.51130604744	6.252296
130.526926040649	7.323605
130.54255604744	8.60532
130.558176040649	9.490974
130.57380604744	9.510509
130.58943605423	8.429127
130.60505604744	6.356178
130.62068605423	3.609535
130.63630604744	0.60466
130.65193605423	-2.408939
130.66755604744	-5.295513
130.68318605423	-8.206284
130.69881606102	-11.30886
130.71443605423	-14.67969
130.73006606102	-18.19719
130.74568605423	-21.5355
130.76131606102	-24.32944
130.77693605423	-26.36129
130.79256606102	-27.74506
130.80819606781	-28.76801
130.82381606102	-29.86415
130.83944606781	-31.27117
130.85506606102	-32.9338
130.87069606781	-34.55672
130.88631606102	-35.67786
130.90194606781	-35.80055
130.9175760746	-34.40791
130.93319606781	-31.0759
130.9488260746	-25.61349
130.96444606781	-18.18364
130.9800760746	-9.319698
130.99569606781	0.03418827
131.0113260746	8.770586
131.02695608139	15.97494
131.0425760746	21.11212
131.05820608139	24.13813
131.0738260746	25.33769
131.08945608139	25.0454
131.1050760746	23.56915
131.12070608139	21.21553
131.136336088181	18.40641
131.15195608139	15.67542
131.167586088181	13.75577
131.18320608139	13.25204
131.198836088181	14.48796
131.21445608139	17.34771
131.230086088181	21.21805
131.245716094971	25.19213
131.261336088181	28.28224
131.276966094971	29.73373
131.292586088181	29.11562
131.308216094971	26.58538
131.323836088181	22.63222
131.339466094971	17.92804
131.355096101761	13.19162
131.370716094971	8.870934
131.386346101761	5.170609
131.401966094971	2.072773
131.417596101761	-0.5593529
131.433216094971	-2.845245
131.448846101761	-4.809963
131.464476108551	-6.453465
131.480096101761	-7.788345
131.495726108551	-8.827866
131.511346101761	-9.737736
131.526976108551	-10.77618
131.542596101761	-12.19172
131.558226108551	-14.14138
131.573856115341	-16.38881
131.589476108551	-18.30616
131.605106115341	-18.97633
131.620726108551	-17.51959
131.636356115341	-13.47536
131.651976108551	-7.174065
131.667606115341	0.3876953
131.683236122131	7.880936
131.698856115341	14.10568
131.714486122131	18.41582
131.730106115341	20.76964
131.745736122131	21.45575
131.761356115341	20.8726
131.776986122131	19.33854
131.792616128922	17.00806
131.808236122131	14.07571
131.823866128922	10.88786
131.839486122131	7.859253
131.855116128922	5.427734
131.870736122131	3.84446
131.886366128922	3.071213
131.901996135712	2.909256
131.917616128922	3.061897
131.933246135712	3.227318
131.948866128922	3.117439
131.964496135712	2.548424
131.980116128922	1.266243
131.995746135712	-0.7685547
132.011376142502	-3.457413
132.026996135712	-6.542107
132.042626142502	-9.645195
132.058246135712	-12.45877
132.073876142502	-14.83191
132.089496135712	-16.81474
132.105126142502	-18.47681
132.120756149292	-19.94599
132.136376142502	-21.19859
132.152006149292	-22.23325
132.167626142502	-23.12045
132.183256149292	-24.08033
132.198876142502	-25.48378
132.214506149292	-27.57359
132.230136156082	-30.25833
132.245756149292	-32.97421
132.261386156082	-34.72093
132.277006149292	-34.35919
132.292636156082	-31.11511
132.308256149292	-24.89055
132.323886156082	-16.40863
132.339516162872	-7.038605
132.355136156082	1.659622
132.370766162872	8.420181
132.386386156082	12.51604
132.402016162872	13.9063
132.417636156082	13.05983
132.433266162872	10.71774
132.448895931244	7.6306
132.464516162872	4.525253
132.480145931244	1.901443
132.495766162872	0.07751465
132.511395931244	-0.8594666
132.527016162872	-1.097504
132.542645931244	-1.040604
132.558275938034	-1.167343
132.573895931244	-1.778412
132.589525938034	-2.989334
132.605145931244	-4.493576
132.620775938034	-5.742065
132.636395931244	-6.109009
132.652025938034	-5.054153
132.667655944824	-2.381531
132.683275938034	1.753815
132.698905944824	6.832001
132.714525938034	12.19977
132.730155944824	17.10536
132.745785951614	21.0174
132.761405944824	23.63441
132.777035951614	25.03845
132.792655944824	25.59164
132.808285951614	25.81342
132.823905944824	26.23967
132.839535951614	27.24525
132.855165958405	28.86252
132.870785951614	30.76122
132.886415958405	32.37059
132.902035951614	33.04692
132.917665958405	32.403
132.933285951614	30.61488
132.948915958405	28.48473
132.964545965195	27.29137
132.980165958405	28.38947
132.995795965195	32.47388
133.011415958405	39.15007
133.027045965195	46.87074
133.042665958405	53.30974
133.058295965195	56.15872
133.073925971985	54.03258
133.089545965195	46.826
133.105175971985	35.65704
133.120795965195	22.39941
133.136425971985	8.941895
133.152045965195	-3.185486
133.167675971985	-12.93599
133.183305978775	-19.62022
133.198925971985	-22.85385
133.214555978775	-22.49818
133.230175971985	-18.95874
133.245805978775	-13.22893
133.261425971985	-6.852692
133.277055978775	-1.508881
133.292685985565	1.481689
133.308305978775	1.680099
133.323935985565	-0.3841095
133.339555978775	-3.438904
133.355185985565	-6.019394
133.370805978775	-7.109024
133.386435985565	-6.40387
133.402065992355	-4.364288
133.417685985565	-1.843765
133.433315992355	0.2937622
133.448935985565	1.536423
133.464565992355	1.711044
133.480185985565	0.990921
133.495815992355	-0.2931671
133.511445999146	-1.802536
133.527065992355	-3.120544
133.542695999146	-3.836243
133.558315992355	-3.56752
133.573945999146	-2.100677
133.589565992355	0.536972
133.605195999146	4.059052
133.620826005936	8.071823
133.636445999146	12.22572
133.652076005936	16.2791
133.667695999146	20.04639
133.683326005936	23.33253
133.698945999146	25.93526
133.714576005936	27.65359
133.730206012726	28.49525
133.745826005936	28.80145
133.761456012726	29.21564
133.777076005936	30.5267
133.792706012726	33.33121
133.808326005936	37.69124
133.823956012726	43.04785
133.839586019516	48.36438
133.855206012726	52.48938
133.870836019516	54.5898
133.886456012726	54.53386
133.902086019516	52.88103
133.917706012726	50.68744
133.933336019516	49.04562
133.948966026306	48.69046
133.964586019516	49.76924
133.980216026306	51.88773
133.995836019516	54.39944
134.011466026306	56.57291
134.027086019516	57.89491
134.042716026306	58.04533
134.058346033096	56.88406
134.073966026306	54.34167
134.089596033096	50.3549
134.105216026306	44.87122
134.120846033096	38.07266
134.136466026306	30.37309
134.152096033096	22.47739
134.167726039886	15.21387
134.183346033096	9.166466
134.198976039886	4.513206
134.214596033096	0.9757919
134.230226039886	-1.965126
134.245846033096	-4.589478
134.261476039886	-6.532982
134.277106046677	-6.822716
134.292726039886	-4.140087
134.308356046677	2.559574
134.323976039886	13.45542
134.339606046677	27.66776
134.355226039886	43.55918
134.370856046677	59.17669
134.386486053467	72.84441
134.402106046677	83.42741
134.417736053467	90.26801
134.433356046677	93.11598
134.448986053467	91.92803
134.464606046677	86.92957
134.480236053467	78.66132
134.495866060257	68.12262
134.511486053467	56.46594
134.527116060257	44.77422
134.542736053467	33.70246
134.558366060257	23.42876
134.573986053467	13.81664
134.589616060257	4.673615
134.605246067047	-4.066986
134.620866060257	-12.33026
134.636496067047	-20.13017
134.652116060257	-27.7749
134.667746067047	-35.79066
134.683366060257	-44.72818
134.698996067047	-54.84895
134.714626073837	-65.93777
134.730246067047	-77.44991
134.745876073837	-88.72073
134.761496067047	-99.13313
134.777126073837	-108.1322
134.792746067047	-115.113
134.808376073837	-119.3014
134.824006080627	-119.7926
134.839626073837	-115.918
134.855256080627	-107.489
134.870876073837	-95.06091
134.886506080627	-79.77939
134.902136087418	-63.08746
134.917756080627	-46.35336
134.933386087418	-30.63321
134.949006080627	-16.62497
134.964636087418	-4.742065
134.980256080627	4.691772
134.995886087418	11.4917
135.011516094208	15.57587
135.027136087418	17.19333
135.042766094208	16.85544
135.058386087418	15.29221
135.074016094208	13.23138
135.089636087418	11.14941
135.105266094208	9.042358
135.120896100998	6.422302
135.136516094208	2.47467
135.152146100998	-3.697784
135.167766094208	-12.62012
135.183396100998	-24.31107
135.199016094208	-38.19614
135.214646100998	-53.20322
135.230276107788	-68.05231
135.245896100998	-81.54474
135.261526107788	-92.74582
135.277146100998	-101.0907
135.292776107788	-106.328
135.308396100998	-108.4402
135.324026107788	-107.5522
135.339656114578	-103.9472
135.355276107788	-98.01614
135.370906114578	-90.25891
135.386526107788	-81.28058
135.402156114578	-71.74652
135.417776107788	-62.25314
135.433406114578	-53.29782
135.449036121368	-45.23651
135.464656114578	-38.31207
135.480286121368	-32.71503
135.495906114578	-28.54608
135.511536121368	-25.90619
135.527156114578	-24.82733
135.542786121368	-25.27539
135.558416128159	-27.07962
135.574036121368	-29.93402
135.589666128159	-33.28171
135.605286121368	-36.42297
135.620916128159	-38.57059
135.636536121368	-39.12561
135.652166128159	-37.94376
135.667796134949	-35.41727
135.683416128159	-32.39206
135.699046134949	-29.87595
135.714666128159	-28.70963
135.730296134949	-29.23993
135.745916128159	-31.27759
135.761546134949	-34.09818
135.777176141739	-36.70523
135.792796134949	-37.98938
135.808426141739	-37.03479
135.824046134949	-33.25287
135.839676141739	-26.59363
135.855296134949	-17.75153
135.870926141739	-8.028717
135.886556148529	0.950531
135.902176141739	7.767334
135.917806148529	11.67218
135.933426141739	12.88254
135.949056148529	12.44028
135.964676141739	11.86215
135.980306148529	12.58023
135.995936155319	15.4762
136.011556148529	20.68365
136.027186155319	27.60187
136.042806148529	35.18304
136.058436155319	42.23862
136.074056148529	47.79651
136.089686155319	51.32892
136.105316162109	52.79739
136.120936155319	52.65729
136.136566162109	51.57565
136.152186155319	50.17368
136.167816162109	48.81552
136.183436155319	47.54047
136.199066162109	46.16568
136.214695930481	44.47998
136.230316162109	42.32993
136.245945930481	39.58719
136.261566162109	36.27185
136.277195930481	32.29633
136.292816162109	27.53299
136.308445930481	21.80725
136.324075937271	14.92688
136.339695930481	6.80011
136.355325937271	-2.430115
136.370945930481	-12.3642
136.386575937271	-22.36469
136.402195930481	-31.59964
136.417825937271	-39.34274
136.433455944061	-45.1492
136.449075937271	-49.00189
136.464705944061	-51.28934
136.480325937271	-52.56485
136.495955944061	-53.40356
136.511575937271	-54.19305
136.527205944061	-55.11844
136.542835950851	-56.12338
136.558455944061	-57.00433
136.574085950851	-57.23788
136.589705944061	-55.95346
136.605335950851	-52.09705
136.620955944061	-44.79797
136.636585950851	-33.87326
136.652215957642	-20.1481
136.667835950851	-5.316681
136.683465957642	8.578125
136.699085950851	19.76227
136.714715957642	27.34589
136.730335950851	31.44211
136.745965957642	32.80124
136.761595964432	32.40656
136.777215957642	31.06541
136.792845964432	29.14149
136.808465957642	26.72147
136.824095964432	23.78171
136.839715957642	20.32425
136.855345964432	16.63606
136.870975971222	13.26233
136.886595964432	10.83392
136.902225971222	9.985046
136.917845964432	11.13152
136.933475971222	14.19658
136.949095964432	18.69836
136.964725971222	23.75865
136.980355978012	28.37708
136.995975971222	31.73601
137.011605978012	33.32368
137.027225971222	33.04213
137.042855978012	31.30266
137.058475971222	28.89911
137.074105978012	26.77148
137.089735984802	25.77066
137.105355978012	26.28482
137.120985984802	28.09039
137.136605978012	30.44231
137.152235984802	32.2829
137.167855978012	32.69873
137.183485984802	31.25243
137.199115991592	28.10506
137.214735984802	23.76103
137.230365991592	18.8499
137.245985984802	13.79216
137.261615991592	8.784851
137.277235984802	3.907379
137.292865991592	-0.6868439
137.308495998383	-4.687271
137.324115991592	-7.581314
137.339745998383	-8.898804
137.355365991592	-8.342392
137.370995998383	-5.776031
137.386615991592	-1.332779
137.402245998383	4.632797
137.417876005173	11.57091
137.433495998383	18.76659
137.449126005173	25.42543
137.464745998383	30.90663
137.480376005173	34.81717
137.495995998383	37.01221
137.511626005173	37.58884
137.527256011963	36.65485
137.542876005173	34.31194
137.558506011963	30.71602
137.574126005173	26.16603
137.589756011963	21.25778
137.605386018753	16.82826
137.621006011963	13.67836
137.636636018753	12.24951
137.652256011963	12.39243
137.667886018753	13.41324
137.683506011963	14.32611
137.699136018753	14.26143
137.714766025543	12.74806
137.730386018753	9.776047
137.746016025543	5.717606
137.761636018753	1.116821
137.777266025543	-3.535324
137.792886018753	-7.875458
137.808516025543	-11.7999
137.824146032333	-15.31366
137.839766025543	-18.52489
137.855396032333	-21.63174
137.871016025543	-24.86557
137.886646032333	-28.43823
137.902266025543	-32.44473
137.917896032333	-36.8419
137.933526039124	-41.2715
137.949146032333	-45.23714
137.964776039124	-48.20648
137.980396032333	-49.79741
137.996026039124	-50.02428
138.011646032333	-49.35301
138.027276039124	-48.60895
138.042906045914	-48.70903
138.058526039124	-50.31902
138.074156045914	-53.51892
138.089776039124	-57.66005
138.105406045914	-61.50134
138.121026039124	-63.56824
138.136656045914	-62.63484
138.152286052704	-58.14563
138.167906045914	-50.38368
138.183536052704	-40.31871
138.199156045914	-29.31
138.214786052704	-18.64612
138.230406045914	-9.273895
138.246036052704	-1.648468
138.261666059494	4.219162
138.277286052704	8.600433
138.292916059494	11.91048
138.308536052704	14.53581
138.324166059494	16.79124
138.339786052704	18.86053
138.355416059494	20.82623
138.371046066284	22.69077
138.386666059494	24.43425
138.402296066284	26.04288
138.417916059494	27.46111
138.433546066284	28.60149
138.449166059494	29.38918
138.464796066284	29.86087
138.480426073074	30.2151
138.496046066284	30.78627
138.511676073074	31.82539
138.527296066284	33.36018
138.542926073074	35.07178
138.558546066284	36.44151
138.574176073074	36.97841
138.589806079865	36.49125
138.605426073074	35.15861
138.621056079865	33.33123
138.636676073074	31.31621
138.652306079865	29.08352
138.667926073074	26.29639
138.683556079865	22.49318
138.699186086655	17.36679
138.714806079865	11.00552
138.730436086655	3.893547
138.746056079865	-3.179153
138.761686086655	-9.414497
138.777306079865	-14.19063
138.792936086655	-17.34025
138.808566093445	-19.11388
138.824186086655	-20.19967
138.839816093445	-21.45986
138.855436086655	-23.69044
138.871066093445	-27.36275
138.886686086655	-32.39603
138.902316093445	-38.16005
138.917946100235	-43.56602
138.933566093445	-47.41716
138.949196100235	-48.74385
138.964816093445	-47.12069
138.980446100235	-42.80416
138.996066093445	-36.56931
139.011696100235	-29.48008
139.027326107025	-22.50641
139.042946100235	-16.40242
139.058576107025	-11.49538
139.074196100235	-7.773712
139.089826107025	-4.993279
139.105446100235	-2.780632
139.121076107025	-0.7370224
139.136706113815	1.5471
139.152326107025	4.301865
139.167956113815	7.64257
139.183576107025	11.4494
139.199206113815	15.53164
139.214826107025	19.70148
139.230456113815	23.86023
139.246086120605	27.9933
139.261706113815	32.1121
139.277336120605	36.2608
139.292956113815	40.33226
139.308586120605	44.26837
139.324206113815	47.96659
139.339836120605	51.30838
139.355466127396	54.14717
139.371086120605	56.2662
139.386716127396	57.45469
139.402336120605	57.6262
139.417966127396	56.85717
139.433586120605	55.40041
139.449216127396	53.61742
139.464846134186	51.77851
139.480466127396	49.92289
139.496096134186	47.86856
139.511716127396	45.28684
139.527346134186	41.95975
139.542966127396	37.89655
139.558596134186	33.2585
139.574226140976	28.42405
139.589846134186	23.84135
139.605476140976	19.82345
139.621096134186	16.49041
139.636726140976	13.71692
139.652346134186	11.12126
139.667976140976	8.224216
139.683606147766	4.635204
139.699226140976	0.1696167
139.714856147766	-4.989433
139.730476140976	-10.17345
139.746106147766	-14.37559
139.761736154556	-16.41843
139.777356147766	-15.23101
139.792986154556	-10.18127
139.808606147766	-1.377884
139.824236154556	10.3325
139.839856147766	23.48322
139.855486154556	36.37804
139.871116161346	47.61406
139.886736154556	56.41332
139.902366161346	62.7751
139.917986154556	67.12357
139.933616161346	69.95828
139.949236154556	71.4528
139.964866161346	71.38317
139.980495929718	69.3889
139.996116161346	65.43993
140.011745929718	60.08749
140.027366161346	54.39371
140.042995929718	49.66185
140.058616161346	46.91937
140.074245929718	46.7173
140.089875936508	49.1152
140.105495929718	53.80823
140.121125936508	60.34784
140.136745929718	68.15074
140.152375936508	76.50667
140.167995929718	84.48238
140.183625936508	91.11662
140.199255943298	95.65393
140.214875936508	97.7184
140.230505943298	97.41254
140.246125936508	95.20926
140.261755943298	91.8486
140.277375936508	88.13013
140.293005943298	84.82028
140.308635950089	82.37476
140.324255943298	80.84067
140.339885950089	79.87189
140.355505943298	79.00717
140.371135950089	78.16623
140.386755943298	77.87659
140.402385950089	79.33212
140.418015956879	83.73386
140.433635950089	91.62497
140.449265956879	102.2812
140.464885950089	113.5004
140.480515956879	122.015
140.496135950089	124.2353
140.511765956879	117.1351
140.527395963669	99.02835
140.543015956879	69.97235
140.558645963669	31.69843
140.574265956879	-12.90546
140.589895963669	-60.34711
140.605515956879	-107.636
140.621145963669	-152.7853
140.636775970459	-195.0656
140.652395963669	-234.9012
140.668025970459	-273.5234
140.683645963669	-312.629
140.699275970459	-353.9235
140.714895963669	-398.4967
140.730525970459	-445.9089
140.746155977249	-493.6382
140.761775970459	-536.9171
140.777405977249	-569.581
140.793025970459	-585.7548
140.808655977249	-581.7205
140.824275970459	-557.1188
140.839905977249	-515.0047
140.855535984039	-460.6669
140.871155977249	-399.6044
140.886785984039	-336.1664
140.902405977249	-272.8909
140.918035984039	-211.1863
140.933655977249	-152.4786
140.949285984039	-99.03748
140.964915990829	-53.72504
140.980535984039	-18.7074
140.996165990829	5.906738
141.011785984039	22.49512
141.027415990829	34.7276
141.043035984039	45.53711
141.058665990829	55.46118
141.07429599762	62.32422
141.089915990829	63.35141
141.10554599762	57.41034
141.121165990829	46.30692
141.13679599762	34.04031
141.152415990829	24.44983
141.16804599762	19.03189
141.18367600441	16.52197
141.19929599762	14.55789
141.21492600441	11.73837
141.23054599762	8.960419
141.24617600441	8.559052
141.26179599762	12.27313
141.27742600441	19.733
141.2930560112	28.69281
141.30867600441	36.77229
141.3243060112	43.29324
141.33992600441	49.64471
141.3555560112	57.6404
141.37117600441	67.70157
141.3868060112	77.81006
141.40243601799	84.47955
141.4180560112	84.74161
141.43368601799	78.02595
141.4493060112	66.2374
141.46493601799	52.45454
141.4805560112	39.22064
141.49618601799	27.43106
141.51181602478	16.75245
141.52743601799	6.688204
141.54306602478	-2.617222
141.55868601799	-10.35643
141.57431602478	-15.76546
141.58993601799	-18.84361
141.60556602478	-20.50196
141.62119603157	-21.93341
141.63681602478	-23.84811
141.65244603157	-25.87685
141.66806602478	-26.53914
141.68369603157	-23.72366
141.69931602478	-15.14191
141.71494603157	1.070129
141.730576038361	25.96342
141.74619603157	59.5719
141.761826038361	100.8285
141.77744603157	147.4951
141.793076038361	196.224
141.80869603157	242.818
141.824326038361	282.7049
141.839956045151	311.7811
141.855576038361	327.1403
141.871206045151	327.5935
141.886826038361	313.8913
141.902456045151	288.4387
141.918076038361	254.6314
141.933706045151	216.2316
141.949336051941	176.7698
141.964956045151	139.1846
141.980586051941	105.7519
141.996206045151	77.92819
142.011836051941	56.19284
142.027466058731	40.1608
142.043086051941	28.77463
142.058716058731	20.69952
142.074336051941	14.75787
142.089966058731	10.02481
142.105586051941	5.683502
142.121216058731	0.9386292
142.136846065521	-4.953766
142.152466058731	-12.50259
142.168096065521	-21.59778
142.183716058731	-31.38486
142.214966058731	-47.04434
142.230596065521	-50.09845
142.246226072311	-49.14212
142.261846065521	-44.55164
142.277476072311	-37.19739
142.293096065521	-28.12347
142.308726072311	-18.29117
142.324346065521	-8.534149
142.339976072311	0.3824158
142.355606079102	7.863373
142.371226072311	13.37708
142.386856079102	16.70587
142.402476072311	17.95731
142.418106079102	17.49509
142.433726072311	15.75153
142.449356079102	13.17288
142.464986085892	10.05469
142.480606079102	6.683075
142.496236085892	3.465881
142.511856079102	0.8186035
142.527486085892	-0.8965454
142.543106079102	-1.548981
142.558736085892	-1.416931
142.574366092682	-1.017334
142.589986085892	-0.8746948
142.605616092682	-1.341858
142.621236085892	-2.500977
142.636866092682	-4.09491
142.652486085892	-5.797821
142.668116092682	-7.326324
142.683746099472	-8.457794
142.699366092682	-9.118286
142.714996099472	-9.219208
142.730616092682	-8.740143
142.746246099472	-7.691467
142.761866092682	-6.142761
142.777496099472	-4.10614
142.793126106262	-1.547638
142.808746099472	1.589294
142.824376106262	5.345337
142.839996099472	9.481567
142.855626106262	13.51328
142.871246099472	16.76727
142.886876106262	18.60257
142.902506113052	18.67944
142.918126106262	17.21149
142.933756113052	14.7598
142.949376106262	12.08401
142.965006113052	9.754272
142.980626106262	7.954468
142.996256113052	6.535706
143.011886119843	5.298065
143.027506113052	4.140076
143.043136119843	3.173126
143.058756113052	2.629944
143.074386119843	2.591614
143.090006113052	2.913971
143.105636119843	3.262939
143.121266126633	3.199921
143.136886119843	2.42923
143.152516126633	0.9779358
143.168136119843	-0.9451599
143.183766126633	-2.985474
143.199386119843	-4.810303
143.215016126633	-6.176666
143.230646133423	-6.955078
143.246266126633	-7.062347
143.261896133423	-6.494598
143.277516126633	-5.264862
143.293146133423	-3.340576
143.308766126633	-0.7371826
143.324396133423	2.489166
143.340026140213	6.112579
143.355646133423	9.677094
143.371276140213	12.46246
143.386896133423	13.75888
143.402526140213	13.06073
143.418146133423	10.45496
143.433776140213	6.658783
143.449406147003	2.944183
143.465026140213	0.6769409
143.480656147003	0.922699
143.496276140213	4.108826
143.511906147003	9.907242
143.527526140213	17.44005
143.543156147003	25.49142
143.558786153793	32.87048
143.574406147003	38.5782
143.590036153793	41.94597
143.605656147003	42.73962
143.621286153793	41.09596
143.636906147003	37.58583
143.652536153793	32.94574
143.668166160583	27.96262
143.683786153793	23.14774
143.699416160583	18.65833
143.715036153793	14.40898
143.730666160583	10.16661
143.746286153793	5.852615
143.761916160583	1.602112
143.777545928955	-2.264496
143.793166160583	-5.472778
143.808795928955	-7.874344
143.824416160583	-9.584564
143.840045928955	-10.89874
143.855666160583	-12.14319
143.871295928955	-13.54929
143.886925935745	-15.24599
143.902545928955	-17.23407
143.918175935745	-19.45685
143.933795928955	-21.89578
143.949425935745	-24.48627
143.965045928955	-27.08975
143.980675935745	-29.50879
143.996305942535	-31.47176
144.011925935745	-32.68671
144.027555942535	-33.02028
144.043175935745	-32.54422
144.058805942535	-31.61754
144.074425935745	-30.77908
144.090055942535	-30.58751
144.105685949326	-31.29437
144.121305942535	-32.79816
144.136935949326	-34.45296
144.152555942535	-35.39548
144.168185949326	-34.69682
144.183805942535	-31.7464
144.199435949326	-26.51617
144.215065956116	-19.49052
144.230685949326	-11.5715
144.246315956116	-3.79451
144.261935949326	2.967056
144.277565956116	8.286942
144.293185949326	12.02518
144.308815956116	14.32584
144.324445962906	15.38319
144.340065956116	15.35391
144.355695962906	14.37762
144.371315956116	12.66448
144.386945962906	10.54819
144.402565956116	8.491127
144.418195962906	7.002632
144.433825969696	6.373718
144.449445962906	6.489845
144.465075969696	6.825829
144.480695962906	6.650536
144.496325969696	5.307579
144.511945962906	2.518204
144.527575969696	-1.484871
144.543205976486	-5.999168
144.558825969696	-10.16714
144.574455976486	-13.18417
144.590075969696	-14.61888
144.605705976486	-14.40985
144.621335983276	-12.91228
144.636955976486	-10.70087
144.652585983276	-8.487396
144.668205976486	-7.017265
144.683835983276	-6.907852
144.699455976486	-8.607666
144.715085983276	-12.19397
144.730715990067	-17.27536
144.746335983276	-23.02503
144.761965990067	-28.60761
144.777585983276	-33.46722
144.793215990067	-37.72425
144.808835983276	-42.15721
144.824465990067	-47.74532
144.840095996857	-55.04308
144.855715990067	-63.59538
144.871345996857	-71.90881
144.886965990067	-77.84489
144.902595996857	-79.48935
144.918215990067	-75.77952
144.933845996857	-66.80717
144.949476003647	-53.67623
144.965095996857	-38.03128
144.980726003647	-21.65355
144.996345996857	-6.068176
145.011976003647	7.463242
145.027595996857	17.96848
145.043226003647	24.76067
145.058856010437	27.52689
145.074476003647	26.50764
145.090106010437	22.48228
145.105726003647	16.74815
145.121356010437	10.83427
145.136976003647	6.215591
145.152606010437	3.902725
145.168236017227	4.217972
145.183856010437	6.767181
145.199486017227	10.63715
145.215106010437	14.79028
145.230736017227	18.35732
145.246356010437	20.92166
145.261986017227	22.51306
145.277616024017	23.48056
145.293236017227	24.2718
145.308866024017	25.25012
145.324486017227	26.67802
145.340116024017	28.59164
145.355736017227	30.9044
145.371366024017	33.30165
145.386996030807	35.33069
145.402616024017	36.49451
145.418246030807	36.34299
145.433866024017	34.69719
145.449496030807	31.69252
145.465116024017	27.86293
145.480746030807	23.81895
145.496376037598	20.13809
145.511996030807	17.10872
145.527626037598	14.75284
145.543246030807	12.93808
145.558876037598	11.40643
145.574496030807	9.995209
145.590126037598	8.672577
145.605756044388	7.624435
145.621376037598	7.077728
145.637006044388	7.38472
145.652626037598	8.77211
145.668256044388	11.26556
145.683876037598	14.6436
145.699506044388	18.38008
145.715136051178	21.87955
145.730756044388	24.6263
145.746386051178	26.38084
145.762006044388	27.1409
145.777636051178	27.18495
145.793256044388	26.81059
145.808886051178	26.22296
145.824516057968	25.54237
145.840136051178	24.77295
145.855766057968	24.00803
145.871386051178	23.37784
145.887016057968	23.03322
145.902636051178	23.05424
145.918266057968	23.3784
145.933896064758	23.73299
145.949516057968	23.72766
145.965146064758	23.00374
145.980766057968	21.33614
145.996396064758	18.80347
146.012016057968	15.70404
146.027646064758	12.44043
146.043276071548	9.45253
146.058896064758	7.050247
146.074526071548	5.292175
146.090146064758	4.025146
146.105776071548	2.88324
146.121396064758	1.309845
146.137026071548	-1.309143
146.152656078339	-5.470558
146.168276071548	-11.32421
146.183906078339	-18.50257
146.199526071548	-26.16173
146.215156078339	-33.24259
146.230776071548	-38.82409
146.246406078339	-42.42702
146.262036085129	-44.10777
146.277656078339	-44.19054
146.293286085129	-43.03186
146.308906078339	-40.75274
146.324536085129	-37.30568
146.340156078339	-32.66261
146.355786085129	-26.98671
146.371416091919	-20.62177
146.387036085129	-13.8568
146.402666091919	-6.743889
146.418286085129	1.079674
146.433916091919	9.989189
146.449536085129	20.00462
146.465166091919	30.33961
146.480796098709	39.40807
146.496416091919	45.19962
146.512046098709	45.96736
146.527666091919	40.95759
146.543296098709	30.74558
146.558916091919	17.2561
146.574546098709	3.070129
146.590176105499	-9.244965
146.605796098709	-17.91945
146.621426105499	-22.23896
146.637046098709	-22.62479
146.652676105499	-20.20965
146.668296098709	-16.28507
146.683926105499	-11.9431
146.699556112289	-7.815311
146.715176105499	-4.293213
146.730806112289	-1.672333
146.746426105499	-0.3638992
146.762056112289	-0.777504
146.777676105499	-3.118198
146.793306112289	-7.104683
146.80893611908	-11.80647
146.824556112289	-15.96282
146.84018611908	-18.30564
146.855806112289	-18.15343
146.87143611908	-15.70047
146.88706612587	-11.93797
146.90268611908	-8.365662
146.91831612587	-6.37154
146.93393611908	-6.788769
146.94956612587	-9.613113
146.96518611908	-14.1736
146.98081612587	-19.30661
146.99644613266	-23.78492
147.01206612587	-26.66639
147.02769613266	-27.40945
147.04331612587	-26.07272
147.05894613266	-23.06199
147.07456612587	-19.03093
147.09019613266	-14.6329
147.10582613945	-10.44652
147.12144613266	-6.831718
147.13707613945	-3.992769
147.15269613266	-1.920214
147.16832613945	-0.3706779
147.18394613266	1.070415
147.19957613945	2.988281
147.21520614624	5.893769
147.23082613945	9.973702
147.24645614624	14.94967
147.26207613945	20.194
147.27770614624	24.94018
147.29332613945	28.63492
147.30895614624	31.20411
147.32458615303	32.96923
147.34020614624	34.5322
147.35583615303	36.36511
147.37145614624	38.56992
147.38708615303	40.89146
147.40270614624	42.87698
147.41833615303	44.20911
147.433966159821	44.85152
147.44958615303	45.27922
147.465216159821	46.24242
147.48083615303	48.61106
147.496466159821	52.9706
147.51208615303	59.42501
147.527716159821	67.50067
147.543345928192	75.94435
147.558966159821	83.02536
147.574595928192	86.70377
147.590216159821	85.29096
147.605845928192	78.02803
147.621466159821	65.79262
147.637095928192	51.12336
147.652725934982	37.6695
147.668345928192	28.83665
147.683975934982	26.37128
147.699595928192	29.62004
147.715225934982	35.78778
147.730845928192	41.41016
147.746475934982	43.9109
147.762105941772	42.79263
147.777725934982	39.41006
147.793355941772	35.82814
147.808975934982	33.25113
147.824605941772	31.0295
147.840225934982	26.93234
147.855855941772	18.17024
147.871485948563	2.914642
147.887105941772	-18.9176
147.902735948563	-45.51616
147.918355941772	-73.8746
147.933985948563	-100.9246
147.949605941772	-124.221
147.965235948563	-142.3037
147.980865955353	-154.5429
147.996485948563	-160.9035
148.012115955353	-161.5361
148.027735948563	-156.8431
148.043365955353	-147.6295
148.058985948563	-135.1749
148.074615955353	-121.3727
148.090245962143	-108.2797
148.105865955353	-97.67531
148.121495962143	-90.44328
148.137115955353	-86.35133
148.152745962143	-84.04079
148.168365955353	-81.64317
148.183995962143	-77.47142
148.199625968933	-70.6235
148.215245962143	-61.33162
148.230875968933	-50.75343
148.246495962143	-40.47041
148.262125968933	-31.85579
148.277745962143	-25.63557
148.293375968933	-21.5959
148.309005975723	-18.73906
148.324625968933	-15.69281
148.340255975723	-11.13402
148.355875968933	-4.348907
148.371505975723	4.664703
148.387125968933	15.20128
148.402755975723	26.20348
148.418385982513	36.64833
148.434005975723	45.89636
148.449635982513	53.64824
148.465255975723	59.88452
148.480885982513	64.74072
148.496505975723	68.2207
148.512135982513	70.41826
148.527765989304	71.4968
148.543385982513	71.75732
148.559015989304	71.59784
148.574635982513	71.41487
148.590265989304	71.43448
148.605885982513	71.66618
148.621515989304	72.06323
148.637145996094	72.46483
148.652765989304	72.75015
148.668395996094	72.77481
148.684015989304	72.37831
148.699645996094	71.43788
148.715265989304	70.02287
148.730895996094	68.45622
148.746526002884	67.15746
148.762145996094	66.59564
148.777776002884	66.91162
148.793395996094	67.79358
148.809026002884	68.54102
148.824645996094	68.27124
148.840276002884	66.24219
148.855906009674	62.17355
148.871526002884	56.32935
148.887156009674	49.38385
148.902776002884	42.168
148.918406009674	35.29733
148.934026002884	29.0253
148.949656009674	23.11511
148.965286016464	16.94061
148.980906009674	9.700256
148.996536016464	0.7158813
149.012156009674	-10.2572
149.027786016464	-22.81277
149.043406009674	-35.88687
149.059036016464	-48.08725
149.074666023254	-58.01245
149.090286016464	-64.71243
149.105916023254	-68.021
149.121536016464	-68.50339
149.137166023254	-67.24619
149.152786016464	-65.44543
149.168416023254	-64.01694
149.184046030045	-63.43793
149.199666023254	-63.82324
149.215296030045	-65.09741
149.230916023254	-67.06265
149.246546030045	-69.57806
149.262166023254	-72.36325
149.277796030045	-74.95923
149.293426036835	-76.71506
149.309046030045	-76.95828
149.324676036835	-75.22552
149.340296030045	-71.50388
149.355926036835	-66.30576
149.371546030045	-60.4465
149.387176036835	-54.83002
149.402806043625	-50.04523
149.418426036835	-46.2037
149.434056043625	-42.99478
149.449676036835	-40.00504
149.465306043625	-36.95322
149.480936050415	-33.89554
149.496556043625	-31.19778
149.512186050415	-29.27499
149.527806043625	-28.40607
149.543436050415	-28.50644
149.559056043625	-29.2677
149.574686050415	-30.24762
149.590316057205	-31.17322
149.605936050415	-31.96851
149.621566057205	-32.69992
149.637186050415	-33.44067
149.652816057205	-34.10919
149.668436050415	-34.56879
149.684066057205	-34.72278
149.699696063995	-34.8298
149.715316057205	-35.46094
149.730946063995	-37.24942
149.746566057205	-40.5267
149.762196063995	-44.97269
149.777816057205	-49.64014
149.793446063995	-53.21149
149.809076070786	-54.5032
149.824696063995	-52.82443
149.840326070786	-48.07953
149.855946063995	-40.6658
149.871576070786	-31.10272
149.887196063995	-19.96823
149.902826070786	-7.865967
149.918456077576	4.42746
149.934076070786	15.87299
149.949706077576	25.17456
149.965326070786	31.1489
149.980956077576	33.11179
149.996576070786	31.23788
150.012206077576	26.68591
150.027836084366	21.25809
150.043456077576	16.91751
150.059086084366	15.06897
150.074706077576	16.20892
150.090336084366	19.77094
150.105956077576	24.52499
150.121586084366	28.94147
150.137216091156	31.59531
150.152836084366	31.47998
150.168466091156	28.10806
150.184086084366	21.73605
150.199716091156	13.28748
150.215336084366	4.277893
150.230966091156	-3.607635
150.246596097946	-9.069946
150.262216091156	-11.60794
150.277846097946	-11.69217
150.293466091156	-10.41379
150.309096097946	-9.000946
150.324716091156	-8.248566
150.340346097946	-8.328705
150.355976104736	-8.998199
150.371596097946	-9.878387
150.387226104736	-10.85841
150.402846097946	-12.17741
150.418476104736	-14.31938
150.434096097946	-17.69327
150.449726104736	-22.44215
150.465356111526	-28.1692
150.480976104736	-33.99347
150.496606111526	-38.70007
150.512226104736	-41.09329
150.527856111526	-40.42789
150.543476104736	-36.69824
150.559106111526	-30.67136
150.574736118317	-23.57857
150.590356111526	-16.73264
150.605986118317	-11.01884
150.621606111526	-6.726059
150.637236118317	-3.622864
150.652856111526	-1.259079
150.668486118317	0.6917725
150.684116125107	2.36319
150.699736118317	3.734604
150.715366125107	4.852356
150.730986118317	5.94577
150.746616125107	7.380356
150.762236118317	9.524567
150.777866125107	12.50011
150.793496131897	16.10655
150.809116125107	19.80806
150.824746131897	22.96982
150.840366125107	25.0745
150.855996131897	25.97295
150.871616125107	25.82088
150.887246131897	25.03027
150.902876138687	24.03117
150.918496131897	23.1272
150.934126138687	22.45023
150.949746131897	21.9408
150.965376138687	21.49211
150.980996131897	20.93266
150.996626138687	20.18107
151.012256145477	19.16327
151.027876138687	17.84061
151.043506145477	16.29892
151.059126138687	14.71161
151.074756145477	13.27269
151.090376138687	12.05048
151.106006145477	10.93419
151.121636152267	9.510763
151.137256145477	7.277618
151.152886152267	3.832075
151.168506145477	-0.9945335
151.184136152267	-6.979934
151.199756145477	-13.52331
151.215386152267	-19.74229
151.231016159058	-24.56465
151.246636152267	-26.91019
151.262266159058	-25.86821
151.277886152267	-21.01879
151.293516159058	-12.55095
151.309136152267	-1.466532
151.324766159058	10.71045
151.340396165848	22.1972
151.356016159058	31.52346
151.371646165848	37.84215
151.387266159058	41.10817
151.402896165848	41.87831
151.418516159058	40.99439
151.434146165848	39.27165
151.449775934219	37.25843
151.465396165848	35.32956
151.481025934219	33.65237
151.496646165848	32.40489
151.512275934219	31.77312
151.527896165848	31.88146
151.543525934219	32.73525
151.55915594101	34.15134
151.574775934219	35.81238
151.59040594101	37.30439
151.606025934219	38.30036
151.62165594101	38.64185
151.637275934219	38.33536
151.65290594101	37.51656
151.6685359478	36.38671
151.68415594101	35.04295
151.6997859478	33.48284
151.71540594101	31.63026
151.7310359478	29.33726
151.74666595459	26.51416
151.7622859478	23.26313
151.77791595459	19.82187
151.7935359478	16.59502
151.80916595459	13.894
151.8247859478	11.80531
151.84041595459	10.00746
151.85604596138	7.93055
151.87166595459	4.922112
151.88729596138	0.6313934
151.90291595459	-4.739983
151.91854596138	-10.46399
151.93416595459	-15.43266
151.94979596138	-18.56692
151.96542596817	-19.12047
151.98104596138	-16.93642
151.99667596817	-12.40594
152.01229596138	-6.311661
152.02792596817	0.4796219
152.04354596138	7.286438
152.05917596817	13.67848
152.07480597496	19.5294
152.09042596817	24.89512
152.10605597496	29.83963
152.12167596817	34.37834
152.13730597496	38.447
152.15292596817	41.97991
152.16855597496	44.96535
152.18418598175	47.4456
152.19980597496	49.42303
152.21543598175	50.87074
152.23105597496	51.61679
152.24668598175	51.41487
152.26230597496	50.1048
152.27793598175	47.52359
152.293565988541	43.58398
152.30918598175	38.24975
152.324815988541	31.54695
152.34043598175	23.5885
152.356065988541	14.79778
152.37168598175	5.736465
152.387315988541	-2.976616
152.402945995331	-10.83198
152.418565988541	-17.73605
152.434195995331	-23.97683
152.449815988541	-29.97657
152.465445995331	-36.00723
152.481065988541	-41.97674
152.496695995331	-47.30818
152.512326002121	-51.34553
152.527945995331	-53.60745
152.543576002121	-53.98928
152.559195995331	-52.8424
152.574826002121	-50.77853
152.590445995331	-48.44901
152.606076002121	-46.42935
152.621706008911	-45.19866
152.637326002121	-45.09349
152.652956008911	-46.31872
152.668576002121	-48.70755
152.684206008911	-51.55823
152.699826002121	-53.78668
152.715456008911	-54.08588
152.731086015701	-51.43298
152.746706008911	-45.47362
152.762336015701	-36.57817
152.777956008911	-25.7237
152.793586015701	-14.14858
152.809206008911	-2.887751
152.824836015701	7.504576
152.840466022491	16.78243
152.856086015701	24.91702
152.871716022491	31.67863
152.887336015701	36.58985
152.902966022491	39.08428
152.918586015701	38.92613
152.934216022491	36.46971
152.949846029282	32.76743
152.965466022491	29.31477
152.981096029282	27.42535
152.996716022491	27.85256
153.012346029282	30.49353
153.027966022491	34.54673
153.043596029282	38.82365
153.059226036072	42.21239
153.074846029282	43.80778
153.090476036072	43.0246
153.106096029282	39.61935
153.121726036072	33.72818
153.137346029282	25.98048
153.152976036072	17.48424
153.168606042862	9.589672
153.184226036072	3.532667
153.199856042862	0.01315498
153.215476036072	-0.9911625
153.231106042862	-0.1301336
153.246726036072	1.647175
153.262356042862	3.440903
153.277986049652	4.602812
153.293606042862	4.703497
153.309236049652	3.471848
153.324856042862	0.6936297
153.340486049652	-3.718626
153.356106042862	-9.589406
153.371736049652	-16.34913
153.387366056442	-23.03279
153.402986049652	-28.46282
153.418616056442	-31.53072
153.434236049652	-31.48932
153.449866056442	-28.15938
153.465486049652	-22.1181
153.481116056442	-14.59416
153.496746063232	-7.256203
153.512366056442	-1.753836
153.527996063232	0.7352085
153.543616056442	-0.1164722
153.559246063232	-3.727228
153.574866056442	-8.841307
153.590496063232	-13.99687
153.606126070023	-18.08
153.621746063232	-20.509
153.637376070023	-21.23278
153.652996063232	-20.49763
153.668626070023	-18.57116
153.684246063232	-15.62824
153.699876070023	-11.78965
153.715506076813	-7.207561
153.731126070023	-2.119949
153.746756076813	3.158581
153.762376070023	8.260159
153.778006076813	12.92043
153.793626070023	16.8751
153.809256076813	20.01865
153.824886083603	22.26997
153.840506076813	23.61559
153.856136083603	24.01502
153.871756076813	23.45006
153.887386083603	21.8984
153.903016090393	19.4279
153.918636083603	16.31221
153.934266090393	12.99542
153.949886083603	10.11193
153.965516090393	8.313396
153.981136083603	8.026348
153.996766090393	9.235504
154.012396097183	11.49313
154.028016090393	13.94131
154.043646097183	15.52283
154.059266090393	15.08449
154.074896097183	11.44472
154.090516090393	3.60498
154.106146097183	-8.92337
154.121776103973	-25.73098
154.137396097183	-45.15303
154.153026103973	-64.2229
154.168646097183	-79.21262
154.184276103973	-86.53256
154.199896097183	-83.95003
154.215526103973	-71.4185
154.231156110764	-51.27686
154.246776103973	-27.46676
154.262406110764	-4.468159
154.278026103973	13.95347
154.293656110764	25.48021
154.309276103973	29.34901
154.324906110764	26.09971
154.340536117554	17.15812
154.356156110764	4.528389
154.371786117554	-9.345528
154.387406110764	-21.72845
154.403036117554	-30.0877
154.418656110764	-32.67519
154.434286117554	-29.11072
154.449916124344	-20.6509
154.465536117554	-9.719521
154.481166124344	0.9818649
154.496786117554	9.42141
154.512416124344	14.85873
154.528036117554	17.78851
154.543666124344	19.33877
154.559296131134	20.55651
154.574916124344	21.84338
154.590546131134	22.85756
154.606166124344	22.85619
154.621796131134	21.2841
154.637416124344	18.01512
154.653046131134	13.48586
154.668676137924	8.395752
154.684296131134	3.404972
154.699926137924	-1.143082
154.715546131134	-5.183182
154.731176137924	-8.812046
154.746796131134	-12.05736
154.762426137924	-14.70197
154.778056144714	-16.45404
154.793676137924	-17.06379
154.809306144714	-16.47344
154.824926137924	-14.87648
154.840556144714	-12.69662
154.856176137924	-10.39616
154.871806144714	-8.447239
154.887436151505	-7.321892
154.903056144714	-7.459751
154.918686151505	-9.357944
154.934306144714	-13.35283
154.949936151505	-19.41108
154.965556144714	-26.9233
154.981186151505	-34.66725
154.996816158295	-41.07482
155.012436151505	-44.74095
155.028066158295	-44.87822
155.043686151505	-41.58764
155.059316158295	-35.763
155.074936151505	-28.70006
155.090566158295	-21.56884
155.106196165085	-15.19324
155.121816158295	-9.904476
155.137446165085	-5.737217
155.153066158295	-2.636608
155.168696165085	-0.611042
155.184316158295	0.5118999
155.199946165085	1.14168
155.215575933456	1.970661
155.231196165085	3.817196
155.246825933456	7.203339
155.262446165085	12.11109
155.278075933456	17.94284
155.293696165085	23.69111
155.309325933456	28.36293
155.324955940247	31.38789
155.340575933456	32.69883
155.356205940247	32.56575
155.371825933456	31.38425
155.387455940247	29.38221
155.403075933456	26.64203
155.418705940247	23.19029
155.434335947037	19.16867
155.449955940247	14.9101
155.465585947037	10.96431
155.481205940247	7.887436
155.496835947037	6.098467
155.512455940247	5.744883
155.528085947037	6.654913
155.543715953827	8.437925
155.559335947037	10.64267
155.574965953827	12.779
155.590585947037	14.45811
155.606215953827	15.44326
155.621835947037	15.65013
155.637465953827	15.12532
155.653095960617	14.04488
155.668715953827	12.56273
155.684345960617	10.71349
155.699965953827	8.487314
155.715595960617	5.775654
155.731215953827	2.516113
155.746845960617	-1.127004
155.762475967407	-4.79236
155.778095960617	-7.911459
155.793725967407	-9.881254
155.809345960617	-10.24532
155.824975967407	-8.904008
155.840595960617	-5.996902
155.856225967407	-1.948679
155.871855974197	2.737652
155.887475967407	7.58984
155.903105974197	12.1879
155.918725967407	16.21936
155.934355974197	19.42493
155.949975967407	21.59011
155.965605974197	22.56987
155.981235980988	22.38864
155.996855974197	21.23041
156.012485980988	19.41256
156.028105974197	17.33708
156.043735980988	15.34675
156.059355974197	13.69983
156.074985980988	12.56121
156.090615987778	12.03531
156.106235980988	12.12493
156.121865987778	12.7724
156.137485980988	13.80376
156.153115987778	14.90651
156.168735980988	15.73405
156.184365987778	15.91103
156.199995994568	15.16888
156.215615987778	13.42775
156.231245994568	10.82213
156.246865987778	7.620848
156.262495994568	4.165519
156.278115987778	0.7605737
156.293745994568	-2.369307
156.309376001358	-5.04183
156.324995994568	-7.150116
156.340626001358	-8.601526
156.356245994568	-9.380365
156.371876001358	-9.623825
156.387495994568	-9.607731
156.403126001358	-9.651182
156.418756008148	-10.04444
156.434376001358	-10.88924
156.450006008148	-12.20016
156.465626001358	-13.98733
156.481256008148	-16.31224
156.496876001358	-19.28931
156.512506008148	-22.88735
156.528136014938	-26.77384
156.543756008148	-30.17598
156.559386014938	-32.1384
156.575006008148	-31.85555
156.590636014938	-29.05083
156.606266021729	-24.12954
156.621886014938	-18.09302
156.637516021729	-12.20175
156.653136014938	-7.579578
156.668766021729	-4.912077
156.684386014938	-4.232206
156.700016021729	-5.051842
156.715646028519	-6.557999
156.731266021729	-7.83403
156.746896028519	-8.143909
156.762516021729	-7.157009
156.778146028519	-4.902277
156.793766021729	-1.750599
156.809396028519	1.822393
156.825026035309	5.403341
156.840646028519	8.616415
156.856276035309	11.27865
156.871896028519	13.31072
156.887526035309	14.72556
156.903146028519	15.62558
156.918776035309	16.08939
156.934406042099	16.18042
156.950026035309	15.97956
156.965656042099	15.61515
156.981276035309	15.2696
156.996906042099	15.24241
157.012526035309	15.78211
157.028156042099	16.92113
157.043786048889	18.45093
157.059406042099	19.86137
157.075036048889	20.64167
157.090656042099	20.49365
157.106286048889	19.52435
157.121906042099	18.13256
157.137536048889	16.8445
157.153166055679	15.9833
157.168786048889	15.55438
157.184416055679	15.40043
157.200036048889	15.33555
157.215666055679	15.3163
157.231286048889	15.41135
157.246916055679	15.71394
157.262546062469	16.14388
157.278166055679	16.55629
157.293796062469	16.77221
157.309416055679	16.79005
157.325046062469	17.00355
157.340666055679	17.95161
157.356296062469	20.11426
157.37192606926	23.58483
157.387546062469	27.91657
157.40317606926	32.20698
157.418796062469	35.4792
157.43442606926	36.92399
157.450046062469	36.23677
157.46567606926	33.64849
157.48130607605	29.71832
157.49692606926	25.13066
157.51255607605	20.42663
157.52817606926	15.92159
157.54380607605	11.71684
157.55942606926	7.813995
157.57505607605	4.100609
157.59068608284	0.4024048
157.60630607605	-3.509659
157.62193608284	-7.940201
157.63755607605	-13.12384
157.65318608284	-19.20592
157.66880607605	-26.13923
157.68443608284	-33.62932
157.70006608963	-41.18449
157.71568608284	-48.1791
157.73131608963	-53.96891
157.74693608284	-58.02727
157.76256608963	-60.12103
157.77818608284	-60.30273
157.79381608963	-58.91414
157.80944609642	-56.51186
157.82506608963	-53.6623
157.84069609642	-50.82632
157.85631608963	-48.30844
157.87194609642	-46.24233
157.88756608963	-44.60472
157.90319609642	-43.37688
157.91882610321	-42.42976
157.93444609642	-41.62335
157.95007610321	-40.73128
157.96569609642	-39.5005
157.98132610321	-37.57541
157.99694609642	-34.62056
158.01257610321	-30.31387
158.028206110001	-24.36156
158.04382610321	-16.63074
158.059456110001	-7.075562
158.07507610321	4.196594
158.090706110001	17.01991
158.10632610321	31.12923
158.121956110001	46.14088
158.137586116791	61.46675
158.153206110001	76.3029
158.168836116791	89.65152
158.184456110001	100.5463
158.200086116791	108.3543
158.215706110001	113.0355
158.231336116791	115.2031
158.246966123581	115.9637
158.262586116791	116.4513
158.278216123581	117.446
158.293836116791	119.2266
158.309466123581	121.4853
158.325086116791	123.7196
158.340716123581	125.5291
158.356346130371	126.8344
158.371966123581	127.8161
158.387596130371	128.7966
158.403216123581	129.9098
158.418846130371	131.0716
158.434466123581	132.0182
158.450096130371	132.3583
158.465726137161	131.7068
158.481346130371	129.6965
158.496976137161	125.9807
158.512596130371	120.1868
158.528226137161	112.0024
158.543846130371	101.2643
158.559476137161	88.13037
158.575106143951	73.07303
158.590726137161	56.74246
158.606356143951	39.82901
158.621976137161	22.77762
158.637606143951	5.790375
158.653226137161	-11.09283
158.668856143951	-27.79318
158.684486150742	-44.09482
158.700106143951	-59.66565
158.715736150742	-74.13766
158.731356143951	-87.25439
158.746986150742	-98.80917
158.762616157532	-108.564
158.778236150742	-116.1595
158.793866157532	-121.002
158.809486150742	-122.6531
158.825116157532	-121.1397
158.840736150742	-117.2146
158.856366157532	-112.2893
158.871996164322	-108.0238
158.887616157532	-105.7614
158.903246164322	-106.0771
158.918866157532	-108.7308
158.934496164322	-112.8081
158.950116157532	-117.2986
158.965746164322	-121.4071
158.981375932693	-124.7105
158.996996164322	-127.0219
159.012625932693	-128.1691
159.028246164322	-127.9049
159.043875932693	-125.9604
159.059496164322	-122.284
159.075125932693	-117.1575
159.090755939484	-111.2772
159.106375932693	-105.4686
159.122005939484	-100.5151
159.137625932693	-96.78333
159.153255939484	-94.19666
159.168875932693	-92.35669
159.184505939484	-90.71008
159.200135946274	-88.86035
159.215755939484	-86.64386
159.231385946274	-84.15631
159.247005939484	-81.59705
159.262635946274	-79.237
159.278255939484	-77.3443
159.293885946274	-76.10431
159.309515953064	-75.66577
159.325135946274	-76.05524
159.340765953064	-77.23517
159.356385946274	-79.01453
159.372015953064	-81.05927
159.387635946274	-83.0105
159.403265953064	-84.59039
159.418895959854	-85.77344
159.434515953064	-86.70007
159.450145959854	-87.56116
159.465765953064	-88.29987
159.481395959854	-88.39093
159.497015953064	-86.89063
159.512645959854	-82.53943
159.528275966644	-74.38953
159.543895959854	-62.19495
159.559525966644	-46.66174
159.575145959854	-29.27179
159.590775966644	-11.90753
159.606395959854	3.724976
159.622025966644	16.44458
159.637655973434	25.74237
159.653275966644	31.76031
159.668905973434	35.0166
159.684525966644	36.28149
159.700155973434	36.44031
159.715775966644	36.41165
159.731405973434	36.97836
159.747035980225	38.69504
159.762655973434	41.62827
159.778285980225	45.34396
159.793905973434	48.99799
159.809535980225	51.50037
159.825155973434	51.90845
159.840785980225	49.68787
159.856415987015	44.89142
159.872035980225	38.23648
159.887665987015	30.93549
159.903285980225	24.41174
159.918915987015	19.84946
159.934535980225	17.92072
159.950165987015	18.55435
159.965795993805	21.05017
159.981415987015	24.41428
159.997045993805	27.65414
160.012665987015	30.1839
160.028295993805	31.93698
160.043915987015	33.21649
160.059545993805	34.34973
160.075176000595	35.55331
160.090795993805	36.75705
160.106426000595	37.67709
160.122045993805	37.98917
160.137676000595	37.34579
160.153295993805	35.50998
160.168926000595	32.35361
160.184556007385	27.92609
160.200176000595	22.55408
160.215806007385	16.92064
160.231426000595	11.97771
160.247056007385	8.814804
160.262676000595	8.230545
160.278306007385	10.41048
160.293936014175	14.82901
160.309556007385	20.36644
160.325186014175	25.6564
160.340806007385	29.61403
160.356436014175	31.64859
160.372056007385	31.76305
160.387686014175	30.30371
160.403316020966	27.81081
160.418936014175	24.70169
160.434566020966	21.29314
160.450186014175	17.89265
160.465816020966	14.80721
160.481436014175	12.35603
160.497066020966	10.76764
160.512696027756	10.06738
160.528316020966	9.995422
160.543946027756	10.18654
160.559566020966	10.24457
160.575196027756	9.958572
160.590816020966	9.407516
160.606446027756	8.811127
160.622076034546	8.473663
160.637696027756	8.610001
160.653326034546	9.271317
160.668946027756	10.26216
160.684576034546	11.24136
160.700196027756	11.75653
160.715826034546	11.43794
160.731456041336	10.0293
160.747076034546	7.55011
160.762706041336	4.280449
160.778326034546	0.7186508
160.793956041336	-2.545624
160.809576034546	-4.938751
160.825206041336	-6.011559
160.840836048126	-5.529015
160.856456041336	-3.500755
160.872086048126	-0.2009659
160.887706041336	3.79422
160.903336048126	7.756783
160.918956041336	10.89516
160.934586048126	12.54731
160.950216054916	12.38595
160.965836048126	10.55309
160.981466054916	7.637779
160.997086048126	4.46769
161.012716054916	1.964684
161.028346061707	0.8485794
161.043966054916	1.522812
161.059596061707	3.956314
161.075216054916	7.750549
161.090846061707	12.31326
161.106466054916	16.99662
161.122096061707	21.35116
161.137726068497	25.09988
161.153346061707	28.27246
161.168976068497	31.01946
161.184596061707	33.54202
161.200226068497	35.93039
161.215846061707	38.1643
161.231476068497	40.15932
161.247106075287	41.81657
161.262726068497	43.14196
161.278356075287	44.17239
161.293976068497	44.9585
161.309606075287	45.42434
161.325226068497	45.36002
161.340856075287	44.4857
161.356486082077	42.60431
161.372106075287	39.77779
161.387736082077	36.26289
161.403356075287	32.58313
161.418986082077	29.21048
161.434606075287	26.41703
161.450236082077	24.12009
161.465866088867	21.92812
161.481486082077	19.34068
161.497116088867	15.97573
161.512736082077	11.77426
161.528366088867	6.975449
161.543986082077	2.054356
161.559616088867	-2.504921
161.575246095657	-6.410976
161.590866088867	-9.621052
161.606496095657	-12.40218
161.622116088867	-15.10461
161.637746095657	-18.10028
161.653366088867	-21.52245
161.668996095657	-25.3252
161.684626102448	-29.24387
161.700246095657	-32.84364
161.715876102448	-35.64399
161.731496095657	-37.15437
161.747126102448	-37.04025
161.762746095657	-35.15096
161.778376102448	-31.62624
161.794006109238	-26.84023
161.809626102448	-21.34184
161.825256109238	-15.73933
161.840876102448	-10.54575
161.856506109238	-6.153969
161.872126102448	-2.699394
161.887756109238	-0.2101059
161.903386116028	1.393105
161.919006109238	2.292191
161.934636116028	2.755409
161.950256109238	3.060928
161.965886116028	3.526283
161.981506109238	4.378357
161.997136116028	5.668198
162.012766122818	7.346695
162.028386116028	9.23333
162.044016122818	11.09425
162.059636116028	12.72686
162.075266122818	13.98467
162.090886116028	14.75481
162.106516122818	15.01376
162.122146129608	14.77567
162.137766122818	14.05285
162.153396129608	12.98601
162.169016122818	11.7742
162.184646129608	10.65589
162.200266122818	9.787598
162.215896129608	9.255806
162.231526136398	9.051994
162.247146129608	9.132957
162.262776136398	9.484894
162.278396129608	10.05792
162.294026136398	10.74911
162.309646129608	11.32687
162.325276136398	11.42532
162.340906143188	10.62565
162.356526136398	8.640732
162.372156143188	5.481377
162.387776136398	1.530884
162.403406143188	-2.508484
162.419026136398	-5.771492
162.434656143188	-7.391876
162.450286149979	-6.75174
162.465906143188	-3.61499
162.481536149979	1.762497
162.497156143188	8.689575
162.512786149979	16.20217
162.528406143188	23.29542
162.544036149979	29.17229
162.559666156769	33.36114
162.575286149979	35.71532
162.590916156769	36.26773
162.606536149979	35.19168
162.622166156769	32.66653
162.637786149979	28.94249
162.653416156769	24.41945
162.669046163559	19.61426
162.684666156769	15.13301
162.700296163559	11.49963
162.715916156769	9.027115
162.731546163559	7.687332
162.747166156769	7.214157
162.762796163559	7.156265
162.778425931931	7.040894
162.794046163559	6.500595
162.809675931931	5.310303
162.825296163559	3.489868
162.840925931931	1.166473
162.856546163559	-1.508484
162.872175931931	-4.454285
162.887805938721	-7.763184
162.903425931931	-11.61287
162.919055938721	-16.10991
162.934675931931	-21.12944
162.950305938721	-26.33232
162.965925931931	-31.20732
162.981555938721	-35.35127
162.997185945511	-38.67456
163.012805938721	-41.31807
163.028435945511	-43.59622
163.044055938721	-45.72688
163.059685945511	-47.73993
163.075305938721	-49.49135
163.090935945511	-50.84286
163.106565952301	-51.66632
163.122185945511	-51.83871
163.137815952301	-51.18138
163.153435945511	-49.23984
163.169065952301	-45.48599
163.184685945511	-39.51517
163.200315952301	-31.40253
163.215945959091	-21.7701
163.231565952301	-11.7339
163.247195959091	-2.509277
163.262815952301	4.972229
163.278445959091	10.2881
163.294065952301	13.52669
163.309695959091	15.01793
163.325325965881	15.12122
163.340945959091	14.04817
163.356575965881	11.99818
163.372195959091	9.226089
163.387825965881	6.142136
163.403445959091	3.227356
163.419075965881	0.9259491
163.434705972672	-0.5321503
163.450325965881	-1.227859
163.465955972672	-1.475815
163.481575965881	-1.674454
163.497205972672	-2.136902
163.512825965881	-3.015793
163.528455972672	-4.30397
163.544085979462	-5.833374
163.559705972672	-7.398132
163.575335979462	-8.83168
163.590955972672	-10.07961
163.606585979462	-11.12976
163.622205972672	-12.09264
163.637835979462	-13.06949
163.653465986252	-14.12778
163.669085979462	-15.31995
163.684715986252	-16.66168
163.700335979462	-18.15833
163.715965986252	-19.85976
163.731595993042	-21.75998
163.747215986252	-23.74644
163.762845993042	-25.65074
163.778465986252	-27.23932
163.794095993042	-28.35828
163.809715986252	-28.97035
163.825345993042	-29.19124
163.840975999832	-29.24323
163.856595993042	-29.31758
163.872225999832	-29.39694
163.887845993042	-29.20735
163.903475999832	-28.33472
163.919095993042	-26.30492
163.934725999832	-22.84221
163.950356006622	-17.94452
163.965975999832	-11.91547
163.981606006622	-5.252563
163.997225999832	1.499008
164.012856006622	7.931
164.028475999832	13.8257
164.044106006622	19.05528
164.059736013412	23.53569
164.075356006622	27.08322
164.090986013412	29.41644
164.106606006622	30.32152
164.122236013412	29.66968
164.137856006622	27.63472
164.153486013412	24.61037
164.169116020203	21.21016
164.184736013412	17.99515
164.200366020203	15.39355
164.215986013412	13.54276
164.231616020203	12.31818
164.247236013412	11.40977
164.262866020203	10.45984
164.278496026993	9.229874
164.294116020203	7.615097
164.309746026993	5.706223
164.325366020203	3.680649
164.340996026993	1.720184
164.356616020203	-0.09005737
164.372246026993	-1.763336
164.387876033783	-3.306198
164.403496026993	-4.707367
164.419126033783	-5.731476
164.434746026993	-6.129654
164.450376033783	-5.655075
164.465996026993	-4.329216
164.481626033783	-2.433922
164.497256040573	-0.4558105
164.512876033783	1.086975
164.528506040573	1.894104
164.544126033783	1.857971
164.559756040573	1.001846
164.575376033783	-0.7020874
164.591006040573	-3.239273
164.606636047363	-6.490105
164.622256040573	-9.970055
164.637886047363	-12.83576
164.653506040573	-14.12572
164.669136047363	-13.02944
164.684756040573	-9.309654
164.700386047363	-3.31369
164.716016054153	4.123184
164.731636047363	12.13186
164.747266054153	19.95243
164.762886047363	27.09152
164.778516054153	33.12666
164.794136047363	37.63493
164.809766054153	40.15893
164.825396060944	40.39778
164.841016054153	38.43356
164.856646060944	34.71789
164.872266054153	30.05559
164.887896060944	25.33064
164.903516054153	21.27985
164.919146060944	18.41554
164.934776067734	16.99503
164.950396060944	16.99401
164.966026067734	18.15314
164.981646060944	20.02013
164.997276067734	21.90827
165.012896060944	23.09776
165.028526067734	22.97289
165.044156074524	21.25996
165.059776067734	18.07907
165.075406074524	13.85839
165.091026067734	9.142082
165.106656074524	4.307968
165.122276067734	-0.4677811
165.137906074524	-5.196854
165.153536081314	-9.922585
165.169156074524	-14.65919
165.184786081314	-19.33317
165.200406074524	-23.92667
165.216036081314	-28.56794
165.231656074524	-33.47895
165.247286081314	-38.92095
165.262916088104	-44.94278
165.278536081314	-51.35139
165.294166088104	-57.69039
165.309786081314	-63.43256
165.325416088104	-68.06696
165.341036081314	-71.14122
165.356666088104	-72.29704
165.372296094894	-71.24493
165.387916088104	-67.76689
165.403546094894	-61.89252
165.419166088104	-53.9898
165.434796094894	-44.64359
165.450416088104	-34.60394
165.466046094894	-24.5379
165.481676101685	-14.8528
165.497296094894	-5.815582
165.512926101685	2.36235
165.528546094894	9.44165
165.544176101685	15.09651
165.559796094894	19.06015
165.575426101685	21.3104
165.591056108475	22.13502
165.606676101685	22.13671
165.622306108475	22.03487
165.637926101685	22.44244
165.653556108475	23.72163
165.669176101685	25.8912
165.684806108475	28.66771
165.700436115265	31.6287
165.716056108475	34.31464
165.731686115265	36.34102
165.747306108475	37.52305
165.762936115265	37.8082
165.778556108475	37.25314
165.794186115265	35.98886
165.809816122055	34.19735
165.825436115265	32.0616
165.841066122055	29.765
165.856686115265	27.51199
165.872316122055	25.39002
165.887946128845	23.4249
165.903566122055	21.52987
165.919196128845	19.52584
165.934816122055	17.18575
165.950446128845	14.28596
165.966066122055	10.61946
165.981696128845	5.989262
165.997326135635	0.3885059
166.012946128845	-6.053023
166.028576135635	-12.95784
166.044196128845	-19.73431
166.059826135635	-25.67168
166.075446128845	-30.08507
166.091076135635	-32.46214
166.106706142426	-32.56675
166.122326135635	-30.53528
166.137956142426	-26.75591
166.153576135635	-21.86852
166.169206142426	-16.53787
166.184826135635	-11.37787
166.200456142426	-6.787261
166.216086149216	-2.990061
166.231706142426	-0.03020382
166.247336149216	2.146167
166.262956142426	3.596701
166.278586149216	4.471768
166.294206142426	4.875731
166.309836149216	4.997068
166.325466156006	5.044882
166.341086149216	5.168498
166.356716156006	5.412633
166.372336149216	5.7137
166.387966156006	5.912346
166.403586149216	5.759884
166.419216156006	5.08829
166.434846162796	3.78009
166.450466156006	1.919628
166.466096162796	-0.2013092
166.481716156006	-2.210255
166.497346162796	-3.735739
166.512966156006	-4.673344
166.528596162796	-5.238319
166.544225931168	-5.954506
166.559846162796	-7.382954
166.575475931168	-9.876648
166.591096162796	-13.2896
166.606725931168	-17.01707
166.622346162796	-20.3164
166.637975931168	-22.48774
166.653605937958	-23.29889
166.669225931168	-23.00795
166.684855937958	-22.28312
166.700475931168	-21.95831
166.716105937958	-22.76049
166.731725931168	-24.96985
166.747355937958	-28.27667
166.762985944748	-31.88737
166.778605937958	-34.58738
166.794235944748	-35.25462
166.809855937958	-33.13342
166.825485944748	-28.16608
166.841105937958	-20.97675
166.856735944748	-12.68511
166.872365951538	-4.517838
166.887985944748	2.572861
166.903615951538	8.042015
166.919235944748	11.8496
166.934865951538	14.26549
166.950485944748	15.7284
166.966115951538	16.70476
166.981745958328	17.56953
166.997365951538	18.69112
167.012995958328	20.31673
167.028615951538	22.6757
167.044245958328	25.86646
167.059865951538	29.9118
167.075495958328	34.61205
167.091125965118	39.59742
167.106745958328	44.42184
167.122375965118	48.58501
167.137995958328	51.69495
167.153625965118	53.42654
167.169245958328	53.64579
167.184875965118	52.32256
167.200505971909	49.63345
167.216125965118	45.80532
167.231755971909	41.09725
167.247375965118	35.78408
167.263005971909	30.09639
167.278625965118	24.3363
167.294255971909	18.74599
167.309885978699	13.64837
167.325505971909	9.244583
167.341135978699	5.587784
167.356755971909	2.593246
167.372385978699	-0.03511047
167.388005971909	-2.679626
167.403635978699	-5.677368
167.419265985489	-9.214859
167.434885978699	-13.32257
167.450515985489	-17.75737
167.466135978699	-22.09114
167.481765985489	-25.70776
167.497385978699	-27.78571
167.513015985489	-27.58134
167.528645992279	-24.58849
167.544265985489	-18.79979
167.559895992279	-10.7863
167.575515985489	-1.652191
167.591145992279	7.375153
167.606765985489	15.18613
167.622395992279	21.07249
167.638025999069	24.88446
167.653645992279	26.87184
167.669275999069	27.55084
167.684895992279	27.48279
167.700525999069	27.14255
167.716145992279	26.85345
167.731775999069	26.83975
167.747406005859	27.19746
167.763025999069	27.84915
167.778656005859	28.70737
167.794275999069	29.49554
167.809906005859	30.0069
167.825525999069	29.97768
167.841156005859	29.16734
167.85678601265	27.423
167.872406005859	24.77025
167.88803601265	21.33994
167.903656005859	17.40827
167.91928601265	13.39154
167.934906005859	9.621956
167.95053601265	6.404854
167.96616601944	3.783401
167.98178601265	1.57724
167.99741601944	-0.5805817
168.01303601265	-3.020851
168.02866601944	-6.003723
168.04428601265	-9.47168
168.05991601944	-13.00357
168.07554602623	-16.09181
168.09116601944	-18.24105
168.10679602623	-19.28266
168.12241601944	-19.42884
168.13804602623	-19.20472
168.15366601944	-19.12672
168.16929602623	-19.61251
168.18492603302	-20.75291
168.20054602623	-22.31745
168.21617603302	-23.97992
168.23179602623	-25.33781
168.24742603302	-25.98882
168.26304602623	-25.50607
168.27867603302	-23.43102
168.29430603981	-19.43317
168.30992603302	-13.42107
168.32555603981	-5.772957
168.34117603302	2.727707
168.35680603981	11.03484
168.37242603302	18.20274
168.38805603981	23.57856
168.4036860466	27.04445
168.41930603981	28.93772
168.4349360466	29.81995
168.45055603981	30.39174
168.4661860466	31.16441
168.481816053391	32.48949
168.4974360466	34.45472
168.513066053391	36.94828
168.5286860466	39.58311
168.544316053391	41.83517
168.5599360466	43.05588
168.575566053391	42.58265
168.591196060181	39.97549
168.606816053391	35.09061
168.622446060181	28.20769
168.638066053391	19.96484
168.653696060181	11.23939
168.669316053391	2.916939
168.684946060181	-4.31958
168.700576066971	-10.10612
168.716196060181	-14.49896
168.731826066971	-17.87261
168.747446060181	-20.8254
168.763076066971	-24.01497
168.778696060181	-27.99093
168.794326066971	-32.99593
168.809956073761	-38.81946
168.825576066971	-44.89488
168.841206073761	-50.44257
168.856826066971	-54.81043
168.872456073761	-57.68849
168.888076066971	-59.23941
168.903706073761	-59.82787
168.919336080551	-59.78458
168.934956073761	-59.14548
168.950586080551	-57.61055
168.966206073761	-54.75174
168.981836080551	-50.2779
168.997456073761	-44.23758
169.013086080551	-36.94633
169.028716087341	-28.88465
169.044336080551	-20.48796
169.059966087341	-12.09222
169.075586080551	-3.937533
169.091216087341	3.704545
169.106836080551	10.59031
169.122466087341	16.56778
169.138096094131	21.55383
169.153716087341	25.55663
169.169346094131	28.5111
169.184966087341	30.16284
169.200596094131	30.07962
169.216216087341	27.92206
169.231846094131	23.64603
169.247476100922	17.7576
169.278726100922	5.490448
169.294346094131	1.391779
169.309976100922	-0.4400117
169.325596094131	-0.090101
169.341226100922	1.832004
169.356856107712	4.437511
169.372476100922	6.920026
169.388106107712	8.716425
169.403726100922	9.658026
169.419356107712	9.841858
169.434976100922	9.546288
169.450606107712	9.029565
169.466236114502	8.419658
169.481856107712	7.73194
169.497486114502	6.890337
169.513106107712	5.801353
169.528736114502	4.428416
169.544356107712	2.74928
169.559986114502	0.66436
169.575616121292	-1.988507
169.591236114502	-5.44245
169.606866121292	-9.911637
169.622486114502	-15.45898
169.638116121292	-21.9039
169.653736114502	-28.89734
169.669366121292	-35.97511
169.684996128082	-42.62456
169.700616121292	-48.33385
169.716246128082	-52.60128
169.731866121292	-54.89424
169.747496128082	-54.73116
169.763116121292	-51.73505
169.778746128082	-45.84986
169.794376134872	-37.41703
169.809996128082	-27.30943
169.825626134872	-16.73703
169.841246128082	-6.92065
169.856876134872	1.143267
169.872496128082	7.014252
169.888126134872	10.7767
169.903756141663	12.92465
169.919376134872	14.03767
169.935006141663	14.59116
169.950626134872	14.80204
169.966256141663	14.74894
169.981876134872	14.41174
169.997506141663	13.84387
170.013136148453	13.13685
170.028756141663	12.37409
170.044386148453	11.52488
170.060006141663	10.48373
170.075636148453	9.165596
170.091256141663	7.611771
170.106886148453	6.099636
170.122516155243	4.932922
170.138136148453	4.359367
170.153766155243	4.348068
170.169386148453	4.565044
170.185016155243	4.413734
170.200636148453	3.353603
170.216266155243	1.120243
170.231896162033	-1.997955
170.247516155243	-5.245953
170.263146162033	-7.643063
170.278766155243	-8.377293
170.294396162033	-7.065041
170.310016155243	-3.870708
170.325646162033	0.587513
170.341275930405	5.479866
170.356896162033	9.921696
170.372525930405	13.23521
170.388146162033	14.94408
170.403775930405	14.79158
170.419396162033	12.87289
170.435025930405	9.648003
170.450655937195	5.968807
170.466275930405	2.926544
170.481905937195	1.502354
170.497525930405	2.316811
170.513155937195	5.368935
170.528775930405	10.08898
170.544405937195	15.44032
170.560035943985	20.31939
170.575655937195	23.78458
170.591285943985	25.37589
170.606905937195	25.1803
170.622535943985	23.71754
170.638155937195	21.77161
170.653785943985	20.04136
170.669415950775	18.94221
170.685035943985	18.4139
170.700665950775	18.19439
170.716285943985	17.83336
170.731915950775	17.04288
170.747545957565	15.77953
170.763165950775	14.20578
170.778795957565	12.5571
170.794415950775	10.99183
170.810045957565	9.485527
170.825665950775	7.893471
170.841295957565	6.168541
170.856925964355	4.356682
170.872545957565	2.648567
170.888175964355	1.292656
170.903795957565	0.3272934
170.919425964355	-0.4544983
170.935045957565	-1.558083
170.950675964355	-3.46788
170.966305971146	-6.443771
170.981925964355	-10.31575
170.997555971146	-14.55351
171.013175964355	-18.49966
171.028805971146	-21.6226
171.044425964355	-23.76077
171.060055971146	-25.0305
171.075685977936	-25.82546
171.091305971146	-26.59245
171.106935977936	-27.75568
171.122555971146	-29.65218
171.138185977936	-32.46069
171.153805971146	-36.05381
171.169435977936	-39.8421
171.185065984726	-42.9411
171.200685977936	-44.20724
171.216315984726	-42.75702
171.231935977936	-38.22484
171.247565984726	-30.97327
171.263185977936	-21.97591
171.278815984726	-12.5954
171.294445991516	-4.092133
171.310065984726	2.658463
171.325695991516	7.251526
171.341315984726	9.85141
171.356945991516	10.94205
171.372565984726	11.12551
171.388195991516	10.92591
171.403825998306	10.73036
171.419445991516	10.67028
171.435075998306	10.77582
171.450695991516	11.02695
171.466325998306	11.3616
171.481945991516	11.72596
171.497575998306	12.03648
171.513206005096	12.182
171.528825998306	12.04897
171.544456005096	11.6773
171.560075998306	11.2767
171.575706005096	11.25604
171.591325998306	11.99371
171.606956005096	13.59897
171.622586011887	15.7121
171.638206005096	17.55048
171.653836011887	18.1192
171.669456005096	16.64084
171.685086011887	12.82336
171.700706005096	7.003654
171.716336011887	0.01869202
171.731966018677	-7.123825
171.747586011887	-13.6008
171.763216018677	-18.8942
171.778836011887	-22.84393
171.794466018677	-25.52052
171.810086011887	-27.1386
171.825716018677	-28.13376
171.841346025467	-29.08004
171.856966018677	-30.58572
171.872596025467	-33.07478
171.888216018677	-36.61088
171.903846025467	-40.61238
171.919466018677	-44.09761
171.935096025467	-45.87204
171.950726032257	-45.0531
171.966346025467	-41.45872
171.981976032257	-35.69826
171.997596025467	-28.91451
172.013226032257	-22.35281
172.028846025467	-16.92537
172.044476032257	-12.88663
172.060106039047	-10.02013
172.075726032257	-7.802963
172.091356039047	-5.807922
172.106976032257	-3.911057
172.122606039047	-2.285339
172.138226032257	-1.126694
172.153856039047	-0.5604553
172.169486045837	-0.4461212
172.185106039047	-0.462677
172.200736045837	-0.3488312
172.216356039047	0.02220154
172.231986045837	0.5834198
172.247606039047	1.104126
172.263236045837	1.318359
172.278866052628	1.10025
172.294486045837	0.4699249
172.310116052628	-0.365921
172.325736045837	-1.162735
172.341366052628	-1.843246
172.356986045837	-2.569885
172.372616052628	-3.6996
172.388246059418	-5.659134
172.403866052628	-8.624161
172.419496059418	-12.36636
172.435116052628	-16.17757
172.450746059418	-19.06357
172.466366052628	-20.11049
172.481996059418	-18.91302
172.497626066208	-15.70476
172.513246059418	-11.15103
172.528876066208	-6.157547
172.544496059418	-1.339935
172.560126066208	3.008881
172.575746059418	6.948578
172.591376066208	10.7731
172.607006072998	14.83948
172.622626066208	19.45932
172.638256072998	24.91727
172.653876066208	31.39877
172.669506072998	38.89908
172.685126066208	47.23074
172.700756072998	55.90616
172.716386079788	64.23444
172.732006072998	71.51147
172.747636079788	77.2388
172.763256072998	81.10306
172.778886079788	83.01822
172.794506072998	83.00772
172.810136079788	81.10165
172.825766086578	77.39755
172.841386079788	72.07477
172.857016086578	65.39276
172.872636079788	57.78372
172.888266086578	49.73898
172.903886079788	41.71454
172.919516086578	34.03552
172.935146093369	26.87244
172.950766086578	20.14664
172.966396093369	13.65018
172.982016086578	7.176605
172.997646093369	0.530426
173.013276100159	-6.167694
173.028896093369	-12.57996
173.044526100159	-18.14709
173.060146093369	-22.26962
173.075776100159	-24.48743
173.091396093369	-24.56711
173.107026100159	-22.44586
173.122656106949	-18.04092
173.138276100159	-11.30988
173.153906106949	-2.2258
173.169526100159	8.892273
173.185156106949	21.23297
173.200776100159	33.42227
173.216406106949	43.78009
173.232036113739	50.74368
173.247656106949	53.44345
173.263286113739	51.99197
173.278906106949	47.40128
173.294536113739	41.27353
173.310156106949	35.21997
173.325786113739	30.5181
173.341416120529	27.81558
173.357036113739	27.1792
173.372666120529	28.30576
173.388286113739	30.78873
173.403916120529	34.26709
173.419536113739	38.431
173.435166120529	43.01518
173.450796127319	47.71657
173.466416120529	52.31888
173.482046127319	56.66185
173.497666120529	60.6658
173.513296127319	64.29814
173.528916120529	67.40689
173.544546127319	69.6841
173.560176134109	70.67419
173.575796127319	70.00446
173.591426134109	67.53172
173.607046127319	63.41162
173.622676134109	57.98904
173.638296127319	51.62328
173.653926134109	44.55685
173.6695561409	36.89445
173.685176134109	28.83031
173.7008061409	20.62144
173.716426134109	12.62169
173.7320561409	5.070404
173.747676134109	-2.078506
173.7633061409	-9.221619
173.77893614769	-16.89259
173.7945561409	-25.44931
173.81018614769	-34.87167
173.8258061409	-44.56712
173.84143614769	-53.60143
173.8570561409	-60.9721
173.87268614769	-65.89504
173.88831615448	-68.05639
173.90393614769	-67.7218
173.91956615448	-65.64522
173.93518614769	-62.8422
173.95081615448	-60.36784
173.96643614769	-58.85365
173.98206615448	-58.37566
173.99769616127	-58.41513
174.01331615448	-58.06437
174.02894616127	-56.44365
174.04456615448	-53.05607
174.06019616127	-48.02483
174.07581615448	-41.95741
174.09144616127	-35.80024
174.107075929642	-30.3263
174.12269616127	-25.99922
174.138325929642	-22.79472
174.15394616127	-20.26686
174.169575929642	-17.81082
174.18519616127	-14.80362
174.200825929642	-10.98386
174.216455936432	-6.52331
174.232075929642	-2.030451
174.247705936432	1.788157
174.263325929642	4.320335
174.278955936432	5.320789
174.294575929642	4.893761
174.310205936432	3.360619
174.325835943222	1.147358
174.341455936432	-1.458729
174.357085943222	-4.323193
174.372705936432	-7.420944
174.388335943222	-10.74528
174.403955936432	-14.22247
174.419585943222	-17.7873
174.435215950012	-21.38072
174.450835943222	-25.05283
174.466465950012	-28.8791
174.482085943222	-33.01647
174.497715950012	-37.64512
174.513335943222	-42.93096
174.528965950012	-48.86247
174.544595956802	-55.11898
174.560215950012	-60.9939
174.575845956802	-65.40521
174.591465950012	-67.31779
174.607095956802	-66.02463
174.622715950012	-61.48193
174.638345956802	-54.31245
174.653975963593	-45.63116
174.669595956802	-36.61785
174.685225963593	-28.14504
174.700845956802	-20.62755
174.716475963593	-14.06014
174.732095956802	-8.275299
174.747725963593	-3.076515
174.763355970383	1.668808
174.778975963593	6.133492
174.794605970383	10.51656
174.810225963593	15.0172
174.825855970383	19.77753
174.841475963593	24.76586
174.857105970383	29.67793
174.872735977173	34.00908
174.888355970383	37.12119
174.903985977173	38.54673
174.919605970383	38.10322
174.935235977173	35.96809
174.950855970383	32.58697
174.966485977173	28.47937
174.982115983963	24.01693
174.997735977173	19.36327
175.013365983963	14.53177
175.028985977173	9.565491
175.044615983963	4.718513
175.060235977173	0.464241
175.075865983963	-2.674599
175.091495990753	-4.290192
175.107115983963	-4.311195
175.122745990753	-3.043251
175.138365983963	-0.9801712
175.153995990753	1.313339
175.169615983963	3.399635
175.185245990753	5.100769
175.200875997543	6.470421
175.216495990753	7.742134
175.232125997543	9.215912
175.247745990753	11.04764
175.263375997543	13.15794
175.278995990753	15.29251
175.294625997543	17.10345
175.310256004333	18.29305
175.325875997543	18.72322
175.341506004333	18.40925
175.357125997543	17.39946
175.372756004333	15.69
175.388375997543	13.13306
175.404006004333	9.581291
175.419636011124	4.969299
175.435256004333	-0.6181488
175.450886011124	-7.0485
175.466506004333	-14.18655
175.482136011124	-21.95728
175.497756004333	-30.22588
175.513386011124	-38.647
175.529016017914	-46.61446
175.544636011124	-53.30461
175.560266017914	-57.89595
175.575886011124	-59.87088
175.591516017914	-59.19562
175.607146024704	-56.23534
175.622766017914	-51.72749
175.638396024704	-46.47626
175.654016017914	-41.12265
175.669646024704	-36.12064
175.685266017914	-31.65965
175.700896024704	-27.73293
175.716526031494	-24.15788
175.732146024704	-20.72034
175.747776031494	-17.23191
175.763396024704	-13.68836
175.779026031494	-10.22993
175.794646024704	-7.046135
175.810276031494	-4.330063
175.825906038284	-2.14183
175.841526031494	-0.4220581
175.857156038284	0.9354553
175.872776031494	2.049187
175.888406038284	2.923813
175.904026031494	3.450127
175.919656038284	3.446724
175.935286045074	2.77301
175.950906038284	1.365685
175.966536045074	-0.6195908
175.982156038284	-2.893044
175.997786045074	-5.12812
176.013406038284	-7.080833
176.029036045074	-8.724182
176.044666051865	-10.25838
176.060286045074	-12.07039
176.075916051865	-14.41627
176.091536045074	-17.38277
176.107166051865	-20.67651
176.122786045074	-23.76202
176.138416051865	-26.09732
176.154046058655	-27.32608
176.169666051865	-27.34296
176.185296058655	-26.30103
176.200916051865	-24.58814
176.216546058655	-22.57467
176.232166051865	-20.65686
176.247796058655	-19.14795
176.263426065445	-18.27537
176.279046058655	-18.13437
176.294676065445	-18.60485
176.310296058655	-19.20716
176.325926065445	-19.23728
176.341546058655	-17.95155
176.357176065445	-14.82438
176.372806072235	-9.794882
176.388426065445	-3.393246
176.404056072235	3.441463
176.419676065445	9.668062
176.435306072235	14.4725
176.450926065445	17.51351
176.466556072235	18.90517
176.482186079025	19.08475
176.497806072235	18.56773
176.513436079025	17.7303
176.529056072235	16.72305
176.544686079025	15.561
176.560306072235	14.21166
176.575936079025	12.76209
176.591566085815	11.43247
176.607186079025	10.47541
176.622816085815	10.00572
176.638436079025	9.908554
176.654066085815	9.786972
176.669686079025	9.203766
176.685316085815	7.914726
176.700946092606	6.029434
176.716566085815	3.995468
176.732196092606	2.382336
176.747816085815	1.554497
176.763446092606	1.507591
176.779066085815	1.896622
176.794696092606	2.144432
176.810326099396	1.841835
176.825946092606	0.8565979
176.841576099396	-0.7087784
176.857196092606	-2.742279
176.872826099396	-5.267204
176.888446092606	-8.527664
176.904076099396	-12.84032
176.919706106186	-18.28541
176.935326099396	-24.56685
176.950956106186	-30.94852
176.966576099396	-36.47498
176.982206106186	-40.31279
176.997826099396	-42.09435
177.013456106186	-41.99417
177.029086112976	-40.69838
177.044706106186	-39.15044
177.060336112976	-38.18398
177.075956106186	-38.43755
177.091586112976	-40.17401
177.107206106186	-43.27957
177.122836112976	-47.23792
177.138466119766	-51.08788
177.154086112976	-53.47945
177.169716119766	-52.90985
177.185336112976	-48.12932
177.200966119766	-38.53302
177.216586112976	-24.5892
177.232216119766	-7.814056
177.247846126556	9.560608
177.263466119766	25.27165
177.279096126556	37.73035
177.294716119766	46.54126
177.310346126556	52.51936
177.325966119766	57.14348
177.341596126556	61.89394
177.357226133347	67.46631
177.372846126556	73.53395
177.388476133347	78.95358
177.404096126556	82.32542
177.419726133347	82.65211
177.435346126556	79.83731
177.450976133347	74.62625
177.466606140137	68.33792
177.482226133347	62.34186
177.497856140137	57.66443
177.513476133347	54.9014
177.529106140137	54.20435
177.544726133347	55.38541
177.560356140137	58.1138
177.575986146927	61.93994
177.591606140137	66.07971
177.607236146927	69.32742
177.622856140137	69.8851
177.638486146927	65.4855
177.654106140137	53.99622
177.669736146927	34.05536
177.685366153717	5.855194
177.700986146927	-28.44937
177.716616153717	-64.9841
177.732236146927	-99.11526
177.747866153717	-126.6129
177.763486146927	-144.6505
177.779116153717	-152.4503
177.794746160507	-150.8555
177.810366153717	-141.648
177.825996160507	-126.7217
177.841616153717	-107.7044
177.857246160507	-86.05298
177.872875928879	-63.42572
177.888496160507	-41.82333
177.904125928879	-23.19876
177.919746160507	-9.003876
177.935375928879	0.4647827
177.950996160507	6.03241
177.966625928879	9.274719
177.982255935669	11.73495
177.997875928879	14.41458
178.013505935669	17.72333
178.029125928879	21.7337
178.044755935669	26.53522
178.060375928879	32.31772
178.076005935669	39.23303
178.091635942459	46.9646
178.107255935669	54.64954
178.122885942459	60.98615
178.138505935669	64.62646
178.154135942459	64.7337
178.169755935669	61.11124
178.185385942459	54.35605
178.201015949249	45.681
178.216635942459	36.66586
178.232265949249	28.9079
178.247885942459	23.60397
178.263515949249	21.33221
178.279135942459	21.83331
178.294765949249	24.22192
178.310395956039	27.36121
178.326015949249	30.20789
178.341645956039	32.07339
178.357265949249	32.6196
178.372895956039	31.76962
178.388515949249	29.5065
178.404145956039	25.8353
178.41977596283	20.82666
178.435395956039	14.68555
178.45102596283	7.909088
178.466645956039	1.197998
178.48227596283	-4.628174
178.497895956039	-8.910431
178.51352596283	-11.10214
178.52915596962	-10.92148
178.54477596283	-8.400269
178.56040596962	-3.804565
178.57602596283	2.354736
178.59165596962	9.484985
178.60727596283	17.11786
178.62290596962	25.10577
178.63853597641	33.50812
178.65415596962	42.58679
178.66978597641	52.38855
178.68540596962	62.48663
178.70103597641	72.06693
178.71665596962	80.06555
178.73228597641	85.67648
178.7479159832	88.6503
178.76353597641	89.40543
178.7791659832	88.79068
178.79478597641	87.74097
178.8104159832	87.00525
178.82603597641	86.99023
178.8416659832	87.9173
178.85729598999	89.85623
178.8729159832	92.78577
178.88854598999	96.50293
178.9041659832	100.4935
178.91979598999	104.0136
178.9354159832	106.1713
178.95104598999	106.2458
178.96667599678	103.8001
178.98229598999	98.78287
178.99792599678	91.379
179.01354598999	81.9248
179.02917599678	70.90009
179.04479598999	58.84265
179.06042599678	46.39673
179.076056003571	34.22275
179.09167599678	22.88971
179.107306003571	12.66107
179.12292599678	3.585266
179.138556003571	-4.583496
179.15417599678	-12.17294
179.169806003571	-19.44415
179.185436010361	-26.586
179.201056003571	-33.60645
179.216686010361	-40.39633
179.232306003571	-46.65936
179.247936010361	-52.00375
179.263556003571	-55.94333
179.279186010361	-58.16544
179.294816017151	-58.69928
179.310436010361	-58.02399
179.326066017151	-57.00009
179.341686010361	-56.57214
179.357316017151	-57.52019
179.372936010361	-60.18355
179.388566017151	-64.48155
179.404196023941	-69.97255
179.419816017151	-76.04976
179.435446023941	-82.09816
179.451066017151	-87.56548
179.466696023941	-91.98973
179.482316017151	-95.0345
179.497946023941	-96.50392
179.513576030731	-96.39018
179.529196023941	-94.86601
179.544826030731	-92.23213
179.560446023941	-88.85419
179.576076030731	-85.06798
179.591696023941	-81.05466
179.607326030731	-76.84149
179.622956037521	-72.28465
179.638576030731	-67.1591
179.654206037521	-61.35596
179.669826030731	-55.00893
179.685456037521	-48.46465
179.701076030731	-42.26118
179.716706037521	-36.87006
179.732336044312	-32.50702
179.747956037521	-29.12138
179.763586044312	-26.39502
179.779206037521	-24.04956
179.794836044312	-21.96326
179.810456037521	-20.24094
179.826086044312	-19.09764
179.841716051102	-18.68365
179.857336044312	-18.95384
179.872966051102	-19.55055
179.888586044312	-19.84689
179.904216051102	-19.0251
179.919836044312	-16.32574
179.935466051102	-11.17717
179.951096057892	-3.406677
179.966716051102	6.678726
179.982346057892	18.32571
179.997966051102	30.53581
180.013596057892	42.24315
180.029226064682	52.48706
180.044846057892	60.52196
180.060476064682	65.80098
180.076096057892	68.0578
180.091726064682	67.40961
180.107346057892	64.47415
180.122976064682	60.27544
180.138606071472	56.1011
180.154226064682	53.0976
180.169856071472	51.83723
180.185476064682	52.229
180.201106071472	53.54645
180.216726064682	54.81541
180.232356071472	55.0836
180.247986078262	53.69997
180.263606071472	50.34651
180.279236078262	44.98277
180.294856071472	37.77544
180.310486078262	29.03783
180.326106071472	19.25097
180.341736078262	8.968163
180.357366085052	-1.129929
180.372986078262	-10.47612
180.388616085052	-18.62102
180.404236078262	-25.24758
180.419866085052	-30.19037
180.435486078262	-33.47298
180.451116085052	-35.28986
180.466746091843	-36.04003
180.482366085052	-36.4798
180.497996091843	-37.49707
180.513616085052	-40.10268
180.529246091843	-45.10984
180.544866085052	-52.92329
180.560496091843	-63.26514
180.576126098633	-75.18018
180.591746091843	-87.14458
180.607376098633	-97.464
180.622996091843	-104.861
180.638626098633	-108.8804
180.654246091843	-110.0543
180.669876098633	-109.6327
180.685506105423	-109.0515
180.701126098633	-109.3773
180.716756105423	-110.8708
180.732376098633	-113.1035
180.748006105423	-115.2016
180.763626098633	-116.3556
180.779256105423	-116.1061
180.794886112213	-114.4668
180.810506105423	-111.6742
180.826136112213	-107.9395
180.841756105423	-103.3081
180.857386112213	-97.50128
180.873006105423	-90.04556
180.888636112213	-80.37378
180.904266119003	-67.9819
180.919886112213	-52.5423
180.935516119003	-34.10796
180.951136112213	-13.19537
180.966766119003	9.244141
180.982386112213	31.7867
180.998016119003	52.785
181.013646125793	70.52924
181.029266119003	83.60167
181.044896125793	91.15695
181.060516119003	93.15102
181.076146125793	90.34924
181.091766119003	84.15976
181.107396125793	76.27496
181.123026132584	68.29483
181.138646125793	61.29703
181.154276132584	55.7016
181.169896125793	51.38489
181.185526132584	47.9184
181.201146125793	44.89615
181.216776132584	42.16925
181.232406139374	39.81372
181.248026132584	38.07819
181.263656139374	37.27087
181.279276132584	37.65817
181.294906139374	39.39804
181.310526132584	42.6366
181.326156139374	47.43884
181.341786146164	53.76807
181.357406139374	61.38104
181.373036146164	69.77725
181.388656139374	78.19614
181.404286146164	85.77841
181.419906139374	91.77832
181.435536146164	95.72427
181.451166152954	97.55054
181.466786146164	97.4657
181.482416152954	95.78104
181.498036146164	92.72601
181.513666152954	88.31686
181.529286146164	82.38235
181.544916152954	74.78198
181.560546159744	65.66534
181.576166152954	55.66614
181.591796159744	45.89151
181.607416152954	37.5929
181.623046159744	31.77063
181.638666152954	28.80832
181.654296159744	28.272
181.669925928116	29.1347
181.685546159744	30.21701
181.701175928116	30.44144
181.716796159744	28.96561
181.732425928116	25.11044
181.748046159744	18.13849
181.763675928116	7.334778
181.779305934906	-7.528809
181.794925928116	-25.67001
181.810555934906	-44.90585
181.826175928116	-62.0433
181.841805934906	-73.85873
181.857425928116	-78.44778
181.873055934906	-76.08569
181.888685941696	-69.37122
181.904305934906	-62.37048
181.919935941696	-59.11908
181.935555934906	-62.43088
181.951185941696	-73.12979
181.966805934906	-90.33502
181.982435941696	-112.1508
181.998065948486	-136.3711
182.013685941696	-160.5699
182.029315948486	-181.7369
182.044935941696	-196.1842
182.060565948486	-200.0837
182.076185941696	-190.9485
182.091815948486	-169.1948
182.107445955276	-138.7139
182.123065948486	-105.9993
182.138695955276	-77.71945
182.154315948486	-58.23041
182.169945955276	-48.1456
182.185565948486	-44.64877
182.201195955276	-43.36456
182.216825962067	-40.6875
182.232445955276	-35.19418
182.248075962067	-27.67963
182.263695955276	-20.18787
182.279325962067	-14.65768
182.294945955276	-11.9574
182.310575962067	-11.68872
182.326205968857	-12.44931
182.341825962067	-12.22104
182.357455968857	-8.922089
182.373075962067	-0.9287415
182.388705968857	12.31708
182.404325962067	30.01993
182.419955968857	50.19037
182.435585975647	70.17395
182.451205968857	87.46558
182.466835975647	100.4071
182.482455968857	108.3926
182.498085975647	111.6268
182.513705968857	110.6426
182.529335975647	105.9725
182.544965982437	98.09766
182.560585975647	87.68042
182.576215982437	75.77582
182.591835975647	63.74481
182.607465982437	52.96509
182.623085975647	44.2926
182.638715982437	37.73816
182.654345989227	32.49939
182.669965982437	27.61945
182.685595989227	22.75934
182.701215982437	18.7251
182.716845989227	17.31232
182.732475996017	20.48706
182.748095989227	29.3042
182.763725996017	43.18365
182.779345989227	59.99323
182.794975996017	76.854
182.810595989227	91.29895
182.826225996017	102.0955
182.841856002808	109.3459
182.857475996017	113.8477
182.873106002808	116.3351
182.888725996017	116.8843
182.904356002808	115.0412
182.919975996017	110.3378
182.935606002808	102.9329
182.951236009598	93.6344
182.966856002808	83.60516
182.982486009598	73.72546
182.998106002808	64.20886
183.013736009598	54.80847
183.029356002808	45.1463
183.044986009598	35.25702
183.060616016388	25.67828
183.076236009598	17.25409
183.091866016388	10.69086
183.107486009598	6.261475
183.123116016388	3.710022
183.138736009598	2.542053
183.154366016388	2.244751
183.169996023178	2.387512
183.185616016388	2.600769
183.201246023178	2.445557
183.216866016388	1.512817
183.232496023178	-0.3991699
183.248116016388	-3.083679
183.263746023178	-5.949951
183.279376029968	-8.150696
183.294996023178	-9.062439
183.310626029968	-8.492432
183.326246023178	-6.719055
183.341876029968	-4.259399
183.357496023178	-1.718811
183.373126029968	0.3568115
183.388756036758	1.505005
183.404376029968	1.327454
183.420006036758	-0.3164063
183.435626029968	-3.163147
183.451256036758	-6.453186
183.466876029968	-9.149414
183.482506036758	-10.43402
183.498136043549	-10.05389
183.513756036758	-8.417542
183.529386043549	-6.293701
183.545006036758	-4.201111
183.560636043549	-2.01825
183.576256036758	0.8314819
183.591886043549	4.715546
183.607516050339	9.166443
183.623136043549	12.77432
183.638766050339	13.90778
183.654386043549	11.64886
183.670016050339	6.506195
183.685636043549	0.3084106
183.701266050339	-4.741852
183.716896057129	-7.203918
183.732516050339	-7.008789
183.748146057129	-5.33374
183.763766050339	-3.775513
183.779396057129	-3.304474
183.795016050339	-3.922211
183.810646057129	-4.798737
183.826276063919	-4.879669
183.841896057129	-3.570343
183.857526063919	-1.11557
183.873146057129	1.440735
183.888776063919	2.664459
183.904396057129	1.172821
183.920026063919	-3.774414
183.935656070709	-12.01202
183.951276063919	-22.31982
183.966906070709	-32.67526
183.982526063919	-41.07245
183.998156070709	-46.06931
184.013776063919	-47.32767
184.029406070709	-45.55417
184.045036077499	-42.1232
184.060656070709	-38.41183
184.076286077499	-35.40747
184.091906070709	-33.54416
184.107536077499	-32.85867
184.123156070709	-33.32593
184.138786077499	-34.80777
184.15441608429	-37.03763
184.170036077499	-39.46362
184.18566608429	-41.27917
184.201286077499	-41.54507
184.21691608429	-39.65744
184.232536077499	-35.5838
184.24816608429	-29.98584
184.26379609108	-24.06442
184.27941608429	-19.0383
184.29504609108	-15.68359
184.31066608429	-14.1308
184.32629609108	-13.84189
184.34191608429	-13.94086
184.35754609108	-13.64462
184.37317609787	-12.56714
184.38879609108	-10.77127
184.40442609787	-8.64502
184.42004609108	-6.583984
184.43567609787	-4.773102
184.45129609108	-3.18808
184.46692609787	-1.577759
184.48255610466	0.2592773
184.49817609787	2.388519
184.51380610466	4.665802
184.52942609787	6.787872
184.54505610466	8.439178
184.56067609787	9.381287
184.57630610466	9.508392
184.59193611145	8.871765
184.60755610466	7.707977
184.62318611145	6.328033
184.63880610466	5.019196
184.65443611145	3.950836
184.67005610466	3.140106
184.68568611145	2.472443
184.70131611824	1.917816
184.71693611145	1.559204
184.73256611824	1.656036
184.74818611145	2.526672
184.76381611824	4.339111
184.77943611145	6.940033
184.79506611824	9.887024
184.810696125031	12.59912
184.82631611824	14.54324
184.841946125031	15.39441
184.85756611824	15.02905
184.873196125031	13.4183
184.888826131821	10.57867
184.904446125031	6.615631
184.920076131821	1.829407
184.935696125031	-3.102753
184.951326131821	-7.212372
184.966946125031	-9.447632
184.982576131821	-9.038788
184.998206138611	-5.831573
185.013826131821	-0.349762
185.029456138611	6.34668
185.045076131821	12.97009
185.060706138611	18.48184
185.076326131821	22.25687
185.091956138611	24.12289
185.107586145401	24.2002
185.123206138611	22.78036
185.138836145401	20.18079
185.154456138611	16.74216
185.170086145401	12.88269
185.185706138611	9.055359
185.201336145401	5.761597
185.216966152191	3.378784
185.232586145401	1.998016
185.248216152191	1.433319
185.263836145401	1.329132
185.279466152191	1.300476
185.295086145401	1.063995
185.310716152191	0.5029907
185.326346158981	-0.3252258
185.341966152191	-1.313538
185.357596158981	-2.293579
185.373216152191	-3.14566
185.388846158981	-3.77475
185.404466152191	-4.123749
185.420096158981	-4.252716
185.435726165771	-4.31897
185.451346158981	-4.562317
185.466976165771	-5.196686
185.482596158981	-6.353149
185.498226165771	-7.97493
185.513846158981	-9.89859
185.529476165771	-11.82758
185.545105934143	-13.49637
185.560726165771	-14.75496
185.576355934143	-15.57562
185.591976165771	-16.06171
185.607605934143	-16.44473
185.623226165771	-16.98639
185.638855934143	-17.92976
185.654485940933	-19.37997
185.670105934143	-21.20015
185.685735940933	-23.0349
185.701355934143	-24.30405
185.716985940933	-24.36266
185.732605934143	-22.69908
185.748235940933	-19.1553
185.763865947723	-13.99669
185.779485940933	-7.906433
185.795115947723	-1.739532
185.810735940933	3.679092
185.826365947723	7.83226
185.841985940933	10.57964
185.857615947723	12.11128
185.873245954514	12.76978
185.888865947723	12.88269
185.904495954514	12.70355
185.920115947723	12.39226
185.935745954514	12.03842
185.951365947723	11.72699
185.966995954514	11.49422
185.982625961304	11.3573
185.998245954514	11.26955
186.013875961304	11.1559
186.029495954514	10.86028
186.045125961304	10.27609
186.060745954514	9.327545
186.076375961304	8.004532
186.092005968094	6.414276
186.107625961304	4.718262
186.123255968094	3.213501
186.138875961304	2.149353
186.154505968094	1.71579
186.170125961304	1.875534
186.185755968094	2.357559
186.201385974884	2.754883
186.217005968094	2.669235
186.232635974884	1.883194
186.248255968094	0.3677673
186.263885974884	-1.70549
186.279505968094	-4.12265
186.295135974884	-6.681549
186.310765981674	-9.222458
186.326385974884	-11.58168
186.342015981674	-13.54396
186.357635974884	-14.84544
186.373265981674	-15.2791
186.388885974884	-14.81584
186.404515981674	-13.70093
186.420145988464	-12.41014
186.435765981674	-11.49725
186.451395988464	-11.3385
186.467015981674	-11.97826
186.482645988464	-13.04524
186.498265981674	-13.88417
186.513895988464	-13.77742
186.529525995255	-12.21169
186.545145988464	-9.095963
186.560775995255	-4.837814
186.576395988464	-0.1602173
186.592025995255	4.14389
186.607645988464	7.452408
186.623275995255	9.505844
186.638906002045	10.34303
186.654525995255	10.25522
186.670156002045	9.563065
186.685775995255	8.525894
186.701406002045	7.291641
186.717025995255	5.911636
186.732656002045	4.40535
186.748286008835	2.851608
186.763906002045	1.372437
186.779536008835	0.07389832
186.795156002045	-0.9860535
186.810786008835	-1.817657
186.826406002045	-2.487564
186.842036008835	-3.045883
186.857666015625	-3.515854
186.873286008835	-3.910385
186.888916015625	-4.185013
186.904536008835	-4.279648
186.920166015625	-4.182159
186.935786008835	-3.823654
186.951416015625	-3.173203
186.967046022415	-2.169266
186.982666015625	-0.7880859
186.998296022415	0.9311066
187.013916015625	2.822525
187.029546022415	4.674286
187.045166015625	6.233429
187.060796022415	7.255539
187.076426029205	7.666199
187.092046022415	7.465088
187.107676029205	6.797516
187.123296022415	5.849548
187.138926029205	4.751663
187.154546022415	3.531342
187.170176029205	2.10965
187.185806035995	0.3890839
187.201426029205	-1.661285
187.217056035995	-3.941391
187.232676029205	-6.255035
187.248306035995	-8.327087
187.263926029205	-9.80835
187.279556035995	-10.29997
187.295186042786	-9.502808
187.310806035995	-7.215721
187.326436042786	-3.535156
187.342056035995	1.100212
187.357686042786	5.883026
187.373316049576	9.794594
187.388936042786	11.94407
187.404566049576	11.96636
187.420186042786	10.16869
187.435816049576	7.400253
187.451436042786	4.710449
187.467066049576	2.906288
187.482696056366	2.315773
187.498316049576	2.765007
187.513946056366	3.72509
187.529566049576	4.692825
187.545196056366	5.368629
187.560816049576	5.715683
187.576446056366	5.909721
187.592076063156	6.113632
187.607696056366	6.414429
187.623326063156	6.775192
187.638946056366	7.148415
187.654576063156	7.392212
187.670196056366	7.381424
187.685826063156	7.073524
187.701456069946	6.573196
187.717076063156	6.022438
187.732706069946	5.581963
187.748326063156	5.388824
187.763956069946	5.518692
187.779576063156	5.983093
187.795206069946	6.527748
187.810836076736	6.715546
187.826456069946	6.147041
187.842086076736	4.753029
187.857706069946	2.838501
187.873336076736	1.05439
187.888956069946	0.08833313
187.904586076736	0.3552628
187.920216083527	1.796295
187.935836076736	3.583073
187.951466083527	4.534904
187.967086076736	3.750065
187.982716083527	1.176514
187.998336076736	-2.328186
188.013966083527	-5.288719
188.029596090317	-6.181416
188.045216083527	-4.015358
188.060846090317	1.53635
188.076466083527	9.196384
188.092096090317	16.75094
188.107716083527	22.17318
188.123346090317	24.52192
188.138976097107	23.87447
188.154596090317	20.93055
188.170226097107	16.50217
188.185846090317	11.11761
188.201476097107	5.546284
188.217096090317	-1.092289
188.232726097107	-10.63269
188.248356103897	-24.60578
188.263976097107	-43.82935
188.279606103897	-68.83204
188.295226097107	-99.79347
188.310856103897	-135.5612
188.326476097107	-172.5387
188.342106103897	-203.3521
188.357736110687	-221.1323
188.373356103897	-220.9502
188.388986110687	-200.3226
188.404606103897	-159.8739
188.420236110687	-103.6883
188.435856103897	-37.92371
188.451486110687	31.55611
188.467116117477	100.5646
188.482736110687	167.5076
188.498366117477	227.6762
188.513986110687	273.1895
188.529616117477	295.9802
188.545236110687	291.0094
188.560866117477	257.8591
188.576496124268	201.1808
188.592116117477	129.7714
188.607746124268	45.02895
188.623366117477	-36.72402
188.638996124268	-96.48296
188.654616117477	-127.6272
188.670246124268	-137.2241
188.685876131058	-135.3066
188.701496124268	-127.8995
188.717126131058	-116.9359
188.732746124268	-103.1506
188.748376131058	-90.19026
188.763996124268	-79.15555
188.779626131058	-74.39609
188.795256137848	-79.8337
188.810876131058	-94.5063
188.826506137848	-111.6601
188.842126131058	-122.0001
188.857756137848	-117.7708
188.873376131058	-95.55526
188.889006137848	-54.30743
188.904636144638	1.323544
188.920256137848	61.02867
188.935886144638	113.2953
188.951506137848	150.0022
188.967136144638	168.1506
188.982756137848	168.6664
188.998386144638	154.5786
189.014016151428	129.9457
189.029636144638	99.43761
189.045266151428	68.55659
189.060886144638	41.4233
189.076516151428	20.64828
189.092136144638	7.596317
189.107766151428	2.411743
189.123396158218	3.721619
189.139016151428	8.995956
189.154646158218	15.35933
189.170266151428	20.45576
189.185896158218	23.14657
189.201516151428	22.90803
189.217146158218	20.07652
189.232776165009	15.96766
189.248396158218	12.46388
189.264026165009	11.38544
189.279646158218	13.75154
189.295276165009	19.63972
189.310896158218	28.17145
189.326526165009	37.80958
189.34215593338	46.47956
189.357776165009	52.23163
189.37340593338	53.92017
189.389026165009	51.66587
189.40465593338	46.84962
189.420276165009	41.55357
189.43590593338	37.64948
189.45153594017	35.79327
189.46715593338	34.72777
189.48278594017	31.69199
189.49840593338	23.57919
189.51403594017	8.349184
189.52965593338	-14.12524
189.54528594017	-42.01783
189.56091594696	-72.64128
189.57653594017	-103.6454
189.59216594696	-133.7368
189.60778594017	-162.4609
189.62341594696	-189.3338
189.63903594017	-213.0221
189.65466594696	-231.1787
189.670295953751	-241.2059
189.68591594696	-241.1766
189.701545953751	-230.5602
189.71716594696	-210.2392
189.732795953751	-181.8239
189.748425960541	-146.9706
189.764045953751	-106.8521
189.779675960541	-62.38176
189.795295953751	-14.58787
189.810925960541	34.85583
189.826545953751	83.61223
189.842175960541	129.0608
189.857805967331	168.8906
189.873425960541	201.5504
189.889055967331	226.3866
189.904675960541	243.4957
189.920305967331	253.3507
189.935925960541	256.5462
189.951555967331	253.6106
189.967185974121	245.023
189.982805967331	231.3748
189.998435974121	213.3828
190.014055967331	191.8277
190.029685974121	167.1788
190.045305967331	139.5144
190.060935974121	108.4322
190.076565980911	73.46791
190.092185974121	34.50532
190.107815980911	-7.796487
190.123435974121	-51.80198
190.139065980911	-95.14063
190.154685974121	-135.1413
190.170315980911	-169.3595
190.185945987701	-195.9805
190.201565980911	-213.9844
190.217195987701	-223.2114
190.232815980911	-224.1866
190.248445987701	-218.0688
190.264065980911	-206.5426
190.279695987701	-191.706
190.295325994492	-175.8899
190.310945987701	-161.2641
190.326575994492	-149.4398
190.342195987701	-141.0564
190.357825994492	-135.4625
190.373445987701	-130.5916
190.389075994492	-123.3788
190.404706001282	-110.45
190.420325994492	-89.19597
190.435956001282	-58.61391
190.451575994492	-19.79967
190.467206001282	24.25799
190.482825994492	69.26415
190.498456001282	110.5484
190.514086008072	143.8548
190.529706001282	165.763
190.545336008072	174.0309
190.560956001282	167.7757
190.576586008072	147.8142
190.592206001282	116.9163
190.607836008072	79.75763
190.623466014862	42.12805
190.639086008072	9.673119
190.654716014862	-13.66906
190.670336008072	-26.69554
190.685966014862	-30.98766
190.701586008072	-29.83423
190.717216014862	-26.66116
190.732846021652	-23.59786
190.748466014862	-20.89005
190.764096021652	-17.44899
190.779716014862	-12.0485
190.795346021652	-4.472076
190.810966014862	4.069084
190.826596021652	11.43955
190.842226028442	15.7083
190.857846021652	16.12225
190.873476028442	13.51202
190.889096021652	9.866386
190.904726028442	7.305145
190.920346021652	7.191605
190.935976028442	9.653816
190.951606035233	13.70514
190.967226028442	17.86872
190.982856035233	20.80339
190.998476028442	21.73631
191.014106035233	20.63213
191.029726028442	18.02697
191.045356035233	14.79777
191.060986042023	11.95518
191.076606035233	10.46112
191.092236042023	10.98409
191.107856035233	13.8589
191.123486042023	18.94439
191.139106035233	25.59221
191.154736042023	32.84892
191.170366048813	39.60614
191.185986042023	44.91149
191.201616048813	48.10087
191.217236042023	48.94907
191.232866048813	47.54052
191.248486042023	44.35484
191.264116048813	40.19141
191.279746055603	35.89821
191.295366048813	32.28289
191.310996055603	29.78432
191.326616048813	28.37875
191.342246055603	27.59566
191.357866048813	26.80789
191.373496055603	25.35972
191.389126062393	22.93259
191.404746055603	19.57519
191.420376062393	15.64297
191.435996055603	11.77346
191.451626062393	8.6185
191.467246055603	6.778442
191.482876062393	6.570755
191.498506069183	8.021645
191.514126062393	10.77406
191.529756069183	14.29285
191.545376062393	17.97337
191.561006069183	21.36628
191.576626062393	24.29163
191.592256069183	26.65135
191.607886075974	28.29395
191.623506069183	28.90919
191.639136075974	28.07943
191.654756069183	25.46873
191.670386075974	21.05368
191.686006069183	15.08633
191.701636075974	7.968864
191.717266082764	0.1400757
191.732886075974	-8.155998
191.748516082764	-16.84698
191.764136075974	-25.8121
191.779766082764	-34.80321
191.795386075974	-43.38415
191.811016082764	-50.9992
191.826646089554	-57.23349
191.842266082764	-62.01225
191.857896089554	-65.48341
191.873516082764	-67.93997
191.889146089554	-69.61346
191.904766082764	-70.42999
191.920396089554	-70.05257
191.936026096344	-68.0219
191.951646089554	-63.98945
191.967276096344	-57.8771
191.982896089554	-49.99342
191.998526096344	-40.84382
192.014156103134	-31.04714
192.029776096344	-21.1326
192.045406103134	-11.62448
192.061026096344	-2.940571
192.076656103134	4.449448
192.092276096344	10.15494
192.107906103134	14.09804
192.123536109924	16.62608
192.139156103134	18.62683
192.154786109924	21.27521
192.170406103134	25.79684
192.186036109924	32.94775
192.201656103134	42.73396
192.217286109924	54.28157
192.232916116714	66.00381
192.248536109924	75.99388
192.264166116714	82.47481
192.279786109924	84.34408
192.295416116714	81.26579
192.311036109924	73.91351
192.326666116714	63.58624
192.342296123505	51.90236
192.357916116714	40.35426
192.373546123505	30.00378
192.389166116714	21.3609
192.404796123505	14.4237
192.420416116714	8.999264
192.436046123505	4.758345
192.451676130295	1.507118
192.467296123505	-0.8378048
192.482926130295	-2.227891
192.498546123505	-2.572495
192.514176130295	-1.912182
192.529796123505	-0.4327855
192.545426130295	1.300526
192.561056137085	2.647479
192.576676130295	2.95594
192.592306137085	1.903894
192.607926130295	-0.3505673
192.623556137085	-3.091514
192.639176130295	-5.300428
192.654806137085	-6.050772
192.670436143875	-4.730169
192.686056137085	-1.224951
192.701686143875	4.312382
192.717306137085	11.6063
192.732936143875	20.44345
192.748556137085	30.56639
192.764186143875	41.55283
192.779816150665	52.71786
192.795436143875	63.06529
192.811066150665	71.58865
192.826686143875	77.44285
192.842316150665	80.21387
192.857936143875	79.89253
192.873566150665	76.82848
192.889196157455	71.62032
192.904816150665	64.99483
192.920446157455	57.85472
192.936066150665	51.05158
192.951696157455	45.26611
192.967316150665	40.77148
192.982946157455	37.44026
192.998576164246	34.90417
193.014196157455	32.7435
193.029826164246	30.76714
193.045446157455	28.96162
193.061076164246	27.4272
193.076696157455	26.12032
193.092326164246	24.75897
193.107955932617	22.6582
193.123576164246	19.03371
193.139205932617	13.22495
193.154826164246	4.971725
193.170455932617	-5.387436
193.186076164246	-17.0434
193.201705932617	-28.91496
193.217335939407	-40.08556
193.232955932617	-50.11311
193.248585939407	-59.38364
193.264205932617	-69.03891
193.279835939407	-80.7623
193.295455932617	-96.3233
193.311085939407	-116.8033
193.326715946198	-142.0857
193.342335939407	-170.4921
193.357965946198	-199.0023
193.373585939407	-223.9928
193.389215946198	-242.2575
193.404835939407	-251.9494
193.420465946198	-253.1173
193.436095952988	-247.6815
193.451715946198	-238.6658
193.467345952988	-229.2745
193.482965946198	-221.8083
193.498595952988	-217.0043
193.514215946198	-213.8189
193.529845952988	-209.748
193.545475959778	-201.606
193.561095952988	-186.4386
193.576725959778	-162.5876
193.592345952988	-130.202
193.607975959778	-91.37222
193.623595952988	-49.59149
193.639225959778	-8.858154
193.654855966568	27.29686
193.670475959778	56.45238
193.686105966568	77.52211
193.701725959778	90.65691
193.717355966568	96.77078
193.732975959778	97.30457
193.748605966568	93.95761
193.764235973358	88.58359
193.779855966568	83.15375
193.795485973358	79.47574
193.811105966568	78.88762
193.826735973358	82.0284
193.842355966568	88.58536
193.857985973358	97.53001
193.873615980148	107.4054
193.889235973358	116.8141
193.904865980148	124.8887
193.920485973358	131.5715
193.936115980148	137.4403
193.951735973358	143.3527
193.967365980148	149.8505
193.982995986938	156.6203
193.998615980148	162.4236
194.014245986938	165.5122
194.029865980148	164.273
194.045495986938	158.0088
194.061115980148	147.2768
194.076745986938	133.7036
194.092375993729	119.2713
194.107995986938	105.6172
194.123625993729	93.51604
194.139245986938	82.92242
194.154875993729	73.40652
194.170495986938	64.65805
194.186125993729	56.66284
194.201756000519	49.67487
194.217375993729	43.95958
194.233006000519	39.45729
194.248625993729	35.72638
194.264256000519	31.98317
194.279875993729	27.38669
194.295506000519	21.23703
194.311136007309	12.95566
194.326756000519	2.18074
194.342386007309	-11.34595
194.358006000519	-27.537
194.373636007309	-45.86511
194.389256000519	-65.21146
194.404886007309	-83.97221
194.420516014099	-100.3557
194.436136007309	-112.8723
194.451766014099	-120.862
194.467386007309	-124.6451
194.483016014099	-125.4487
194.498636007309	-125.0517
194.514266014099	-125.2214
194.529896020889	-127.2721
194.545516014099	-131.7612
194.561146020889	-138.4154
194.576766014099	-146.0972
194.592396020889	-153.0862
194.608016014099	-157.3371
194.623646020889	-156.9187
194.639276027679	-150.5328
194.654896020889	-137.9107
194.670526027679	-119.946
194.686146020889	-98.49231
194.701776027679	-75.92627
194.71740603447	-54.5251
194.733026027679	-36.06456
194.74865603447	-21.5825
194.764276027679	-11.39574
194.77990603447	-5.239975
194.795526027679	-2.322357
194.81115603447	-1.440582
194.82678604126	-1.12114
194.84240603447	0.02113342
194.85803604126	2.820633
194.87365603447	7.11171
194.88928604126	11.66597
194.90490603447	14.66011
194.92053604126	14.4521
194.93616604805	10.44304
194.95178604126	3.449219
194.96741604805	-4.55468
194.98303604126	-11.0933
194.99866604805	-14.13082
195.01428604126	-12.63202
195.02991604805	-6.769753
195.04554605484	2.318726
195.06116604805	12.90391
195.07679605484	23.12933
195.09241604805	31.37437
195.10804605484	36.46515
195.12366604805	37.91833
195.13929605484	35.91916
195.15492606163	31.30259
195.17054605484	25.33384
195.18617606163	19.34967
195.20179605484	14.4367
195.21742606163	11.14883
195.23304605484	9.507322
195.24867606163	9.069854
195.26430606842	9.263145
195.27992606163	9.606995
195.29555606842	10.00267
195.31117606163	10.76513
195.32680606842	12.46549
195.34242606163	15.65981
195.35805606842	20.6586
195.373686075211	27.40135
195.38930606842	35.5529
195.404936075211	44.65844
195.42055606842	54.29309
195.436186075211	64.15025
195.45180606842	74.00851
195.467436075211	83.57607
195.483066082001	92.48062
195.498686075211	100.1994
195.514316082001	106.1804
195.529936075211	109.8524
195.545566082001	110.6658
195.561186075211	108.21
195.576816082001	102.2915
195.592446088791	93.12766
195.608066082001	81.34287
195.623696088791	67.979
195.639316082001	54.22461
195.654946088791	41.11595
195.670566082001	29.27869
195.686196088791	18.76316
195.701826095581	9.293945
195.717446088791	0.4943657
195.733076095581	-7.806297
195.748696088791	-15.47743
195.764326095581	-22.11889
195.779946088791	-27.26087
195.795576095581	-30.61543
195.811206102371	-32.07913
195.826826095581	-31.86044
195.842456102371	-30.32512
195.858076095581	-27.8964
195.873706102371	-25.1076
195.889326095581	-22.48127
195.904956102371	-20.49455
195.920586109161	-19.44528
195.936206102371	-19.38848
195.951836109161	-20.02791
195.967456102371	-20.87374
195.983086109161	-21.31589
195.998706102371	-20.89772
196.014336109161	-19.45493
196.029966115952	-17.08723
196.045586109161	-14.203
196.061216115952	-11.36471
196.076836109161	-9.224979
196.092466115952	-8.309288
196.108086109161	-8.968597
196.123716115952	-11.17178
196.139346122742	-14.54072
196.154966115952	-18.37519
196.170596122742	-21.63856
196.186216115952	-23.27024
196.201846122742	-22.37025
196.217466115952	-18.48737
196.233096122742	-11.73295
196.248726129532	-2.835812
196.264346122742	7.015652
196.279976129532	16.47518
196.295596122742	24.27995
196.311226129532	29.70743
196.326846122742	32.57502
196.342476129532	33.19345
196.358106136322	32.15266
196.373726129532	30.01678
196.389356136322	27.2097
196.404976129532	23.96218
196.420606136322	20.45218
196.436226129532	16.88862
196.451856136322	13.66299
196.467486143112	11.19456
196.483106136322	9.860401
196.498736143112	9.809866
196.514356136322	10.80809
196.529986143112	12.36054
196.545606136322	13.79672
196.561236143112	14.56566
196.576866149902	14.41301
196.592486143112	13.52596
196.608116149902	12.30763
196.623736143112	11.27776
196.639366149902	10.75129
196.654986143112	10.70329
196.670616149902	10.86256
196.686246156693	10.87646
196.701866149902	10.48497
196.717496156693	9.667878
196.733116149902	8.652225
196.748746156693	7.721128
196.764366149902	7.089882
196.779996156693	6.770035
196.795626163483	6.561084
196.811246156693	6.176168
196.826876163483	5.359536
196.842496156693	3.989212
196.858126163483	2.104162
196.873755931854	-0.180191
196.889376163483	-2.750116
196.905005931854	-5.535373
196.920626163483	-8.465178
196.936255931854	-11.358
196.951876163483	-13.83567
196.967505931854	-15.4015
196.983135938644	-15.56626
196.998755931854	-14.03876
197.014385938644	-10.93661
197.030005931854	-6.739691
197.045635938644	-2.177393
197.061255931854	2.010155
197.076885938644	5.221294
197.092515945435	7.163368
197.108135938644	7.777058
197.123765945435	7.283325
197.139385938644	5.993736
197.155015945435	4.24979
197.170635938644	2.284737
197.186265945435	0.2501068
197.201895952225	-1.845306
197.217515945435	-4.083652
197.233145952225	-6.55064
197.248765945435	-9.215477
197.264395952225	-11.90813
197.280015945435	-14.36121
197.295645952225	-16.32607
197.311275959015	-17.66653
197.326895952225	-18.42813
197.342525959015	-18.8361
197.358145952225	-19.2524
197.373775959015	-20.08213
197.389395952225	-21.59981
197.405025959015	-23.89699
197.420655965805	-26.78228
197.436275959015	-29.83247
197.451905965805	-32.46436
197.467525959015	-34.16884
197.483155965805	-34.64973
197.498775959015	-33.88375
197.514405965805	-32.18568
197.530035972595	-30.04309
197.545655965805	-28.03942
197.561285972595	-26.64194
197.576905965805	-26.11076
197.592535972595	-26.38002
197.608155965805	-27.10036
197.623785972595	-27.60098
197.639415979385	-27.08443
197.655035972595	-24.85921
197.670665979385	-20.55025
197.686285972595	-14.204
197.701915979385	-6.316895
197.717535972595	2.338959
197.733165979385	10.86874
197.748795986176	18.39508
197.764415979385	24.27576
197.780045986176	28.1372
197.795665979385	29.85488
197.811295986176	29.59681
197.826915979385	27.76638
197.842545986176	24.91447
197.858175992966	21.69621
197.873795986176	18.7352
197.889425992966	16.51704
197.905045986176	15.2571
197.920675992966	14.98727
197.936295986176	15.47755
197.951925992966	16.46685
197.967555999756	17.6879
197.983175992966	18.87474
197.998805999756	19.80052
198.014425992966	20.24136
198.030055999756	19.96083
198.045675992966	18.77366
198.061305999756	16.65817
198.076936006546	13.77168
198.092555999756	10.42611
198.108186006546	6.971359
198.123805999756	3.571243
198.139436006546	0.2908936
198.155055999756	-2.921707
198.170686006546	-6.091759
198.186316013336	-9.125626
198.201936006546	-11.84749
198.217566013336	-14.14236
198.233186006546	-15.95541
198.248816013336	-17.36153
198.264436006546	-18.55949
198.280066013336	-19.66687
198.295696020126	-20.69345
198.311316013336	-21.5173
198.326946020126	-21.86894
198.342566013336	-21.40897
198.358196020126	-19.90339
198.373816013336	-17.25827
198.389446020126	-13.62383
198.405076026917	-9.523842
198.420696020126	-5.559441
198.436326026917	-2.351936
198.451946020126	-0.2485504
198.467576026917	0.7743912
198.483196020126	1.023941
198.498826026917	0.8441238
198.514456033707	0.4776382
198.530076026917	-0.04032898
198.545706033707	-0.8348846
198.561326026917	-1.878738
198.576956033707	-2.944801
198.592576026917	-3.657982
198.608206033707	-3.625214
198.623836040497	-2.797508
198.639456033707	-1.49929
198.655086040497	-0.31707
198.670706033707	0.2069702
198.686336040497	-0.1530151
198.701956033707	-1.17318
198.717586040497	-2.350365
198.733216047287	-3.216034
198.748836040497	-3.554447
198.764466047287	-3.582409
198.780086040497	-3.884933
198.795716047287	-5.099739
198.811336040497	-7.705959
198.826966047287	-11.80453
198.842596054077	-17.13846
198.858216047287	-23.2175
198.873846054077	-29.46825
198.889466047287	-35.26281
198.905096054077	-40.15056
198.920716047287	-43.82603
198.936346054077	-46.22272
198.951976060867	-47.51568
198.967596054077	-48.057
198.983226060867	-48.21482
198.998846054077	-48.27667
199.014476060867	-48.23453
199.030096054077	-47.67446
199.045726060867	-45.96374
199.061356067657	-42.35807
199.076976060867	-36.36509
199.092606067657	-27.9794
199.108226060867	-17.73736
199.123856067657	-6.549654
199.139486074448	4.516499
199.155106067657	14.53421
199.170736074448	22.94458
199.186356067657	29.56042
199.201986074448	34.4458
199.217606067657	37.74099
199.233236074448	39.59644
199.248866081238	40.17791
199.264486074448	39.89319
199.280116081238	39.32891
199.295736074448	39.2772
199.311366081238	40.45031
199.326986074448	43.19498
199.342616081238	47.33687
199.358246088028	52.16645
199.373866081238	56.68407
199.389496088028	59.98328
199.405116081238	61.56887
199.420746088028	61.41195
199.436366081238	59.95638
199.451996088028	57.81576
199.467626094818	55.43468
199.483246088028	52.94169
199.498876094818	50.06362
199.514496088028	46.33839
199.530126094818	41.44138
199.545746088028	35.41867
199.561376094818	28.68042
199.577006101608	21.95085
199.592626094818	15.94781
199.608256101608	11.0548
199.623876094818	7.272245
199.639506101608	4.209
199.655126094818	1.317371
199.670756101608	-1.898094
199.686386108398	-5.664911
199.702006101608	-9.933376
199.717636108398	-14.37309
199.733256101608	-18.49744
199.748886108398	-21.90719
199.764506101608	-24.32561
199.780136108398	-25.69434
199.795766115189	-26.13444
199.811386108398	-25.87174
199.827016115189	-24.97837
199.842636108398	-23.36005
199.858266115189	-20.69593
199.873886108398	-16.62269
199.889516115189	-10.907
199.905146121979	-3.544584
199.920766115189	5.156228
199.936396121979	14.6263
199.952016115189	24.15914
199.967646121979	33.01909
199.983266115189	40.50081
199.998896121979	45.99582
200.014526128769	49.01759
200.030146121979	49.26674
200.045776128769	46.82474
200.061396121979	42.07269
200.077026128769	35.72223
200.092646121979	28.68414
200.108276128769	21.90662
200.123906135559	16.22369
200.139526128769	12.21518
200.155156135559	10.12645
200.170776128769	9.711277
200.186406135559	10.33913
200.202026128769	11.02439
200.217656135559	10.74466
200.233286142349	8.741493
200.248906135559	4.832096
200.264536142349	-0.522541
200.280156135559	-6.358711
200.295786142349	-11.49258
200.311406135559	-15.09547
200.327036142349	-16.94865
200.342666149139	-17.65496
200.358286142349	-18.43472
200.373916149139	-20.7727
200.389536142349	-25.78842
200.405166149139	-33.85257
200.420786142349	-44.2183
200.436416149139	-55.03909
200.45204615593	-63.75505
200.467666149139	-67.66401
200.48329615593	-64.6988
200.498916149139	-54.02536
200.51454615593	-36.60913
200.530166149139	-15.14719
200.54579615593	6.391212
200.56142616272	23.73311
200.57704615593	33.44905
200.59267616272	33.90104
200.60829615593	25.58224
200.62392616272	10.72613
200.63954615593	-7.458733
200.65517616272	-25.89275
200.670805931091	-42.37017
200.68642616272	-55.83648
200.702055931091	-66.31357
200.71767616272	-74.41946
200.733305931091	-80.94613
200.74892616272	-86.51882
200.764555931091	-91.29531
200.780185937881	-94.78056
200.795805931091	-95.8428
200.811435937881	-92.91728
200.827055931091	-84.54388
200.842685937881	-70.0889
200.858305931091	-50.2358
200.873935937881	-27.17802
200.889565944672	-4.102509
200.905185937881	15.63841
200.920815944672	29.41736
200.936435937881	35.86541
200.952065944672	34.96132
200.967685937881	27.65005
200.983315944672	15.35193
200.998945951462	-0.3321075
201.014565944672	-17.75132
201.030195951462	-35.1279
201.045815944672	-50.58692
201.061445951462	-62.25286
201.077065944672	-68.65755
201.092695951462	-68.97807
201.108325958252	-63.27374
201.123945951462	-52.58462
201.139575958252	-38.64032
201.155195951462	-23.55858
201.170825958252	-9.509527
201.186445951462	1.798723
201.202075958252	9.471584
201.217705965042	13.52135
201.233325958252	14.8917
201.248955965042	14.94575
201.264575958252	15.02139
201.280205965042	16.0859
201.295825958252	18.6154
201.311455965042	22.6719
201.327085971832	28.09471
201.342705965042	34.68609
201.358335971832	42.04785
201.373955965042	49.61296
201.389585971832	56.41086
201.405205965042	61.3013
201.420835971832	63.25104
201.436465978622	61.78843
201.452085971832	57.18649
201.467715978622	50.3969
201.483335971832	42.82909
201.498965978622	35.85919
201.514585971832	30.56722
201.530215978622	27.52997
201.545845985413	26.886
201.561465978622	28.50389
201.577095985413	32.08628
201.592715978622	37.23018
201.608345985413	43.40591
201.623965978622	49.96804
201.639595985413	56.14156
201.655225992203	61.25302
201.670845985413	64.76952
201.686475992203	66.44324
201.702095985413	66.3847
201.717725992203	65.00475
201.733355998993	62.98531
201.748975992203	61.12141
201.764605998993	60.20046
201.780225992203	60.63235
201.795855998993	62.34308
201.811475992203	64.6477
201.827105998993	66.42287
201.842736005783	66.57101
201.858355998993	64.38963
201.873986005783	60.03262
201.889605998993	54.36346
201.905236005783	48.76137
201.920855998993	44.38789
201.936486005783	41.89614
201.952116012573	41.18265
201.967736005783	41.54805
201.983366012573	42.09085
201.998986005783	41.98369
202.014616012573	40.79642
202.030236005783	38.39359
202.045866012573	35.02047
202.061496019363	31.08693
202.077116012573	27.19475
202.092746019363	23.98571
202.108366012573	21.91264
202.123996019363	21.03999
202.139616012573	20.86217
202.155246019363	20.59008
202.170876026154	19.42731
202.186496019363	17.09639
202.202126026154	13.91689
202.217746019363	10.75031
202.233376026154	8.557575
202.248996019363	7.92786
202.264626026154	8.915886
202.280256032944	11.02908
202.295876026154	13.67018
202.311506032944	16.34362
202.327126026154	18.88519
202.342756032944	21.3327
202.358376026154	23.78804
202.374006032944	26.22781
202.389636039734	28.43703
202.405256032944	30.03673
202.420886039734	30.53993
202.436506032944	29.53317
202.452136039734	26.66147
202.467756032944	21.72749
202.483386039734	14.74393
202.499016046524	5.893585
202.514636039734	-4.449051
202.530266046524	-15.85362
202.545886039734	-27.91219
202.561516046524	-40.29654
202.577136039734	-52.72244
202.592766046524	-64.86342
202.608396053314	-76.37378
202.624016046524	-86.86333
202.639646053314	-96.05727
202.655266046524	-103.8329
202.670896053314	-110.2738
202.686516046524	-115.5354
202.702146053314	-119.6914
202.717776060104	-122.6234
202.733396053314	-124.1057
202.749026060104	-124.033
202.764646053314	-122.5551
202.780276060104	-120.1955
202.795896053314	-117.5823
202.811526060104	-115.1573
202.827156066895	-112.9186
202.842776060104	-110.3804
202.858406066895	-106.7894
202.874026060104	-101.6149
202.889656066895	-94.75815
202.905276060104	-86.73236
202.920906066895	-78.42966
202.936536073685	-70.77133
202.952156066895	-64.34555
202.967786073685	-59.23596
202.983406066895	-55.10608
202.999036073685	-51.43964
203.014656066895	-47.83911
203.030286073685	-44.15961
203.045916080475	-40.53125
203.061536073685	-37.15247
203.077166080475	-34.12512
203.092786073685	-31.2934
203.108416080475	-28.30612
203.124036073685	-24.87057
203.139666080475	-20.86047
203.155296087265	-16.45042
203.170916080475	-12.03075
203.186546087265	-8.025238
203.202166080475	-4.747635
203.217796087265	-2.338257
203.233416080475	-0.8184662
203.249046087265	-0.1660919
203.264676094055	-0.3495178
203.280296087265	-1.263733
203.295926094055	-2.635422
203.311546087265	-3.999146
203.327176094055	-4.748947
203.342796087265	-4.391235
203.358426094055	-2.729324
203.374056100845	0.05841064
203.389676094055	3.526199
203.405306100845	7.166626
203.420926094055	10.59303
203.436556100845	13.61914
203.452176094055	16.18938
203.467806100845	18.30948
203.483436107635	19.97023
203.499056100845	21.10809
203.514686107635	21.70354
203.530306100845	21.82065
203.545936107635	21.62006
203.561556100845	21.32772
203.577186107635	21.25533
203.592816114426	21.63489
203.608436107635	22.71517
203.624066114426	24.63109
203.639686107635	27.39886
203.655316114426	30.88795
203.670936107635	34.74962
203.686566114426	38.49149
203.702196121216	41.54831
203.717816114426	43.50947
203.733446121216	44.18098
203.749066114426	43.65384
203.764696121216	42.22582
203.780316114426	40.19234
203.795946121216	37.80767
203.811576128006	35.13361
203.827196121216	32.15273
203.842826128006	28.90918
203.858446121216	25.58838
203.874076128006	22.54809
203.889696121216	20.15277
203.905326128006	18.62048
203.920956134796	17.82256
203.936576128006	17.40016
203.952206134796	16.92305
203.967826128006	16.06252
203.983456134796	14.80354
203.999086141586	13.38624
204.014706134796	12.14816
204.030336141586	11.30881
204.045956134796	10.8633
204.061586141586	10.47639
204.077206134796	9.747957
204.092836141586	8.394693
204.108466148376	6.404831
204.124086141586	4.057499
204.139716148376	1.761381
204.155336141586	-0.1268864
204.170966148376	-1.421995
204.186586141586	-2.125347
204.202216148376	-2.406662
204.217846155167	-2.38368
204.233466148376	-2.085758
204.249096155167	-1.472487
204.264716148376	-0.4593172
204.280346155167	0.9106503
204.295966148376	2.494801
204.311596155167	4.071179
204.327226161957	5.474054
204.342846155167	6.576906
204.358476161957	7.408175
204.374096155167	8.055416
204.389726161957	8.580215
204.405346155167	9.04843
204.420976161957	9.472347
204.436605930328	9.838524
204.452226161957	10.1466
204.467855930328	10.47388
204.483476161957	10.82186
204.499105930328	11.168
204.514726161957	11.4221
204.530355930328	11.40803
204.545985937119	10.99559
204.561605930328	10.19061
204.577235937119	9.093709
204.592855930328	7.916266
204.608485937119	6.921568
204.624105930328	6.312609
204.639735937119	6.247152
204.655365943909	6.756065
204.670985937119	7.833915
204.686615943909	9.392576
204.702235937119	11.32328
204.717865943909	13.39454
204.733485937119	15.31973
204.749115943909	16.74433
204.764745950699	17.3947
204.780365943909	17.15346
204.795995950699	16.07332
204.811615943909	14.39611
204.827245950699	12.4474
204.842865943909	10.56186
204.858495950699	9.003738
204.874125957489	7.958433
204.889745950699	7.497735
204.905375957489	7.549904
204.920995950699	7.959569
204.936625957489	8.483017
204.952245950699	8.826847
204.967875957489	8.758912
204.983505964279	8.200336
204.999125957489	7.204269
205.014755964279	5.977717
205.030375957489	4.781481
205.046005964279	3.781404
205.061625957489	3.018496
205.077255964279	2.417155
205.092885971069	1.809374
205.108505964279	1.042553
205.124135971069	0.009082794
205.139755964279	-1.329126
205.155385971069	-2.982365
205.171005964279	-4.824472
205.186635971069	-6.719753
205.202265977859	-8.493826
205.217885971069	-9.983271
205.233515977859	-11.09395
205.249135971069	-11.85674
205.264765977859	-12.41806
205.280385971069	-12.87369
205.296015977859	-13.33739
205.31164598465	-13.72953
205.327265977859	-13.83587
205.34289598465	-13.3637
205.358515977859	-12.04294
205.37414598465	-9.75009
205.389765977859	-6.579788
205.40539598465	-2.890663
205.42102599144	0.885067
205.43664598465	4.200867
205.45227599144	6.653496
205.46789598465	8.008118
205.48352599144	8.309731
205.49914598465	7.813957
205.51477599144	6.881657
205.53040599823	5.90184
205.54602599144	5.1129
205.56165599823	4.612572
205.57727599144	4.320789
205.59290599823	4.050541
205.60852599144	3.642582
205.62415599823	2.98877
205.63978600502	2.122913
205.65540599823	1.141125
205.67103600502	0.1803856
205.68665599823	-0.6768684
205.70228600502	-1.389721
205.71790599823	-1.981735
205.73353600502	-2.486916
205.74916601181	-2.860252
205.76478600502	-3.1273
205.78041601181	-3.250805
205.79603600502	-3.283119
205.81166601181	-3.341076
205.82728600502	-3.557514
205.84291601181	-4.030094
205.8585460186	-4.778194
205.87416601181	-5.763107
205.8897960186	-6.85181
205.90541601181	-7.981594
205.9210460186	-8.999966
205.93666601181	-9.787151
205.9522960186	-10.25965
205.967926025391	-10.39835
205.9835460186	-10.33539
205.999176025391	-10.34239
206.0147960186	-10.83445
206.030426025391	-12.13441
206.0460460186	-14.40515
206.061676025391	-17.4288
206.077306032181	-20.59437
206.092926025391	-23.13892
206.108556032181	-24.32067
206.124176025391	-23.71763
206.139806032181	-21.38103
206.155426025391	-17.8228
206.171056032181	-13.76345
206.186686038971	-9.986763
206.202306032181	-7.087048
206.217936038971	-5.312454
206.233556032181	-4.69241
206.249186038971	-4.987743
206.264806032181	-5.869911
206.280436038971	-6.902386
206.296066045761	-7.668541
206.311686038971	-7.789509
206.327316045761	-7.10791
206.342936038971	-5.69521
206.358566045761	-3.790741
206.374196052551	-1.74295
206.389816045761	0.1845131
206.405446052551	1.834312
206.421066045761	3.226425
206.436696052551	4.468868
206.452316045761	5.673157
206.467946052551	6.908749
206.483576059341	8.151478
206.499196052551	9.345638
206.514826059341	10.41486
206.530446052551	11.30972
206.546076059341	11.9357
206.561696052551	12.17008
206.577326059341	11.85209
206.592956066132	10.80954
206.608576059341	8.985229
206.624206066132	6.458252
206.639826059341	3.516731
206.655456066132	0.5170708
206.671076059341	-2.134613
206.686706066132	-4.14492
206.702336072922	-5.418091
206.717956066132	-5.991215
206.733586072922	-6.087608
206.749206066132	-5.926811
206.764836072922	-5.800343
206.780456066132	-5.895588
206.796086072922	-6.348644
206.811716079712	-7.038486
206.827336072922	-7.692051
206.842966079712	-7.906048
206.858586072922	-7.242004
206.874216079712	-5.509079
206.889836072922	-2.775208
206.905466079712	0.5893288
206.921096086502	4.078186
206.936716079712	7.23814
206.952346086502	9.773388
206.967966079712	11.57348
206.983596086502	12.70506
206.999216079712	13.31189
207.014846086502	13.5721
207.030476093292	13.69862
207.046096086502	13.85827
207.061726093292	14.16448
207.077346086502	14.60486
207.092976093292	15.04102
207.108596086502	15.3135
207.124226093292	15.33076
207.139856100082	15.11176
207.155476093292	14.82606
207.171106100082	14.64482
207.186726093292	14.63206
207.202356100082	14.67653
207.217976093292	14.55467
207.233606100082	13.94883
207.249236106873	12.6987
207.264856100082	10.82544
207.280486106873	8.539814
207.296106100082	6.145447
207.311736106873	3.947788
207.327356100082	2.108696
207.342986106873	0.613987
207.358616113663	-0.6292534
207.374236106873	-1.756161
207.389866113663	-2.820389
207.405486106873	-3.747978
207.421116113663	-4.40274
207.436736106873	-4.649345
207.452366113663	-4.410458
207.467996120453	-3.760654
207.483616113663	-2.876869
207.499246120453	-1.970177
207.514866113663	-1.278202
207.530496120453	-0.9928055
207.546116113663	-1.261066
207.561746120453	-2.097141
207.577376127243	-3.337448
207.592996120453	-4.644196
207.608626127243	-5.620998
207.624246120453	-5.88076
207.639876127243	-5.234043
207.655496120453	-3.780495
207.671126127243	-1.914688
207.686756134033	-0.2343102
207.702376127243	0.6108475
207.718006134033	0.1163177
207.733626127243	-1.974976
207.749256134033	-5.742744
207.764876127243	-11.05123
207.780506134033	-17.68114
207.796136140823	-25.36108
207.811756134033	-33.84187
207.827386140823	-42.96598
207.843006134033	-52.70816
207.858636140823	-63.14589
207.874256134033	-74.22123
207.889886140823	-85.49398
207.905516147614	-95.90866
207.921136140823	-103.9318
207.936766147614	-108.1122
207.952386140823	-107.7303
207.968016147614	-103.3344
207.983636140823	-96.67164
207.999266147614	-90.10882
208.014896154404	-85.49801
208.030516147614	-83.3715
208.046146154404	-82.69408
208.061766147614	-81.41175
208.077396154404	-77.57449
208.093016147614	-70.19569
208.108646154404	-59.70831
208.124276161194	-47.57409
208.139896154404	-35.5938
208.155526161194	-25.08134
208.171146154404	-16.57483
208.186776161194	-9.954758
208.202396154404	-4.815605
208.218026161194	-0.9835587
208.233655929565	1.478706
208.249276161194	2.392502
208.264905929565	1.829506
208.280526161194	0.3135757
208.296155929565	-1.226418
208.311776161194	-1.922302
208.327405929565	-1.356674
208.343035936356	0.2917938
208.358655929565	2.329987
208.374285936356	3.988968
208.389905929565	4.864792
208.405535936356	5.143478
208.421155929565	5.490479
208.436785936356	6.698776
208.452415943146	9.254852
208.468035936356	12.96971
208.483665943146	17.22789
208.499285936356	21.1279
208.514915943146	23.91652
208.530535936356	25.13664
208.546165943146	24.61369
208.561795949936	22.35931
208.577415943146	18.51993
208.593045949936	13.63785
208.608665943146	8.837738
208.624295949936	5.936707
208.639915943146	6.952484
208.655545949936	13.35654
208.671175956726	25.10666
208.686795949936	40.25845
208.702425956726	55.46524
208.718045949936	67.17386
208.733675956726	72.98166
208.749295949936	72.45255
208.764925956726	66.92261
208.780555963516	58.5965
208.796175956726	49.47812
208.811805963516	40.67844
208.827425956726	32.40344
208.843055963516	24.45035
208.858685970306	16.78662
208.874305963516	9.642548
208.889935970306	3.438904
208.905555963516	-1.613129
208.921185970306	-5.809387
208.936805963516	-9.776642
208.952435970306	-14.14188
208.968065977097	-19.20865
208.983685970306	-24.67032
208.999315977097	-29.63751
209.014935970306	-33.05029
209.030565977097	-34.06116
209.046185970306	-32.45361
209.061815977097	-28.76993
209.077445983887	-24.0047
209.093065977097	-19.1709
209.108695983887	-14.78629
209.124315977097	-10.75412
209.139945983887	-6.542572
209.155565977097	-1.626404
209.171195983887	4.098267
209.186825990677	10.14175
209.202445983887	15.63507
209.218075990677	19.7467
209.233695983887	22.05243
209.249325990677	22.75098
209.264945983887	22.47345
209.280575990677	22.00653
209.296205997467	21.93335
209.311825990677	22.48389
209.327455997467	23.61328
209.343075990677	25.13959
209.358705997467	26.99023
209.374325990677	29.20544
209.389955997467	31.9967
209.405586004257	35.55902
209.421205997467	40.07367
209.436836004257	45.66486
209.452455997467	52.47986
209.468086004257	60.75507
209.483705997467	70.55707
209.499336004257	81.69574
209.514966011047	93.50684
209.530586004257	104.8723
209.546216011047	114.4273
209.561836004257	120.9633
209.577466011047	123.7592
209.593086004257	122.6808
209.608716011047	118.1674
209.624346017838	110.8781
209.639966011047	101.507
209.655596017838	90.72058
209.671216011047	79.23962
209.686846017838	67.97162
209.702466011047	58.0144
209.718096017838	50.44281
209.733726024628	45.90619
209.749346017838	44.43372
209.764976024628	45.34558
209.780596017838	47.53583
209.796226024628	49.87994
209.811846017838	51.53851
209.827476024628	52.19397
209.843106031418	51.87146
209.858726024628	50.81299
209.874356031418	49.22742
209.889976024628	47.42474
209.905606031418	45.70288
209.921226024628	44.41107
209.936856031418	43.71985
209.952486038208	43.42371
209.968106031418	43.0401
209.983736038208	41.99432
209.999356031418	39.9444
210.014986038208	37.11319
210.030606031418	34.3335
210.046236038208	32.6091
210.061866044998	32.6814
210.077486038208	34.61975
210.093116044998	37.63608
210.108736038208	40.43201
210.124366044998	41.75891
210.139986038208	40.88647
210.155616044998	38.17206
210.171246051788	35.06738
210.186866044998	33.79007
210.202496051788	36.61545
210.218116044998	45.03314
210.233746051788	59.06946
210.249366044998	77.15536
210.264996051788	96.53973
210.280626058578	114.0498
210.296246051788	126.9853
210.311876058578	133.566
210.327496051788	133.0727
210.343126058578	125.7056
210.358746051788	112.2441
210.374376058578	93.73636
210.390006065369	71.41623
210.405626058578	46.54549
210.421256065369	20.15578
210.436876058578	-7.09581
210.452506065369	-34.94182
210.468126058578	-63.22874
210.483756065369	-91.28349
210.499386072159	-117.4364
210.515006065369	-139.1216
210.530636072159	-153.5746
210.546256065369	-158.8641
210.561886072159	-154.7904
210.577506065369	-142.8067
210.593136072159	-125.3401
210.608766078949	-104.8598
210.624386072159	-83.17017
210.640016078949	-61.5528
210.655636072159	-41.40127
210.671266078949	-24.86107
210.686886072159	-14.59479
210.702516078949	-12.83357
210.718146085739	-20.02228
210.733766078949	-34.09745
210.749396085739	-51.03923
210.765016078949	-66.40928
210.780646085739	-77.11327
210.796266078949	-82.32384
210.811896085739	-83.25922
210.827526092529	-82.00613
210.843146085739	-80.14156
210.858776092529	-77.99221
210.874396085739	-74.85619
210.890026092529	-69.87154
210.905646085739	-62.75771
210.921276092529	-54.13816
210.936906099319	-45.26391
210.952526092529	-37.30914
210.968156099319	-30.84345
210.983776092529	-25.7606
210.999406099319	-21.49171
211.01503610611	-17.41878
211.030656099319	-13.2776
211.04628610611	-9.028183
211.061906099319	-4.826233
211.07753610611	-0.8674164
211.093156099319	2.685638
211.10878610611	5.625595
211.1244161129	7.575165
211.14003610611	8.01886
211.1556661129	6.512177
211.17128610611	2.816574
211.1869161129	-2.906662
211.20253610611	-10.13197
211.2181661129	-18.2583
