onset	BVP
-1.11495304107666	0.09658051
-1.09933304786682	-0.2125587
-1.08370304107666	-0.5648994
-1.0680730342865	-0.9095154
-1.05245304107666	-1.275856
-1.0368230342865	-1.766098
-1.02120304107666	-2.490784
-1.0055730342865	-3.537556
-0.98995304107666	-4.881905
-0.974323034286499	-6.40176
-0.958693027496338	-7.875206
-0.943073034286499	-9.021511
-0.927443027496338	-9.542175
-0.911823034286499	-9.187107
-0.896193027496338	-7.803196
-0.880573034286499	-5.397404
-0.864943027496338	-2.170204
-0.849313020706177	1.508301
-0.833693027496338	5.188263
-0.818063020706177	8.43869
-0.802443027496338	10.95446
-0.786813020706177	12.6083
-0.771193027496338	13.42395
-0.755563020706177	13.49744
-0.739933013916016	12.92701
-0.724313020706177	11.76306
-0.708683013916016	10.06429
-0.693063020706177	7.972111
-0.677433013916016	5.734165
-0.661813020706177	3.681625
-0.646183013916016	2.12175
-0.630553007125854	1.210011
-0.614933013916016	0.8929253
-0.599303007125854	0.9339714
-0.583683013916016	1.035336
-0.568053007125854	0.9910507
-0.552433013916016	0.7357063
-0.536803007125854	0.3557587
-0.521173000335693	-0.00749588
-0.505553007125854	-0.2653618
-0.489923000335693	-0.4297638
-0.474303007125854	-0.6204224
-0.458673000335693	-0.9791222
-0.443053007125854	-1.610001
-0.427423000335693	-2.556072
-0.411792993545532	-3.784828
-0.396173000335693	-5.215996
-0.380542993545532	-6.684368
-0.364923000335693	-7.982193
-0.349292993545532	-8.844555
-0.333662986755371	-9.001419
-0.318042993545532	-8.250484
-0.302412986755371	-6.544315
-0.286792993545532	-3.989353
-0.271162986755371	-0.8666382
-0.255542993545532	2.462643
-0.239912986755371	5.620663
-0.224283218383789	8.280426
-0.208662986755371	10.20115
-0.193033218383789	11.24111
-0.177412986755371	11.39474
-0.161783218383789	10.76907
-0.146162986755371	9.559387
-0.130533218383789	7.994762
-0.114903211593628	6.297283
-0.0992832183837891	4.648441
-0.0836532115936279	3.172401
-0.0680332183837891	1.96159
-0.0524032115936279	1.053043
-0.0367832183837891	0.443058
-0.0211532115936279	0.06485367
0.0100967884063721	-0.4337845
0.0257267951965332	-0.754673
0.0413467884063721	-1.164932
0.0569767951965332	-1.611961
0.0725967884063721	-2.009834
0.0882267951965332	-2.284573
0.103856801986694	-2.439365
0.119476795196533	-2.559326
0.135106801986694	-2.811729
0.150726795196533	-3.372433
0.166356801986694	-4.344624
0.181976795196533	-5.656479
0.197606801986694	-7.089054
0.213236808776855	-8.269215
0.228856801986694	-8.829298
0.244486808776855	-8.500578
0.260106801986694	-7.226645
0.275736808776855	-5.126059
0.291356801986694	-2.435692
0.306986808776855	0.5683517
0.322616815567017	3.629137
0.338236808776855	6.483841
0.353866815567017	8.874359
0.369486808776855	10.52621
0.385116815567017	11.23321
0.400736808776855	10.90793
0.416366815567017	9.649738
0.431996822357178	7.739353
0.447616815567017	5.543894
0.463246822357178	3.4258
0.478866815567017	1.627766
0.494496822357178	0.2464085
0.510116815567017	-0.7698193
0.525746822357178	-1.527298
0.541376829147339	-2.135197
0.556996822357178	-2.629786
0.572626829147339	-2.979542
0.588246822357178	-3.136158
0.603876829147339	-3.086626
0.619496822357178	-2.898245
0.635126829147339	-2.720716
0.6507568359375	-2.746815
0.666376829147339	-3.137947
0.6820068359375	-3.959604
0.697626829147339	-5.189972
0.7132568359375	-6.727558
0.728876829147339	-8.412771
0.7445068359375	-10.05213
0.760136842727661	-11.40405
0.7757568359375	-12.22293
0.791386842727661	-12.28144
0.8070068359375	-11.41603
0.822636842727661	-9.599722
0.8382568359375	-6.943975
0.853886842727661	-3.699293
0.869516849517822	-0.2154655
0.885136842727661	3.120102
0.900766849517822	5.974855
0.916386842727661	8.102278
0.932016849517822	9.395224
0.947636842727661	9.883871
0.978896856307983	8.974192
0.994516849517822	7.88117
1.01014685630798	6.517981
1.02576684951782	4.972252
1.04139685630798	3.349262
1.05701684951782	1.790852
1.07264685630798	0.4694424
1.08827686309814	-0.4617519
1.10389685630798	-0.9318581
1.11952686309814	-1.013321
1.13514685630798	-0.8539944
1.15077686309814	-0.6550903
1.16639685630798	-0.5811749
1.18202686309814	-0.7140884
1.19765686988831	-1.038061
1.21327686309814	-1.493719
1.22890686988831	-2.030994
1.24452686309814	-2.674959
1.26015686988831	-3.508884
1.27577686309814	-4.610559
1.29140686988831	-5.970406
1.30703687667847	-7.421432
1.32265686988831	-8.65336
1.33828687667847	-9.282551
1.35390686988831	-8.995943
1.36953687667847	-7.64674
1.38515686988831	-5.322172
1.40078687667847	-2.306303
1.41641688346863	1.004421
1.43203687667847	4.196905
1.44766688346863	6.936251
1.46328687667847	9.002361
1.47891688346863	10.28084
1.49453687667847	10.75379
1.51016688346863	10.4702
1.52579689025879	9.527639
1.54141688346863	8.065943
1.55704689025879	6.254028
1.57266688346863	4.283651
1.58829689025879	2.361759
1.60391688346863	0.6863976
1.61954689025879	-0.5875816
1.63517689704895	-1.384935
1.65079689025879	-1.733349
1.66642689704895	-1.746569
1.68204689025879	-1.593185
1.69767689704895	-1.423317
1.71329689025879	-1.309666
1.72892689704895	-1.247107
1.74455690383911	-1.188292
1.76017689704895	-1.128622
1.77580690383911	-1.155313
1.79142689704895	-1.444445
1.80705690383911	-2.182728
1.82267689704895	-3.43417
1.83830690383911	-5.03685
1.85393691062927	-6.607845
1.86955690383911	-7.647203
1.88518691062927	-7.706657
1.90080690383911	-6.550964
1.91643691062927	-4.258137
1.93206691741943	-1.169363
1.94768691062927	2.241463
1.96331691741943	5.53159
1.97893691062927	8.365412
1.99456691741943	10.55662
2.01018691062927	12.03989
2.02581691741943	12.79595
2.04144692420959	12.83872
2.05706691741943	12.18925
2.07269692420959	10.90905
2.08831691741943	9.1348
2.10394692420959	7.064692
2.11956691741943	4.945522
2.13519692420959	3.00614
2.15082693099976	1.432919
2.16644692420959	0.3074322
2.19769692420959	-0.7240887
2.21332693099976	-0.8820782
2.22894692420959	-0.9838943
2.24457693099976	-1.107924
2.26020693778992	-1.259258
2.27582693099976	-1.391497
2.29145693778992	-1.469313
2.30707693099976	-1.508087
2.32270693778992	-1.59663
2.33832693099976	-1.865686
2.35395693778992	-2.437597
2.36958694458008	-3.364231
2.38520693778992	-4.595343
2.40083694458008	-5.964922
2.41645693778992	-7.247129
2.43208694458008	-8.169662
2.44770693778992	-8.470146
2.46333694458008	-7.944973
2.47896695137024	-6.507427
2.49458694458008	-4.227047
2.51021695137024	-1.336393
2.52583694458008	1.820391
2.54146695137024	4.869287
2.55708694458008	7.502529
2.57271695137024	9.501511
2.5883469581604	10.77604
2.60396695137024	11.30548
2.6195969581604	11.11533
2.63521695137024	10.27184
2.6508469581604	8.891402
2.66646695137024	7.138328
2.6820969581604	5.217534
2.69772696495056	3.349022
2.7133469581604	1.70713
2.72897696495056	0.4280291
2.7445969581604	-0.4382286
2.76022696495056	-0.9057713
2.7758469581604	-1.058506
2.79147696495056	-1.044463
2.80710697174072	-1.019691
2.82272696495056	-1.106894
2.83835697174072	-1.365795
2.85397696495056	-1.764119
2.86960697174072	-2.229192
2.88522696495056	-2.706329
2.90085697174072	-3.188402
2.91648697853088	-3.744883
2.93210697174072	-4.483657
2.94773697853088	-5.478545
2.96335697174072	-6.729668
2.97898697853088	-8.13332
2.99460697174072	-9.481476
3.01023697853088	-10.51681
3.02586698532104	-10.95689
3.04148697853088	-10.56191
3.05711698532104	-9.181763
3.07273697853088	-6.815993
3.08836698532104	-3.654495
3.10398697853088	-0.04286623
3.11961698532104	3.563627
3.13524699211121	6.697067
3.15086698532104	8.997303
3.16649699211121	10.28786
3.18211698532104	10.56969
3.19774699211121	10.02642
3.21336698532104	8.88537
3.22899699211121	7.379293
3.24462699890137	5.691227
3.26024699211121	3.966355
3.27587699890137	2.347213
3.29149699211121	0.9838623
3.30712699890137	-0.008542657
3.32274699211121	-0.5913829
3.33837699890137	-0.8417315
3.35400700569153	-0.927182
3.36962699890137	-1.034614
3.38525700569153	-1.279849
3.40087699890137	-1.658054
3.41650700569153	-2.064306
3.43212699890137	-2.380494
3.44775700569153	-2.541383
3.46338701248169	-2.590207
3.47900700569153	-2.67113
3.49463701248169	-2.953187
3.51025700569153	-3.563415
3.52588701248169	-4.550083
3.54150700569153	-5.877952
3.55713701248169	-7.440784
3.57276678085327	-9.070571
3.58838701248169	-10.54755
3.60401678085327	-11.58958
3.61963701248169	-11.90623
3.63526678085327	-11.26079
3.65088701248169	-9.537404
3.66651678085327	-6.823306
3.68214678764343	-3.399549
3.69776678085327	0.3041449
3.71339678764343	3.81694
3.72901678085327	6.734167
3.74464678764343	8.788313
3.76026678085327	9.893453
3.77589678764343	10.10924
3.79152679443359	9.597046
3.80714678764343	8.556355
3.82277679443359	7.188294
3.83839678764343	5.656263
3.85402679443359	4.092362
3.86964678764343	2.606023
3.88527679443359	1.281246
3.90090680122375	0.1748648
3.91652679443359	-0.676785
3.93215680122375	-1.294023
3.94777679443359	-1.710998
3.96340680122375	-1.985089
3.97902679443359	-2.192801
3.99465680122375	-2.390529
4.01028680801392	-2.613043
4.02590680122375	-2.873154
4.04153680801392	-3.167791
4.05715680122375	-3.489874
4.07278680801392	-3.867492
4.08840680122375	-4.357473
4.10403680801392	-5.030798
4.11966681480408	-5.967723
4.13528680801392	-7.220338
4.15091681480408	-8.757269
4.16653680801392	-10.45941
4.18216681480408	-12.09439
4.19778680801392	-13.36378
4.21341681480408	-13.92992
4.22904682159424	-13.52381
4.24466681480408	-12.00575
4.26029682159424	-9.41169
4.27591681480408	-5.971187
4.29154682159424	-2.056606
4.30716681480408	1.881013
4.32279682159424	5.423937
4.3384268283844	8.246814
4.35404682159424	10.16537
4.38529682159424	11.30459
4.4009268283844	10.78456
4.41654682159424	9.792074
4.4321768283844	8.504179
4.44780683517456	7.084543
4.4634268283844	5.665206
4.47905683517456	4.369784
4.4946768283844	3.312336
4.51030683517456	2.589689
4.52593684196472	2.273264
4.54155683517456	2.363621
4.55718684196472	2.777336
4.57280683517456	3.351179
4.58843684196472	3.87235
4.60405683517456	4.128155
4.61968684196472	3.977778
4.63531684875488	3.370133
4.65093684196472	2.356169
4.66656684875488	1.074624
4.68218684196472	-0.3131723
4.69781684875488	-1.658339
4.71343684196472	-2.875414
4.72906684875488	-3.959422
4.74469685554504	-4.981165
4.76031684875488	-6.043908
4.77594685554504	-7.217267
4.79156684875488	-8.474049
4.80719685554504	-9.648892
4.82281684875488	-10.46168
4.83844685554504	-10.59452
4.85407686233521	-9.797861
4.86969685554504	-7.975248
4.88532686233521	-5.228535
4.90094685554504	-1.830151
4.91657686233521	1.8629
4.93219685554504	5.470309
4.94782686233521	8.635075
4.96345686912537	11.07154
4.97907686233521	12.59083
4.99470686912537	13.11463
5.01032686233521	12.70951
5.02595686912537	11.55768
5.04157686233521	9.890888
5.05720686912537	7.963145
5.07283687591553	6.007489
5.08845686912537	4.215819
5.10408687591553	2.740078
5.11970686912537	1.699472
5.13533687591553	1.137029
5.15095686912537	1.000879
5.16658687591553	1.177476
5.18221688270569	1.492304
5.19783687591553	1.806498
5.21346688270569	2.038575
5.22908687591553	2.136365
5.24471688270569	2.093503
5.26033687591553	1.884359
5.27596688270569	1.466124
5.29159688949585	0.8054895
5.30721688270569	-0.06617785
5.32284688949585	-1.054451
5.33846688270569	-2.026503
5.35409688949585	-2.881319
5.36971688270569	-3.612509
5.38534688949585	-4.302118
5.40097689628601	-5.105206
5.41659688949585	-6.147977
5.43222689628601	-7.432669
5.44784688949585	-8.821091
5.46347689628601	-10.05559
5.47909688949585	-10.81727
5.49472689628601	-10.8308
5.51035690307617	-9.915462
5.52597689628601	-8.019892
5.54160690307617	-5.225791
5.55722689628601	-1.74359
5.57285690307617	2.122132
5.58847689628601	5.975826
5.60410690307617	9.405323
5.61973690986633	12.065
5.63535690307617	13.7398
5.65098690986633	14.40138
5.66660690307617	14.15092
5.68223690986633	13.17282
5.69785690307617	11.66237
5.71348690986633	9.810701
5.72911691665649	7.781414
5.74473690986633	5.766797
5.76036691665649	3.954778
5.77598690986633	2.481621
5.79161691665649	1.417461
5.80723690986633	0.7360468
5.82286691665649	0.3621321
5.83849692344666	0.214572
5.85411691665649	0.2307978
5.86974692344666	0.3461533
5.88536691665649	0.4976254
5.90099692344666	0.6163092
5.91661691665649	0.5960188
5.93224692344666	0.3741217
5.94787693023682	-0.07616234
5.96349692344666	-0.7303448
5.97912693023682	-1.535438
5.99474692344666	-2.416605
6.01037693023682	-3.290421
6.02599692344666	-4.107551
6.04162693023682	-4.828198
6.05725693702698	-5.509951
6.07287693023682	-6.270009
6.08850693702698	-7.263221
6.10412693023682	-8.582835
6.11975693702698	-10.1609
6.13537693023682	-11.74344
6.15100693702698	-12.91684
6.16663694381714	-13.252
6.18225693702698	-12.42508
6.19788694381714	-10.36139
6.21350693702698	-7.247519
6.22913694381714	-3.483034
6.24475693702698	0.4530258
6.26038694381714	4.117035
6.2760169506073	7.206549
6.29163694381714	9.559889
6.3072669506073	11.11572
6.32288694381714	11.86064
6.3385169506073	11.81188
6.35413694381714	11.00041
6.3697669506073	9.514376
6.38539695739746	7.538723
6.4010169506073	5.344097
6.41664695739746	3.224302
6.4322669506073	1.438383
6.44789695739746	0.1285381
6.4635169506073	-0.6851921
6.47914695739746	-1.094049
6.49477696418762	-1.237301
6.51039695739746	-1.233164
6.52602696418762	-1.162888
6.54164695739746	-1.055819
6.55727696418762	-0.9367008
6.57289695739746	-0.8387451
6.58852696418762	-0.8642941
6.60415697097778	-1.133352
6.61977696418762	-1.743408
6.63540697097778	-2.678825
6.65102696418762	-3.803106
6.66665697097778	-4.897787
6.68227696418762	-5.799784
6.69790697097778	-6.507141
6.71353697776794	-7.189127
6.72915697097778	-8.101261
6.74478697776794	-9.401215
6.76040697097778	-11.0239
6.77603697776794	-12.63524
6.79166698455811	-13.76694
6.80728697776794	-13.95325
6.82291698455811	-12.9261
6.83853697776794	-10.67332
6.85416698455811	-7.43364
6.86978697776794	-3.603264
6.88541698455811	0.3857079
6.90104699134827	4.127876
6.91666698455811	7.319794
6.93229699134827	9.751902
6.94791698455811	11.33912
6.96354699134827	12.09892
6.97916698455811	12.11447
6.99479699134827	11.51432
7.01042699813843	10.43142
7.02604699134827	8.99976
7.04167699813843	7.346012
7.05729699134827	5.598331
7.07292699813843	3.874525
7.08854699134827	2.282196
7.10417699813843	0.9477043
7.11980700492859	-0.02133942
7.13542699813843	-0.5384083
7.15105700492859	-0.6140842
7.16667699813843	-0.3602905
7.18230700492859	0.006332397
7.19792699813843	0.2446327
7.21355700492859	0.1597099
7.22918701171875	-0.309433
7.24480700492859	-1.080284
7.26043701171875	-2.012829
7.27605700492859	-2.953077
7.29168701171875	-3.8281
7.30730700492859	-4.641104
7.32293701171875	-5.45414
7.33856678009033	-6.319401
7.35418701171875	-7.277777
7.36981678009033	-8.352123
7.38543701171875	-9.532763
7.40106678009033	-10.78705
7.41668701171875	-11.98734
7.43231678009033	-12.89722
7.44794678688049	-13.20308
7.46356678009033	-12.61031
7.47919678688049	-10.9407
7.49481678009033	-8.211004
7.51044678688049	-4.635962
7.52606678009033	-0.58461
7.54169678688049	3.504475
7.55732679367065	7.214762
7.57294678688049	10.18091
7.58857679367065	12.1601
7.60419678688049	13.06913
7.61982679367065	12.98138
7.63544678688049	12.11091
7.65107679367065	10.73711
7.66670680046082	9.122446
7.68232679367065	7.44565
7.69795680046082	5.834028
7.71357679367065	4.352493
7.72920680046082	3.073097
7.74482679367065	2.090656
7.76045680046082	1.50742
7.77608680725098	1.389816
7.79170680046082	1.736023
7.80733680725098	2.454954
7.82295680046082	3.363991
7.83858680725098	4.261896
7.85420680046082	4.927565
7.86983680725098	5.202679
7.88546681404114	4.999168
7.90108680725098	4.334852
7.91671681404114	3.293633
7.93233680725098	2.001503
7.94796681404114	0.6026459
7.96358680725098	-0.8077641
7.97921681404114	-2.17453
7.9948468208313	-3.507072
8.01046681404114	-4.867794
8.0260968208313	-6.345434
8.04171681404114	-7.980019
8.0573468208313	-9.683138
8.07296681404114	-11.1822
8.0885968208313	-12.06651
8.10422682762146	-11.9024
8.1198468208313	-10.43032
8.13547682762146	-7.691927
8.1510968208313	-4.054766
8.16672682762146	-0.09161568
8.1823468208313	3.608927
8.19797682762146	6.620607
8.21360683441162	8.747934
8.22922682762146	10.01618
8.24485683441162	10.57551
8.26047682762146	10.57689
8.27610683441162	10.11717
8.29172682762146	9.2376
8.30735683441162	7.954176
8.32298684120178	6.30905
8.33860683441162	4.413214
8.35423684120178	2.432678
8.36985683441162	0.5644798
8.38548684120178	-1.015717
8.40110683441162	-2.186449
8.41673684120178	-2.906723
8.43236684799194	-3.20944
8.44798684120178	-3.167555
8.46361684799194	-2.864243
8.47923684120178	-2.387838
8.49486684799194	-1.828678
8.51048684120178	-1.296413
8.52611684799194	-0.8944588
8.5417468547821	-0.7360287
8.55736684799194	-0.8820992
8.5729968547821	-1.345957
8.58861684799194	-2.095562
8.6042468547821	-3.062649
8.61986684799194	-4.184586
8.6354968547821	-5.424379
8.65112686157227	-6.753767
8.6667468547821	-8.121382
8.68237686157227	-9.435734
8.6979968547821	-10.51615
8.71362686157227	-11.13045
8.7292468547821	-11.02409
8.74487686157227	-9.993275
8.76050686836243	-7.964373
8.77612686157227	-5.025995
8.79175686836243	-1.437567
8.80737686157227	2.401197
8.82300686836243	6.048454
8.83862686157227	9.115873
8.85425686836243	11.32911
8.86988687515259	12.59021
8.88550686836243	12.93686
8.90113687515259	12.51971
8.91675686836243	11.52918
8.93238687515259	10.18286
8.94800686836243	8.661201
8.96363687515259	7.106049
8.97926688194275	5.606508
8.99488687515259	4.207956
9.01051688194275	2.926197
9.02613687515259	1.794115
9.04176688194275	0.8691235
9.05738687515259	0.2148285
9.07301688194275	-0.1335545
9.08864688873291	-0.2223492
9.10426688194275	-0.1881847
9.11989688873291	-0.1876926
9.13551688194275	-0.3302212
9.15114688873291	-0.640667
9.16676688194275	-1.06003
9.18239688873291	-1.510248
9.19802689552307	-1.976171
9.21364688873291	-2.530193
9.22927689552307	-3.299505
9.24489688873291	-4.367987
9.26052689552307	-5.728951
9.27615690231323	-7.251162
9.29177689552307	-8.718124
9.30740690231323	-9.910496
9.32302689552307	-10.65263
9.33865690231323	-10.8259
9.35427689552307	-10.33058
9.36990690231323	-9.071119
9.38553690910339	-6.981913
9.40115690231323	-4.084608
9.41678690910339	-0.5803413
9.43240690231323	3.150394
9.44803690910339	6.599192
9.46365690231323	9.296507
9.47928690910339	10.93935
9.49491691589355	11.48664
9.51053690910339	11.10022
9.52616691589355	10.04292
9.54178690910339	8.532717
9.55741691589355	6.689318
9.57303690910339	4.58951
9.58866691589355	2.357965
9.60429692268372	0.2112274
9.61991691589355	-1.566154
9.63554692268372	-2.723589
9.65116691589355	-3.169952
9.66679692268372	-3.035156
9.68241691589355	-2.590487
9.69804692268372	-2.150488
9.71367692947388	-1.949173
9.72929692268372	-2.070204
9.74492692947388	-2.458252
9.76054692268372	-2.997004
9.77617692947388	-3.574989
9.79179692268372	-4.155701
9.80742692947388	-4.786577
9.82305693626404	-5.558176
9.83867692947388	-6.577129
9.85430693626404	-7.870483
9.86992692947388	-9.361603
9.88555693626404	-10.84805
9.90117692947388	-12.03804
9.91680693626404	-12.60881
9.9324369430542	-12.31358
9.94805693626404	-11.04579
9.9636869430542	-8.861702
9.97930693626404	-5.970373
9.9949369430542	-2.65572
10.010556936264	0.7669411
10.0261869430542	3.995205
10.0418169498444	6.772579
10.0574369430542	8.891285
10.0730669498444	10.21363
10.0886869430542	10.68079
10.1043169498444	10.31994
10.1199369430542	9.251177
10.1355669498444	7.664875
10.1511969566345	5.813883
10.1668169498444	3.954906
10.1824469566345	2.318693
10.1980669498444	1.062321
10.2136969566345	0.2332611
10.2293169498444	-0.239502
10.2449469566345	-0.49403
10.2605769634247	-0.6878109
10.2761969566345	-0.9347858
10.2918269634247	-1.293114
10.3074469566345	-1.778145
10.3230769634247	-2.368874
10.3386969566345	-3.031873
10.3543269634247	-3.697364
10.3699569702148	-4.277452
10.3855769634247	-4.722957
10.4012069702148	-5.087126
10.4168269634247	-5.527948
10.4324569702148	-6.256813
10.4480769634247	-7.395603
10.4637069702148	-8.833377
10.479336977005	-10.22034
10.4949569702148	-11.03957
10.510586977005	-10.83346
10.5262069702148	-9.373821
10.541836977005	-6.764066
10.5574569702148	-3.367533
10.573086977005	0.3463354
10.5887169837952	3.960084
10.604336977005	7.191709
10.6199669837952	9.86178
10.635586977005	11.86312
10.6512169837952	13.09414
10.666836977005	13.49271
10.6824669837952	13.07031
10.6980969905853	11.96147
10.7137169837952	10.40754
10.7293469905853	8.695164
10.7449669837952	7.095321
10.7605969905853	5.780589
10.7762169837952	4.838478
10.7918469905853	4.241669
10.8074769973755	3.927596
10.8230969905853	3.789768
10.8387269973755	3.722361
10.8543469905853	3.613442
10.8699769973755	3.383302
10.8855969905853	3.001942
10.9012269973755	2.497306
10.9168570041656	1.954491
10.9324769973755	1.448763
10.9481070041656	1.009037
10.9637269973755	0.5665317
10.9793570041656	-0.04592824
10.9949769973755	-1.005185
11.0106070041656	-2.423689
11.0262370109558	-4.230881
11.0418570041656	-6.17997
11.0574870109558	-7.882195
11.0731070041656	-8.922896
11.0887370109558	-8.988235
11.1043570041656	-7.931701
11.1199870109558	-5.828218
11.1356167793274	-2.94899
11.1512370109558	0.3078442
11.1668667793274	3.497337
11.1824870109558	6.207854
11.1981167793274	8.150153
11.2137370109558	9.177221
11.2293667793274	9.29996
11.2449967861176	8.627934
11.2606167793274	7.334833
11.2762467861176	5.610813
11.2918667793274	3.639635
11.3074967861176	1.635615
11.3231167793274	-0.1833112
11.3387467861176	-1.621863
11.3543767929077	-2.540663
11.3699967861176	-2.923861
11.3856267929077	-2.880445
11.4012467861176	-2.584078
11.4168767929077	-2.228078
11.4324967861176	-1.96894
11.4481267929077	-1.881618
11.4637567996979	-1.981238
11.4793767929077	-2.263911
11.4950067996979	-2.69205
11.5106267929077	-3.245558
11.5262567996979	-3.908617
11.5418767929077	-4.67682
11.5575067996979	-5.57455
11.573136806488	-6.618818
11.5887567996979	-7.777161
11.604386806488	-8.917201
11.6200067996979	-9.775249
11.635636806488	-10.00949
11.6512668132782	-9.321512
11.666886806488	-7.567784
11.6825168132782	-4.853155
11.698136806488	-1.495673
11.7137668132782	2.070717
11.729386806488	5.416988
11.7450168132782	8.223941
11.7606468200684	10.32935
11.7762668132782	11.70431
11.7918968200684	12.37239
11.8075168132782	12.37269
11.8231468200684	11.74578
11.8387668132782	10.56199
11.8543968200684	8.964943
11.8700268268585	7.204174
11.8856468200684	5.567047
11.9012768268585	4.302933
11.9168968200684	3.549633
11.9325268268585	3.273023
11.9481468200684	3.29414
11.9637768268585	3.381169
11.9794068336487	3.334095
11.9950268268585	3.076227
12.0106568336487	2.661963
12.0262768268585	2.207933
12.0419068336487	1.825674
12.0575268268585	1.555253
12.0731568336487	1.336834
12.0887868404388	1.051403
12.1044068336487	0.5525203
12.1200368404388	-0.284077
12.1356568336487	-1.520832
12.1512868404388	-3.124274
12.1669068336487	-4.929713
12.1825368404388	-6.667626
12.198166847229	-7.996034
12.2137868404388	-8.595896
12.229416847229	-8.265512
12.2450368404388	-6.971627
12.260666847229	-4.872185
12.2762868404388	-2.231515
12.291916847229	0.6469185
12.3075468540192	3.486759
12.323166847229	6.064427
12.3387968540192	8.199326
12.354416847229	9.728399
12.3700468540192	10.52802
12.385666847229	10.56555
12.4012968540192	9.915207
12.4169268608093	8.763709
12.4325468540192	7.356588
12.4481768608093	5.907225
12.4637968540192	4.554521
12.4794268608093	3.377969
12.4950468540192	2.428374
12.5106768608093	1.765507
12.5263068675995	1.457159
12.5419268608093	1.507009
12.5575568675995	1.834836
12.5731768608093	2.242779
12.5888068675995	2.509084
12.6044268608093	2.44701
12.6200568675995	2.027649
12.6356868743896	1.352466
12.6513068675995	0.6047049
12.6669368743896	-0.05336905
12.6825568675995	-0.610496
12.6981868743896	-1.16812
12.7138068675995	-1.917097
12.7294368743896	-3.029766
12.7450668811798	-4.532732
12.7606868743896	-6.289098
12.7763168811798	-8.015791
12.7919368743896	-9.366374
12.8075668811798	-10.03491
12.8231868743896	-9.842345
12.8388168811798	-8.749472
12.85444688797	-6.8361
12.8700668811798	-4.287396
12.88569688797	-1.348535
12.9013168811798	1.706722
12.91694688797	4.569735
12.9325668811798	6.9616
12.94819688797	8.656855
12.9638268947601	9.532
12.97944688797	9.594781
12.9950768947601	8.982818
13.01069688797	7.894107
13.0263268947601	6.542131
13.04194688797	5.103183
13.0575768947601	3.701816
13.0732069015503	2.43469
13.0888268947601	1.389526
13.1044569015503	0.6336784
13.1200768947601	0.2116337
13.1357069015503	0.1105843
13.1513268947601	0.2663116
13.1669569015503	0.5761433
13.1825869083405	0.9127464
13.1982069015503	1.157864
13.2138369083405	1.223885
13.2294569015503	1.069557
13.2450869083405	0.6943798
13.2607069015503	0.149231
13.2763369083405	-0.5145855
13.2919669151306	-1.238829
13.3075869083405	-1.958603
13.3232169151306	-2.631411
13.3388369083405	-3.231941
13.3544669151306	-3.76635
13.3700869083405	-4.267904
13.3857169151306	-4.803633
13.4013469219208	-5.430536
13.4169669151306	-6.148537
13.4325969219208	-6.856468
13.4482169151306	-7.347631
13.4638469219208	-7.34256
13.4794669151306	-6.596464
13.4950969219208	-5.000488
13.5107269287109	-2.648537
13.5263469219208	0.1741238
13.5419769287109	3.080864
13.5575969219208	5.667332
13.5732269287109	7.629082
13.5888469219208	8.816841
13.6044769287109	9.233164
13.6201069355011	8.993816
13.6357269287109	8.256233
13.6513569355011	7.192123
13.6669769287109	5.929344
13.6826069355011	4.580299
13.6982269287109	3.239326
13.7138569355011	1.99807
13.7294869422913	0.95681
13.7451069355011	0.1819801
13.7607369422913	-0.2721939
13.7763569355011	-0.4016533
13.7919869422913	-0.2570724
13.8076169490814	0.04854965
13.8232369422913	0.3676147
13.8388669490814	0.5273132
13.8544869422913	0.4082985
13.8701169490814	-0.05370712
13.8857369422913	-0.8089981
13.9013669490814	-1.751026
13.9169969558716	-2.733833
13.9326169490814	-3.63504
13.9482469558716	-4.39629
13.9638669490814	-5.028824
13.9794969558716	-5.587994
13.9951169490814	-6.149708
14.0107469558716	-6.797298
14.0263769626617	-7.573017
14.0419969558716	-8.448349
14.0576269626617	-9.296249
14.0732469558716	-9.906982
14.0888769626617	-10.03423
14.1044969558716	-9.459862
14.1201269626617	-8.102028
14.1357569694519	-6.050831
14.1513769626617	-3.548489
14.1670069694519	-0.9081993
14.1826269626617	1.588291
14.1982569694519	3.742104
14.2138769626617	5.450489
14.2295069694519	6.674404
14.2451369762421	7.388477
14.2607569694519	7.575893
14.2763869762421	7.253029
14.2920069694519	6.485813
14.3076369762421	5.419819
14.3232569694519	4.249313
14.3388869762421	3.169895
14.3545169830322	2.331879
14.3701369762421	1.809357
14.3857669830322	1.594997
14.4013869762421	1.600544
14.4170169830322	1.716175
14.4326369762421	1.799538
14.4482669830322	1.735233
14.4638969898224	1.435841
14.4795169830322	0.8677483
14.4951469898224	0.07178497
14.5107669830322	-0.8675499
14.5263969898224	-1.838413
14.5420169830322	-2.752872
14.5576469898224	-3.545631
14.5732769966125	-4.20126
14.5888969898224	-4.741024
14.6045269966125	-5.225101
14.6201469898224	-5.740593
14.6357769966125	-6.396214
14.6513969898224	-7.277714
14.6670269966125	-8.416862
14.6826570034027	-9.715973
14.6982769966125	-10.95245
14.7139070034027	-11.81098
14.7295269966125	-11.95984
14.7451570034027	-11.16673
14.7607769966125	-9.380657
14.7764070034027	-6.753517
14.7920370101929	-3.642342
14.8076570034027	-0.5000381
14.8232870101929	2.229801
14.8389070034027	4.220474
14.8545370101929	5.349632
14.8701570034027	5.685509
14.8857870101929	5.449314
14.9014167785645	4.904037
14.9170370101929	4.282207
14.9326667785645	3.721519
14.9482870101929	3.260418
14.9639167785645	2.89753
14.9795370101929	2.589214
14.9951667785645	2.306908
15.0107967853546	1.999336
15.0264167785645	1.64307
15.0420467853546	1.224476
15.0576667785645	0.7772598
15.0732967853546	0.3557472
15.0889167785645	0.02755356
15.1045467853546	-0.1956902
15.1201767921448	-0.3724747
15.1357967853546	-0.6175423
15.1514267921448	-1.048336
15.1670467853546	-1.72567
15.1826767921448	-2.626259
15.1982967853546	-3.678158
15.2139267921448	-4.804478
15.2295567989349	-5.941998
15.2451767921448	-7.045601
15.2608067989349	-8.091938
15.2764267921448	-9.073647
15.2920567989349	-9.998577
15.3076767921448	-10.88926
15.3233067989349	-11.78076
15.3389368057251	-12.64562
15.3545567989349	-13.35569
15.3701868057251	-13.67201
15.3858067989349	-13.32893
15.4014368057251	-12.13626
15.4170567989349	-10.07305
15.4326868057251	-7.326965
15.4483168125153	-4.229004
15.4639368057251	-1.151119
15.4795668125153	1.598286
15.4951868057251	3.839474
15.5108168125153	5.514751
15.5264368057251	6.658295
15.5420668125153	7.352013
15.5576968193054	7.67403
15.5733168125153	7.673691
15.5889468193054	7.399986
15.6045668125153	6.901421
15.6201968193054	6.259026
15.6358168125153	5.600498
15.6514468193054	5.073643
15.6670768260956	4.780636
15.6826968193054	4.759117
15.6983268260956	4.940517
15.7139468193054	5.200813
15.7295768260956	5.416443
15.7451968193054	5.506191
15.7608268260956	5.46069
15.7764568328857	5.300446
15.7920768260956	5.039539
15.8077068328857	4.663773
15.8233268260956	4.150326
15.8389568328857	3.479019
15.8545768260956	2.684032
15.8702068328857	1.828308
15.8858368396759	0.9927139
15.9014568328857	0.2549477
15.9170868396759	-0.3315735
15.9327068328857	-0.7639198
15.9483368396759	-1.099617
15.9639568328857	-1.451061
15.9795868396759	-2.008186
15.9952168464661	-2.923508
16.0108368396759	-4.250282
16.0264668464661	-5.869118
16.0420868396759	-7.504604
16.0577168464661	-8.78812
16.0733368396759	-9.40089
16.0889668464661	-9.148853
16.1045968532562	-7.986435
16.1202168464661	-6.042286
16.1358468532562	-3.5331
16.1514668464661	-0.7320671
16.1670968532562	2.084595
16.1827168464661	4.684322
16.1983468532562	6.885479
16.2139768600464	8.5896
16.2295968532562	9.764191
16.2452268600464	10.41799
16.2608468532562	10.55808
16.2764768600464	10.21334
16.2920968532562	9.438442
16.3077268600464	8.378189
16.3233568668365	7.26511
16.3389768600464	6.347385
16.3546068668365	5.798695
16.3702268600464	5.623638
16.3858568668365	5.695305
16.4014768600464	5.7962
16.4171068668365	5.75573
16.4327368736267	5.50069
16.4483568668365	5.064198
16.4639868736267	4.546017
16.4796068668365	4.015015
16.4952368736267	3.486301
16.5108668804169	2.913364
16.5264868736267	2.266132
16.5421168804169	1.509254
16.5577368736267	0.6843147
16.5733668804169	-0.1641502
16.5889868736267	-0.9831924
16.6046168804169	-1.75687
16.620246887207	-2.505337
16.6358668804169	-3.255108
16.651496887207	-4.025093
16.6671168804169	-4.789852
16.682746887207	-5.510929
16.6983668804169	-6.138977
16.713996887207	-6.684822
16.7296268939972	-7.204998
16.745246887207	-7.785057
16.7608768939972	-8.489883
16.776496887207	-9.264755
16.7921268939972	-9.945175
16.807746887207	-10.27259
16.8233768939972	-9.98053
16.8390069007874	-8.896534
16.8546268939972	-7.011436
16.8702569007874	-4.497543
16.8858768939972	-1.638134
16.9015069007874	1.254719
16.9171268939972	3.910843
16.9327569007874	6.154469
16.9483869075775	7.876244
16.9640069007874	9.029236
16.9796369075775	9.596474
16.9952569007874	9.589088
17.0108869075775	9.062866
17.0265069007874	8.132664
17.0421369075775	6.975281
17.0577669143677	5.793362
17.0733869075775	4.763306
17.0890169143677	3.99781
17.1046369075775	3.529785
17.1202669143677	3.292706
17.1358869075775	3.175648
17.1515169143677	3.059406
17.1671469211578	2.852345
17.1827669143677	2.519131
17.1983969211578	2.087582
17.2140169143677	1.621876
17.2296469211578	1.218678
17.2452669143677	0.9449272
17.2608969211578	0.7929955
17.276526927948	0.6604958
17.2921469211578	0.3718758
17.307776927948	-0.2515488
17.3233969211578	-1.294281
17.339026927948	-2.688938
17.3546469211578	-4.228401
17.370276927948	-5.647713
17.3859069347382	-6.733955
17.401526927948	-7.418045
17.4171569347382	-7.780743
17.432776927948	-8.014412
17.4484069347382	-8.351387
17.464026927948	-8.956261
17.4796569347382	-9.860493
17.4952869415283	-10.95737
17.5109069347382	-11.99672
17.5265369415283	-12.68719
17.5421569347382	-12.74728
17.5577869415283	-12.01064
17.5734069347382	-10.44943
17.5890369415283	-8.18404
17.6046669483185	-5.415398
17.6202869415283	-2.380188
17.6359169483185	0.6835289
17.6515369415283	3.530125
17.6671669483185	5.91555
17.6827869415283	7.62487
17.6984169483185	8.536789
17.7140469551086	8.650936
17.7296669483185	8.127094
17.7452969551086	7.223557
17.7609169483185	6.209797
17.7765469551086	5.282024
17.7921669483185	4.534088
17.8077969551086	3.969551
17.8234269618988	3.563522
17.8390469551086	3.287392
17.8546769618988	3.117344
17.8702969551086	3.02599
17.8859269618988	2.975185
17.9015469551086	2.883495
17.9171769618988	2.686802
17.932806968689	2.351665
17.9484269618988	1.885746
17.964056968689	1.323406
17.9796769618988	0.7023544
17.995306968689	0.02983093
18.0109269618988	-0.6868057
18.026556968689	-1.456028
18.0421869754791	-2.260998
18.057806968689	-3.078571
18.0734369754791	-3.875454
18.089056968689	-4.643879
18.1046869754791	-5.408772
18.120306968689	-6.222153
18.1359369754791	-7.142887
18.1515669822693	-8.197174
18.1671869754791	-9.370758
18.1828169822693	-10.58388
18.1984369754791	-11.68324
18.2140669822693	-12.46035
18.2296869754791	-12.68068
18.2453169822693	-12.13002
18.2609469890594	-10.67426
18.2765669822693	-8.329933
18.2921969890594	-5.277889
18.3078169822693	-1.844578
18.3234469890594	1.58408
18.3390669822693	4.636513
18.3546969890594	7.009224
18.3703269958496	8.52932
18.3859469890594	9.166344
18.4015769958496	9.01281
18.4171969890594	8.282623
18.4328269958496	7.236397
18.4484469890594	6.134537
18.4640769958496	5.152184
18.4797070026398	4.375229
18.4953269958496	3.783817
18.5109570026398	3.34219
18.5265769958496	3.022842
18.5422070026398	2.824348
18.5578269958496	2.756378
18.5734570026398	2.78413
18.5890870094299	2.833561
18.6047070026398	2.814831
18.6203370094299	2.667038
18.6359570026398	2.379139
18.6515870094299	1.977959
18.6672170162201	1.47723
18.6828370094299	0.8373947
18.6984670162201	-0.009750366
18.7140870094299	-1.123848
18.7297170162201	-2.464695
18.7453370094299	-3.891819
18.7609670162201	-5.172001
18.7765967845917	-6.111977
18.7922170162201	-6.635075
18.8078467845917	-6.858425
18.8234670162201	-7.052052
18.8390967845917	-7.512775
18.8547170162201	-8.407448
18.8703467845917	-9.645828
18.8859767913818	-10.88387
18.9015967845917	-11.64006
18.9172267913818	-11.45355
18.9328467845917	-10.0845
18.9484767913818	-7.586172
18.9640967845917	-4.276009
18.9797267913818	-0.6061535
18.995356798172	2.957699
19.0109767913818	6.044102
19.026606798172	8.424963
19.0422267913818	9.996952
19.057856798172	10.77047
19.0734767913818	10.82622
19.089106798172	10.32135
19.1047368049622	9.44685
19.120356798172	8.417532
19.1359868049622	7.416986
19.151606798172	6.565086
19.1672368049622	5.901873
19.182856798172	5.372494
19.1984868049622	4.878153
19.2141168117523	4.317616
19.2297368049622	3.667212
19.2453668117523	2.989115
19.2609868049622	2.409431
19.2766168117523	2.047327
19.2922368049622	1.948498
19.3078668117523	2.036283
19.3234968185425	2.147774
19.3391168117523	2.108389
19.3547468185425	1.820675
19.3703668117523	1.298887
19.3859968185425	0.6551514
19.4016168117523	0.01659775
19.4172468185425	-0.5409164
19.4328768253326	-1.014482
19.4484968185425	-1.497293
19.4641268253326	-2.091738
19.4797468185425	-2.906855
19.4953768253326	-3.99218
19.5109968185425	-5.32633
19.5266268253326	-6.787304
19.5422568321228	-8.174381
19.5578768253326	-9.220144
19.5735068321228	-9.678225
19.5891268253326	-9.365221
19.6047568321228	-8.207653
19.6203768253326	-6.268986
19.6360068321228	-3.709036
19.651636838913	-0.763937
19.6672568321228	2.28661
19.682886838913	5.140517
19.6985068321228	7.511069
19.714136838913	9.18557
19.7297568321228	10.049
19.745386838913	10.12866
19.7610168457031	9.562543
19.776636838913	8.541574
19.7922668457031	7.258172
19.807886838913	5.853621
19.8235168457031	4.411973
19.839136838913	2.981395
19.8547668457031	1.604293
19.8703968524933	0.3108492
19.8860168457031	-0.8651314
19.9016468524933	-1.89007
19.9172668457031	-2.734444
19.9328968524933	-3.392078
19.9485168457031	-3.880759
19.9641468524933	-4.255302
19.9797768592834	-4.597383
19.9953968524933	-4.980989
20.0110268592834	-5.455991
20.0266468524933	-6.01126
20.0422768592834	-6.587187
20.0578968524933	-7.106839
20.0735268592834	-7.506633
20.0891568660736	-7.759821
20.1047768592834	-7.874012
20.1204068660736	-7.889294
20.1360268592834	-7.873358
20.1516568660736	-7.918694
20.1672768592834	-8.132566
20.1829068660736	-8.60598
20.1985368728638	-9.338465
20.2141568660736	-10.17481
20.2297868728638	-10.79908
20.2454068660736	-10.80206
20.2610368728638	-9.815965
20.2766568660736	-7.688184
20.2922868728638	-4.544379
20.3079168796539	-0.7728238
20.3235368728638	3.123497
20.3391668796539	6.673588
20.3547868728638	9.573057
20.3704168796539	11.69227
20.3860368728638	13.05311
20.4016668796539	13.75923
20.4172968864441	13.96125
20.4329168796539	13.79359
20.4485468864441	13.38677
20.4641668796539	12.85257
20.4797968864441	12.25518
20.4954168796539	11.62852
20.5110468864441	10.96948
20.5266768932343	10.29372
20.5422968864441	9.649193
20.5579268932343	9.113232
20.5735468864441	8.767952
20.5891768932343	8.632204
20.6047968864441	8.666914
20.6204268932343	8.773556
20.6360569000244	8.838737
20.6516768932343	8.764077
20.6673069000244	8.484133
20.6829268932343	7.937576
20.6985569000244	7.104355
20.7141768932343	5.995793
20.7298069000244	4.683572
20.7454369068146	3.303593
20.7610569000244	1.990284
20.7766869068146	0.8546028
20.7923069000244	-0.1050806
20.8079369068146	-0.9739189
20.8235569000244	-1.884199
20.8391869068146	-2.914664
20.8548169136047	-4.022803
20.8704369068146	-5.0212
20.8860669136047	-5.635405
20.9016869068146	-5.609634
20.9173169136047	-4.779532
20.9329469203949	-3.132988
20.9485669136047	-0.8185334
20.9641969203949	1.883499
20.9798169136047	4.640567
20.9954469203949	7.088308
21.0110669136047	8.923423
21.0266969203949	9.955433
21.0423269271851	10.12699
21.0579469203949	9.52072
21.0735769271851	8.335831
21.0891969203949	6.820415
21.1048269271851	5.18987
21.1204469203949	3.591042
21.1360769271851	2.080491
21.1517069339752	0.6629748
21.1673269271851	-0.6536837
21.1829569339752	-1.793274
21.1985769271851	-2.619848
21.2142069339752	-3.016059
21.2298269271851	-2.972
21.2454569339752	-2.625819
21.2610869407654	-2.25502
21.2767069339752	-2.151517
21.2923369407654	-2.478426
21.3079569339752	-3.209744
21.3235869407654	-4.171545
21.3392069339752	-5.129436
21.3548369407654	-5.949348
21.3704669475555	-6.615441
21.3860869407654	-7.207143
21.4017169475555	-7.809489
21.4173369407654	-8.449039
21.4329669475555	-9.076095
21.4485869407654	-9.623223
21.4642169475555	-10.04198
21.4798469543457	-10.30215
21.4954669475555	-10.36283
21.5110969543457	-10.12681
21.5267169475555	-9.44011
21.5423469543457	-8.162924
21.5579669475555	-6.256047
21.5735969543457	-3.867304
21.5892269611359	-1.312694
21.6048469543457	1.014903
21.6204769611359	2.778891
21.6360969543457	3.802926
21.6517269611359	4.112701
21.6673469543457	3.859432
21.6829769611359	3.242614
21.698606967926	2.416132
21.7142269611359	1.488645
21.729856967926	0.5418447
21.7454769611359	-0.31197
21.761106967926	-0.928212
21.7767269611359	-1.154337
21.792356967926	-0.925588
21.8079869747162	-0.2896218
21.823606967926	0.5813193
21.8392369747162	1.483934
21.854856967926	2.238552
21.8704869747162	2.757403
21.886106967926	3.047919
21.9017369747162	3.178165
21.9173669815063	3.231032
21.9329869747162	3.286208
21.9486169815063	3.376095
21.9642369747162	3.493649
21.9798669815063	3.588305
21.9954869747162	3.576109
22.0111169815063	3.367945
22.0267469882965	2.880616
22.0423669815063	2.048595
22.0579969882965	0.8393669
22.0736169815063	-0.7317306
22.0892469882965	-2.589347
22.1048669815063	-4.564999
22.1204969882965	-6.391027
22.1361269950867	-7.741617
22.1517469882965	-8.286201
22.1673769950867	-7.80698
22.1829969882965	-6.275949
22.1986269950867	-3.882304
22.2142469882965	-0.9899666
22.2298769950867	1.964628
22.2455070018768	4.583462
22.2611269950867	6.596734
22.2767570018768	7.893809
22.2923769950867	8.515606
22.3080070018768	8.628439
22.3236269950867	8.420405
22.3392570018768	8.046744
22.354887008667	7.581572
22.3705070018768	7.000788
22.386137008667	6.255127
22.4017570018768	5.313125
22.417387008667	4.215564
22.4330070018768	3.071552
22.448637008667	2.032007
22.4642670154572	1.22052
22.479887008667	0.6863124
22.4955170154572	0.4167681
22.511137008667	0.3412356
22.5267670154572	0.3897002
22.542387008667	0.4955673
22.5580170154572	0.5895021
22.5736467838287	0.5943105
22.5892670154572	0.4436591
22.6048967838287	0.107151
22.6205170154572	-0.4058185
22.6361467838287	-1.042594
22.6517670154572	-1.763144
22.6673967838287	-2.577233
22.6830267906189	-3.567883
22.6986467838287	-4.812017
22.7142767906189	-6.331557
22.7298967838287	-8.005202
22.7455267906189	-9.592999
22.7611467838287	-10.78693
22.7767767906189	-11.29499
22.7924067974091	-10.93251
22.8080267906189	-9.636453
22.8236567974091	-7.472962
22.8392767906189	-4.640504
22.8549067974091	-1.448876
22.8705267906189	1.709573
22.8861567974091	4.450218
22.9017868041992	6.479881
22.9174067974091	7.686874
22.9330368041992	8.117325
22.9486567974091	7.940431
22.9642868041992	7.330575
22.9799067974091	6.427792
22.9955368041992	5.328028
23.0111668109894	4.115078
23.0267868041992	2.912165
23.0424168109894	1.868181
23.0580368041992	1.101127
23.0736668109894	0.6272373
23.0892868041992	0.3598785
23.1049168109894	0.1509457
23.1205468177795	-0.1284981
23.1361668109894	-0.5260677
23.1517968177795	-1.001906
23.1674168109894	-1.480449
23.1830468177795	-1.91055
23.1986668109894	-2.288386
23.2142968177795	-2.662648
23.2299268245697	-3.089658
23.2455468177795	-3.605109
23.2611768245697	-4.218375
23.2767968177795	-4.924751
23.2924268245697	-5.728948
23.3080468177795	-6.65974
23.3236768245697	-7.742188
23.3393068313599	-8.937736
23.3549268245697	-10.10132
23.3705568313599	-10.96096
23.3861768245697	-11.19217
23.4018068313599	-10.49847
23.4174268245697	-8.774327
23.4330568313599	-6.157056
23.44868683815	-3.028056
23.4643068313599	0.116581
23.47993683815	2.817156
23.4955568313599	4.810761
23.51118683815	6.051889
23.5268168449402	6.672198
23.54243683815	6.860452
23.5580668449402	6.77275
23.57368683815	6.480787
23.5893168449402	5.984274
23.60493683815	5.285087
23.6205668449402	4.414375
23.6361968517303	3.449485
23.6518168449402	2.515651
23.6674468517303	1.727609
23.6830668449402	1.164279
23.6986968517303	0.8329935
23.7143168449402	0.6541626
23.7299468517303	0.488362
23.7455768585205	0.1911091
23.7611968517303	-0.3272271
23.7768268585205	-1.03696
23.7924468517303	-1.790543
23.8080768585205	-2.388921
23.8236968517303	-2.68881
23.8393268585205	-2.678141
23.8549568653107	-2.515525
23.8705768585205	-2.461615
23.8862068653107	-2.768201
23.9018268585205	-3.56852
23.9174568653107	-4.83757
23.9330768585205	-6.378467
23.9487068653107	-7.926213
23.9643368721008	-9.179236
23.9799568653107	-9.892756
23.9955868721008	-9.862574
24.0112068653107	-8.964293
24.0268368721008	-7.157834
24.0424568653107	-4.533961
24.0580868721008	-1.329746
24.073716878891	2.080582
24.0893368721008	5.246317
24.104966878891	7.758022
24.1205868721008	9.347908
24.136216878891	9.966714
24.1518368721008	9.775353
24.167466878891	9.058079
24.1830968856812	8.111715
24.198716878891	7.153081
24.2143468856812	6.283752
24.229966878891	5.524837
24.2455968856812	4.896112
24.261216878891	4.45145
24.2768468856812	4.252387
24.2924768924713	4.327433
24.3080968856812	4.626375
24.3237268924713	4.996651
24.3393468856812	5.240016
24.3549768924713	5.18492
24.3705968856812	4.749285
24.3862268924713	3.974442
24.4018568992615	2.978858
24.4174768924713	1.903854
24.4331068992615	0.8509035
24.4487268924713	-0.1167207
24.4643568992615	-0.9671521
24.4799768924713	-1.690222
24.4956068992615	-2.280776
24.5112369060516	-2.77628
24.5268568992615	-3.275881
24.5424869060516	-3.910318
24.5581068992615	-4.776525
24.5737369060516	-5.870894
24.5893568992615	-7.049181
24.6049869060516	-8.045347
24.6206169128418	-8.541768
24.6362369060516	-8.251854
24.6518669128418	-7.023568
24.6674869060516	-4.885153
24.6831169128418	-2.036539
24.6987369060516	1.173985
24.7143669128418	4.321522
24.729996919632	7.009631
24.7456169128418	8.930256
24.761246919632	9.960522
24.7768669128418	10.14612
24.792496919632	9.671988
24.8081169128418	8.779266
24.823746919632	7.686852
24.8393769264221	6.554511
24.854996919632	5.480186
24.8706269264221	4.542408
24.886246919632	3.824036
24.9018769264221	3.371637
24.917496919632	3.19286
24.9331269264221	3.218282
24.9487569332123	3.331618
24.9643769264221	3.41764
24.9800069332123	3.394546
24.9956269264221	3.239107
25.0112569332123	2.982838
25.0268769264221	2.661161
25.0425069332123	2.28987
25.0581369400024	1.865632
25.0737569332123	1.361521
25.0893869400024	0.7575264
25.1050069332123	0.05825949
25.1206369400024	-0.7121854
25.1362569332123	-1.514007
25.1518869400024	-2.311743
25.1675169467926	-3.100482
25.1831369400024	-3.90156
25.1987669467926	-4.771844
25.2143869400024	-5.747178
25.2300169467926	-6.774605
25.2456369400024	-7.707566
25.2612669467926	-8.291018
25.2768969535828	-8.244539
25.2925169467926	-7.376237
25.3081469535828	-5.688624
25.3237669467926	-3.383818
25.3393969535828	-0.7835524
25.3550169467926	1.768327
25.3706469535828	4.017701
25.3862769603729	5.828885
25.4018969535828	7.14661
25.4175269603729	7.944965
25.4331469535828	8.210361
25.4487769603729	7.942768
25.4643969535828	7.194584
25.4800269603729	6.115849
25.4956569671631	4.911846
25.5112769603729	3.803664
25.5269069671631	2.967277
25.5425269603729	2.454323
25.5581569671631	2.195489
25.5737769603729	2.046672
25.5894069671631	1.875201
25.6050369739532	1.636376
25.6206569671631	1.396088
25.6362869739532	1.277524
25.6519069671631	1.348493
25.6675369739532	1.552218
25.6831569671631	1.687516
25.6987869739532	1.491543
25.7144169807434	0.8100443
25.7300369739532	-0.3161173
25.7456669807434	-1.66063
25.7612869739532	-2.909585
25.7769169807434	-3.817903
25.7925469875336	-4.321669
25.8081669807434	-4.559242
25.8237969875336	-4.772188
25.8394169807434	-5.171371
25.8550469875336	-5.858022
25.8706669807434	-6.79204
25.8862969875336	-7.828608
25.9019269943237	-8.774118
25.9175469875336	-9.434751
25.9331769943237	-9.619061
25.9487969875336	-9.164374
25.9644269943237	-7.98025
25.9800469875336	-6.088074
25.9956769943237	-3.664436
26.0113070011139	-1.041713
26.0269269943237	1.408102
26.0425570011139	3.371211
26.0581769943237	4.68831
26.0738070011139	5.369746
26.0894269943237	5.517447
26.1050570011139	5.254698
26.1206870079041	4.655437
26.1363070011139	3.776175
26.1519370079041	2.704922
26.1675570011139	1.617521
26.1831870079041	0.7423944
26.1988070011139	0.2484312
26.2144370079041	0.1675377
26.2300670146942	0.3609695
26.2456870079041	0.5975714
26.2613170146942	0.6693611
26.2769370079041	0.4913673
26.2925670146942	0.1351194
26.3081870079041	-0.2485895
26.3238170146942	-0.5179758
26.3394467830658	-0.6261873
26.3550670146942	-0.6151114
26.3706967830658	-0.6090536
26.3863170146942	-0.7324305
26.4019467830658	-1.064163
26.4175670146942	-1.628856
26.4331967830658	-2.396566
26.448826789856	-3.288786
26.4644467830658	-4.232798
26.480076789856	-5.161674
26.4956967830658	-6.014579
26.511326789856	-6.777552
26.5269467830658	-7.440715
26.542576789856	-8.035503
26.5582067966461	-8.566528
26.573826789856	-8.995832
26.5894567966461	-9.215619
26.605076789856	-9.028996
26.6207067966461	-8.207374
26.636326789856	-6.567441
26.6519567966461	-4.098508
26.6675868034363	-0.982645
26.6832067966461	2.421258
26.6988368034363	5.692121
26.7144567966461	8.470037
26.7300868034363	10.53775
26.7457067966461	11.82565
26.7613368034363	12.37466
26.7769668102264	12.28453
26.7925868034363	11.68006
26.8082168102264	10.72483
26.8238368034363	9.608322
26.8394668102264	8.515041
26.8550868034363	7.606512
26.8707168102264	6.936154
26.8863468170166	6.484219
26.9019668102264	6.176556
26.9175968170166	5.94552
26.9332168102264	5.739345
26.9488468170166	5.563688
26.9644668102264	5.416272
26.9800968170166	5.257755
26.9957268238068	5.047605
27.0113468170166	4.752643
27.0269768238068	4.384364
27.0425968170166	3.959547
27.0582268238068	3.503562
27.0738468170166	2.983618
27.0894768238068	2.321383
27.1051068305969	1.461615
27.1207268238068	0.3789387
27.1363568305969	-0.8474483
27.1519768238068	-2.084497
27.1676068305969	-3.180464
27.1832268238068	-4.049599
27.1988568305969	-4.68255
27.2144868373871	-5.156143
27.2301068305969	-5.573809
27.2457368373871	-6.036736
27.2613568305969	-6.612434
27.2769868373871	-7.318581
27.2926068305969	-8.096117
27.3082368373871	-8.803978
27.3238668441772	-9.201077
27.3394868373871	-9.00498
27.3551168441772	-7.972914
27.3707368373871	-6.048096
27.3863668441772	-3.429977
27.4019868373871	-0.5424938
27.4176168441772	2.117588
27.4332468509674	4.14319
27.4488668441772	5.388199
27.4644968509674	5.972445
27.4801168441772	6.143328
27.4957468509674	6.127056
27.5113668441772	5.99029
27.5269968509674	5.677919
27.5426268577576	5.088951
27.5582468509674	4.237593
27.5738768577576	3.298038
27.5894968509674	2.524891
27.6051268577576	2.113655
27.6207468509674	2.080683
27.6363768577576	2.258307
27.6520068645477	2.396311
27.6676268577576	2.336031
27.6832568645477	2.074999
27.6988768577576	1.767162
27.7145068645477	1.587456
27.7301268577576	1.620155
27.7457568645477	1.799891
27.7613868713379	1.941601
27.7770068645477	1.825031
27.7926368713379	1.307354
27.8082568645477	0.3904076
27.8238868713379	-0.8112144
27.8395068645477	-2.11414
27.8551368713379	-3.325542
27.8707668781281	-4.311462
27.8863868713379	-5.024357
27.9020168781281	-5.475609
27.9176368713379	-5.706078
27.9332668781281	-5.792912
27.9488868713379	-5.827312
27.9645168781281	-5.902782
27.9801468849182	-6.137169
27.9957668781281	-6.643215
28.0113968849182	-7.470211
28.0270168781281	-8.566383
28.0426468849182	-9.732071
28.0582668781281	-10.67567
28.0738968849182	-11.08114
28.0895268917084	-10.70235
28.1051468849182	-9.457699
28.1207768917084	-7.424339
28.1363968849182	-4.828785
28.1520268917084	-1.962559
28.1676468849182	0.8549423
28.1832768917084	3.346249
28.1989068984985	5.297539
28.2145268917084	6.591461
28.2301568984985	7.212955
28.2457768917084	7.239807
28.2614068984985	6.818241
28.2770369052887	6.109383
28.2926568984985	5.250278
28.3082869052887	4.327671
28.3239068984985	3.404259
28.3395369052887	2.54335
28.3551568984985	1.839497
28.3707869052887	1.396404
28.3864169120789	1.279869
28.4020369052887	1.466892
28.4176669120789	1.844872
28.4332869052887	2.245701
28.4489169120789	2.507263
28.4645369052887	2.535713
28.4801669120789	2.347855
28.495796918869	2.006817
28.5114169120789	1.593945
28.527046918869	1.134048
28.5426669120789	0.6058998
28.558296918869	-0.04095459
28.5739169120789	-0.838932
28.589546918869	-1.76651
28.6051769256592	-2.767826
28.620796918869	-3.774509
28.6364269256592	-4.740471
28.652046918869	-5.62244
28.6676769256592	-6.415394
28.683296918869	-7.127464
28.6989269256592	-7.796307
28.7145569324493	-8.460907
28.7301769256592	-9.143021
28.7458069324493	-9.828255
28.7614269256592	-10.4256
28.7770569324493	-10.79362
28.7926769256592	-10.74227
28.8083069324493	-10.11499
28.8239369392395	-8.824017
28.8395569324493	-6.896725
28.8551869392395	-4.467018
28.8708069324493	-1.761013
28.8864369392395	0.9510689
28.9020569324493	3.40612
28.9176869392395	5.366154
28.9333169460297	6.665226
28.9489369392395	7.224266
28.9645669460297	7.064556
28.9801869392395	6.331562
28.9958169460297	5.247421
29.0114369392395	4.073704
29.0270669460297	3.03981
29.0426969528198	2.270699
29.0583169460297	1.793491
29.0739469528198	1.547192
29.0895669460297	1.462559
29.1051969528198	1.480091
29.1208169460297	1.587334
29.1364469528198	1.769043
29.15207695961	1.96693
29.1676969528198	2.093784
29.18332695961	2.041073
29.1989469528198	1.749039
29.21457695961	1.20813
29.2301969528198	0.4824677
29.24582695961	-0.3749428
29.2614569664001	-1.312332
29.27707695961	-2.302231
29.2927069664001	-3.307365
29.30832695961	-4.264446
29.3239569664001	-5.112862
29.33957695961	-5.828506
29.3552069664001	-6.471058
29.3708369731903	-7.146736
29.3864569664001	-7.991508
29.4020869731903	-9.060173
29.4177069664001	-10.27216
29.4333369731903	-11.40744
29.4489569664001	-12.16042
29.4645869731903	-12.23506
29.4802169799805	-11.42146
29.4958369731903	-9.677456
29.5114669799805	-7.131317
29.5270869731903	-4.075119
29.5427169799805	-0.8703041
29.5583369731903	2.104271
29.5739669799805	4.550789
29.5895969867706	6.308575
29.6052169799805	7.326874
29.6208469867706	7.654617
29.6364669799805	7.423655
29.6520969867706	6.787407
29.6677169799805	5.92902
29.6833469867706	5.026588
29.6989769935608	4.232328
29.7145969867706	3.632471
29.7302269935608	3.248543
29.7458469867706	3.040764
29.7614769935608	2.924473
29.7770969867706	2.84066
29.7927269935608	2.769764
29.808357000351	2.711926
29.8239769935608	2.665403
29.839607000351	2.594902
29.8552269935608	2.432842
29.870857000351	2.109797
29.8864769935608	1.582907
29.902107000351	0.8622017
29.9177370071411	0.00935173
29.933357000351	-0.9134007
29.9489870071411	-1.848135
29.964607000351	-2.761181
29.9802370071411	-3.649622
29.995857000351	-4.523788
30.0114870071411	-5.38805
30.0271170139313	-6.266064
30.0427370071411	-7.182537
30.0583670139313	-8.155743
30.0739870071411	-9.211658
30.0896170139313	-10.30873
30.1052370071411	-11.3226
30.1208670139313	-12.01535
30.1364967823029	-12.07719
30.1521170139313	-11.21349
30.1677467823029	-9.284604
30.1833670139313	-6.377307
30.1989967823029	-2.816248
30.2146170139313	0.9263029
30.2302467823029	4.36929
30.245876789093	7.174228
30.2614967823029	9.17694
30.277126789093	10.36094
30.2927467823029	10.81679
30.308376789093	10.65287
30.3239967823029	9.998528
30.339626789093	9.010881
30.3552567958832	7.880485
30.370876789093	6.815845
30.3865067958832	5.978372
30.402126789093	5.437525
30.4177567958832	5.155525
30.433376789093	5.047954
30.4490067958832	5.006946
30.4646368026733	4.972526
30.4802567958832	4.917311
30.4958868026733	4.82974
30.5115067958832	4.694673
30.5271368026733	4.48969
30.5427567958832	4.164539
30.5583868026733	3.688982
30.5740168094635	3.053309
30.5896368026733	2.25894
30.6052668094635	1.310511
30.6208868026733	0.2203312
30.6365168094635	-0.9714936
30.6521468162537	-2.181378
30.6677668094635	-3.281052
30.6833968162537	-4.150418
30.6990168094635	-4.758913
30.7146468162537	-5.193773
30.7302668094635	-5.673348
30.7458968162537	-6.411272
30.7615268230438	-7.495108
30.7771468162537	-8.783281
30.7927768230438	-9.907705
30.8083968162537	-10.4008
30.8240268230438	-9.87875
30.8396468162537	-8.185345
30.8552768230438	-5.454284
30.870906829834	-2.043933
30.8865268230438	1.595716
30.902156829834	5.03731
30.9177768230438	7.932294
30.933406829834	10.066
30.9490268230438	11.33842
30.964656829834	11.76642
30.9802868366241	11.48733
30.995906829834	10.72078
31.0115368366241	9.700673
31.027156829834	8.631533
31.0427868366241	7.618504
31.058406829834	6.691095
31.0740368366241	5.850338
31.0896668434143	5.140861
31.1052868366241	4.656145
31.1209168434143	4.494761
31.1365368366241	4.684887
31.1521668434143	5.130307
31.1677868366241	5.641333
31.1834168434143	6.025298
31.1990468502045	6.160476
31.2146668434143	6.036705
31.2302968502045	5.697013
31.2459168434143	5.178256
31.2615468502045	4.455217
31.2771668434143	3.484967
31.2927968502045	2.253764
31.3084268569946	0.8460131
31.3240468502045	-0.5657482
31.3396768569946	-1.816397
31.3552968502045	-2.846939
31.3709268569946	-3.755649
31.3865468502045	-4.729899
31.4021768569946	-5.937725
31.4178068637848	-7.402058
31.4334268569946	-8.969269
31.4490568637848	-10.34594
31.4646768569946	-11.1975
31.4803068637848	-11.26598
31.4959268569946	-10.41281
31.5115568637848	-8.651875
31.527186870575	-6.13906
31.5428068637848	-3.15246
31.558436870575	-0.0315485
31.5740568637848	2.868564
31.589686870575	5.262942
31.6053068637848	7.005198
31.620936870575	8.063275
31.6365668773651	8.519281
31.652186870575	8.468863
31.6678168773651	7.987902
31.683436870575	7.118014
31.6990668773651	5.937234
31.714686870575	4.60338
31.7303168773651	3.334575
31.7459468841553	2.358841
31.7615668773651	1.810428
31.7771968841553	1.689878
31.7928168773651	1.874021
31.8084468841553	2.20624
31.8240668773651	2.566566
31.8396968841553	2.905387
31.8553268909454	3.201447
31.8709468841553	3.399494
31.8865768909454	3.411744
31.9021968841553	3.102271
31.9178268909454	2.397659
31.9334468841553	1.330408
31.9490768909454	0.03622913
31.9647068977356	-1.299824
31.9803268909454	-2.525514
31.9959568977356	-3.562373
32.0115768909454	-4.431099
32.0272068977356	-5.196923
32.0428268909454	-5.939354
32.0584568977356	-6.707684
32.0740869045258	-7.53067
32.0897068977356	-8.370383
32.1053369045258	-9.098619
32.1209568977356	-9.499398
32.1365869045258	-9.296515
32.1522068977356	-8.246988
32.1678369045258	-6.240091
32.1834669113159	-3.410233
32.1990869045258	-0.1109352
32.2147169113159	3.191535
32.2303369045258	6.061122
32.2459669113159	8.197972
32.2615869045258	9.494263
32.2772169113159	9.98381
32.2928469181061	9.759028
32.3084669113159	8.951311
32.3240969181061	7.701956
32.3397169113159	6.196819
32.3553469181061	4.658974
32.3709669113159	3.300062
32.3865969181061	2.267692
32.4022269248962	1.597013
32.4178469181061	1.219647
32.4334769248962	1.01654
32.4490969181061	0.8839865
32.4647269248962	0.7610826
32.4803469181061	0.6049328
32.4959769248962	0.3973207
32.5116069316864	0.09665585
32.5272269248962	-0.310111
32.5428569316864	-0.8122883
32.5584769248962	-1.34974
32.5741069316864	-1.865883
32.5897269248962	-2.352942
32.6053569316864	-2.861147
32.6209869384766	-3.470157
32.6366069316864	-4.235703
32.6522369384766	-5.157196
32.6678569316864	-6.19507
32.6834869384766	-7.307638
32.6991069316864	-8.499514
32.7147369384766	-9.798909
32.7303669452667	-11.16204
32.7459869384766	-12.40504
32.7616169452667	-13.21068
32.7772369384766	-13.18531
32.7928669452667	-12.05541
32.8084869384766	-9.795099
32.8241169452667	-6.654358
32.8397469520569	-3.089995
32.8553669452667	0.4156609
32.8709969520569	3.480053
32.8866169452667	5.906429
32.9022469520569	7.645403
32.917876958847	8.729879
32.9334969520569	9.209219
32.949126958847	9.129456
32.9647469520569	8.591487
32.980376958847	7.728128
32.9959969520569	6.757937
33.011626958847	5.887653
33.0272569656372	5.260535
33.042876958847	4.884342
33.0585069656372	4.64224
33.074126958847	4.382989
33.0897569656372	4.001941
33.105376958847	3.528939
33.1210069656372	3.076864
33.1366369724274	2.785295
33.1522569656372	2.695315
33.1678869724274	2.711638
33.1835069656372	2.648347
33.1991369724274	2.312727
33.2147569656372	1.617135
33.2303869724274	0.5992651
33.2460169792175	-0.5907125
33.2616369724274	-1.809803
33.2772669792175	-2.97338
33.2928869724274	-4.080585
33.3085169792175	-5.177896
33.3241369724274	-6.27673
33.3397669792175	-7.351131
33.3553969860077	-8.312501
33.3710169792175	-9.09991
33.3866469860077	-9.688871
33.4022669792175	-10.08436
33.4178969860077	-10.2712
33.4335169792175	-10.15431
33.4491469860077	-9.581946
33.4647769927979	-8.363711
33.4803969860077	-6.416452
33.4960269927979	-3.817327
33.5116469860077	-0.8393602
33.5272769927979	2.131706
33.5428969860077	4.720213
33.5585269927979	6.657186
33.574156999588	7.840539
33.5897769927979	8.297997
33.605406999588	8.128634
33.6210269927979	7.468261
33.636656999588	6.488887
33.6522769927979	5.372481
33.667906999588	4.310533
33.6835370063782	3.472213
33.699156999588	2.943882
33.7147870063782	2.726197
33.730406999588	2.74379
33.7460370063782	2.889402
33.761656999588	3.097486
33.7772870063782	3.329094
33.7929170131683	3.567764
33.8085370063782	3.77552
33.8241670131683	3.893318
33.8397870063782	3.80467
33.8554170131683	3.441845
33.8710370063782	2.790615
33.8866670131683	1.923185
33.9022967815399	0.9556808
33.9179170131683	0.02153969
33.9335467815399	-0.7918644
33.9491670131683	-1.469723
33.9647967815399	-2.040859
33.9804170131683	-2.592251
33.9960467815399	-3.215519
34.0116767883301	-3.963421
34.0272967815399	-4.857851
34.0429267883301	-5.854431
34.0585467815399	-6.863533
34.0741767883301	-7.722864
34.0897967815399	-8.226372
34.1054267883301	-8.140236
34.1210567951202	-7.26454
34.1366767883301	-5.486435
34.1523067951202	-2.885229
34.1679267883301	0.2544498
34.1835567951202	3.489674
34.1991767883301	6.329788
34.2148067951202	8.397989
34.2304368019104	9.550062
34.2460567951202	9.869362
34.2616868019104	9.624348
34.2773067951202	9.111654
34.2929368019104	8.524128
34.3085567951202	7.930037
34.3241868019104	7.298918
34.3398168087006	6.572651
34.3554368019104	5.759529
34.3710668087006	4.954538
34.3866868019104	4.307737
34.4023168087006	3.96241
34.4179368019104	3.96175
34.4335668087006	4.224491
34.4491968154907	4.559139
34.4648168087006	4.754236
34.4804468154907	4.671484
34.4960668087006	4.275843
34.5116968154907	3.642229
34.5273168087006	2.86974
34.5429468154907	2.009408
34.5585768222809	1.040373
34.5741968154907	-0.08798885
34.5898268222809	-1.386616
34.6054468154907	-2.785883
34.6210768222809	-4.143841
34.6366968154907	-5.334442
34.6523268222809	-6.298366
34.667956829071	-7.112383
34.6835768222809	-7.924064
34.699206829071	-8.856075
34.7148268222809	-9.915201
34.730456829071	-10.92571
34.7460768222809	-11.60224
34.761706829071	-11.61618
34.7773368358612	-10.72953
34.792956829071	-8.898581
34.8085868358612	-6.291682
34.824206829071	-3.24797
34.8398368358612	-0.1656027
34.855456829071	2.6185
34.8710868358612	4.898716
34.8867168426514	6.590652
34.9023368358612	7.685301
34.9179668426514	8.189819
34.9335868358612	8.129499
34.9492168426514	7.559152
34.9648368358612	6.583641
34.9804668426514	5.389706
34.9960968494415	4.172523
35.0117168426514	3.088303
35.0273468494415	2.223031
35.0429668426514	1.580938
35.0585968494415	1.099837
35.0742168426514	0.7126551
35.0898468494415	0.3779001
35.1054768562317	0.06382084
35.1210968494415	-0.2253656
35.1367268562317	-0.4895706
35.1523468494415	-0.7140751
35.1679768562317	-0.9089994
35.1835968494415	-1.105821
35.1992268562317	-1.373458
35.2148568630219	-1.771859
35.2304768562317	-2.333535
35.2461068630219	-3.044807
35.2617268562317	-3.850185
35.2773568630219	-4.696715
35.2929768562317	-5.568381
35.3086068630219	-6.484594
35.324236869812	-7.491187
35.3398568630219	-8.621503
35.355486869812	-9.825446
35.3711068630219	-10.95809
35.386736869812	-11.78179
35.4023568630219	-11.986
35.417986869812	-11.29757
35.4336168766022	-9.551097
35.449236869812	-6.788303
35.4648668766022	-3.303126
35.480486869812	0.4462786
35.4961168766022	3.962402
35.5117468833923	6.845481
35.5273668766022	8.892732
35.5429968833923	10.10637
35.5586168766022	10.61393
35.5742468833923	10.58123
35.5898668766022	10.12151
35.6054968833923	9.326677
35.6211268901825	8.273736
35.6367468833923	7.061578
35.6523768901825	5.811795
35.6679968833923	4.651106
35.6836268901825	3.692646
35.6992468833923	3.002389
35.7148768901825	2.611501
35.7305068969727	2.483299
35.7461268901825	2.532399
35.7617568969727	2.639925
35.7773768901825	2.669182
35.7930068969727	2.542432
35.8086268901825	2.236032
35.8242568969727	1.778029
35.8398869037628	1.208162
35.8555068969727	0.5497303
35.8711369037628	-0.2003069
35.8867568969727	-1.038939
35.9023869037628	-1.920088
35.9180068969727	-2.800457
35.9336369037628	-3.616888
35.949266910553	-4.355715
35.9648869037628	-5.058976
35.980516910553	-5.806996
35.9961369037628	-6.68716
36.011766910553	-7.727942
36.0273869037628	-8.856313
36.043016910553	-9.874677
36.0586469173431	-10.51269
36.074266910553	-10.47027
36.0898969173431	-9.555427
36.105516910553	-7.745231
36.1211469173431	-5.211731
36.136766910553	-2.269458
36.1523969173431	0.7288876
36.1680269241333	3.470838
36.1836469173431	5.760996
36.1992769241333	7.503171
36.2148969173431	8.666503
36.2305269241333	9.254605
36.2461469173431	9.291246
36.2617769241333	8.856747
36.2774069309235	8.080785
36.2930269241333	7.142875
36.3086569309235	6.219087
36.3242769241333	5.443117
36.3399069309235	4.882426
36.3555269241333	4.539398
36.3711569309235	4.345738
36.3867869377136	4.21714
36.4024069309235	4.065809
36.4180369377136	3.841222
36.4336569309235	3.552023
36.4492869377136	3.254162
36.4649069309235	3.007202
36.4805369377136	2.828626
36.4961669445038	2.657814
36.5117869377136	2.366162
36.5274169445038	1.831907
36.5430369377136	0.9891157
36.5586669445038	-0.1359072
36.5742869377136	-1.431595
36.5899169445038	-2.780686
36.6055469512939	-4.070996
36.6211669445038	-5.229587
36.6367969512939	-6.228079
36.6524169445038	-7.064992
36.6680469512939	-7.771829
36.6836669445038	-8.420497
36.6992969512939	-9.090679
36.7149269580841	-9.833545
36.7305469512939	-10.61896
36.7461769580841	-11.3035
36.7617969512939	-11.63737
36.7774269580841	-11.35121
36.7930469512939	-10.23553
36.8086769580841	-8.242593
36.8243069648743	-5.505574
36.8399269580841	-2.322207
36.8555569648743	0.9550095
36.8711769580841	3.999241
36.8868069648743	6.581556
36.9024269580841	8.583266
36.9180569648743	9.97773
36.9336869716644	10.78332
36.9493069648743	11.03288
36.9649369716644	10.76838
36.9805569648743	10.04313
36.9961869716644	8.959703
37.0118069648743	7.674948
37.0274369716644	6.382765
37.0430669784546	5.281504
37.0586869716644	4.497925
37.0743169784546	4.074099
37.0899369716644	3.938199
37.1055669784546	3.942815
37.1211869716644	3.915532
37.1368169784546	3.736584
37.1524469852448	3.388795
37.1680669784546	2.932165
37.1836969852448	2.466816
37.1993169784546	2.048104
37.2149469852448	1.654877
37.2305669784546	1.194531
37.2461969852448	0.5672417
37.2618269920349	-0.2656322
37.2774469852448	-1.256256
37.2930769920349	-2.297776
37.3086969852448	-3.283279
37.3243269920349	-4.160905
37.3399469852448	-4.949835
37.3555769920349	-5.737005
37.3712069988251	-6.637572
37.3868269920349	-7.714787
37.4024569988251	-8.978745
37.4180769920349	-10.32466
37.4337069988251	-11.53702
37.4493269920349	-12.32459
37.4649569988251	-12.37562
37.4805870056152	-11.44198
37.4962069988251	-9.451057
37.5118370056152	-6.542595
37.5274569988251	-3.055984
37.5430870056152	0.5580525
37.5587069988251	3.860809
37.5743370056152	6.531352
37.5899670124054	8.414802
37.6055870056152	9.521328
37.6212170124054	9.959461
37.6368370056152	9.858471
37.6524670124054	9.367636
37.6680870056152	8.598611
37.6837170124054	7.661054
37.699346780777	6.654433
37.7149670124054	5.678483
37.730596780777	4.815764
37.7462170124054	4.113706
37.761846780777	3.579223
37.7774767875671	3.193284
37.793096780777	2.941392
37.8087267875671	2.799557
37.824346780777	2.742109
37.8399767875671	2.73115
37.855596780777	2.697997
37.8712267875671	2.555137
37.8868567943573	2.222376
37.9024767875671	1.646794
37.9181067943573	0.8130538
37.9337267875671	-0.2360786
37.9493567943573	-1.422642
37.9649767875671	-2.644953
37.9806067943573	-3.809871
37.9962368011475	-4.845288
38.0118567943573	-5.747967
38.0274868011475	-6.587981
38.0431067943573	-7.481675
38.0587368011475	-8.551541
38.0743567943573	-9.826239
38.0899868011475	-11.22572
38.1056168079376	-12.50835
38.1212368011475	-13.38502
38.1368668079376	-13.58333
38.1524868011475	-12.93088
38.1681168079376	-11.41206
38.1837368011475	-9.123681
38.1993668079376	-6.252822
38.2149968147278	-3.051578
38.2306168079376	0.1983009
38.2462468147278	3.188268
38.2618668079376	5.613497
38.2774968147278	7.242372
38.2931168079376	7.975955
38.3087468147278	7.864946
38.3243768215179	7.121377
38.3399968147278	6.057081
38.3556268215179	5.001814
38.3712468147278	4.20797
38.3868768215179	3.797072
38.4024968147278	3.746343
38.4181268215179	3.916577
38.4337568283081	4.14451
38.4493768215179	4.287402
38.4650068283081	4.304164
38.4806268215179	4.209682
38.4962568283081	4.051013
38.5118768215179	3.839872
38.5275068283081	3.514305
38.5431368350983	2.999693
38.5587568283081	2.250299
38.5743868350983	1.318364
38.5900068283081	0.3122901
38.6056368350983	-0.62271
38.6212568283081	-1.429489
38.6368868350983	-2.140961
38.6525168418884	-2.861121
38.6681368350983	-3.698305
38.6837668418884	-4.689713
38.6993868350983	-5.814742
38.7150168418884	-7.022398
38.7306368350983	-8.264519
38.7462668418884	-9.502481
38.7618968486786	-10.65849
38.7775168418884	-11.56069
38.7931468486786	-11.95119
38.8087668418884	-11.56376
38.8243968486786	-10.24535
38.8400168418884	-8.056361
38.8556468486786	-5.238171
38.8712768554688	-2.131867
38.8868968486786	0.9423461
38.9025268554688	3.768133
38.9181468486786	6.207603
38.9337768554688	8.17304
38.9493968486786	9.568693
38.9650268554688	10.30888
38.9806568622589	10.34027
38.9962768554688	9.716022
39.0119068622589	8.598507
39.0275268554688	7.232579
39.0431568622589	5.868988
39.0587768554688	4.696179
39.0744068622589	3.828495
39.0900368690491	3.271409
39.1056568622589	2.995888
39.1212868690491	2.943326
39.1369068622589	3.061296
39.1525368690491	3.292244
39.1681568622589	3.568163
39.1837868690491	3.807678
39.1994168758392	3.895269
39.2150368690491	3.731921
39.2306668758392	3.254174
39.2462868690491	2.473715
39.2619168758392	1.468792
39.2775368690491	0.3667367
39.2931668758392	-0.7107236
39.3087968826294	-1.667558
39.3244168758392	-2.477121
39.3400468826294	-3.173918
39.3556668758392	-3.833828
39.3712968826294	-4.56299
39.3869168758392	-5.466541
39.4025468826294	-6.603088
39.4181768894196	-7.947104
39.4337968826294	-9.331865
39.4494268894196	-10.47389
39.4650468826294	-11.00854
39.4806768894196	-10.62963
39.4962968826294	-9.160728
39.5119268894196	-6.653575
39.5275568962097	-3.365932
39.5431768894196	0.3000112
39.5588068962097	3.885097
39.5744268894196	7.005508
39.5900568962097	9.397315
39.6056768894196	10.95834
39.6213068962097	11.7206
39.6369369029999	11.81589
39.6525568962097	11.41551
39.6681869029999	10.69371
39.6838068962097	9.813503
39.6994369029999	8.867067
39.7150568962097	7.896824
39.7306869029999	6.891092
39.74631690979	5.835713
39.7619369029999	4.747404
39.77756690979	3.698971
39.7931869029999	2.798743
39.80881690979	2.155872
39.8244369029999	1.834911
39.84006690979	1.786024
39.8556969165802	1.894812
39.87131690979	1.98746
39.8869469165802	1.919312
39.90256690979	1.618942
39.9181969165802	1.073376
39.9338269233704	0.3261675
39.9494469165802	-0.576441
39.9650769233704	-1.601554
39.9806969165802	-2.763307
39.9963269233704	-4.04579
40.0119469165802	-5.430291
40.0275769233704	-6.860861
40.0432069301605	-8.280737
40.0588269233704	-9.657158
40.0744569301605	-10.98247
40.0900769233704	-12.21208
40.1057069301605	-13.20218
40.1213269233704	-13.70569
40.1369569301605	-13.39382
40.1525869369507	-12.02552
40.1682069301605	-9.570017
40.1838369369507	-6.26628
40.1994569301605	-2.568841
40.2150869369507	1.002827
40.2307069301605	4.017319
40.2463369369507	6.250413
40.2619669437408	7.678573
40.2775869369507	8.393312
40.2932169437408	8.524202
40.3088369369507	8.174547
40.3244669437408	7.437648
40.3400869369507	6.381442
40.3557169437408	5.116325
40.371346950531	3.770667
40.3869669437408	2.504824
40.402596950531	1.463193
40.4182169437408	0.7418666
40.433846950531	0.3374872
40.4494669437408	0.1648831
40.465096950531	0.08681202
40.4807269573212	-0.03326225
40.496346950531	-0.2702093
40.5119769573212	-0.6265256
40.527596950531	-1.065429
40.5432269573212	-1.564293
40.558846950531	-2.14433
40.5744769573212	-2.854415
40.5901069641113	-3.710832
40.6057269573212	-4.668239
40.6213569641113	-5.639993
40.6369769573212	-6.521295
40.6526069641113	-7.287346
40.6682269573212	-8.022731
40.6838569641113	-8.850852
40.6994869709015	-9.868338
40.7151069641113	-11.04793
40.7307369709015	-12.20191
40.7463569641113	-13.03877
40.7619869709015	-13.2489
40.7776069641113	-12.59929
40.7932369709015	-10.98562
40.8088669776917	-8.469511
40.8244869709015	-5.240343
40.8401169776917	-1.593431
40.8557369709015	2.096953
40.8713669776917	5.434193
40.8869869709015	8.064529
40.9026169776917	9.745645
40.9182469844818	10.4097
40.9338669776917	10.17988
40.9494969844818	9.317947
40.9651169776917	8.121502
40.9807469844818	6.840573
40.9963669776917	5.612762
41.0119969844818	4.492451
41.027626991272	3.498323
41.0432469844818	2.687671
41.058876991272	2.158586
41.0744969844818	2.005532
41.090126991272	2.222548
41.1057469844818	2.686025
41.121376991272	3.151934
41.1370069980621	3.374246
41.152626991272	3.230912
41.1682569980621	2.740034
41.183876991272	2.056085
41.1995069980621	1.34289
41.215126991272	0.6807895
41.2307569980621	0.04636621
41.2463870048523	-0.6510868
41.2620069980621	-1.477778
41.2776370048523	-2.44215
41.2932569980621	-3.490818
41.3088870048523	-4.599371
41.3245069980621	-5.801384
41.3401370048523	-7.164505
41.3557670116425	-8.685699
41.3713870048523	-10.20297
41.3870170116425	-11.40973
41.4026370048523	-11.90922
41.4182670116425	-11.38105
41.4338870048523	-9.690425
41.4495170116425	-6.938621
41.465146780014	-3.430492
41.4807670116425	0.415556
41.496396780014	4.188093
41.5120170116425	7.536576
41.527646780014	10.20651
41.5432670116425	12.05658
41.558896780014	13.0426
41.5745267868042	13.21345
41.590146780014	12.67694
41.6057767868042	11.6187
41.621396780014	10.2372
41.6370267868042	8.733569
41.652646780014	7.29106
41.6682767868042	6.022642
41.6839067935944	5.002918
41.6995267868042	4.258178
41.7151567935944	3.773855
41.7307767868042	3.522964
41.7464067935944	3.451699
41.7620267868042	3.477782
41.7776567935944	3.476598
41.7932868003845	3.314723
41.8089067935944	2.88106
41.8245368003845	2.143035
41.8401567935944	1.172587
41.8557868003845	0.1010923
41.8714067935944	-0.9317551
41.8870368003845	-1.85691
41.9026668071747	-2.700044
41.9182868003845	-3.560892
41.9339168071747	-4.555461
41.9495368003845	-5.752932
41.9651668071747	-7.139875
41.9807868003845	-8.653518
41.9964168071747	-10.19212
42.0120468139648	-11.63045
42.0276668071747	-12.81343
42.0432968139648	-13.56047
42.0589168071747	-13.63395
42.0745468139648	-12.80585
42.0901668071747	-10.95609
42.1057968139648	-8.130207
42.121426820755	-4.596498
42.1370468139648	-0.7663403
42.152676820755	2.908335
42.1682968139648	6.048271
42.183926820755	8.393959
42.1995468139648	9.85268
42.215176820755	10.42977
42.2308068275452	10.21402
42.246426820755	9.349324
42.2620568275452	8.046548
42.277676820755	6.584244
42.2933068275452	5.239
42.308926820755	4.23672
42.3245568275452	3.66181
42.3401868343353	3.457298
42.3558068275452	3.478816
42.3714368343353	3.566226
42.3870568275452	3.619788
42.4026868343353	3.609625
42.4183068275452	3.54139
42.4339368343353	3.397215
42.4495668411255	3.113749
42.4651868343353	2.6094
42.4808168411255	1.841915
42.4964368343353	0.8638649
42.5120668411255	-0.2117043
42.5276868343353	-1.247337
42.5433168411255	-2.153772
42.5589468479156	-2.922855
42.5745668411255	-3.626514
42.5901968479156	-4.36577
42.6058168411255	-5.22011
42.6214468479156	-6.245089
42.6370768547058	-7.441093
42.6526968479156	-8.766439
42.6683268547058	-10.10693
42.6839468479156	-11.2742
42.6995768547058	-12.01546
42.7151968479156	-12.07663
42.7308268547058	-11.2643
42.746456861496	-9.539736
42.7620768547058	-7.021374
42.777706861496	-3.938452
42.7933268547058	-0.587513
42.808956861496	2.745243
42.8245768547058	5.795841
42.840206861496	8.340553
42.8558368682861	10.2049
42.871456861496	11.29558
42.8870868682861	11.64382
42.902706861496	11.37733
42.9183368682861	10.6952
42.933956861496	9.773586
42.9495868682861	8.7202
42.9652168750763	7.58176
42.9808368682861	6.383451
42.9964668750763	5.204842
43.0120868682861	4.169424
43.0277168750763	3.409561
43.0433368682861	2.979765
43.0589668750763	2.818838
43.0745968818665	2.776615
43.0902168750763	2.675508
43.1058468818665	2.421577
43.1214668750763	2.008699
43.1370968818665	1.485439
43.1527168750763	0.8886261
43.1683468818665	0.2012119
43.1839768886566	-0.6268368
43.1995968818665	-1.62657
43.2152268886566	-2.765366
43.2308468818665	-3.947155
43.2464768886566	-5.059212
43.2620968818665	-6.036943
43.2777268886566	-6.93144
43.2933568954468	-7.863705
43.3089768886566	-8.947317
43.3246068954468	-10.1939
43.3402268886566	-11.45356
43.3558568954468	-12.409
43.3714768886566	-12.6699
43.3871068954468	-11.90161
43.4027369022369	-9.945099
43.4183568954468	-6.925945
43.4339869022369	-3.199802
43.4496068954468	0.7161503
43.4652369022369	4.313417
43.4808568954468	7.223282
43.4964869022369	9.284599
43.5121169090271	10.51135
43.5277369022369	11.02971
43.5433669090271	10.98846
43.5589869022369	10.49411
43.5746169090271	9.640516
43.5902369022369	8.493237
43.6058669090271	7.147629
43.6214969158173	5.733873
43.6371169090271	4.400276
43.6527469158173	3.280739
43.6683669090271	2.444494
43.6839969158173	1.917555
43.6996169090271	1.666357
43.7152469158173	1.637331
43.7308769226074	1.753864
43.7464969158173	1.930429
43.7621269226074	2.083799
43.7777469158173	2.134008
43.7933769226074	2.011135
43.8089969158173	1.648264
43.8246269226074	1.021107
43.8402569293976	0.1271534
43.8558769226074	-0.9785194
43.8715069293976	-2.216541
43.8871269226074	-3.502506
43.9027569293976	-4.771975
43.9183769226074	-6.016624
43.9340069293976	-7.251904
43.9496369361877	-8.511059
43.9652569293976	-9.769535
43.9808869361877	-10.91957
43.9965069293976	-11.73449
44.0121369361877	-11.94176
44.0277569293976	-11.28799
44.0433869361877	-9.624451
44.0590169429779	-6.995928
44.0746369361877	-3.618219
44.0902669429779	0.1570759
44.1058869361877	3.927603
44.1215169429779	7.304806
44.1371369361877	9.982275
44.1527669429779	11.76357
44.1683969497681	12.58128
44.1840169429779	12.51506
44.1996469497681	11.74953
44.2152669429779	10.54044
44.2308969497681	9.127087
44.2465169429779	7.691006
44.2621469497681	6.321617
44.2777769565582	5.050587
44.2933969497681	3.895075
44.3090269565582	2.903891
44.3246469497681	2.159267
44.3402769565582	1.736803
44.3558969497681	1.643272
44.3715269565582	1.795475
44.3871569633484	2.022039
44.4027769565582	2.142668
44.4184069633484	2.020992
44.4340269565582	1.62221
44.4496569633484	1.001648
44.4652769565582	0.2502995
44.4809069633484	-0.5640965
44.4965369701385	-1.430067
44.5121569633484	-2.372356
44.5277869701385	-3.413568
44.5434069633484	-4.526178
44.5590369701385	-5.649595
44.5746569633484	-6.716114
44.5902869701385	-7.716946
44.6059169769287	-8.717535
44.6215369701385	-9.804703
44.6371669769287	-11.00449
44.6527869701385	-12.18501
44.6684169769287	-13.03814
44.6840369701385	-13.16677
44.6996669769287	-12.24194
44.7152969837189	-10.14019
44.7309169769287	-7.001562
44.7465469837189	-3.177406
44.7621669769287	0.8706532
44.7777969837189	4.707556
44.793426990509	7.977869
44.8090469837189	10.42867
44.824676990509	11.90585
44.8402969837189	12.3725
44.855926990509	11.9185
44.8715469837189	10.76687
44.887176990509	9.241808
44.9028069972992	7.67869
44.918426990509	6.346813
44.9340569972992	5.390947
44.949676990509	4.810806
44.9653069972992	4.517044
44.980926990509	4.381119
44.9965569972992	4.317097
45.0121870040894	4.273384
45.0278069972992	4.242006
45.0434370040894	4.221428
45.0590569972992	4.174614
45.0746870040894	4.022884
45.0903069972992	3.666168
45.1059370040894	3.030273
45.1215670108795	2.127167
45.1371870040894	1.071026
45.1528170108795	0.01425362
45.1684370040894	-0.8955784
45.1840670108795	-1.604813
45.1996870040894	-2.184628
45.2153170108795	-2.78796
45.2309467792511	-3.582647
45.2465670108795	-4.669777
45.2621967792511	-6.056046
45.2778170108795	-7.647425
45.2934467792511	-9.288353
45.3090670108795	-10.78345
45.3246967792511	-11.90871
45.3403267860413	-12.44431
45.3559467792511	-12.17515
45.3715767860413	-10.95112
45.3871967792511	-8.720455
45.4028267860413	-5.619719
45.4184467792511	-1.961601
45.4340767860413	1.8095
45.4497067928314	5.224836
45.4653267860413	7.914101
45.4809567928314	9.70376
45.4965767860413	10.62612
45.5122067928314	10.85852
45.5278267860413	10.62071
45.5434567928314	10.07547
45.5590867996216	9.299702
45.5747067928314	8.31378
45.5903367996216	7.126326
45.6059567928314	5.785885
45.6215867996216	4.385323
45.6372067928314	3.055729
45.6528367996216	1.932333
45.6684668064117	1.123283
45.6840867996216	0.6871262
45.6997168064117	0.6304998
45.7153367996216	0.8943882
45.7309668064117	1.35155
45.7465867996216	1.842929
45.7622168064117	2.182074
45.7778468132019	2.207365
45.7934668064117	1.823647
45.8090968132019	1.031674
45.8247168064117	-0.07423973
45.8403468132019	-1.331233
45.8559668064117	-2.541052
45.8715968132019	-3.573385
45.8872268199921	-4.37196
45.9028468132019	-5.007174
45.9184768199921	-5.645735
45.9340968132019	-6.46085
45.9497268199921	-7.552155
45.9653468132019	-8.870589
45.9809768199921	-10.20999
45.9966068267822	-11.23909
46.0122268199921	-11.63322
46.0278568267822	-11.12852
46.0434768199921	-9.607917
46.0591068267822	-7.134985
46.0747268199921	-3.922579
46.0903568267822	-0.3112631
46.1059868335724	3.285681
46.1216068267822	6.476789
46.1372368335724	8.94244
46.1528568267822	10.48853
46.1684868335724	11.08807
46.1841068267822	10.84512
46.1997368335724	9.957573
46.2153668403625	8.670956
46.2309868335724	7.216023
46.2466168403625	5.780474
46.2622368335724	4.484837
46.2778668403625	3.38845
46.2934868335724	2.491198
46.3091168403625	1.787256
46.3247468471527	1.252195
46.3403668403625	0.8919749
46.3559968471527	0.7425809
46.3716168403625	0.8271894
46.3872468471527	1.111239
46.4028668403625	1.470773
46.4184968471527	1.689038
46.4341268539429	1.55222
46.4497468471527	0.9365621
46.4653768539429	-0.1122713
46.4809968471527	-1.413402
46.4966268539429	-2.711887
46.5122468471527	-3.824493
46.5278768539429	-4.734038
46.543506860733	-5.569094
46.5591268539429	-6.546931
46.574756860733	-7.850522
46.5903768539429	-9.525756
46.606006860733	-11.44473
46.6216268539429	-13.34211
46.637256860733	-14.8593
46.6528868675232	-15.64505
46.668506860733	-15.43625
46.6841368675232	-14.09267
46.699756860733	-11.64957
46.7153868675232	-8.323524
46.731006860733	-4.478503
46.7466368675232	-0.5458007
46.7622668743134	3.068364
46.7778868675232	6.06209
46.7935168743134	8.254148
46.8091368675232	9.598145
46.8247668743134	10.12489
46.8403868675232	9.925771
46.8560168743134	9.140141
46.8716468811035	7.952914
46.8872668743134	6.573881
46.9028968811035	5.194728
46.9185168743134	3.985219
46.9341468811035	3.02282
46.9497668743134	2.309391
46.9653968811035	1.817274
46.9810268878937	1.506149
46.9966468811035	1.356605
47.0122768878937	1.369285
47.0278968811035	1.519757
47.0435268878937	1.749434
47.0591468811035	1.940962
47.0747768878937	1.946469
47.0904068946838	1.642111
47.1060268878937	1.024914
47.1216568946838	0.1648371
47.1372768878937	-0.7971783
47.1529068946838	-1.737024
47.168536901474	-2.635021
47.1841568946838	-3.560684
47.199786901474	-4.639638
47.2154068946838	-5.948882
47.231036901474	-7.465996
47.2466568946838	-9.035055
47.262286901474	-10.43954
47.2779169082642	-11.44829
47.293536901474	-11.88829
47.3091669082642	-11.63132
47.324786901474	-10.59423
47.3404169082642	-8.723865
47.356036901474	-6.059795
47.3716669082642	-2.766689
47.3872969150543	0.8598027
47.4029169082642	4.397707
47.4185469150543	7.45264
47.4341669082642	9.736568
47.4497969150543	11.12363
47.4654169082642	11.66315
47.4810469150543	11.49536
47.4966769218445	10.7866
47.5122969150543	9.687975
47.5279269218445	8.308458
47.5435469150543	6.780486
47.5591769218445	5.255599
47.5747969150543	3.916394
47.5904269218445	2.891703
47.6060569286346	2.281205
47.6216769218445	2.077456
47.6373069286346	2.19104
47.6529269218445	2.487938
47.6685569286346	2.811114
47.6841769218445	3.015304
47.6998069286346	2.99914
47.7154369354248	2.694024
47.7310569286346	2.06606
47.7466869354248	1.142618
47.7623069286346	0.009708405
47.7779369354248	-1.170597
47.7935569286346	-2.226521
47.8091869354248	-3.033617
47.824816942215	-3.589334
47.8404369354248	-4.025534
47.856066942215	-4.548593
47.8716869354248	-5.373721
47.887316942215	-6.576981
47.9029369354248	-8.068626
47.918566942215	-9.560175
47.9341969490051	-10.67308
47.949816942215	-11.03207
47.9654469490051	-10.39059
47.981066942215	-8.699679
47.9966969490051	-6.097726
48.012316942215	-2.887909
48.0279469490051	0.5433834
48.0435769557953	3.79604
48.0591969490051	6.552852
48.0748269557953	8.62453
48.0904469490051	9.949791
48.1060769557953	10.56976
48.1216969490051	10.57023
48.1373269557953	10.04063
48.1529569625854	9.06166
48.1685769557953	7.732511
48.1842069625854	6.196188
48.1998269557953	4.651449
48.2154569625854	3.304571
48.2310769557953	2.317037
48.2467069625854	1.744593
48.2623369693756	1.527029
48.2779569625854	1.515826
48.2935869693756	1.554
48.3092069625854	1.542248
48.3248369693756	1.447253
48.3404569625854	1.281221
48.3560869693756	1.052808
48.3717169761658	0.7375674
48.3873369693756	0.2794709
48.4029669761658	-0.3760215
48.4185869693756	-1.247567
48.4342169761658	-2.304071
48.4498369693756	-3.4598
48.4654669761658	-4.647782
48.4810969829559	-5.841368
48.4967169761658	-7.064595
48.5123469829559	-8.33848
48.5279669761658	-9.614061
48.5435969829559	-10.74439
48.5592169761658	-11.45529
48.5748469829559	-11.45631
48.5904769897461	-10.52559
48.6060969829559	-8.619272
48.6217269897461	-5.90128
48.6373469829559	-2.692093
48.6529769897461	0.6307284
48.6685969829559	3.738355
48.6842269897461	6.399368
48.6998569965363	8.479278
48.7154769897461	9.879135
48.7311069965363	10.52797
48.7467269897461	10.3857
48.7623569965363	9.502323
48.7779769897461	8.039967
48.7936069965363	6.279106
48.8092370033264	4.536999
48.8248569965363	3.061948
48.8404870033264	1.974829
48.8561069965363	1.254573
48.8717370033264	0.8126035
48.8873569965363	0.5715858
48.9029870033264	0.506016
48.9186170101166	0.5895436
48.9342370033264	0.757966
48.9498670101166	0.8727276
48.9654870033264	0.7447662
48.9811170101166	0.2568605
48.9967370033264	-0.6064781
49.0123670101166	-1.74386
49.0279967784882	-3.005991
49.0436170101166	-4.276175
49.0592467784882	-5.547971
49.0748670101166	-6.877615
49.0904967784882	-8.345155
49.1061170101166	-9.9574
49.1217467784882	-11.6235
49.1373767852783	-13.16786
49.1529967784882	-14.3772
49.1686267852783	-15.03913
49.1842467784882	-14.94908
49.1998767852783	-13.9577
49.2154967784882	-11.99084
49.2311267852783	-9.119414
49.2467567920685	-5.571343
49.2623767852783	-1.703976
49.2780067920685	2.040644
49.2936267852783	5.256535
49.3092567920685	7.644734
49.3248767852783	9.095126
49.3405067920685	9.661367
49.3717567920685	8.939727
49.3873867988586	8.041799
49.4030067920685	6.92182
49.4186367988586	5.578498
49.4342567920685	4.026309
49.4498867988586	2.37435
49.4655168056488	0.8380535
49.4811367988586	-0.3132799
49.4967668056488	-0.8884897
49.5123867988586	-0.8899705
49.5280168056488	-0.5286956
49.5436367988586	-0.1214888
49.5592668056488	0.04687929
49.574896812439	-0.1287603
49.5905168056488	-0.6005473
49.606146812439	-1.219864
49.6217668056488	-1.87735
49.637396812439	-2.542817
49.6530268192291	-3.272523
49.668646812439	-4.15069
49.6842768192291	-5.232051
49.699896812439	-6.527126
49.7155268192291	-8.014743
49.731146812439	-9.639979
49.7467768192291	-11.31445
49.7624068260193	-12.85791
49.7780268192291	-13.98827
49.7936568260193	-14.36774
49.8092768192291	-13.71195
49.8249068260193	-11.88523
49.8405268192291	-8.984106
49.8561568260193	-5.30337
49.8717868328094	-1.253787
49.8874068260193	2.740502
49.9030368328094	6.312452
49.9186568260193	9.202366
49.9342868328094	11.247
49.9499068260193	12.38145
49.9655368328094	12.65021
49.9811668395996	12.1784
49.9967868328094	11.15293
50.0124168395996	9.786847
50.0280368328094	8.288998
50.0436668395996	6.821262
50.0592868328094	5.515291
50.0749168395996	4.461294
50.0905468463898	3.721247
50.1061668395996	3.336946
50.1217968463898	3.268499
50.1374168395996	3.419949
50.1530468463898	3.614794
50.1686668395996	3.672195
50.1842968463898	3.465086
50.1999268531799	2.962877
50.2155468463898	2.234589
50.2311768531799	1.396278
50.2467968463898	0.5528469
50.2624268531799	-0.2766933
50.2780468463898	-1.132963
50.2936768531799	-2.096199
50.3093068599701	-3.232038
50.3249268531799	-4.543186
50.3405568599701	-5.974354
50.3561768531799	-7.449335
50.3718068599701	-8.884956
50.3874268531799	-10.18923
50.4030568599701	-11.22565
50.4186868667603	-11.77191
50.4343068599701	-11.54594
50.4499368667603	-10.31255
50.4655568599701	-7.957268
50.4811868667603	-4.601061
50.4968068599701	-0.571806
50.5124368667603	3.651621
50.5280668735504	7.584702
50.5436868667603	10.82267
50.5593168735504	13.11383
50.5749368667603	14.3668
50.5905668735504	14.64088
50.6061868667603	14.10763
50.6218168735504	13.0215
50.6374468803406	11.66369
50.6530668735504	10.27405
50.6686968803406	9.004143
50.6843168735504	7.91477
50.6999468803406	6.983629
50.7155668735504	6.189331
50.7311968803406	5.535229
50.7468268871307	5.05106
50.7624468803406	4.757137
50.7780768871307	4.649992
50.7936968803406	4.656456
50.8093268871307	4.667824
50.8249468803406	4.571768
50.8405768871307	4.256023
50.8562068939209	3.652029
50.8718268871307	2.72814
50.8874568939209	1.509394
50.9030768871307	0.1114197
50.9187068939209	-1.300465
50.9343268871307	-2.53072
50.9499568939209	-3.462681
50.9655869007111	-4.105909
50.9812068939209	-4.640265
50.9968369007111	-5.323507
51.0124568939209	-6.377054
51.0280869007111	-7.865183
51.0437068939209	-9.628685
51.0593369007111	-11.33119
51.0749669075012	-12.55281
51.0905869007111	-12.91426
51.1062169075012	-12.14428
51.1218369007111	-10.15929
51.1374669075012	-7.06929
51.1530869007111	-3.171862
51.1687169075012	1.067072
51.1843469142914	5.151346
51.1999669075012	8.629782
51.2155969142914	11.22905
51.2312169075012	12.88796
51.2468469142914	13.70424
51.2624669075012	13.83567
51.2780969142914	13.4341
51.2937269210815	12.61259
51.3093469142914	11.46245
51.3249769210815	10.14085
51.3405969142914	8.829285
51.3562269210815	7.734531
51.3718469142914	7.002998
51.3874769210815	6.672598
51.4031069278717	6.666115
51.4187269210815	6.850889
51.4343569278717	7.087938
51.4499769210815	7.281612
51.4656069278717	7.411005
51.4812269210815	7.492022
51.4968569278717	7.539528
51.5124869346619	7.529781
51.5281069278717	7.373175
51.5437369346619	6.953608
51.5593569278717	6.172344
51.5749869346619	5.018364
51.5906069278717	3.607241
51.6062369346619	2.1835
51.621866941452	1.034578
51.6374869346619	0.3865089
51.653116941452	0.3116703
51.6687369346619	0.692481
51.684366941452	1.294342
51.6999869346619	1.851307
51.715616941452	2.170633
51.7312469482422	2.217656
51.746866941452	2.14782
51.7624969482422	2.275372
51.778116941452	2.983965
51.7937469482422	4.595889
51.809366941452	7.2338
51.8249969482422	10.75212
51.8406269550323	14.76558
51.8562469482422	18.79417
51.8718769550323	22.46625
51.8874969482422	25.70939
51.9031269550323	28.74552
51.9187569618225	31.96619
51.9343769550323	35.64907
51.9500069618225	39.74072
51.9656269550323	43.7926
51.9812569618225	47.1395
51.9968769550323	49.21095
52.0125069618225	49.79758
52.0281369686127	49.14176
52.0437569618225	47.86346
52.0593869686127	46.69366
52.0750069618225	46.15359
52.0906369686127	46.34355
52.1062569618225	46.88087
52.1218869686127	46.91807
52.1375169754028	45.34821
52.1531369686127	40.92322
52.1687669754028	32.59512
52.1843869686127	19.97029
52.2000169754028	3.568497
52.2156369686127	-15.1115
52.2312669754028	-33.89522
52.246896982193	-50.62132
52.2625169754028	-63.8292
52.278146982193	-73.29861
52.2937669754028	-80.12196
52.309396982193	-86.0912
52.3250169754028	-92.77226
52.340646982193	-100.6215
52.3562769889832	-108.7226
52.371896982193	-115.0838
52.3875269889832	-117.4106
52.403146982193	-114.0061
52.4187769889832	-104.4077
52.434396982193	-89.81583
52.4500269889832	-72.56612
52.4656569957733	-55.26245
52.4812769889832	-39.8964
52.4969069957733	-27.45367
52.5125269889832	-17.98733
52.5281569957733	-10.97054
52.5437769889832	-5.609818
52.5594069957733	-1.007927
52.5750370025635	3.3032
52.5906569957733	7.539017
52.6062870025635	11.96948
52.6219069957733	16.83292
52.6375370025635	22.06259
52.6531569957733	27.0302
52.6687870025635	30.66377
52.6844170093536	32.10893
52.7000370025635	31.20851
52.7156670093536	28.04047
52.7312870025635	22.98966
52.7469170093536	16.93956
52.7625370025635	11.20976
52.7781670093536	7.08918
52.7937970161438	5.306358
52.8094170093536	5.838219
52.8250470161438	8.051308
52.8406670093536	10.93384
52.8562970161438	12.53169
52.8719170093536	10.49339
52.8875470161438	3.236122
52.9031767845154	-9.451797
52.9187970161438	-26.76535
52.9344267845154	-47.66742
52.9500470161438	-71.37342
52.9656767845154	-97.30118
52.9812970161438	-118.8153
52.9969267845154	-128.7921
53.0125567913055	-123.4544
53.0281767845154	-104.5468
53.0438067913055	-77.34682
53.0594267845154	-46.97566
53.0750567913055	-16.79188
53.0906767845154	11.36372
53.1063067913055	36.67587
53.1219367980957	58.24356
53.1375567913055	76.93962
53.1531867980957	92.48359
53.1688067913055	104.2606
53.1844367980957	112.1582
53.2000567913055	116.5813
53.2156867980957	118.1372
53.2313168048859	117.5264
53.2469367980957	115.6216
53.2625668048859	111.9275
53.2781867980957	106.206
53.2938168048859	97.9002
53.3094367980957	86.84565
53.3250668048859	73.58645
53.340696811676	59.17789
53.3563168048859	44.64811
53.371946811676	30.76646
53.3875668048859	18.02264
53.403196811676	6.697525
53.4188168048859	-3.253143
53.434446811676	-12.42345
53.4500768184662	-21.28827
53.465696811676	-29.81615
53.4813268184662	-37.59733
53.496946811676	-44.10078
53.5125768184662	-48.88485
53.528196811676	-51.66574
53.5438268184662	-52.31607
53.5594568252563	-50.84144
53.5750768184662	-47.59574
53.5907068252563	-42.92126
53.6063268184662	-36.97076
53.6219568252563	-29.84469
53.6375768184662	-21.81919
53.6532068252563	-13.44233
53.6688368320465	-5.5233
53.6844568252563	1.1064
53.7000868320465	5.887062
53.7157068252563	8.538536
53.7313368320465	9.261215
53.7469568252563	8.685516
53.7625868320465	7.624603
53.7782168388367	6.733383
53.7938368320465	6.321899
53.8094668388367	6.357056
53.8250868320465	6.584518
53.8407168388367	6.79969
53.8563368320465	6.827461
53.8719668388367	6.567162
53.8875968456268	6.001114
53.9032168388367	5.09201
53.9188468456268	3.758728
53.9344668388367	1.89785
53.9500968456268	-0.6033173
53.9657168388367	-3.794189
53.9813468456268	-7.564049
53.996976852417	-11.64584
54.0125968456268	-15.62878
54.028226852417	-18.98965
54.0438468456268	-21.26665
54.059476852417	-22.15452
54.0750968456268	-21.51949
54.090726852417	-19.41637
54.1063568592072	-15.98053
54.121976852417	-11.39392
54.1376068592072	-5.875511
54.153226852417	0.2702103
54.1688568592072	6.615295
54.184476852417	12.62447
54.2001068592072	17.73334
54.2157368659973	21.50514
54.2313568592072	23.68784
54.2469868659973	24.25594
54.2626068592072	23.33316
54.2782368659973	21.1198
54.2938568592072	17.78789
54.3094868659973	13.48108
54.3251168727875	8.323242
54.3407368659973	2.46315
54.3563668727875	-3.8134
54.3719868659973	-10.09354
54.3876168727875	-15.79678
54.4032368659973	-20.28619
54.4188668727875	-22.98512
54.4344968795776	-23.56271
54.4501168727875	-22.02486
54.4657468795776	-18.77867
54.4813668727875	-14.53235
54.4969968795776	-10.12125
54.5126268863678	-6.304825
54.5282468795776	-3.58812
54.5438768863678	-2.141449
54.5594968795776	-1.865677
54.5751268863678	-2.486618
54.5907468795776	-3.686035
54.6063768863678	-5.171692
54.622006893158	-6.704025
54.6376268863678	-8.083069
54.653256893158	-9.140305
54.6688768863678	-9.738785
54.684506893158	-9.775925
54.7001268863678	-9.235474
54.715756893158	-8.182892
54.7313868999481	-6.785934
54.747006893158	-5.285645
54.7626368999481	-3.946106
54.778256893158	-2.999939
54.7938868999481	-2.607864
54.809506893158	-2.834747
54.8251368999481	-3.64267
54.8407669067383	-4.948959
54.8563868999481	-6.640884
54.8720169067383	-8.643982
54.8876368999481	-10.91052
54.9032669067383	-13.41199
54.9188868999481	-16.11568
54.9345169067383	-18.99854
54.9501469135284	-22.03325
54.9657669067383	-25.1801
54.9813969135284	-28.33368
54.9970169067383	-31.25729
55.0126469135284	-33.57439
55.0282669067383	-34.80029
55.0438969135284	-34.42058
55.0595269203186	-32.05399
55.0751469135284	-27.62581
55.0907769203186	-21.39603
55.1063969135284	-13.98521
55.1220269203186	-6.246429
55.1376469135284	0.9238434
55.1532769203186	6.796188
55.1689069271088	10.90448
55.1845269203186	13.10431
55.2001569271088	13.5235
55.2157769203186	12.4541
55.2314069271088	10.26828
55.2470269203186	7.325241
55.2626569271088	3.981232
55.2782869338989	0.5809937
55.2939069271088	-2.520218
55.3095369338989	-5.027969
55.3251569271088	-6.757599
55.3407869338989	-7.693939
55.3564069271088	-7.95948
55.3720369338989	-7.759094
55.3876669406891	-7.309563
55.4032869338989	-6.772095
55.4189169406891	-6.26268
55.4345369338989	-5.900246
55.4501669406891	-5.831825
55.4657869338989	-6.223045
55.4814169406891	-7.181839
55.4970469474792	-8.722572
55.5126669406891	-10.75452
55.5282969474792	-13.15502
55.5439169406891	-15.83291
55.5595469474792	-18.80902
55.5751669406891	-22.21423
55.5907969474792	-26.17482
55.6064269542694	-30.70012
55.6220469474792	-35.56174
55.6376769542694	-40.29656
55.6532969474792	-44.21692
55.6689269542694	-46.59283
55.6845469474792	-46.83489
55.7001769542694	-44.7059
55.7158069610596	-40.43523
55.7314269542694	-34.70488
55.7470569610596	-28.47676
55.7626769542694	-22.73162
55.7783069610596	-18.22623
55.7939269542694	-15.32652
55.8095569610596	-14.051
55.8251869678497	-14.18489
55.8408069610596	-15.47665
55.8564369678497	-17.70371
55.8720569610596	-20.63971
55.8876869678497	-23.99481
55.9033069610596	-27.29565
55.9189369678497	-29.9195
55.9345669746399	-31.22152
55.9501869678497	-30.71441
55.9658169746399	-28.22454
55.9814369678497	-23.92477
55.9970669746399	-18.23697
56.0126869678497	-11.69049
56.0283169746399	-4.796377
56.0439469814301	2.035809
56.0595669746399	8.487633
56.0751969814301	14.27582
56.0908169746399	19.15281
56.1064469814301	22.97723
56.1220669746399	25.73137
56.1376969814301	27.56578
56.1533269882202	28.67594
56.1689469814301	29.19907
56.1845769882202	29.16519
56.2001969814301	28.54844
56.2158269882202	27.42374
56.2314469814301	26.06895
56.2470769882202	25.02885
56.2627069950104	24.97879
56.2783269882202	26.52839
56.2939569950104	29.97271
56.3095769882202	35.18747
56.3252069950104	41.68336
56.3408269882202	48.69258
56.3564569950104	55.32713
56.3720870018005	60.71225
56.3877069950104	64.07413
56.4033370018005	64.81429
56.4189569950104	62.63007
56.4345870018005	57.58772
56.4502069950104	50.12923
56.4658370018005	41.00951
56.4814670085907	31.12581
56.4970870018005	21.3275
56.5127170085907	12.27621
56.5283370018005	4.375122
56.5439670085907	-2.219727
56.5595870018005	-7.513626
56.5752170085907	-11.58948
56.5908470153809	-14.57382
56.6064670085907	-16.61223
56.6220970153809	-17.92252
56.6377170085907	-18.72968
56.6533470153809	-19.27028
56.6689670085907	-19.72827
56.6845970153809	-20.2058
56.7002267837524	-20.75015
56.7158470153809	-21.36403
56.7314767837524	-22.07704
56.7470970153809	-22.95448
56.7627267837524	-24.09895
56.7783567905426	-25.59846
56.7939767837524	-27.46445
56.8096067905426	-29.5658
56.8252267837524	-31.56827
56.8408567905426	-32.93007
56.8564767837524	-32.97678
56.8721067905426	-31.06046
56.8877367973328	-26.75183
56.9033567905426	-20.00255
56.9189867973328	-11.19757
56.9346067905426	-1.103165
56.9502367973328	9.358841
56.9658567905426	19.29272
56.9814867973328	28.02934
56.9971168041229	35.15335
57.0127367973328	40.48183
57.0283668041229	43.9451
57.0439867973328	45.55017
57.0596168041229	45.3627
57.0752367973328	43.56387
57.0908668041229	40.4939
57.1064968109131	36.64026
57.1221168041229	32.5347
57.1377468109131	28.66354
57.1533668041229	25.33954
57.1689968109131	22.68222
57.1846168041229	20.6705
57.2002468109131	19.20123
57.2158768177032	18.14847
57.2314968109131	17.35385
57.2471268177032	16.64734
57.2627468109131	15.81332
57.2783768177032	14.6813
57.2939968109131	13.1698
57.3096268177032	11.35156
57.3252568244934	9.411041
57.3408768177032	7.560181
57.3565068244934	5.875916
57.3721268177032	4.253143
57.3877568244934	2.400635
57.4033768177032	-0.000793457
57.4190068244934	-3.105835
57.4346368312836	-6.787476
57.4502568244934	-10.57156
57.4658868312836	-13.73019
57.4815068244934	-15.43845
57.4971368312836	-15.00845
57.5127568244934	-12.0636
57.5283868312836	-6.672882
57.5440168380737	0.6166687
57.5596368312836	8.918945
57.5752668380737	17.1759
57.5908868312836	24.40359
57.6065168380737	29.88309
57.6221368312836	33.26306
57.6377668380737	34.54886
57.6533968448639	34.00748
57.6690168380737	32.01785
57.6846468448639	28.96005
57.7002668380737	25.19223
57.7158968448639	21.07239
57.7315168380737	16.96252
57.7471468448639	13.25153
57.7627768516541	10.25015
57.7783968448639	8.111786
57.7940268516541	6.782745
57.8096468448639	6.009125
57.8252768516541	5.397736
57.8408968448639	4.59082
57.8565268516541	3.342255
57.8721568584442	1.636566
57.8877768516541	-0.363678
57.9034068584442	-2.394531
57.9190268516541	-4.22583
57.9346568584442	-5.72345
57.9502768516541	-6.931915
57.9659068584442	-8.034454
57.9815368652344	-9.288605
57.9971568584442	-10.99503
58.0127868652344	-13.39352
58.0284068584442	-16.53403
58.0440368652344	-20.19821
58.0596568584442	-23.82007
58.0752868652344	-26.55392
58.0909168720245	-27.45929
58.1065368652344	-25.79727
58.1221668720245	-21.28363
58.1377868652344	-14.23206
58.1534168720245	-5.485992
58.1690368652344	3.816772
58.1846668720245	12.54343
58.2002968788147	19.80307
58.2159168720245	25.09085
58.2315468788147	28.25644
58.2471668720245	29.41095
58.2627968788147	28.83563
58.2784168720245	26.88538
58.2940468788147	23.97064
58.3096768856049	20.53729
58.3252968788147	17.03967
58.3409268856049	13.91315
58.3565468788147	11.46442
58.3721768856049	9.828918
58.3877968788147	8.923218
58.4034268856049	8.485535
58.419056892395	8.184113
58.4346768856049	7.752838
58.450306892395	7.038605
58.4659268856049	6.023712
58.481556892395	4.798462
58.4971768856049	3.445313
58.512806892395	2.031158
58.5284368991852	0.5570374
58.544056892395	-0.9963684
58.5596868991852	-2.679688
58.575306892395	-4.546326
58.5909368991852	-6.638184
58.606556892395	-8.980438
58.6221868991852	-11.53906
58.6378169059753	-14.17633
58.6534368991852	-16.61343
58.6690669059753	-18.43289
58.6846868991852	-19.13519
58.7003169059753	-18.26709
58.7159368991852	-15.55051
58.7315669059753	-10.97458
58.7471969127655	-4.85141
58.7628169059753	2.239075
58.7784469127655	9.535583
58.7940669059753	16.26578
58.8096969127655	21.76627
58.8253169059753	25.61301
58.8409469127655	27.6579
58.8565769195557	28.0163
58.8721969127655	27.0025
58.8878269195557	25.01315
58.9034469127655	22.44244
58.9190769195557	19.61469
58.9346969127655	16.79514
58.9503269195557	14.18967
58.9659569263458	11.96115
58.9815769195557	10.22412
58.9972069263458	8.982117
59.0128269195557	8.14978
59.0284569263458	7.53299
59.044086933136	6.929718
59.0597069263458	6.174286
59.075336933136	5.179321
59.0909569263458	3.926483
59.106586933136	2.422546
59.1222069263458	0.686554
59.137836933136	-1.276428
59.1534669399261	-3.454346
59.169086933136	-5.808594
59.1847169399261	-8.25531
59.200336933136	-10.67477
59.2159669399261	-12.96414
59.231586933136	-15.06265
59.2472169399261	-17.02838
59.2628469467163	-19.005
59.2784669399261	-21.18887
59.2940969467163	-23.66144
59.3097169399261	-26.28253
59.3253469467163	-28.60663
59.3409669399261	-29.95874
59.3565969467163	-29.62851
59.3722269535065	-27.13812
59.3878469467163	-22.41931
59.4034769535065	-15.86511
59.4190969467163	-8.213287
59.4347269535065	-0.2839355
59.4503469467163	7.174194
59.4659769535065	13.61319
59.4816069602966	18.69327
59.4972269535065	22.23962
59.5128569602966	24.23053
59.5284769535065	24.80026
59.5441069602966	24.21106
59.5597269535065	22.82889
59.5753569602966	21.04498
59.5909869670868	19.17337
59.6066069602966	17.40549
59.6222369670868	15.82242
59.6378569602966	14.42719
59.6534869670868	13.2229
59.6691069602966	12.19702
59.6847369670868	11.33661
59.700366973877	10.57458
59.7159869670868	9.822906
59.731616973877	8.982727
59.7472369670868	7.980743
59.762866973877	6.775269
59.7784869670868	5.328766
59.794116973877	3.584656
59.8097469806671	1.461182
59.825366973877	-1.092407
59.8409969806671	-4.036041
59.856616973877	-7.214417
59.8722469806671	-10.38109
59.887866973877	-13.27727
59.9034969806671	-15.70129
59.9191269874573	-17.60834
59.9347469806671	-19.08293
59.9503769874573	-20.32243
59.9659969806671	-21.53345
59.9816269874573	-22.88657
59.9972469806671	-24.42113
60.0128769874573	-26.03584
60.0285069942474	-27.44771
60.0441269874573	-28.21767
60.0597569942474	-27.83189
60.0753769874573	-25.81487
60.0910069942474	-21.89603
60.1066269874573	-16.13435
60.1222569942474	-8.949249
60.1378870010376	-1.091461
60.1535069942474	6.616531
60.1691370010376	13.42787
60.1847569942474	18.87146
60.2003870010376	22.76547
60.2160069942474	25.14496
60.2316370010376	26.12997
60.2472670078278	25.85509
60.2628870010376	24.48369
60.2785170078278	22.27301
60.2941370010376	19.62317
60.3097670078278	17.05154
60.3253870010376	15.0619
60.3410170078278	13.97653
60.3566470146179	13.83511
60.3722670078278	14.3911
60.3878970146179	15.24422
60.4035170078278	15.98538
60.4191470146179	16.33757
60.4347670078278	16.19252
60.4503970146179	15.58339
60.4660267829895	14.60716
60.4816470146179	13.36133
60.4972767829895	11.88742
60.5128970146179	10.18623
60.5285267829895	8.246033
60.5441470146179	6.079926
60.5597767829895	3.745773
60.5754067897797	1.357407
60.5910267829895	-0.9354401
60.6066567897797	-2.981232
60.6222767829895	-4.641342
60.6379067897797	-5.85379
60.6535267829895	-6.624817
60.6691567897797	-7.075699
60.6847867965698	-7.430466
60.7004067897797	-7.940933
60.7160367965698	-8.838669
60.7316567897797	-10.19992
60.7472867965698	-11.87383
60.7629067897797	-13.47299
60.7785367965698	-14.47017
60.79416680336	-14.36935
60.8097867965698	-12.91231
60.82541680336	-10.14293
60.8410367965698	-6.423569
60.85666680336	-2.320267
60.8722867965698	1.539429
60.88791680336	4.572708
60.9035468101501	6.32338
60.91916680336	6.478333
60.9347968101501	4.891907
60.95041680336	1.60495
60.9660468101501	-3.121506
60.98166680336	-8.805786
60.9972968101501	-14.79497
61.0129268169403	-20.36749
61.0285468101501	-24.86102
61.0441768169403	-27.7854
61.0597968101501	-28.91963
61.0754268169403	-28.27382
61.0910468101501	-26.05478
61.1066768169403	-22.55519
61.1223068237305	-18.08551
61.1379268169403	-12.95332
61.1535568237305	-7.449661
61.1691768169403	-1.864105
61.1848068237305	3.512558
61.2004268169403	8.397354
61.2160568237305	12.56912
61.2316868305206	15.83356
61.2473068237305	18.05168
61.2629368305206	19.10526
61.2785568237305	18.90723
61.2941868305206	17.44554
61.3098068237305	14.85283
61.3254368305206	11.42245
61.3410668373108	7.552673
61.3566868305206	3.653854
61.3723168373108	0.008346558
61.3879368305206	-3.303665
61.4035668373108	-6.370438
61.4191868305206	-9.299545
61.4348168373108	-12.11158
61.450446844101	-14.62176
61.4660668373108	-16.4818
61.481696844101	-17.26378
61.4973168373108	-16.60034
61.512946844101	-14.33553
61.5285668373108	-10.57176
61.544196844101	-5.657288
61.5598268508911	-0.1051788
61.575446844101	5.522881
61.5910768508911	10.73816
61.606696844101	15.16071
61.6223268508911	18.55913
61.6379568576813	20.79843
61.6535768508911	21.8159
61.6692068576813	21.61768
61.6848268508911	20.29156
61.7004568576813	18.05555
61.7160768508911	15.26904
61.7317068576813	12.37621
61.7473368644714	9.803062
61.7629568576813	7.836327
61.7785868644714	6.532188
61.7942068576813	5.719101
61.8098368644714	5.119293
61.8254568576813	4.458374
61.8410868644714	3.606094
61.8567168712616	2.59523
61.8723368644714	1.56501
61.8879668712616	0.6533356
61.9035868644714	-0.1178284
61.9192168712616	-0.8648605
61.9348368644714	-1.784737
61.9504668712616	-3.021263
61.9660968780518	-4.597076
61.9817168712616	-6.377876
61.9973468780518	-8.143394
62.0129668712616	-9.712227
62.0285968780518	-10.99857
62.0442168712616	-12.04128
62.0598468780518	-12.95277
62.0754768848419	-13.8801
62.0910968780518	-14.93347
62.1067268848419	-16.19625
62.1223468780518	-17.66544
62.1379768848419	-19.22543
62.1535968780518	-20.60271
62.1692268848419	-21.38516
62.1848568916321	-21.08721
62.2004768848419	-19.31007
62.2161068916321	-15.87787
62.2317268848419	-10.96297
62.2473568916321	-5.069603
62.2629768848419	1.12056
62.2786068916321	6.890854
62.2942368984222	11.65795
62.3098568916321	15.07415
62.3254868984222	17.01843
62.3411068916321	17.5568
62.3567368984222	16.8684
62.3723568916321	15.18573
62.3879868984222	12.76265
62.4036169052124	9.869976
62.4192368984222	6.767574
62.4348669052124	3.681335
62.4504868984222	0.8181076
62.4661169052124	-1.666962
62.4817368984222	-3.682491
62.4973669052124	-5.182167
62.5129969120026	-6.195297
62.5286169052124	-6.782646
62.5442469120026	-7.038334
62.5598669052124	-7.070339
62.5754969120026	-6.997177
62.5911169052124	-6.933678
62.6067469120026	-6.991016
62.6223769187927	-7.27438
62.6379969120026	-7.84404
62.6536269187927	-8.715878
62.6692469120026	-9.84568
62.6848769187927	-11.13426
62.7004969120026	-12.4849
62.7161269187927	-13.82895
62.7317569255829	-15.1811
62.7473769187927	-16.65283
62.7630069255829	-18.35881
62.7786269187927	-20.30225
62.7942569255829	-22.30312
62.8098769187927	-23.94595
62.8255069255829	-24.6987
62.841136932373	-24.04671
62.8567569255829	-21.6757
62.872386932373	-17.59006
62.8880069255829	-12.13825
62.903636932373	-5.896948
62.9192569255829	0.4723186
62.934886932373	6.356888
62.9505169391632	11.30904
62.966136932373	15.04873
62.9817669391632	17.44989
62.997386932373	18.51907
63.0130169391632	18.36112
63.028636932373	17.15899
63.0442669391632	15.16312
63.0598969459534	12.69309
63.0755169391632	10.06543
63.0911469459534	7.564741
63.1067669391632	5.401453
63.1223969459534	3.681435
63.1380169391632	2.440269
63.1536469459534	1.666389
63.1692769527435	1.326771
63.1848969459534	1.353651
63.2005269527435	1.605953
63.2161469459534	1.866245
63.2317769527435	1.87739
63.2473969459534	1.439711
63.2630269527435	0.4808636
63.2786569595337	-0.9135551
63.2942769527435	-2.568205
63.3099069595337	-4.32058
63.3255269527435	-6.085619
63.3411569595337	-7.908665
63.3567769527435	-9.87706
63.3724069595337	-12.05124
63.3880369663239	-14.4037
63.4036569595337	-16.79215
63.4192869663239	-18.99948
63.4349069595337	-20.74049
63.4505369663239	-21.69718
63.4661569595337	-21.55745
63.4817869663239	-20.05262
63.497416973114	-17.04765
63.5130369663239	-12.59732
63.528666973114	-7.002741
63.5442869663239	-0.7884178
63.559916973114	5.411814
63.5755369663239	10.97959
63.591166973114	15.42235
63.6067969799042	18.47329
63.622416973114	20.0604
63.6380469799042	20.29017
63.653666973114	19.37
63.6692969799042	17.55304
63.684916973114	15.1165
63.7005469799042	12.35107
63.7161769866943	9.570751
63.7317969799042	7.074036
63.7474269866943	5.112892
63.7630469799042	3.793013
63.7786769866943	3.085127
63.7942969799042	2.831186
63.8099269866943	2.811937
63.8255569934845	2.836477
63.8411769866943	2.784857
63.8568069934845	2.602596
63.8724269866943	2.279314
63.8880569934845	1.788809
63.9036870002747	1.074886
63.9193069934845	0.05104828
63.9349370002747	-1.347277
63.9505569934845	-3.131756
63.9661870002747	-5.211504
63.9818069934845	-7.418392
63.9974370002747	-9.590393
64.0130670070648	-11.62887
64.0286870002747	-13.55147
64.0443170070648	-15.45559
64.0599370002747	-17.41919
64.0755670070648	-19.35842
64.0911870002747	-20.96358
64.1068170070648	-21.72171
64.122447013855	-21.0873
64.1380670070648	-18.69064
64.153697013855	-14.50103
64.1693170070648	-8.874643
64.184947013855	-2.418488
64.2005670070648	4.159864
64.216197013855	10.21404
64.2318267822266	15.24702
64.247447013855	18.9289
64.2630767822266	21.07277
64.278697013855	21.635
64.2943267822266	20.74545
64.309947013855	18.72157
64.3255767822266	16.02868
64.3412067890167	13.16168
64.3568267822266	10.52181
64.3724567890167	8.355865
64.3880767822266	6.748137
64.4037067890167	5.660744
64.4193267822266	5.019714
64.4349567890167	4.728436
64.4505867958069	4.637753
64.4662067890167	4.558968
64.4818367958069	4.301998
64.4974567890167	3.722055
64.5130867958069	2.794453
64.5287067890167	1.603172
64.5443367958069	0.2781887
64.559966802597	-1.100899
64.5755867958069	-2.555655
64.591216802597	-4.182615
64.6068367958069	-6.036072
64.622466802597	-8.071808
64.6380867958069	-10.1837
64.653716802597	-12.2768
64.6693468093872	-14.39081
64.684966802597	-16.67361
64.7005968093872	-19.27951
64.716216802597	-22.16915
64.7318468093872	-25.00473
64.747466802597	-27.15549
64.7630968093872	-27.893
64.7787268161774	-26.63823
64.7943468093872	-23.1724
64.8099768161774	-17.68922
64.8255968093872	-10.77164
64.8412268161774	-3.201954
64.8568468093872	4.185749
64.8724768161774	10.67216
64.8881068229675	15.74939
64.9037268161774	19.1655
64.9193568229675	20.89291
64.9349768161774	21.0942
64.9506068229675	20.05415
64.9662268161774	18.08119
64.9818568229675	15.52674
64.9974868297577	12.7461
65.0131068229675	10.11648
65.0287368297577	7.980701
65.0443568229675	6.579971
65.0599868297577	5.985054
65.0756068229675	6.088348
65.0912368297577	6.643154
65.1068668365479	7.403297
65.1224868297577	8.166508
65.1381168365479	8.816734
65.1537368297577	9.273045
65.1693668365479	9.440006
65.1849868297577	9.18581
65.2006168365479	8.381229
65.216246843338	6.969852
65.2318668365479	5.048626
65.247496843338	2.83313
65.2631168365479	0.5955124
65.278746843338	-1.470661
65.2943668365479	-3.313061
65.309996843338	-5.003666
65.3256268501282	-6.696766
65.341246843338	-8.507107
65.3568768501282	-10.45588
65.372496843338	-12.43329
65.3881268501282	-14.21558
65.403746843338	-15.48348
65.4193768501282	-15.85199
65.4350068569183	-14.94032
65.4506268501282	-12.45512
65.4662568569183	-8.323967
65.4818768501282	-2.778046
65.4975068569183	3.616692
65.5131268501282	10.05359
65.5287568569183	15.7033
65.5443868637085	19.9052
65.5600068569183	22.33405
65.5756368637085	23.01607
65.5912568569183	22.23329
65.6068868637085	20.39153
65.6225068569183	17.88568
65.6381368637085	15.04557
65.6537668704987	12.13521
65.6693868637085	9.407021
65.6850168704987	7.07077
65.7006368637085	5.284782
65.7162668704987	4.096121
65.7318868637085	3.409189
65.7475168704987	3.029215
65.7631468772888	2.730299
65.7787668704987	2.340078
65.7943968772888	1.776304
65.8100168704987	1.04463
65.8256468772888	0.1678486
65.8412668704987	-0.8441792
65.8568968772888	-2.02169
65.872526884079	-3.418447
65.8881468772888	-5.073511
65.903776884079	-6.994843
65.9193968772888	-9.155567
65.935026884079	-11.47187
65.9506468772888	-13.84662
65.966276884079	-16.17939
65.9819068908691	-18.40162
65.997526884079	-20.49251
66.0131568908691	-22.48874
66.028776884079	-24.38884
66.0444068908691	-26.0962
66.060026884079	-27.3801
66.0756568908691	-27.8602
66.0912868976593	-27.14813
66.1069068908691	-24.94762
66.1225368976593	-21.16784
66.1381568908691	-15.95822
66.1537868976593	-9.698879
66.1694169044495	-2.912651
66.1850368976593	3.827785
66.2006669044495	9.968063
66.2162868976593	15.07843
66.2319169044495	18.90128
66.2475368976593	21.38959
66.2631669044495	22.69007
66.2787969112396	23.07552
66.2944169044495	22.84908
66.3100469112396	22.27271
66.3256669044495	21.52258
66.3412969112396	20.72649
66.3569169044495	19.97317
66.3725469112396	19.3545
66.3881769180298	18.93472
66.4037969112396	18.73076
66.4194269180298	18.68261
66.4350469112396	18.65998
66.4506769180298	18.52346
66.4662969112396	18.15383
66.4819269180298	17.49303
66.4975569248199	16.53268
66.5131769180298	15.28499
66.5288069248199	13.736
66.5444269180298	11.86767
66.5600569248199	9.66889
66.5756769180298	7.21295
66.5913069248199	4.62066
66.6069369316101	2.03279
66.6225569248199	-0.4784422
66.6381869316101	-2.974338
66.6538069248199	-5.627501
66.6694369316101	-8.628535
66.6850569248199	-12.04395
66.7006869316101	-15.68699
66.7163169384003	-19.10911
66.7319369316101	-21.69329
66.7475669384003	-22.82837
66.7631869316101	-22.09899
66.7788169384003	-19.40432
66.7944369316101	-15.01225
66.8100669384003	-9.480105
66.8256969451904	-3.557397
66.8413169384003	2.027257
66.8569469451904	6.6634
66.8725669384003	9.982819
66.8881969451904	11.86505
66.9038169384003	12.40449
66.9194469451904	11.82729
66.9350769519806	10.39067
66.9506969451904	8.344637
66.9663269519806	5.919888
66.9819469451904	3.332829
66.9975769519806	0.8131552
67.0131969451904	-1.412218
67.0288269519806	-3.159321
67.0444569587708	-4.318337
67.0600769519806	-4.906938
67.0757069587708	-5.030885
67.0913269519806	-4.848842
67.1069569587708	-4.524045
67.1225769519806	-4.179234
67.1382069587708	-3.905288
67.1538369655609	-3.776471
67.1694569587708	-3.857385
67.1850869655609	-4.191815
67.2007069587708	-4.782015
67.2163369655609	-5.576168
67.2319569587708	-6.478567
67.2475869655609	-7.414387
67.2632169723511	-8.36862
67.2788369655609	-9.41737
67.2944669723511	-10.67741
67.3100869655609	-12.23489
67.3257169723511	-14.06863
67.3413369655609	-15.9535
67.3569669723511	-17.48794
67.3725969791412	-18.16906
67.3882169723511	-17.53923
67.4038469791412	-15.31569
67.4194669723511	-11.50992
67.4350969791412	-6.453598
67.4507169723511	-0.727253
67.4663469791412	4.987167
67.4819769859314	10.07637
67.4975969791412	14.13641
67.5132269859314	17.01555
67.5288469791412	18.75052
67.5444769859314	19.47589
67.5600969791412	19.28482
67.5757269859314	18.24485
67.5913569927216	16.44092
67.6069769859314	14.05877
67.6226069927216	11.43903
67.6382269859314	8.973726
67.6538569927216	6.98218
67.6694769859314	5.605186
67.6851069927216	4.772785
67.7007369995117	4.273804
67.7163569927216	3.871082
67.7319869995117	3.381401
67.7476069927216	2.675659
67.7632369995117	1.651329
67.7788569927216	0.1686821
67.7944869995117	-1.914425
67.8101170063019	-4.679443
67.8257369995117	-8.097878
67.8413670063019	-11.97005
67.8569869995117	-16.02284
67.8726170063019	-19.9758
67.8882369995117	-23.63979
67.9038670063019	-26.90855
67.919497013092	-29.71274
67.9351170063019	-31.91283
67.950747013092	-33.20583
67.9663670063019	-33.13251
67.981997013092	-31.13719
67.9976170063019	-26.79676
68.013247013092	-20.00868
68.0288767814636	-11.15929
68.044497013092	-1.077213
68.0601267814636	9.111408
68.075747013092	18.31709
68.0913767814636	25.71184
68.106997013092	30.85732
68.1226267814636	33.71191
68.1382567882538	34.47281
68.1538767814636	33.42842
68.1695067882538	30.89593
68.1851267814636	27.20466
68.2007567882538	22.72981
68.2163767814636	17.8892
68.2320067882538	13.12549
68.2476367950439	8.819717
68.2632567882538	5.221745
68.2788867950439	2.428715
68.2945067882538	0.4038658
68.3101367950439	-0.9696846
68.3257567882538	-1.858063
68.3413867950439	-2.423264
68.3570168018341	-2.787018
68.3726367950439	-3.022896
68.3882668018341	-3.206917
68.4038867950439	-3.416946
68.4195168018341	-3.746201
68.4351367950439	-4.301826
68.4507668018341	-5.162163
68.4663968086243	-6.380787
68.4820168018341	-7.947895
68.4976468086243	-9.816254
68.5132668018341	-11.9074
68.5288968086243	-14.13183
68.5445168018341	-16.37325
68.5601468086243	-18.4408
68.5757768154144	-20.06206
68.5913968086243	-20.87043
68.6070268154144	-20.49259
68.6226468086243	-18.61554
68.6382768154144	-15.13218
68.6538968086243	-10.21284
68.6695268154144	-4.315975
68.6851568222046	1.884171
68.7007768154144	7.640747
68.7164068222046	12.31388
68.7320268154144	15.53603
68.7476568222046	17.26403
68.7632868289948	17.72202
68.7789068222046	17.26411
68.7945368289948	16.21885
68.8101568222046	14.80372
68.8257868289948	13.13492
68.8414068222046	11.31587
68.8570368289948	9.492134
68.8726668357849	7.870163
68.8882868289948	6.625584
68.9039168357849	5.829662
68.9195368289948	5.379799
68.9351668357849	5.065342
68.9507868289948	4.677197
68.9664168357849	4.094208
68.9820468425751	3.340042
68.9976668357849	2.51474
69.0132968425751	1.685081
69.0289168357849	0.8337097
69.0445468425751	-0.1675529
69.0601668357849	-1.444344
69.0757968425751	-3.071316
69.0914268493652	-4.979038
69.1070468425751	-7.010967
69.1226768493652	-9.008209
69.1382968425751	-10.90837
69.1539268493652	-12.79761
69.1695468425751	-14.82242
69.1851768493652	-17.05785
69.2008068561554	-19.37463
69.2164268493652	-21.38649
69.2320568561554	-22.53189
69.2476768493652	-22.26669
69.2633068561554	-20.23978
69.2789268493652	-16.44296
69.2945568561554	-11.21574
69.3101868629456	-5.12735
69.3258068561554	1.137688
69.3414368629456	6.949989
69.3570568561554	11.82545
69.3726868629456	15.46469
69.3883068561554	17.73124
69.4039368629456	18.65244
69.4195668697357	18.35378
69.4351868629456	17.02116
69.4508168697357	14.87801
69.4664368629456	12.1573
69.4820668697357	9.123184
69.4976868629456	6.077118
69.5133168697357	3.334953
69.5289468765259	1.187561
69.5445668697357	-0.1594772
69.5601968765259	-0.6710968
69.5758168697357	-0.4913025
69.5914468765259	0.08022308
69.6070668697357	0.6872406
69.6226968765259	1.01062
69.638326883316	0.8801575
69.6539468765259	0.2826691
69.669576883316	-0.6697693
69.6851968765259	-1.830246
69.700826883316	-3.114166
69.7164468765259	-4.532127
69.732076883316	-6.160797
69.7477068901062	-8.086136
69.763326883316	-10.31593
69.7789568901062	-12.77363
69.794576883316	-15.29562
69.8102068901062	-17.65424
69.825826883316	-19.60489
69.8414568901062	-20.88342
69.8570868968964	-21.19165
69.8727068901062	-20.23968
69.8883368968964	-17.81755
69.9039568901062	-13.89361
69.9195868968964	-8.71051
69.9352068901062	-2.793976
69.9508368968964	3.158569
69.9664669036865	8.446289
69.9820868968964	12.53503
69.9977169036865	15.14773
70.0133368968964	16.27467
70.0289669036865	16.05978
70.0445868968964	14.75076
70.0602169036865	12.59384
70.0758469104767	9.834511
70.0914669036865	6.742561
70.1070969104767	3.6073
70.1227169036865	0.7199936
70.1383469104767	-1.655403
70.1539669036865	-3.337372
70.1695969104767	-4.261208
70.1852269172668	-4.4767
70.2008469104767	-4.149002
70.2164769172668	-3.542961
70.2320969104767	-2.945595
70.2477269172668	-2.626945
70.2633469104767	-2.742538
70.2789769172668	-3.32695
70.294606924057	-4.294685
70.3102269172668	-5.508186
70.325856924057	-6.85672
70.3414769172668	-8.289009
70.357106924057	-9.819916
70.3727269172668	-11.48585
70.388356924057	-13.34182
70.4039869308472	-15.38705
70.419606924057	-17.56833
70.4352369308472	-19.72054
70.450856924057	-21.57639
70.4664869308472	-22.73594
70.482106924057	-22.71382
70.4977369308472	-21.09362
70.5133669376373	-17.65537
70.5289869308472	-12.54536
70.5446169376373	-6.281845
70.5602369308472	0.3615265
70.5758669376373	6.568958
70.5914869308472	11.7078
70.6071169376373	15.45645
70.6227469444275	17.81865
70.6383669376373	18.97749
70.6539969444275	19.18681
70.6696169376373	18.6603
70.6852469444275	17.56113
70.7008669376373	16.06771
70.7164969444275	14.3896
70.7321269512177	12.77133
70.7477469444275	11.43248
70.7633769512177	10.48647
70.7789969444275	9.910187
70.7946269512177	9.582516
70.8102469444275	9.355152
70.8258769512177	9.10807
70.8415069580078	8.816948
70.8571269512177	8.479744
70.8727569580078	8.133976
70.8883769512177	7.750881
70.9040069580078	7.239754
70.919636964798	6.442593
70.9352569580078	5.229134
70.950886964798	3.554825
70.9665069580078	1.499157
70.982136964798	-0.7253761
70.9977569580078	-2.879623
71.013386964798	-4.809788
71.0290169715881	-6.533146
71.044636964798	-8.23101
71.0602669715881	-10.12089
71.075886964798	-12.2718
71.0915169715881	-14.47914
71.107136964798	-16.29203
71.1227669715881	-17.11873
71.1383969783783	-16.48177
71.1540169715881	-14.19305
71.1696469783783	-10.41615
71.1852669715881	-5.597946
71.2008969783783	-0.3304176
71.2165169715881	4.816357
71.2321469783783	9.366581
71.2477769851685	12.99107
71.2633969783783	15.50178
71.2790269851685	16.83859
71.2946469783783	17.0704
71.3102769851685	16.36655
71.3258969783783	14.95648
71.3415269851685	13.09631
71.3571569919586	11.03777
71.3727769851685	9.028889
71.3884069919586	7.274853
71.4040269851685	5.9347
71.4196569919586	5.047512
71.4352769851685	4.557987
71.4509069919586	4.31768
71.4665369987488	4.160053
71.4821569919586	3.962868
71.4977869987488	3.68367
71.5134069919586	3.315334
71.5290369987488	2.831055
71.5446569919586	2.198887
71.5602869987488	1.35146
71.5759170055389	0.2326202
71.5915369987488	-1.158775
71.6071670055389	-2.750717
71.6227869987488	-4.402924
71.6384170055389	-5.953545
71.6540369987488	-7.292454
71.6696670055389	-8.395962
71.6852970123291	-9.367798
71.7009170055389	-10.40155
71.7165470123291	-11.70717
71.7321670055389	-13.3646
71.7477970123291	-15.2278
71.7634170055389	-16.89637
71.7790470123291	-17.8314
71.7946767807007	-17.54462
71.8102970123291	-15.76429
71.8259267807007	-12.54112
71.8415470123291	-8.182358
71.8571767807007	-3.163029
71.8727970123291	2.010738
71.8884267807007	6.856903
71.9040567874908	10.97005
71.9196767807007	14.04925
71.9353067874908	15.92359
71.9509267807007	16.56592
71.9665567874908	16.11541
71.9821767807007	14.81266
71.9978067874908	12.9731
72.013436794281	10.91742
72.0290567874908	8.928616
72.044686794281	7.235504
72.0603067874908	5.986912
72.075936794281	5.210938
72.0915567874908	4.825344
72.107186794281	4.68631
72.1228168010712	4.649597
72.138436794281	4.664505
72.1540668010712	4.740616
72.169686794281	4.917736
72.1853168010712	5.166004
72.200936794281	5.358353
72.2165668010712	5.281818
72.2321968078613	4.735592
72.2478168010712	3.630169
72.2634468078613	2.028942
72.2790668010712	0.1373749
72.2946968078613	-1.785088
72.3103168010712	-3.527218
72.3259468078613	-4.998997
72.3415768146515	-6.242023
72.3571968078613	-7.419804
72.3728268146515	-8.730541
72.3884468078613	-10.35168
72.4040768146515	-12.35155
72.4196968078613	-14.63771
72.4353268146515	-16.94209
72.4509568214417	-18.85255
72.4665768146515	-19.85784
72.4822068214417	-19.49433
72.4978268146515	-17.47204
72.5134568214417	-13.79012
72.5290768146515	-8.764793
72.5447068214417	-2.982281
72.5603368282318	2.864552
72.5759568214417	8.151363
72.5915868282318	12.41294
72.6072068214417	15.4413
72.6228368282318	17.2174
72.6384568214417	17.85679
72.6540868282318	17.54093
72.669716835022	16.49542
72.6853368282318	14.9421
72.700966835022	13.10125
72.7165868282318	11.18003
72.732216835022	9.336391
72.7478368282318	7.70768
72.763466835022	6.38271
72.7790968418121	5.413101
72.794716835022	4.802017
72.8103468418121	4.487804
72.825966835022	4.349342
72.8415968418121	4.24181
72.857216835022	4.034447
72.8728468418121	3.651131
72.8884768486023	3.091007
72.9040968418121	2.404202
72.9197268486023	1.638592
72.9353468418121	0.8426628
72.9509768486023	0.01517487
72.9665968418121	-0.8515091
72.9822268486023	-1.755035
72.9978568553925	-2.653194
73.0134768486023	-3.49614
73.0291068553925	-4.237335
73.0447268486023	-4.904034
73.0603568553925	-5.615372
73.0759768486023	-6.529655
73.0916068553925	-7.791016
73.1072368621826	-9.396141
73.1228568553925	-11.13414
73.1384868621826	-12.62664
73.1541068553925	-13.43482
73.1697368621826	-13.22366
73.1853568553925	-11.86113
73.2009868621826	-9.445095
73.2166168689728	-6.215561
73.2322368621826	-2.468929
73.2478668689728	1.536507
73.2634868621826	5.580727
73.2791168689728	9.426361
73.2947368621826	12.80207
73.3103668689728	15.42519
73.3259968757629	17.06133
73.3416168689728	17.59648
73.3572468757629	17.10681
73.3728668689728	15.82191
73.3884968757629	14.06837
73.4041168689728	12.20451
73.4197468757629	10.51028
73.4353768825531	9.171955
73.4509968757629	8.250519
73.4666268825531	7.681412
73.4822468757629	7.298504
73.4978768825531	6.939754
73.5134968757629	6.500439
73.5291268825531	5.984241
73.5447568893433	5.462605
73.5603768825531	4.970764
73.5760068893433	4.460358
73.5916268825531	3.778816
73.6072568893433	2.743271
73.6228868961334	1.238716
73.6385068893433	-0.7021866
73.6541368961334	-2.923981
73.6697568893433	-5.22876
73.6853868961334	-7.46608
73.7010068893433	-9.599945
73.7166368961334	-11.67033
73.7322669029236	-13.74219
73.7478868961334	-15.83378
73.7635169029236	-17.89729
73.7791368961334	-19.80406
73.7947669029236	-21.38016
73.8103868961334	-22.39322
73.8260169029236	-22.56429
73.8416469097137	-21.65714
73.8572669029236	-19.54684
73.8728969097137	-16.29339
73.8885169029236	-12.14114
73.9041469097137	-7.447884
73.9197669029236	-2.611336
73.9353969097137	2.008087
73.9510269165039	6.11216
73.9666469097137	9.45314
73.9822769165039	11.81579
73.9978969097137	13.06573
74.0135269165039	13.1822
74.0291469097137	12.31161
74.0447769165039	10.73599
74.0604069232941	8.801689
74.0760269165039	6.82103
74.0916569232941	5.014221
74.1072769165039	3.491219
74.1229069232941	2.274734
74.1385269165039	1.363403
74.1541569232941	0.72892
74.1697869300842	0.367897
74.1854069232941	0.2642441
74.2010369300842	0.3909302
74.2166569232941	0.6620407
74.2322869300842	0.9401627
74.2479069232941	1.035828
74.2635369300842	0.7613831
74.2791669368744	0.01377869
74.2947869300842	-1.188019
74.3104169368744	-2.700974
74.3260369300842	-4.338463
74.3416669368744	-5.936111
74.3572869300842	-7.452354
74.3729169368744	-8.92881
74.3885469436646	-10.48454
74.4041669368744	-12.22116
74.4197969436646	-14.17233
74.4354169368744	-16.25641
74.4510469436646	-18.2699
74.4666669368744	-19.90432
74.4822969436646	-20.78238
74.4979269504547	-20.54786
74.5135469436646	-18.93899
74.5291769504547	-15.8686
74.5447969436646	-11.48862
74.5604269504547	-6.18441
74.5760469436646	-0.5085831
74.5916769504547	4.913651
74.6073069572449	9.532684
74.6229269504547	12.97466
74.6385569572449	15.10217
74.6541769504547	15.98979
74.6698069572449	15.85368
74.6854269504547	14.95299
74.7010569572449	13.52397
74.716686964035	11.75877
74.7323069572449	9.801834
74.747936964035	7.80806
74.7635569572449	5.952995
74.779186964035	4.377533
74.7948069572449	3.173088
74.810436964035	2.364334
74.8260669708252	1.900894
74.841686964035	1.715591
74.8573169708252	1.715195
74.872936964035	1.795319
74.8885669708252	1.821365
74.904186964035	1.652496
74.9198169708252	1.145134
74.9354469776154	0.2136459
74.9510669708252	-1.172081
74.9666969776154	-2.969582
74.9823169708252	-5.077454
74.9979469776154	-7.344147
75.0135669708252	-9.638344
75.0291969776154	-11.8446
75.0448269844055	-13.93068
75.0604469776154	-15.93435
75.0760769844055	-17.93334
75.0916969776154	-19.96906
75.1073269844055	-21.92748
75.1229469776154	-23.5148
75.1385769844055	-24.30369
75.1542069911957	-23.88276
75.1698269844055	-22.01357
75.1854569911957	-18.73236
75.2010769844055	-14.35219
75.2167069911957	-9.338905
75.2323269844055	-4.190453
75.2479569911957	0.6733398
75.2635869979858	4.949005
75.2792069911957	8.399441
75.2948369979858	10.83353
75.3104569911957	12.10487
75.3260869979858	12.12157
75.3417069911957	10.95316
75.3573369979858	8.875259
75.372967004776	6.335045
75.3885869979858	3.860672
75.404217004776	1.907425
75.4198369979858	0.7265778
75.435467004776	0.3205338
75.4510869979858	0.5022507
75.466717004776	1.011307
75.4823470115662	1.622437
75.497967004776	2.205414
75.5135970115662	2.681873
75.529217004776	2.994389
75.5448470115662	3.041588
75.560467004776	2.722927
75.5760970115662	1.969395
75.5917267799377	0.8039703
75.6073470115662	-0.6828003
75.6229767799377	-2.375557
75.6385970115662	-4.178047
75.6542267799377	-6.053112
75.6698470115662	-8.011581
75.6854767799377	-10.05313
75.7011067867279	-12.1268
75.7167267799377	-14.10809
75.7323567867279	-15.78448
75.7479767799377	-16.85803
75.7636067867279	-16.99219
75.7792367935181	-15.86066
75.7948567867279	-13.24386
75.8104867935181	-9.114086
75.8261067867279	-3.742561
75.8417367935181	2.343414
75.8573567867279	8.449602
75.8729867935181	13.89101
75.8886168003082	18.15352
75.9042367935181	20.99076
75.9198668003082	22.43716
75.9354867935181	22.70461
75.9511168003082	22.06945
75.9667367935181	20.806
75.9823668003082	19.14344
75.9979968070984	17.26746
76.0136168003082	15.33702
76.0292468070984	13.49748
76.0448668003082	11.86624
76.0604968070984	10.52941
76.0761168003082	9.515844
76.0917468070984	8.805376
76.1073768138885	8.322155
76.1229968070984	7.924562
76.1386268138885	7.454136
76.1542468070984	6.756604
76.1698768138885	5.728968
76.1854968070984	4.373156
76.2011268138885	2.78405
76.2167568206787	1.118839
76.2323768138885	-0.4917755
76.2480068206787	-1.979031
76.2636268138885	-3.39068
76.2792568206787	-4.855539
76.2948768138885	-6.530404
76.3105068206787	-8.519382
76.3261368274689	-10.83223
76.3417568206787	-13.36822
76.3573868274689	-15.90946
76.3730068206787	-18.16257
76.3886368274689	-19.76775
76.4042568206787	-20.36166
76.4198868274689	-19.59994
76.435516834259	-17.25913
76.4511368274689	-13.31908
76.466766834259	-8.062605
76.4823868274689	-2.044167
76.498016834259	4.016928
76.5136368274689	9.386266
76.529266834259	13.52497
76.5448968410492	16.17533
76.560516834259	17.37451
76.5761468410492	17.37038
76.591766834259	16.49749
76.6073968410492	15.07186
76.623016834259	13.3257
76.6386468410492	11.42604
76.6542768478394	9.486334
76.6698968410492	7.620956
76.6855268478394	5.920488
76.7011468410492	4.458965
76.7167768478394	3.307626
76.7323968410492	2.492972
76.7480268478394	2.018361
76.7636568546295	1.849142
76.7792768478394	1.909717
76.7949068546295	2.067174
76.8105268478394	2.180662
76.8261568546295	2.079585
76.8417768478394	1.618177
76.8574068546295	0.698123
76.8730368614197	-0.6971221
76.8886568546295	-2.460398
76.9042868614197	-4.391904
76.9199068546295	-6.22295
76.9355368614197	-7.766104
76.9511568546295	-8.940054
76.9667868614197	-9.875207
76.9824168682098	-10.81985
76.9980368614197	-12.01024
77.0136668682098	-13.52193
77.0292868614197	-15.15104
77.0449168682098	-16.46003
77.0605368614197	-16.90828
77.0761668682098	-16.06598
77.091796875	-13.71367
77.1074168682098	-9.918817
77.123046875	-4.993679
77.1386668682098	0.6159163
77.154296875	6.368317
77.1699168682098	11.73655
77.185546875	16.21765
77.2011768817902	19.41139
77.216796875	21.07798
77.2324268817902	21.21483
77.248046875	20.04285
77.2636768817902	17.96296
77.279296875	15.47577
77.2949268817902	13.0179
77.3105568885803	10.90388
77.3261768817902	9.25613
77.3418068885803	8.085657
77.3574268817902	7.298164
77.3730568885803	6.816708
77.3886768817902	6.587011
77.4043068885803	6.568727
77.4199368953705	6.728107
77.4355568885803	6.944168
77.4511868953705	7.052898
77.4668068885803	6.868076
77.4824368953705	6.247007
77.4980568885803	5.149117
77.5136868953705	3.655146
77.5293169021606	1.913536
77.5449368953705	0.09500504
77.5605669021606	-1.63732
77.5761868953705	-3.196686
77.5918169021606	-4.543076
77.6074368953705	-5.73267
77.6230669021606	-6.882923
77.6386969089508	-8.16715
77.6543169021606	-9.743839
77.6699469089508	-11.68517
77.6855669021606	-13.86179
77.7011969089508	-15.90734
77.7168169021606	-17.28369
77.7324469089508	-17.41277
77.748076915741	-15.89583
77.7636969089508	-12.67327
77.779326915741	-8.05475
77.7949469089508	-2.617609
77.810576915741	2.961094
77.8261969089508	8.076788
77.841826915741	12.32781
77.8574569225311	15.49532
77.873076915741	17.53014
77.8887069225311	18.45282
77.904326915741	18.37506
77.9199569225311	17.42904
77.935576915741	15.83051
77.9512069225311	13.82427
77.9668369293213	11.66973
77.9824569225311	9.613415
77.9980869293213	7.818506
78.0137069225311	6.40032
78.0293369293213	5.394354
78.0449669361115	4.79578
78.0605869293213	4.566257
78.0762169361115	4.626738
78.0918369293213	4.89088
78.1074669361115	5.228155
78.1230869293213	5.513556
78.1387169361115	5.621449
78.1543469429016	5.457492
78.1699669361115	4.960099
78.1855969429016	4.09858
78.2012169361115	2.886626
78.2168469429016	1.357755
78.2324669361115	-0.3967867
78.2480969429016	-2.251339
78.2637269496918	-4.067115
78.2793469429016	-5.762908
78.2949769496918	-7.342708
78.3105969429016	-8.931958
78.3262269496918	-10.68417
78.3418469429016	-12.64096
78.3574769496918	-14.6713
78.3731069564819	-16.39686
78.3887269496918	-17.31754
78.4043569564819	-16.94402
78.4199769496918	-15.01998
78.4356069564819	-11.59968
78.4512269496918	-7.061024
78.4668569564819	-1.996932
78.4824869632721	2.961753
78.4981069564819	7.290858
78.5137369632721	10.67727
78.5293569564819	12.98014
78.5449869632721	14.20109
78.5606069564819	14.4073
78.5762369632721	13.69158
78.5918669700623	12.19094
78.6074869632721	10.09839
78.6231169700623	7.676294
78.6387369632721	5.221386
78.6543669700623	3.017143
78.6699869632721	1.259468
78.6856169700623	0.02770472
78.7012469768524	-0.6807722
78.7168669700623	-0.9460007
78.7324969768524	-0.863645
78.7481169700623	-0.5436824
78.7637469768524	-0.116185
78.7793669700623	0.2276596
78.7949969768524	0.3100685
78.8106269836426	-0.04297821
78.8262469768524	-0.8930256
78.8418769836426	-2.186784
78.8574969768524	-3.762569
78.8731269836426	-5.409862
78.8887469768524	-6.971585
78.9043769836426	-8.371257
78.9200069904327	-9.643188
78.9356269836426	-10.8752
78.9512569904327	-12.15139
78.9668769836426	-13.51462
78.9825069904327	-14.92851
78.9981269836426	-16.2721
79.0137569904327	-17.33004
79.0293869972229	-17.84105
79.0450069904327	-17.51575
79.0606369972229	-16.11415
79.0762569904327	-13.50331
79.0918869972229	-9.764655
79.1075069904327	-5.179041
79.1231369972229	-0.1914239
79.1387670040131	4.672816
79.1543869972229	8.93869
79.1700170040131	12.25041
79.1856369972229	14.41559
79.2012670040131	15.397
79.2168869972229	15.29777
79.2325170040131	14.30289
79.2481470108032	12.65812
79.2637670040131	10.6577
79.2793970108032	8.596143
79.2950170040131	6.754982
79.3106470108032	5.326404
79.3262670040131	4.395275
79.3418970108032	3.903734
79.3575267791748	3.716561
79.3731470108032	3.685817
79.3887767791748	3.691153
79.4043970108032	3.685702
79.4200267791748	3.630364
79.4356470108032	3.462282
79.4512767791748	3.083083
79.466906785965	2.374053
79.4825267791748	1.267618
79.498156785965	-0.192543
79.5137767791748	-1.855901
79.529406785965	-3.519942
79.5450267791748	-5.038554
79.560656785965	-6.38714
79.5762867927551	-7.659605
79.591906785965	-9.029299
79.6075367927551	-10.64117
79.623156785965	-12.50183
79.6387867927551	-14.43387
79.654406785965	-16.08934
79.6700367927551	-17.03131
79.6856667995453	-16.83431
79.7012867927551	-15.2479
79.7169167995453	-12.25562
79.7325367927551	-8.125969
79.7481667995453	-3.327944
79.7637867927551	1.603593
79.7794167995453	6.173439
79.7950468063354	10.00813
79.8106667995453	12.8875
79.8262968063354	14.7037
79.8419167995453	15.4349
79.8575468063354	15.12851
79.8731667995453	13.91181
79.8887968063354	11.98253
79.9044268131256	9.653342
79.9200468063354	7.286543
79.9356768131256	5.252957
79.9512968063354	3.824382
79.9669268131256	3.109405
79.9825468063354	3.024235
79.9981768131256	3.335732
80.0138068199158	3.751163
80.0294268131256	4.028062
80.0450568199158	4.035495
80.0606768131256	3.769543
80.0763068199158	3.306032
80.0919268131256	2.719604
80.1075568199158	2.035418
80.1231868267059	1.211222
80.1388068199158	0.1908207
80.1544368267059	-1.043165
80.1700568199158	-2.4633
80.1856868267059	-3.997771
80.2013068199158	-5.597526
80.2169368267059	-7.255611
80.2325668334961	-9.027318
80.2481868267059	-10.95668
80.2638168334961	-12.98718
80.2794368267059	-14.92309
80.2950668334961	-16.42228
80.3106868267059	-17.069
80.3263168334961	-16.51327
80.3419468402863	-14.56381
80.3575668334961	-11.27855
80.3731968402863	-6.945866
80.3888168334961	-2.014632
80.4044468402863	3.008154
80.4200668334961	7.648847
80.4356968402863	11.51279
80.4513268470764	14.32438
80.4669468402863	15.92462
80.4825768470764	16.28893
80.4981968402863	15.53877
80.5138268470764	13.93052
80.5294468402863	11.80663
80.5450768470764	9.535687
80.5607068538666	7.418911
80.5763268470764	5.651313
80.5919568538666	4.286459
80.6075768470764	3.309694
80.6232068538666	2.639014
80.6388368606567	2.208116
80.6544568538666	1.955237
80.6700868606567	1.845864
80.6857068538666	1.807514
80.7013368606567	1.738806
80.7169568538666	1.502123
80.7325868606567	0.9615431
80.7482168674469	0.02680874
80.7638368606567	-1.316648
80.7794668674469	-3.011425
80.7950868606567	-4.936612
80.8107168674469	-6.989193
80.8263368606567	-9.09249
80.8419668674469	-11.23377
80.8575968742371	-13.47311
80.8732168674469	-15.86006
80.8888468742371	-18.34484
80.9044668674469	-20.7424
80.9200968742371	-22.69896
80.9357168674469	-23.75544
80.9513468742371	-23.46242
80.9669768810272	-21.52587
80.9825968742371	-17.93258
80.9982268810272	-13.00182
81.0138468742371	-7.316821
81.0294768810272	-1.575837
81.0450968742371	3.600094
81.0607268810272	7.804132
81.0763568878174	10.86049
81.0919768810272	12.76378
81.1076068878174	13.59578
81.1232268810272	13.43912
81.1388568878174	12.4012
81.1544768810272	10.65764
81.1701068878174	8.48429
81.1857368946075	6.240341
81.2013568878174	4.288453
81.2169868946075	2.894716
81.2326068878174	2.13216
81.2482368946075	1.920345
81.2638568878174	2.070667
81.2794868946075	2.383728
81.2951169013977	2.716806
81.3107368946075	2.983682
81.3263669013977	3.131495
81.3419868946075	3.10537
81.3576169013977	2.865768
81.3732368946075	2.372825
81.3888669013977	1.635358
81.4044969081879	0.6952224
81.4201169013977	-0.3979406
81.4357469081879	-1.59854
81.4513669013977	-2.899637
81.4669969081879	-4.341813
81.4826169013977	-5.983313
81.4982469081879	-7.874757
81.513876914978	-9.956118
81.5294969081879	-12.03505
81.545126914978	-13.76302
81.5607469081879	-14.68386
81.576376914978	-14.37761
81.5919969081879	-12.57348
81.607626914978	-9.290978
81.6232569217682	-4.858894
81.638876914978	0.1319
81.6545069217682	5.02834
81.670126914978	9.273401
81.6857569217682	12.53194
81.701376914978	14.7078
81.7170069217682	15.88
81.7326369285583	16.18701
81.7482569217682	15.76245
81.7638869285583	14.7154
81.7795069217682	13.17453
81.7951369285583	11.31676
81.8107569217682	9.380517
81.8263869285583	7.607008
81.8420169353485	6.159312
81.8576369285583	5.086444
81.8732669353485	4.330436
81.8888869285583	3.76592
81.9045169353485	3.278236
81.9201369285583	2.796159
81.9357669353485	2.275092
81.9513969421387	1.683312
81.9670169353485	0.9875679
81.9826469421387	0.1181917
81.9982669353485	-0.9750752
82.0138969421387	-2.307691
82.0295169353485	-3.830996
82.0451469421387	-5.461594
82.0607769489288	-7.08532
82.0763969421387	-8.631102
82.0920269489288	-10.0778
82.1076469421387	-11.45936
82.1232769489288	-12.83201
82.1388969421387	-14.22753
82.1545269489288	-15.57522
82.170156955719	-16.63853
82.1857769489288	-17.04337
82.201406955719	-16.36597
82.2170269489288	-14.28656
82.232656955719	-10.73924
82.2482769489288	-5.985678
82.263906955719	-0.5641217
82.2795369625092	4.878895
82.295156955719	9.753742
82.3107869625092	13.69746
82.326406955719	16.57888
82.3420369625092	18.4451
82.357656955719	19.40869
82.3732869625092	19.59619
82.3889169692993	19.11927
82.4045369625092	18.11118
82.4201669692993	16.76151
82.4357869625092	15.28181
82.4514169692993	13.84293
82.4670369625092	12.544
82.4826669692993	11.36136
82.4982969760895	10.22491
82.5139169692993	9.083282
82.5295469760895	7.982754
82.5451669692993	7.052993
82.5607969760895	6.443888
82.5764169692993	6.209471
82.5920469760895	6.218741
82.6076769828796	6.210967
82.6232969760895	5.873347
82.6389269828796	5.004605
82.6545469760895	3.580284
82.6701769828796	1.755826
82.6857969760895	-0.2382751
82.7014269828796	-2.209403
82.7170569896698	-4.029173
82.7326769828796	-5.65931
82.7483069896698	-7.099798
82.7639269828796	-8.40412
82.7795569896698	-9.650955
82.7951769828796	-10.97331
82.8108069896698	-12.47161
82.82643699646	-14.13212
82.8420569896698	-15.74563
82.85768699646	-16.90215
82.8733069896698	-17.11407
82.88893699646	-15.96554
82.9045670032501	-13.31538
82.92018699646	-9.351248
82.9358170032501	-4.556612
82.95143699646	0.425034
82.9670670032501	4.967852
82.98268699646	8.599907
82.9983170032501	11.09295
83.0139470100403	12.44316
83.0295670032501	12.82311
83.0451970100403	12.44049
83.0608170032501	11.46992
83.0764470100403	10.05201
83.0920670032501	8.294264
83.1076970100403	6.365211
83.1233267784119	4.491441
83.1389470100403	2.919614
83.1545767784119	1.813239
83.1701970100403	1.213485
83.1858267784119	1.003467
83.2014470100403	0.990016
83.2170767784119	1.01491
83.232706785202	0.98911
83.2483267784119	0.8938432
83.263956785202	0.72229
83.2795767784119	0.4281921
83.295206785202	-0.08347797
83.3108267784119	-0.897356
83.326456785202	-2.023775
83.3420867919922	-3.367906
83.357706785202	-4.729694
83.3733367919922	-5.929766
83.388956785202	-6.861024
83.4045867919922	-7.540928
83.420206785202	-8.08777
83.4358367919922	-8.659312
83.4514667987823	-9.38935
83.4670867919922	-10.34368
83.4827167987823	-11.50585
83.4983367919922	-12.76773
83.5139667987823	-13.94996
83.5295867919922	-14.77825
83.5452167987823	-14.93599
83.5608468055725	-14.11461
83.5764667987823	-12.10674
83.5920968055725	-8.926874
83.6077167987823	-4.851281
83.6233468055725	-0.3757143
83.6389667987823	3.933784
83.6545968055725	7.578884
83.6702268123627	10.26569
83.6858468055725	11.9304
83.7014768123627	12.66265
83.7170968055725	12.59908
83.7327268123627	11.87417
83.7483468055725	10.59438
83.7639768123627	8.880427
83.7796068191528	6.920468
83.7952268123627	4.947886
83.8108568191528	3.184235
83.8264768123627	1.788369
83.8421068191528	0.7822285
83.8577268123627	0.08152199
83.8733568191528	-0.4161062
83.888986825943	-0.7894335
83.9046068191528	-1.076729
83.920236825943	-1.299856
83.9358568191528	-1.52876
83.951486825943	-1.882989
83.9671068191528	-2.466734
83.982736825943	-3.317652
83.9983668327332	-4.382103
84.013986825943	-5.544995
84.0296168327332	-6.69323
84.045236825943	-7.797004
84.0608668327332	-8.896764
84.076486825943	-10.07541
84.0921168327332	-11.38489
84.1077468395233	-12.8331
84.1233668327332	-14.3695
84.1389968395233	-15.90334
84.1546168327332	-17.25516
84.1702468395233	-18.18399
84.1858668327332	-18.3644
84.2014968395233	-17.43835
84.2171268463135	-15.17536
84.2327468395233	-11.57441
84.2483768463135	-6.916949
84.2639968395233	-1.712578
84.2796268463135	3.456207
84.2952468395233	8.119745
84.3108768463135	11.97169
84.3265068531036	14.91003
84.3421268463135	16.9514
84.3577568531036	18.16608
84.3733768463135	18.63032
84.3890068531036	18.43325
84.4046268463135	17.709
84.4202568531036	16.64327
84.4358868598938	15.45238
84.4515068531036	14.32083
84.4671368598938	13.36753
84.4827568531036	12.61017
84.4983868598938	12.00098
84.5140068531036	11.47143
84.5296368598938	10.97814
84.545266866684	10.50111
84.5608868598938	10.01312
84.576516866684	9.433109
84.5921368598938	8.642486
84.607766866684	7.511552
84.6233868598938	5.982458
84.639016866684	4.098618
84.6546468734741	2.016353
84.670266866684	-0.09783459
84.6858968734741	-2.134471
84.701516866684	-4.063917
84.7171468734741	-5.916202
84.732766866684	-7.722665
84.7483968734741	-9.48406
84.7640268802643	-11.17205
84.7796468734741	-12.76509
84.7952768802643	-14.23308
84.8108968734741	-15.51308
84.8265268802643	-16.44992
84.8421468734741	-16.78521
84.8577768802643	-16.19141
84.8734068870544	-14.40016
84.8890268802643	-11.33018
84.9046568870544	-7.148625
84.9202768802643	-2.27294
84.9359068870544	2.736662
84.9515268802643	7.323876
84.9671568870544	11.05972
84.9827868938446	13.71078
84.9984068870544	15.25368
85.0140368938446	15.80165
85.0296568870544	15.55324
85.0452868938446	14.70874
85.0609169006348	13.44253
85.0765368938446	11.90505
85.0921669006348	10.25188
85.1077868938446	8.677598
85.1234169006348	7.360567
85.1390368938446	6.447393
85.1546669006348	5.99368
85.1702969074249	5.941129
85.1859169006348	6.149644
85.2015469074249	6.444801
85.2171669006348	6.653958
85.2327969074249	6.642226
85.2484169006348	6.312817
85.2640469074249	5.610997
85.2796769142151	4.505968
85.2952969074249	3.000566
85.3109269142151	1.147658
85.3265469074249	-0.9478989
85.3421769142151	-3.151194
85.3577969074249	-5.300888
85.3734269142151	-7.248343
85.3890569210052	-8.909264
85.4046769142151	-10.28728
85.4203069210052	-11.48618
85.4359269142151	-12.7068
85.4515569210052	-14.12361
85.4671769142151	-15.84314
85.4828069210052	-17.78437
85.4984369277954	-19.65194
85.5140569210052	-21.01371
85.5296869277954	-21.40404
85.5453069210052	-20.48286
85.5609369277954	-18.12219
85.5765569210052	-14.44318
85.5921869277954	-9.758166
85.6078169345856	-4.502892
85.6234369277954	0.8332434
85.6390669345856	5.812326
85.6546869277954	10.05039
85.6703169345856	13.27196
85.6859369277954	15.33035
85.7015669345856	16.23281
85.7171969413757	16.12598
85.7328169345856	15.27476
85.7484469413757	13.98243
85.7640669345856	12.53737
85.7796969413757	11.18966
85.7953169345856	10.1055
85.8109469413757	9.36742
85.8265769481659	8.967257
85.8421969413757	8.805435
85.8578269481659	8.730923
85.8734469413757	8.601982
85.8890769481659	8.325748
85.9046969413757	7.904819
85.9203269481659	7.396538
85.9359569549561	6.85223
85.9515769481659	6.285643
85.9672069549561	5.634235
85.9828269481659	4.783794
85.9984569549561	3.644825
86.0140769481659	2.185087
86.0297069549561	0.4904671
86.0453369617462	-1.294203
86.0609569549561	-2.994883
86.0765869617462	-4.500862
86.0922069549561	-5.795313
86.1078369617462	-6.941462
86.1234569549561	-8.069927
86.1390869617462	-9.300409
86.1547169685364	-10.72024
86.1703369617462	-12.35141
86.1859669685364	-14.15474
86.2015869617462	-15.98751
86.2172169685364	-17.61784
86.2328369617462	-18.69496
86.2484669685364	-18.8047
86.2640969753265	-17.59889
86.2797169685364	-14.89364
86.2953469753265	-10.79957
86.3109669685364	-5.703835
86.3265969753265	-0.202116
86.3422169685364	5.072605
86.3578469753265	9.593559
86.3734769821167	13.04767
86.3890969753265	15.334
86.4047269821167	16.51345
86.4203469753265	16.73781
86.4359769821167	16.18635
86.4515969753265	15.02982
86.4672269821167	13.4281
86.4828569889069	11.56489
86.4984769821167	9.645035
86.5141069889069	7.865879
86.5297269821167	6.409405
86.5453569889069	5.387016
86.5609769821167	4.821865
86.5766069889069	4.637505
86.592236995697	4.694439
86.6078569889069	4.832859
86.623486995697	4.920246
86.6391069889069	4.87743
86.654736995697	4.663658
86.6703569889069	4.227589
86.685986995697	3.505627
86.7016170024872	2.422321
86.717236995697	0.9426155
86.7328670024872	-0.8875923
86.748486995697	-2.932579
86.7641170024872	-5.009285
86.779736995697	-6.963318
86.7953670024872	-8.728943
86.8109970092773	-10.35251
86.8266170024872	-11.94714
86.8422470092773	-13.65344
86.8578670024872	-15.56926
86.8734970092773	-17.69701
86.8891170024872	-19.92345
86.9047470092773	-22.0241
86.9203770160675	-23.66228
86.9359970092773	-24.41005
86.9516270160675	-23.88179
86.9672470092773	-21.81799
86.9828770160675	-18.21588
86.9984970092773	-13.36496
87.0141270160675	-7.803513
87.0297567844391	-2.180336
87.0453770160675	2.89616
87.0610067844391	6.989212
87.0766270160675	9.897945
87.0922567844391	11.62138
87.1078770160675	12.31643
87.1235067844391	12.18724
87.1391367912292	11.44568
87.1547567844391	10.27829
87.1703867912292	8.838455
87.1860067844391	7.272755
87.2016367912292	5.729671
87.2172567844391	4.353481
87.2328867912292	3.25351
87.2485167980194	2.494385
87.2641367912292	2.073696
87.2797667980194	1.953705
87.2953867912292	2.060184
87.3110167980194	2.276112
87.3266367912292	2.477787
87.3422667980194	2.516014
87.3578968048096	2.235744
87.3735167980194	1.528721
87.3891468048096	0.376873
87.4047667980194	-1.162445
87.4203968048096	-2.936882
87.4360167980194	-4.775009
87.4516468048096	-6.554665
87.4672768115997	-8.240551
87.4828968048096	-9.880718
87.4985268115997	-11.57808
87.5141468048096	-13.42435
87.5297768115997	-15.45321
87.5453968048096	-17.6243
87.5610268115997	-19.8222
87.5766568183899	-21.83854
87.5922768115997	-23.40696
87.6079068183899	-24.19868
87.6235268115997	-23.8407
87.6391568183899	-22.0299
87.6547768115997	-18.62284
87.6704068183899	-13.74437
87.6860368251801	-7.833534
87.7016568183899	-1.552666
87.7172868251801	4.381302
87.7329068183899	9.383602
87.7485368251801	13.13018
87.7641668319702	15.55674
87.7797868251801	16.80311
87.7954168319702	17.07717
87.8110368251801	16.57619
87.8266668319702	15.4767
87.8422868251801	13.97194
87.8579168319702	12.27543
87.8735468387604	10.60335
87.8891668319702	9.137398
87.9047968387604	7.946789
87.9204168319702	7.033253
87.9360468387604	6.34362
87.9516668319702	5.859211
87.9672968387604	5.597042
87.9829268455505	5.58423
87.9985468387604	5.772158
88.0141768455505	6.007498
88.0297968387604	6.056337
88.0454268455505	5.66457
88.0610468387604	4.696177
88.0766768455505	3.168089
88.0923068523407	1.247625
88.1079268455505	-0.8431149
88.1235568523407	-2.910797
88.1391768455505	-4.861097
88.1548068523407	-6.678223
88.1704268455505	-8.401426
88.1860568523407	-10.11118
88.2016868591309	-11.87272
88.2173068523407	-13.74576
88.2329368591309	-15.70987
88.2485568523407	-17.62729
88.2641868591309	-19.20577
88.2798068523407	-20.01138
88.2954368591309	-19.58736
88.311066865921	-17.59423
88.3266868591309	-13.97482
88.342316865921	-8.976923
88.3579368591309	-3.111111
88.373566865921	2.973354
88.3891868591309	8.648512
88.404816865921	13.43223
88.4204468727112	17.03963
88.436066865921	19.35346
88.4516968727112	20.40698
88.467316865921	20.31669
88.4829468727112	19.30015
88.498566865921	17.61244
88.5141968727112	15.56065
88.5298268795013	13.44562
88.5454468727112	11.49825
88.5610768795013	9.890048
88.5766968727112	8.676802
88.5923268795013	7.849141
88.6079468727112	7.350651
88.6235768795013	7.121904
88.6392068862915	7.111456
88.6548268795013	7.246807
88.6704568862915	7.423951
88.6860768795013	7.478458
88.7017068862915	7.224458
88.7173268795013	6.50126
88.7329568862915	5.238188
88.7485868930817	3.475307
88.7642068862915	1.333438
88.7798368930817	-1.027598
88.7954568862915	-3.444811
88.8110868930817	-5.776154
88.8267068862915	-7.937013
88.8423368930817	-9.90741
88.8579668998718	-11.75643
88.8735868930817	-13.62541
88.8892168998718	-15.63714
88.9048368930817	-17.75967
88.9204668998718	-19.71044
88.9360868930817	-20.98558
88.9517168998718	-20.98732
88.967346906662	-19.28955
88.9829668998718	-15.83638
88.998596906662	-10.9774
89.0142168998718	-5.340451
89.029846906662	0.3762417
89.0454668998718	5.603954
89.061096906662	9.972313
89.0767269134521	13.253
89.092346906662	15.32085
89.1079769134521	16.11041
89.123596906662	15.67955
89.1392269134521	14.25073
89.154846906662	12.18193
89.1704769134521	9.870607
89.1861069202423	7.640471
89.2017269134521	5.665468
89.2173569202423	4.020157
89.2329769134521	2.72828
89.2486069202423	1.838575
89.2642269134521	1.397235
89.2798569202423	1.396313
89.2954869270325	1.698308
89.3111069202423	2.052819
89.3267369270325	2.196531
89.3423569202423	1.950641
89.3579869270325	1.280709
89.3736069202423	0.2796333
89.3892369270325	-0.9110844
89.4048669338226	-2.188593
89.4204869270325	-3.510928
89.4361169338226	-4.910178
89.4517369270325	-6.446961
89.4673669338226	-8.187771
89.4829869270325	-10.21423
89.4986169338226	-12.57139
89.5142469406128	-15.22447
89.5298669338226	-17.95871
89.5454969406128	-20.3276
89.5611169338226	-21.72322
89.5767469406128	-21.55823
89.5923669338226	-19.47134
89.6079969406128	-15.47519
89.623626947403	-9.98642
89.6392469406128	-3.705391
89.654876947403	2.57852
89.6704969406128	8.191203
89.686126947403	12.67744
89.7017469406128	15.8182
89.717376947403	17.58676
89.7330069541931	18.09449
89.748626947403	17.52087
89.7642569541931	16.07742
89.779876947403	14.00591
89.7955069541931	11.56968
89.811126947403	9.048381
89.8267569541931	6.72513
89.8423869609833	4.843979
89.8580069541931	3.569018
89.8736369609833	2.929887
89.8892569541931	2.785415
89.9048869609833	2.866438
89.9205069541931	2.881306
89.9361369609833	2.611605
89.9517669677734	1.994248
89.9673869609833	1.121396
89.9830169677734	0.1417198
89.9986369609833	-0.8385191
90.0142669677734	-1.834686
90.0298969745636	-2.983113
90.0455169677734	-4.425417
90.0611469745636	-6.276178
90.0767669677734	-8.540387
90.0923969745636	-11.15908
90.1080169677734	-14.00284
90.1236469745636	-16.89194
90.1392769813538	-19.56812
90.1548969745636	-21.69726
90.1705269813538	-22.88255
90.1861469745636	-22.72026
90.2017769813538	-20.92982
90.2173969745636	-17.46148
90.2330269813538	-12.55964
90.2486569881439	-6.745316
90.2642769813538	-0.6814251
90.2799069881439	4.957478
90.2955269813538	9.65642
90.3111569881439	13.1349
90.3267769813538	15.32523
90.3424069881439	16.30204
90.3580369949341	16.21469
90.3736569881439	15.2424
90.3892869949341	13.61547
90.4049069881439	11.60916
90.4205369949341	9.539463
90.4361569881439	7.691055
90.4517869949341	6.249332
90.4674170017242	5.276466
90.4830369949341	4.729542
90.4986670017242	4.545242
90.5142869949341	4.659403
90.5299170017242	4.973137
90.5455369949341	5.359364
90.5611670017242	5.613197
90.5767970085144	5.520248
90.5924170017242	4.939804
90.6080470085144	3.865715
90.6236670017242	2.430656
90.6392970085144	0.8258514
90.6549170017242	-0.8180237
90.6705470085144	-2.466263
90.6861770153046	-4.20005
90.7017970085144	-6.129532
90.7174270153046	-8.294891
90.7330470085144	-10.60196
90.7486770153046	-12.81788
90.7642970085144	-14.56836
90.7799270153046	-15.43699
90.7955567836761	-15.03636
90.8111770153046	-13.11012
90.8268067836761	-9.616795
90.8424270153046	-4.787201
90.8580567836761	0.8954163
90.8736770153046	6.78907
90.8893067836761	12.23724
90.9049367904663	16.71278
90.9205567836761	19.91124
90.9361867904663	21.77535
90.9518067836761	22.43383
90.9674367904663	22.09181
90.9830567836761	20.95673
90.9986867904663	19.21918
91.0143167972565	17.06611
91.0299367904663	14.72176
91.0455667972565	12.44891
91.0611867904663	10.50119
91.0768167972565	9.046474
91.0924367904663	8.142441
91.1080667972565	7.724106
91.1236968040466	7.671204
91.1393167972565	7.807743
91.1549468040466	7.952835
91.1705667972565	7.934715
91.1861968040466	7.62796
91.2018167972565	6.956989
91.2174468040466	5.930939
91.2330768108368	4.620228
91.2486968040466	3.109856
91.2643268108368	1.482571
91.2799468040466	-0.2489738
91.2955768108368	-2.098217
91.3111968040466	-4.122391
91.3268268108368	-6.341354
91.342456817627	-8.69548
91.3580768108368	-11.04866
91.373706817627	-13.18553
91.3893268108368	-14.81944
91.404956817627	-15.63467
91.4205768108368	-15.34984
91.436206817627	-13.75758
91.4518368244171	-10.81848
91.467456817627	-6.704987
91.4830868244171	-1.799725
91.498706817627	3.351753
91.5143368244171	8.145889
91.529956817627	12.03781
91.5455868244171	14.68496
91.5612168312073	16.00161
91.5768368244171	16.15096
91.5924668312073	15.44239
91.6080868244171	14.17883
91.6237168312073	12.59293
91.6393368244171	10.81237
91.6549668312073	8.931992
91.6705968379974	7.058622
91.6862168312073	5.37734
91.7018468379974	4.079651
91.7174668312073	3.311613
91.7330968379974	3.082644
91.7487168312073	3.234245
91.7643468379974	3.525019
91.7799768447876	3.684772
91.7955968379974	3.549242
91.8112268447876	3.044685
91.8268468379974	2.195883
91.8424768447876	1.074104
91.8580968379974	-0.2568989
91.8737268447876	-1.765835
91.8893568515778	-3.427891
91.9049768447876	-5.208033
91.9206068515778	-7.049891
91.9362268447876	-8.864195
91.9518568515778	-10.58363
91.9674768447876	-12.17984
91.9831068515778	-13.69175
91.9987368583679	-15.12844
92.0143568515778	-16.40871
92.0299868583679	-17.30182
92.0456068515778	-17.4557
92.0612368583679	-16.52385
92.0768568515778	-14.29617
92.0924868583679	-10.81104
92.1081168651581	-6.359995
92.1237368583679	-1.418322
92.1393668651581	3.506983
92.1549868583679	7.978033
92.1706168651581	11.69398
92.1862368583679	14.4688
92.2018668651581	16.20568
92.2174968719482	16.88152
92.2331168651581	16.55414
92.2487468719482	15.40294
92.2643668651581	13.69126
92.2799968719482	11.73126
92.2956168651581	9.822899
92.3112468719482	8.193777
92.3268768787384	6.979071
92.3424968719482	6.208669
92.3581268787384	5.819831
92.3737468719482	5.690359
92.3893768787384	5.677207
92.4049968719482	5.652
92.4206268787384	5.54368
92.4362568855286	5.288077
92.4518768787384	4.846511
92.4675068855286	4.162413
92.4831268787384	3.191598
92.4987568855286	1.895457
92.5143768787384	0.2787951
92.5300068855286	-1.578353
92.5456368923187	-3.558471
92.5612568855286	-5.518541
92.5768868923187	-7.382941
92.5925068855286	-9.167061
92.6081368923187	-10.96195
92.6237668991089	-12.87951
92.6393868923187	-14.9433
92.6550168991089	-17.00047
92.6706368923187	-18.70776
92.6862668991089	-19.60498
92.7018868923187	-19.25062
92.7175168991089	-17.38502
92.733146905899	-14.06041
92.7487668991089	-9.626456
92.764396905899	-4.654462
92.7800168991089	0.2265205
92.795646905899	4.492226
92.8112668991089	7.811464
92.826896905899	10.02758
92.8425269126892	11.13016
92.858146905899	11.17669
92.8737769126892	10.27518
92.889396905899	8.592075
92.9050269126892	6.35063
92.920646905899	3.855124
92.9362769126892	1.432234
92.9519069194794	-0.6081734
92.9675269126892	-2.078545
92.9831569194794	-2.89423
92.9987769126892	-3.111059
93.0144069194794	-2.881069
93.0300269126892	-2.367472
93.0456569194794	-1.732056
93.0612869262695	-1.0984
93.0769069194794	-0.5606422
93.0925369262695	-0.2293034
93.1081569194794	-0.2017956
93.1237869262695	-0.5443039
93.1394069194794	-1.277605
93.1550369262695	-2.357609
93.1706669330597	-3.690742
93.1862869262695	-5.200794
93.2019169330597	-6.872339
93.2175369262695	-8.744028
93.2331669330597	-10.89928
93.2487869262695	-13.34515
93.2644169330597	-15.93754
93.2800469398499	-18.34809
93.2956669330597	-20.10254
93.3112969398499	-20.71727
93.3269169330597	-19.83974
93.3425469398499	-17.37816
93.3581669330597	-13.53393
93.3737969398499	-8.733923
93.38942694664	-3.5254
93.4050469398499	1.551685
93.42067694664	6.036245
93.4362969398499	9.588469
93.45192694664	11.99168
93.4675469398499	13.12391
93.48317694664	12.99884
93.4988069534302	11.77542
93.51442694664	9.757866
93.5300569534302	7.358866
93.54567694664	5.011446
93.5613069534302	3.071442
93.57692694664	1.731777
93.5925569534302	1.011318
93.6081869602203	0.7938976
93.6238069534302	0.8858299
93.6394369602203	1.09269
93.6550569534302	1.248167
93.6706869602203	1.234766
93.6863069534302	0.9904213
93.7019369602203	0.5015125
93.7175669670105	-0.2044849
93.7331869602203	-1.068428
93.7488169670105	-2.017483
93.7644369602203	-2.998304
93.7800669670105	-3.989784
93.7956869602203	-4.99029
93.8113169670105	-6.034575
93.8269469738007	-7.176781
93.8425669670105	-8.492962
93.8581969738007	-10.04013
93.8738169670105	-11.81291
93.8894469738007	-13.67108
93.9050669670105	-15.28708
93.9206969738007	-16.206
93.9363269805908	-15.94728
93.9519469738007	-14.17421
93.9675769805908	-10.83414
93.9831969738007	-6.208752
93.9988269805908	-0.8275909
94.0144469738007	4.6614
94.0300769805908	9.658026
94.045706987381	13.70652
94.0613269805908	16.55335
94.076956987381	18.11275
94.0925769805908	18.4518
94.108206987381	17.76464
94.1238269805908	16.312
94.139456987381	14.37725
94.1550869941711	12.21355
94.170706987381	10.01332
94.1863369941711	7.916016
94.201956987381	6.052176
94.2175869941711	4.550077
94.233206987381	3.518133
94.2488369941711	3.011806
94.2644670009613	2.954994
94.2800869941711	3.156439
94.2957170009613	3.342619
94.3113369941711	3.2486
94.3269670009613	2.716236
94.3425869941711	1.715322
94.3582170009613	0.3354053
94.3738470077515	-1.287807
94.3894670009613	-3.033592
94.4050970077515	-4.808966
94.4207170009613	-6.543793
94.4363470077515	-8.196243
94.4519670009613	-9.76832
94.4675970077515	-11.3033
94.4832270145416	-12.89095
94.4988470077515	-14.59202
94.5144770145416	-16.3779
94.5300970077515	-18.04543
94.5457270145416	-19.25427
94.5613470077515	-19.59764
94.5769770145416	-18.72561
94.5926067829132	-16.44746
94.6082270145416	-12.78493
94.6238567829132	-7.97352
94.6394770145416	-2.451427
94.6551067829132	3.189114
94.6707270145416	8.324202
94.6863567829132	12.3994
94.7019867897034	15.067
94.7176067829132	16.25775
94.7332367897034	16.17204
94.7488567829132	15.19358
94.7644867897034	13.73947
94.7801067829132	12.13148
94.7957367897034	10.57397
94.8113667964935	9.167698
94.8269867897034	7.973009
94.8426167964935	7.017532
94.8582367897034	6.332809
94.8738667964935	5.909712
94.8894968032837	5.709389
94.9051167964935	5.678564
94.9207468032837	5.749752
94.9363667964935	5.862743
94.9519968032837	5.914036
94.9676167964935	5.788885
94.9832468032837	5.348755
94.9988768100739	4.520834
95.0144968032837	3.288653
95.0301268100739	1.740897
95.0457468032837	0.007775307
95.0613768100739	-1.769726
95.0769968032837	-3.485643
95.0926268100739	-5.120117
95.108256816864	-6.693202
95.1238768100739	-8.256834
95.139506816864	-9.879889
95.1551268100739	-11.63155
95.170756816864	-13.55792
95.1863768100739	-15.6113
95.202006816864	-17.60092
95.2176368236542	-19.14822
95.233256816864	-19.76596
95.2488868236542	-18.99066
95.264506816864	-16.53848
95.2801368236542	-12.4508
95.295756816864	-7.12817
95.3113868236542	-1.23126
95.3270168304443	4.508439
95.3426368236542	9.457453
95.3582668304443	13.24907
95.3738868236542	15.766
95.3895168304443	17.08574
95.4051368236542	17.38747
95.4207668304443	16.85479
95.4363968372345	15.6396
95.4520168304443	13.88368
95.4676468372345	11.76653
95.4832668304443	9.507642
95.4988968372345	7.38892
95.5145168304443	5.671446
95.5301468372345	4.523997
95.5457768440247	3.975671
95.5613968372345	3.911294
95.5770268440247	4.140384
95.5926468372345	4.468525
95.6082768440247	4.731611
95.6238968372345	4.809196
95.6395268440247	4.619873
95.6551568508148	4.084342
95.6707768440247	3.127966
95.6864068508148	1.747075
95.7020268440247	0.02405643
95.7176568508148	-1.859712
95.7332768440247	-3.686913
95.7489068508148	-5.283985
95.764536857605	-6.576536
95.7801568508148	-7.598572
95.795786857605	-8.453752
95.8114068508148	-9.266656
95.827036857605	-10.16805
95.8426568508148	-11.25958
95.858286857605	-12.61185
95.8739168643951	-14.20372
95.889536857605	-15.87628
95.9051668643951	-17.30563
95.920786857605	-18.03197
95.9364168643951	-17.57625
95.952036857605	-15.60551
95.9676668643951	-12.06452
95.9832968711853	-7.244425
95.9989168643951	-1.7313
96.0145468711853	3.765346
96.0301668643951	8.589962
96.0457968711853	12.31256
96.0614168643951	14.76388
96.0770468711853	16.00425
96.0926768779755	16.18863
96.1082968711853	15.48937
96.1239268779755	14.05313
96.1395468711853	12.03523
96.1551768779755	9.677345
96.1707968711853	7.281725
96.1864268779755	5.178121
96.2020568847656	3.594159
96.2176768779755	2.603626
96.2333068847656	2.106584
96.2489268779755	1.928086
96.2645568847656	1.927768
96.2801768779755	2.038321
96.2958068847656	2.266681
96.3114368915558	2.576892
96.3270568847656	2.838956
96.3426868915558	2.836163
96.3583068847656	2.36352
96.3739368915558	1.32572
96.3895568847656	-0.2087593
96.4051868915558	-2.05199
96.4208168983459	-3.980584
96.4364368915558	-5.828834
96.4520668983459	-7.570372
96.4676868915558	-9.290899
96.4833168983459	-11.14694
96.4989368915558	-13.29131
96.5145668983459	-15.76015
96.5301969051361	-18.43467
96.5458168983459	-21.01746
96.5614469051361	-23.07329
96.5770668983459	-24.10786
96.5926969051361	-23.70413
96.6083168983459	-21.58841
96.6239469051361	-17.76573
96.6395769119263	-12.51888
96.6551969051361	-6.377459
96.6708269119263	-0.04762268
96.6864469051361	5.751004
96.7020769119263	10.39471
96.7176969051361	13.5001
96.7333269119263	14.96283
96.7489569187164	14.96254
96.7645769119263	13.82613
96.7802069187164	11.89816
96.7958269119263	9.47716
96.8114569187164	6.790676
96.8270769119263	4.064818
96.8427069187164	1.575998
96.8583369255066	-0.383877
96.8739569187164	-1.557088
96.8895869255066	-1.853728
96.9052069187164	-1.381907
96.9208369255066	-0.4453752
96.9364569187164	0.5718036
96.9520869255066	1.331417
96.9677169322968	1.640056
96.9833369255066	1.453539
96.9989669322968	0.8512611
97.0145869255066	-0.05411434
97.0302169322968	-1.171193
97.0458469390869	-2.452962
97.0614669322968	-3.894938
97.0770969390869	-5.504276
97.0927169322968	-7.286217
97.1083469390869	-9.205601
97.1239669322968	-11.2222
97.1395969390869	-13.27124
97.1552269458771	-15.28836
97.1708469390869	-17.20106
97.1864769458771	-18.86943
97.2020969390869	-20.05663
97.2177269458771	-20.41912
97.2333469390869	-19.60445
97.2489769458771	-17.33537
97.2646069526672	-13.55978
97.2802269458771	-8.495422
97.2958569526672	-2.620543
97.3114769458771	3.435394
97.3271069526672	9.049414
97.3427269458771	13.76086
97.3583569526672	17.32471
97.3739869594574	19.73487
97.3896069526672	21.12609
97.4052369594574	21.69239
97.4208569526672	21.61123
97.4364869594574	21.00726
97.4521069526672	19.98822
97.4677369594574	18.67901
97.4833669662476	17.21337
97.4989869594574	15.75414
97.5146169662476	14.41382
97.5302369594574	13.2683
97.5458669662476	12.33267
97.5614869594574	11.60849
97.5771169662476	11.07668
97.5927469730377	10.71112
97.6083669662476	10.42338
97.6239969730377	10.05655
97.6396169662476	9.413647
97.6552469730377	8.348442
97.6708669662476	6.829983
97.6864969730377	4.955528
97.7021269798279	2.901993
97.7177469730377	0.8327942
97.7333769798279	-1.187263
97.7489969730377	-3.167831
97.7646269798279	-5.174084
97.7802469730377	-7.25478
97.7958769798279	-9.428036
97.811506986618	-11.70712
97.8271269798279	-14.09045
97.842756986618	-16.50454
97.8583769798279	-18.71473
97.874006986618	-20.27586
97.8896269798279	-20.60243
97.905256986618	-19.16381
97.9208869934082	-15.71601
97.936506986618	-10.4535
97.9521369934082	-4.003609
97.967756986618	2.772152
97.9833869934082	9.016636
97.999006986618	14.11171
98.0146369934082	17.74012
98.0302670001984	19.85728
98.0458869934082	20.58107
98.0615170001984	20.11795
98.0771369934082	18.71013
98.0927670001984	16.64309
98.1083869934082	14.21909
98.1240170001984	11.75416
98.1396470069885	9.502468
98.1552670001984	7.650734
98.1708970069885	6.263569
98.1865170001984	5.318531
98.2021470069885	4.730118
98.2177670001984	4.396156
98.2333970069885	4.246319
98.2490270137787	4.230923
98.2646470069885	4.299526
98.2802770137787	4.373386
98.2958970069885	4.297508
98.3115270137787	3.893215
98.3271470069885	2.997467
98.3427770137787	1.542225
98.3584067821503	-0.4175491
98.3740270137787	-2.706154
98.3896567821503	-5.09317
98.4052770137787	-7.378315
98.4209067821503	-9.472931
98.4365270137787	-11.3928
98.4521567821503	-13.22785
98.4677867889404	-15.05464
98.4834067821503	-16.89495
98.4990367889404	-18.64304
98.5146567821503	-20.06216
98.5302867889404	-20.81069
98.5459067821503	-20.50235
98.5615367889404	-18.80326
98.5771667957306	-15.55297
98.5927867889404	-10.85762
98.6084167957306	-5.112202
98.6240367889404	1.054092
98.6396667957306	6.907658
98.6552867889404	11.80944
98.6709167957306	15.36208
98.6865468025208	17.47966
98.7021667957306	18.34365
98.7177968025208	18.26293
98.7334167957306	17.53851
98.7490468025208	16.36518
98.7646667957306	14.84491
98.7802968025208	13.06969
98.7959268093109	11.19591
98.8115468025208	9.433319
98.8271768093109	7.974117
98.8427968025208	6.922661
98.8584268093109	6.249134
98.8740468025208	5.822842
98.8896768093109	5.509731
98.9053068161011	5.232319
98.9209268093109	4.978695
98.9365568161011	4.753845
98.9521768093109	4.504341
98.9678068161011	4.096668
98.9834268093109	3.373669
98.9990568161011	2.215897
99.0146868228912	0.6308365
99.0303068161011	-1.255421
99.0459368228912	-3.281559
99.0615568161011	-5.271389
99.0771868228912	-7.125439
99.0928068161011	-8.836971
99.1084368228912	-10.45023
99.1240668296814	-12.05265
99.1396868228912	-13.72104
99.1553168296814	-15.48534
99.1709368228912	-17.25577
99.1865668296814	-18.80794
99.2021868228912	-19.75667
99.2178168296814	-19.63924
99.2334468364716	-18.04284
99.2490668296814	-14.76468
99.2646968364716	-9.938431
99.2803168296814	-4.063141
99.2959468364716	2.12159
99.3115668296814	7.852386
99.3271968364716	12.53104
99.3428268432617	15.85976
99.3584468364716	17.83912
99.3740768432617	18.62372
99.3896968364716	18.39358
99.4053268432617	17.28064
99.4209468364716	15.38364
99.4365768432617	12.88507
99.4522068500519	10.07632
99.4678268432617	7.374458
99.4834568500519	5.200939
99.4990768432617	3.823929
99.5147068500519	3.273464
99.5303268432617	3.375751
99.5459568500519	3.825638
99.561586856842	4.356754
99.5772068500519	4.780716
99.592836856842	4.982342
99.6084568500519	4.876553
99.624086856842	4.35664
99.6397068500519	3.329647
99.655336856842	1.749374
99.6709668636322	-0.2974243
99.686586856842	-2.624256
99.7022168636322	-4.978638
99.717836856842	-7.152786
99.7334668636322	-9.047447
99.7490968704224	-10.6964
99.7647168636322	-12.23079
99.7803468704224	-13.81689
99.7959668636322	-15.5801
99.8115968704224	-17.52011
99.8272168636322	-19.48082
99.8428468704224	-21.12375
99.8584768772125	-21.9748
99.8740968704224	-21.52412
99.8897268772125	-19.39749
99.9053468704224	-15.50178
99.9209768772125	-10.13273
99.9365968704224	-3.894863
99.9522268772125	2.445824
99.9678568840027	8.16325
99.9834768772125	12.76888
99.9991068840027	16.05932
100.014726877213	18.06336
100.030356884003	18.90718
100.045976877213	18.73002
100.061606884003	17.64585
100.077236890793	15.79487
100.092856884003	13.42653
100.108486890793	10.90408
100.124106884003	8.650349
100.139736890793	6.96027
100.155356884003	5.909588
100.170986890793	5.372257
100.186616897583	5.107697
100.202236890793	4.909771
100.217866897583	4.688599
100.233486890793	4.433167
100.249116897583	4.1231
100.264736890793	3.670555
100.280366897583	2.902908
100.295996904373	1.662313
100.311616897583	-0.05737877
100.327246904373	-2.125643
100.342866897583	-4.305399
100.358496904373	-6.392851
100.374116897583	-8.287802
100.389746904373	-10.03345
100.405376911163	-11.75119
100.420996904373	-13.5769
100.436626911163	-15.59234
100.452246904373	-17.77637
100.467876911163	-19.96862
100.483496904373	-21.85018
100.499126911163	-22.94641
100.514756917953	-22.71885
100.530376911163	-20.77044
100.546006917953	-16.97135
100.561626911163	-11.59049
100.577256917953	-5.252136
100.592876911163	1.226072
100.608506917953	7.023247
100.624136924744	11.54209
100.639756917953	14.48903
100.655386924744	15.85397
100.671006917953	15.85999
100.686636924744	14.8497
100.702256917953	13.19759
100.717886924744	11.24701
100.733516931534	9.258602
100.749136924744	7.383064
100.764766931534	5.697376
100.780386924744	4.24408
100.796016931534	3.051479
100.811636924744	2.176804
100.827266931534	1.67738
100.842896938324	1.574413
100.858516931534	1.79874
100.874146938324	2.209282
100.889766931534	2.570461
100.905396938324	2.654095
100.921016931534	2.268749
100.936646938324	1.291977
100.952276945114	-0.2723045
100.967896938324	-2.334869
100.983526945114	-4.717037
100.999146938324	-7.212227
101.014776945114	-9.608414
101.030396938324	-11.79144
101.046026945114	-13.76387
101.061656951904	-15.66652
101.077276945114	-17.70882
101.092906951904	-20.04564
101.108526945114	-22.62893
101.124156951904	-25.14757
101.139776945114	-27.06198
101.155406951904	-27.71048
101.171036958694	-26.55197
101.186656951904	-23.32642
101.202286958694	-18.16309
101.217906951904	-11.56961
101.233536958694	-4.312424
101.249156951904	2.779243
101.264786958694	8.975819
101.280416965485	13.79065
101.296036958694	17.01169
101.311666965485	18.67234
101.327286958694	18.95549
101.342916965485	18.15795
101.358536958694	16.61415
101.374166965485	14.67853
101.389796972275	12.72183
101.405416965485	11.08221
101.421046972275	9.995396
101.436666965485	9.525902
101.452296972275	9.577896
101.467916965485	9.915695
101.483546972275	10.29012
101.499176979065	10.54289
101.514796972275	10.61206
101.530426979065	10.526
101.546046972275	10.30816
101.561676979065	9.917797
101.577296972275	9.268295
101.592926979065	8.260235
101.608556985855	6.859196
101.624176979065	5.143425
101.639806985855	3.241982
101.655426979065	1.292522
101.671056985855	-0.6291313
101.686676979065	-2.514587
101.702306985855	-4.399002
101.717936992645	-6.310135
101.733556985855	-8.261448
101.749186992645	-10.23227
101.764806985855	-12.18438
101.780436992645	-13.99286
101.796056985855	-15.43784
101.811686992645	-16.15791
101.827316999435	-15.74948
101.842936992645	-13.86801
101.858566999435	-10.38529
101.874186992645	-5.499737
101.889816999435	0.2891159
101.905447006226	6.295662
101.921066999435	11.79351
101.936697006226	16.21902
101.952316999435	19.2287
101.967947006226	20.73273
101.983566999435	20.84549
101.999197006226	19.82048
102.014827013016	17.99663
102.030447006226	15.73046
102.046077013016	13.37178
102.061697006226	11.19781
102.077327013016	9.38998
102.092947006226	8.020077
102.108577013016	7.060272
102.124206781387	6.423466
102.139827013016	6.010292
102.155456781387	5.736626
102.171077013016	5.541348
102.186706781387	5.382141
102.202327013016	5.182377
102.217956781387	4.83688
102.233586788177	4.218586
102.249206781387	3.24921
102.264836788177	1.916679
102.280456781387	0.321888
102.296086788177	-1.393044
102.311706781387	-3.071903
102.327336788177	-4.611599
102.342966794968	-6.00642
102.358586788177	-7.309265
102.374216794968	-8.653648
102.389836788177	-10.1794
102.405466794968	-11.99195
102.421086788177	-14.12078
102.436716794968	-16.44958
102.452346801758	-18.67552
102.467966794968	-20.33819
102.483596801758	-20.88806
102.499216794968	-19.86327
102.514846801758	-17.02298
102.530466794968	-12.48697
102.546096801758	-6.718182
102.561726808548	-0.4048729
102.577346801758	5.694012
102.592976808548	10.94159
102.608596801758	14.9339
102.624226808548	17.51536
102.639846801758	18.74015
102.655476808548	18.78342
102.671106815338	17.8768
102.686726808548	16.29176
102.702356815338	14.30232
102.717976808548	12.18406
102.733606815338	10.19112
102.749226808548	8.511166
102.764856815338	7.25544
102.780486822128	6.446297
102.796106815338	6.024281
102.811736822128	5.852955
102.827356815338	5.747242
102.842986822128	5.517597
102.858606815338	5.012207
102.874236822128	4.153538
102.889866828918	2.960804
102.905486822128	1.50993
102.921116828918	-0.1318054
102.936736822128	-1.923958
102.952366828918	-3.876175
102.967986822128	-5.978775
102.983616828918	-8.184559
102.999246835709	-10.39492
103.014866828918	-12.47942
103.030496835709	-14.34092
103.046116828918	-15.98152
103.061746835709	-17.48894
103.077366828918	-18.97867
103.092996835709	-20.49754
103.108626842499	-21.91594
103.124246835709	-22.91223
103.139876842499	-23.00873
103.155496835709	-21.7259
103.171126842499	-18.75832
103.186746835709	-14.14259
103.202376842499	-8.292881
103.218006849289	-1.8839
103.233626842499	4.328869
103.249256849289	9.709717
103.264876842499	13.85804
103.280506849289	16.61742
103.296126842499	18.01705
103.311756849289	18.16814
103.327386856079	17.22646
103.343006849289	15.40541
103.358636856079	12.99327
103.374256849289	10.33836
103.389886856079	7.805035
103.405506849289	5.692322
103.421136856079	4.168293
103.436766862869	3.264874
103.452386856079	2.910538
103.468016862869	2.980972
103.483636856079	3.334942
103.499266862869	3.809155
103.514886856079	4.175133
103.530516862869	4.191948
103.546146869659	3.658871
103.561766862869	2.48745
103.577396869659	0.7476158
103.593016862869	-1.346329
103.608646869659	-3.517204
103.624266862869	-5.534481
103.639896869659	-7.313107
103.65552687645	-8.924061
103.671146869659	-10.55324
103.68677687645	-12.40025
103.702396869659	-14.62657
103.71802687645	-17.23373
103.733646869659	-20.04942
103.74927687645	-22.70972
103.76490688324	-24.68055
103.78052687645	-25.37255
103.79615688324	-24.26119
103.81177687645	-21.07439
103.82740688324	-15.91558
103.84302687645	-9.291714
103.85865688324	-1.99802
103.87428689003	5.043385
103.88990688324	11.04433
103.90553689003	15.49674
103.92115688324	18.23167
103.93678689003	19.3749
103.95240688324	19.24267
103.96803689003	18.19146
103.98366689682	16.52836
103.99928689003	14.5048
104.01491689682	12.30541
104.03053689003	10.12152
104.04616689682	8.134499
104.06178689003	6.501854
104.07741689682	5.315311
104.09304690361	4.575287
104.10866689682	4.196468
104.12429690361	4.073444
104.13991689682	4.103333
104.15554690361	4.207756
104.1711769104	4.291557
104.18679690361	4.23481
104.2024269104	3.854862
104.21804690361	2.984863
104.2336769104	1.545082
104.24929690361	-0.4100533
104.2649269104	-2.675293
104.280556917191	-4.992542
104.2961769104	-7.153923
104.311806917191	-9.098221
104.3274269104	-10.90839
104.343056917191	-12.76475
104.3586769104	-14.80874
104.374306917191	-17.04079
104.389936923981	-19.25564
104.405556917191	-21.05471
104.421186923981	-21.91144
104.436806917191	-21.31003
104.452436923981	-18.89608
104.468056917191	-14.60635
104.483686923981	-8.737732
104.499316930771	-1.912098
104.514936923981	5.077488
104.530566930771	11.45486
104.546186923981	16.65304
104.561816930771	20.35952
104.577436923981	22.50674
104.593066930771	23.19187
104.608696937561	22.5988
104.624316930771	20.98815
104.639946937561	18.67686
104.655566930771	16.04602
104.671196937561	13.48948
104.686816930771	11.33403
104.702446937561	9.768555
104.718076944351	8.823387
104.733696937561	8.404739
104.749326944351	8.354881
104.764946937561	8.521408
104.780576944351	8.76133
104.796196937561	8.935989
104.811826944351	8.891567
104.827456951141	8.479225
104.843076944351	7.599297
104.858706951141	6.23632
104.874326944351	4.478951
104.889956951141	2.475647
104.905576944351	0.406044
104.921206951141	-1.567581
104.936836957932	-3.357395
104.952456951141	-4.948593
104.968086957932	-6.450588
104.983706951141	-8.057117
104.999336957932	-9.998211
105.014956951141	-12.4377
105.030586957932	-15.37071
105.046216964722	-18.51889
105.061836957932	-21.36741
105.077466964722	-23.23761
105.093086957932	-23.47682
105.108716964722	-21.6592
105.124336957932	-17.7142
105.139966964722	-11.95621
105.155596971512	-5.031715
105.171216964722	2.211525
105.186846971512	8.930405
105.202466964722	14.43809
105.218096971512	18.32817
105.233716964722	20.52665
105.249346971512	21.24091
105.264976978302	20.83042
105.280596971512	19.69561
105.296226978302	18.13521
105.311846971512	16.34098
105.327476978302	14.40189
105.343096971512	12.34823
105.358726978302	10.23954
105.374356985092	8.204239
105.389976978302	6.397423
105.405606985092	4.968723
105.421226978302	4.012684
105.436856985092	3.520977
105.452476978302	3.419102
105.468106985092	3.583397
105.483736991882	3.869019
105.499356985092	4.141235
105.514986991882	4.265648
105.530606985092	4.137703
105.546236991882	3.672302
105.561856985092	2.832096
105.577486991882	1.624866
105.593116998672	0.1138306
105.608736991882	-1.599682
105.624366998672	-3.460392
105.639986991882	-5.456707
105.655616998672	-7.663181
105.671236991882	-10.20665
105.686866998672	-13.17906
105.702497005463	-16.51469
105.718116998672	-19.93129
105.733747005463	-22.89288
105.749366998672	-24.67169
105.764997005463	-24.57199
105.780616998672	-22.13659
105.796247005463	-17.37535
105.811877012253	-10.8182
105.827497005463	-3.371277
105.843127012253	3.933739
105.858747005463	10.21209
105.874377012253	14.92156
105.889997005463	17.87644
105.905627012253	19.15523
105.921256780624	18.96711
105.936877012253	17.54315
105.952506780624	15.11396
105.968127012253	11.94557
105.983756780624	8.369522
105.999377012253	4.761326
106.015006780624	1.492216
106.030636787415	-1.158129
106.046256780624	-3.043428
106.061886787415	-4.15307
106.077506780624	-4.602417
106.093136787415	-4.570066
106.108756780624	-4.252949
106.124386787415	-3.847477
106.140016794205	-3.527531
106.155636787415	-3.431339
106.171266794205	-3.6509
106.186886787415	-4.225821
106.202516794205	-5.162781
106.218136787415	-6.406099
106.233766794205	-7.868523
106.249396800995	-9.442333
106.265016794205	-11.02745
106.280646800995	-12.57829
106.296266794205	-14.13034
106.311896800995	-15.78641
106.327516794205	-17.64785
106.343146800995	-19.68815
106.358776807785	-21.67868
106.374396800995	-23.16979
106.390026807785	-23.59427
106.405646800995	-22.42499
106.421276807785	-19.3784
106.436896800995	-14.54252
106.452526807785	-8.388933
106.468156814575	-1.64311
106.483776807785	4.903362
106.499406814575	10.58033
106.515026807785	14.96154
106.530656814575	17.8824
106.546276807785	19.36342
106.561906814575	19.5424
106.577536821365	18.60793
106.593156814575	16.77996
106.608786821365	14.35168
106.624406814575	11.65966
106.640036821365	9.092419
106.655656814575	7.006054
106.671286821365	5.641317
106.686916828156	5.092249
106.702536821365	5.2377
106.718166828156	5.825634
106.733786821365	6.536234
106.749416828156	7.071016
106.765046834946	7.209894
106.780666828156	6.839493
106.796296834946	5.955935
106.811916828156	4.611139
106.827546834946	2.900091
106.843166828156	0.946167
106.858796834946	-1.110544
106.874426841736	-3.128225
106.890046834946	-5.022808
106.905676841736	-6.798931
106.921296834946	-8.56041
106.936926841736	-10.45927
106.952546834946	-12.62808
106.968176841736	-15.03986
106.983806848526	-17.42992
106.999426841736	-19.34782
107.015056848526	-20.2441
107.030676841736	-19.63473
107.046306848526	-17.27455
107.061926841736	-13.21947
107.077556848526	-7.835278
107.093186855316	-1.702116
107.108806848526	4.529261
107.124436855316	10.24907
107.140056848526	15.00395
107.155686855316	18.51675
107.171306848526	20.66611
107.186936855316	21.46174
107.202566862106	21.00256
107.218186855316	19.48121
107.233816862106	17.18747
107.249436855316	14.48003
107.265066862106	11.73924
107.280686855316	9.291029
107.296316862106	7.332821
107.311946868896	5.93276
107.327566862106	5.025373
107.343196868896	4.488346
107.358816862106	4.188515
107.374446868896	4.008137
107.390066862106	3.853611
107.405696868896	3.63146
107.421326875687	3.228977
107.436946868896	2.532074
107.452576875687	1.468399
107.468196868896	0.008981705
107.483826875687	-1.780605
107.499446868896	-3.787033
107.515076875687	-5.887665
107.530706882477	-7.986149
107.546326875687	-10.0395
107.561956882477	-12.05784
107.577576875687	-14.09575
107.593206882477	-16.16382
107.608826875687	-18.17267
107.624456882477	-19.88851
107.640086889267	-20.94052
107.655706882477	-20.90048
107.671336889267	-19.40228
107.686956882477	-16.26356
107.702586889267	-11.57251
107.718206882477	-5.719286
107.733836889267	0.6879845
107.749466896057	6.933405
107.765086889267	12.36304
107.780716896057	16.50894
107.796336889267	19.13526
107.811966896057	20.27085
107.827586889267	20.1043
107.843216896057	18.90607
107.858846902847	16.96422
107.874466896057	14.53962
107.890096902847	11.85952
107.905716896057	9.16395
107.921346902847	6.706673
107.936966896057	4.754549
107.952596902847	3.537617
107.968226909637	3.158543
107.983846902847	3.550684
107.999476909637	4.459068
108.015096902847	5.520384
108.030726909637	6.327839
108.046346902847	6.587004
108.061976909637	6.15448
108.077606916428	5.072796
108.093226909637	3.494486
108.108856916428	1.597872
108.124476909637	-0.4845161
108.140106916428	-2.680853
108.155726909637	-4.958723
108.171356916428	-7.308519
108.186986923218	-9.688026
108.202606916428	-12.07934
108.218236923218	-14.47077
108.233856916428	-16.85546
108.249486923218	-19.14533
108.265106916428	-21.10322
108.280736923218	-22.31031
108.296366930008	-22.24537
108.311986923218	-20.44229
108.327616930008	-16.69168
108.343236923218	-11.16095
108.358866930008	-4.400442
108.374486923218	2.810985
108.390116930008	9.661733
108.405746936798	15.4865
108.421366930008	19.86568
108.436996936798	22.61093
108.452616930008	23.73286
108.468246936798	23.38537
108.483866930008	21.84157
108.499496936798	19.45739
108.515126943588	16.64396
108.530746936798	13.79217
108.546376943588	11.19545
108.561996936798	9.005787
108.577626943588	7.25651
108.593246936798	5.906322
108.608876943588	4.904117
108.624506950378	4.225778
108.640126943588	3.852516
108.655756950378	3.7312
108.671376943588	3.738987
108.687006950378	3.67839
108.702626943588	3.312265
108.718256950378	2.463462
108.733886957169	1.067614
108.749506950378	-0.8033547
108.765136957169	-2.948439
108.780756950378	-5.131772
108.796386957169	-7.174638
108.812006950378	-8.992538
108.827636957169	-10.63433
108.843266963959	-12.2281
108.858886957169	-13.93919
108.874516963959	-15.91336
108.890136957169	-18.17775
108.905766963959	-20.58578
108.921386957169	-22.76699
108.937016963959	-24.15908
108.952646970749	-24.13616
108.968266963959	-22.21051
108.983896970749	-18.21067
108.999516963959	-12.3751
109.015146970749	-5.322974
109.030776977539	2.099445
109.046396970749	9.046763
109.062026977539	14.82201
109.077646970749	18.98166
109.093276977539	21.34314
109.108896970749	21.96398
109.124526977539	21.08562
109.140156984329	19.08334
109.155776977539	16.39252
109.171406984329	13.44653
109.187026977539	10.61029
109.202656984329	8.131806
109.218276977539	6.121639
109.233906984329	4.595593
109.249536991119	3.49777
109.265156984329	2.74386
109.280786991119	2.248958
109.296406984329	1.910378
109.312036991119	1.649689
109.327656984329	1.385015
109.343286991119	1.031923
109.35891699791	0.4777031
109.374536991119	-0.3982286
109.39016699791	-1.692076
109.405786991119	-3.421444
109.42141699791	-5.522795
109.437036991119	-7.831732
109.45266699791	-10.12877
109.4682970047	-12.23318
109.48391699791	-14.04341
109.4995470047	-15.62745
109.51516699791	-17.17064
109.5307970047	-18.88545
109.54641699791	-20.85322
109.5620470047	-22.9096
109.57767701149	-24.60404
109.5932970047	-25.32851
109.60892701149	-24.4849
109.6245470047	-21.68014
109.64017701149	-16.83696
109.6557970047	-10.25775
109.67142701149	-2.543486
109.687056779861	5.492422
109.70267701149	12.98226
109.718306779861	19.15327
109.73392701149	23.42935
109.749556779861	25.55317
109.76517701149	25.6089
109.780806779861	23.99732
109.796436786652	21.27964
109.812056779861	18.04275
109.827686786652	14.75855
109.843306779861	11.71681
109.858936786652	9.054678
109.874556779861	6.789907
109.890186786652	4.891535
109.905816793442	3.338259
109.921436786652	2.124683
109.937066793442	1.23406
109.952686786652	0.6077042
109.968316793442	0.08957863
109.983936786652	-0.5436993
109.999566793442	-1.518946
110.015196800232	-2.986969
110.030816793442	-4.967638
110.046446800232	-7.334745
110.062066793442	-9.881973
110.077696800232	-12.43777
110.093316793442	-14.88671
110.108946800232	-17.18667
110.124576807022	-19.34351
110.140196800232	-21.36924
110.155826807022	-23.28708
110.171446800232	-25.12622
110.187076807022	-26.8583
110.202696800232	-28.34452
110.218326807022	-29.21582
110.233956813812	-28.93073
110.249576807022	-26.87572
110.265206813812	-22.62554
110.280826807022	-16.14145
110.296456813812	-7.869259
110.312076807022	1.3384
110.327706813812	10.4726
110.343336820602	18.62549
110.358956813812	25.19537
110.374586820602	29.91168
110.390206813812	32.7865
110.405836820602	33.93763
110.421456813812	33.51262
110.437086820602	31.66859
110.452716827393	28.60832
110.468336820602	24.68001
110.483966827393	20.37144
110.499586820602	16.26002
110.515216827393	12.84375
110.530836820602	10.42714
110.546466827393	9.002432
110.562096834183	8.303797
110.577716827393	7.928223
110.593346834183	7.498257
110.608966827393	6.752399
110.624596834183	5.594351
110.640216827393	4.042253
110.655846834183	2.162504
110.671476840973	0.03866959
110.687096834183	-2.268391
110.702726840973	-4.720564
110.718346834183	-7.274364
110.733976840973	-9.918785
110.749596834183	-12.64922
110.765226840973	-15.4658
110.780856847763	-18.3215
110.796476840973	-21.07273
110.812106847763	-23.44721
110.827726840973	-25.05352
110.843356847763	-25.4453
110.858976840973	-24.22114
110.874606847763	-21.19626
110.890236854553	-16.4937
110.905856847763	-10.55604
110.921486854553	-4.06094
110.937106847763	2.258106
110.952736854553	7.778065
110.968356847763	12.12008
110.983986854553	15.15555
110.999616861343	16.95562
111.015236854553	17.63165
111.030866861343	17.28809
111.046486854553	15.9929
111.062116861343	13.85455
111.077736854553	11.07817
111.093366861343	8.008799
111.108996868134	5.063124
111.124616861343	2.63246
111.140246868134	0.9670467
111.155866861343	0.09339714
111.171496868134	-0.1401443
111.187116861343	-0.01536751
111.202746868134	0.1667747
111.218376874924	0.1675549
111.233996868134	-0.1077461
111.249626874924	-0.6459141
111.265246868134	-1.361616
111.280876874924	-2.158873
111.296496868134	-3.016478
111.312126874924	-3.970282
111.327756881714	-5.120119
111.343376874924	-6.580404
111.359006881714	-8.431671
111.374626874924	-10.67498
111.390256881714	-13.19952
111.405876874924	-15.76434
111.421506881714	-17.99389
111.437136888504	-19.44814
111.452756881714	-19.68901
111.468386888504	-18.4146
111.484006881714	-15.52269
111.499636888504	-11.16568
111.515256881714	-5.738325
111.530886888504	0.2093945
111.546516895294	6.045673
111.562136888504	11.16772
111.577766895294	15.0964
111.593386888504	17.53215
111.609016895294	18.39501
111.624646902084	17.80758
111.640266895294	16.05329
111.655896902084	13.47941
111.671516895294	10.43694
111.687146902084	7.24897
111.702766895294	4.21957
111.718396902084	1.611937
111.734026908875	-0.3274689
111.749646902084	-1.463169
111.765276908875	-1.810734
111.780896902084	-1.566549
111.796526908875	-1.084417
111.812146902084	-0.7407513
111.827776908875	-0.8408451
111.843406915665	-1.504927
111.859026908875	-2.656307
111.874656915665	-4.072134
111.890276908875	-5.503046
111.905906915665	-6.766582
111.921526908875	-7.824789
111.937156915665	-8.784065
111.952786922455	-9.810644
111.968406915665	-11.06358
111.984036922455	-12.62177
111.999656915665	-14.42894
112.015286922455	-16.32548
112.030906915665	-18.02748
112.046536922455	-19.17233
112.062166929245	-19.35842
112.077786922455	-18.22187
112.093416929245	-15.51903
112.109036922455	-11.2436
112.124666929245	-5.66806
112.140286922455	0.6740208
112.155916929245	7.080428
112.171546936035	12.84596
112.187166929245	17.40457
112.202796936035	20.4467
112.218416929245	21.92691
112.234046936035	22.0343
112.249666929245	21.0769
112.265296936035	19.39111
112.280926942825	17.28766
112.296546936035	15.00339
112.312176942825	12.72872
112.327796936035	10.62741
112.343426942825	8.834188
112.359046936035	7.447336
112.374676942825	6.531645
112.390306949615	6.079996
112.405926942825	6.025976
112.421556949615	6.274162
112.437176942825	6.671746
112.452806949615	7.043361
112.468426942825	7.191306
112.484056949615	6.915637
112.499686956406	6.07462
112.515306949615	4.624065
112.530936956406	2.644663
112.546556949615	0.3350515
112.562186956406	-2.023439
112.577806949615	-4.176143
112.593436956406	-5.94505
112.609066963196	-7.288518
112.624686956406	-8.313904
112.640316963196	-9.226255
112.655936956406	-10.24658
112.671566963196	-11.49306
112.687186956406	-12.88931
112.702816963196	-14.12677
112.718446969986	-14.7252
112.734066963196	-14.17522
112.749696969986	-12.09441
112.765316963196	-8.383468
112.780946969986	-3.267304
112.796566963196	2.74914
112.812196969986	9.005701
112.827826976776	14.83009
112.843446969986	19.64587
112.859076976776	23.05429
112.874696969986	24.87852
112.890326976776	25.1304
112.905946969986	23.99676
112.921576976776	21.80868
112.937206983566	18.96671
112.952826976776	15.90347
112.968456983566	12.98763
112.984076976776	10.47135
112.999706983566	8.441835
113.015326976776	6.872099
113.030956983566	5.6542
113.046586990356	4.680002
113.062206983566	3.944109
113.077836990356	3.488298
113.093456983566	3.373758
113.109086990356	3.592318
113.124706983566	3.989014
113.140336990356	4.299927
113.155966997147	4.202538
113.171586990356	3.473141
113.187216997147	2.052572
113.202836990356	0.098032
113.218466997147	-2.112026
113.234086990356	-4.274088
113.249716997147	-6.17104
113.265347003937	-7.735098
113.280966997147	-9.042236
113.296597003937	-10.25899
113.312216997147	-11.56663
113.327847003937	-13.09252
113.343466997147	-14.88738
113.359097003937	-16.86189
113.374727010727	-18.77078
113.390347003937	-20.22325
113.405977010727	-20.72801
113.421597003937	-19.82084
113.437227010727	-17.21336
113.452847003937	-12.91125
113.468477010727	-7.277817
113.484106779099	-0.9530144
113.499727010727	5.306843
113.515356779099	10.81683
113.530977010727	15.09755
113.546606779099	17.93241
113.562227010727	19.33402
113.577856779099	19.45682
113.593486785889	18.52071
113.609106779099	16.78403
113.624736785889	14.50684
113.640356779099	11.98776
113.655986785889	9.525501
113.671606779099	7.383141
113.687236785889	5.733482
113.702866792679	4.618534
113.718486785889	3.957138
113.734116792679	3.598701
113.749736785889	3.409981
113.765366792679	3.311584
113.780986785889	3.291012
113.796616792679	3.345272
113.812246799469	3.429214
113.827866792679	3.418018
113.843496799469	3.126637
113.859116792679	2.371689
113.874746799469	1.0476
113.890376806259	-0.8259163
113.905996799469	-3.095669
113.921626806259	-5.550159
113.937246799469	-7.980946
113.952876806259	-10.22405
113.968496799469	-12.20874
113.984126806259	-13.94132
113.999756813049	-15.48281
114.015376806259	-16.96836
114.031006813049	-18.53375
114.046626806259	-20.27767
114.062256813049	-22.17476
114.077876806259	-24.02299
114.093506813049	-25.42144
114.109136819839	-25.8598
114.124756813049	-24.87248
114.140386819839	-22.16348
114.156006813049	-17.73628
114.171636819839	-11.88805
114.187256813049	-5.152931
114.202886819839	1.809425
114.21851682663	8.321602
114.234136819839	13.80105
114.24976682663	17.81252
114.265386819839	20.09352
114.28101682663	20.58511
114.296636819839	19.42284
114.31226682663	16.91363
114.32789683342	13.48345
114.34351682663	9.622566
114.35914683342	5.819839
114.37476682663	2.489265
114.39039683342	-0.1037369
114.40601682663	-1.85128
114.42164683342	-2.811096
114.43727684021	-3.159485
114.45289683342	-3.098503
114.46852684021	-2.80497
114.48414683342	-2.425804
114.49977684021	-2.072037
114.51539683342	-1.844933
114.53102684021	-1.860352
114.546656847	-2.236671
114.56227684021	-3.059464
114.577906847	-4.363731
114.59352684021	-6.095963
114.609156847	-8.142334
114.62477684021	-10.34805
114.640406847	-12.57964
114.65603685379	-14.78634
114.671656847	-16.99509
114.68728685379	-19.25607
114.702906847	-21.55016
114.71853685379	-23.69595
114.734156847	-25.30923
114.74978685379	-25.88758
114.76541686058	-24.95545
114.78103685379	-22.23795
114.79666686058	-17.77646
114.81228685379	-11.92484
114.82791686058	-5.266167
114.84353685379	1.529533
114.85916686058	7.820366
114.874796867371	13.07125
114.89041686058	16.90497
114.906046867371	19.13198
114.92166686058	19.73756
114.937296867371	18.88338
114.95291686058	16.8583
114.968546867371	14.03085
114.984176874161	10.78793
114.999796867371	7.482136
115.015426874161	4.411068
115.031046867371	1.78352
115.046676874161	-0.2608299
115.062296867371	-1.672241
115.077926874161	-2.465332
115.093556880951	-2.742382
115.109176874161	-2.660431
115.124806880951	-2.409733
115.140426874161	-2.206486
115.156056880951	-2.227562
115.171676874161	-2.619286
115.187306880951	-3.441437
115.202936887741	-4.684666
115.218556880951	-6.266811
115.234186887741	-8.092545
115.249806880951	-10.09816
115.265436887741	-12.25257
115.281056880951	-14.58932
115.296686887741	-17.14062
115.312316894531	-19.90489
115.327936887741	-22.75742
115.343566894531	-25.3886
115.359186887741	-27.28611
115.374816894531	-27.83912
115.390436887741	-26.52903
115.406066894531	-23.10342
115.421696901321	-17.72053
115.437316894531	-10.89677
115.452946901321	-3.380447
115.468566894531	4.06937
115.484196901321	10.81319
115.499816894531	16.42872
115.515446901321	20.66232
115.531076908112	23.37104
115.546696901321	24.50905
115.562326908112	24.12582
115.577946901321	22.41616
115.593576908112	19.71739
115.609196901321	16.4851
115.624826908112	13.18591
115.640456914902	10.22262
115.656076908112	7.873247
115.671706914902	6.264267
115.687326908112	5.381413
115.702956914902	5.082508
115.718576908112	5.160999
115.734206914902	5.377621
115.749836921692	5.523481
115.765456914902	5.449423
115.781086921692	5.067582
115.796706914902	4.343411
115.812336921692	3.279651
115.827956914902	1.917325
115.843586921692	0.2802572
115.859216928482	-1.601512
115.874836921692	-3.733299
115.890466928482	-6.139957
115.906086921692	-8.87177
115.921716928482	-11.9641
115.937336921692	-15.3942
115.952966928482	-19.0299
115.968596935272	-22.58265
115.984216928482	-25.61954
115.999846935272	-27.57108
116.015466928482	-27.86993
116.031096935272	-26.06669
116.046726942062	-22.01001
116.062346935272	-15.93137
116.077976942062	-8.437569
116.093596935272	-0.4116597
116.109226942062	7.215378
116.124846935272	13.62998
116.140476942062	18.30796
116.156106948853	21.03341
116.171726942062	21.83903
116.187356948853	20.93238
116.202976942062	18.60622
116.218606948853	15.22729
116.234226942062	11.20058
116.249856948853	7.006067
116.265486955643	3.111649
116.281106948853	-0.04838753
116.296736955643	-2.173992
116.312356948853	-3.148216
116.327986955643	-3.048141
116.343606948853	-2.090914
116.359236955643	-0.5835342
116.374866962433	1.123154
116.390486955643	2.712431
116.406116962433	3.917896
116.421736955643	4.583584
116.437366962433	4.635277
116.452986955643	4.111073
116.468616962433	3.109806
116.484246969223	1.756203
116.499866962433	0.1665611
116.515496969223	-1.614056
116.531116962433	-3.603718
116.546746969223	-5.878723
116.562366962433	-8.527184
116.577996969223	-11.54525
116.593626976013	-14.75451
116.609246969223	-17.75508
116.624876976013	-19.9727
116.640496969223	-20.75483
116.656126976013	-19.56207
116.671746969223	-16.14838
116.687376976013	-10.65134
116.703006982803	-3.612595
116.718626976013	4.136452
116.734256982803	11.6465
116.749876976013	18.06919
116.765506982803	22.7998
116.781126976013	25.57266
116.796756982803	26.43947
116.812386989594	25.69594
116.828006982803	23.73692
116.843636989594	20.9855
116.859256982803	17.81549
116.874886989594	14.5497
116.890506982803	11.46976
116.906136989594	8.816689
116.921766996384	6.783638
116.937386989594	5.462242
116.953016996384	4.828667
116.968636989594	4.727463
116.984266996384	4.932785
116.999886989594	5.17939
117.015516996384	5.220657
117.031147003174	4.896591
117.046766996384	4.127823
117.062397003174	2.91317
117.078016996384	1.306335
117.093647003174	-0.6275482
117.109266996384	-2.822983
117.124897003174	-5.207878
117.140527009964	-7.696594
117.156147003174	-10.1879
117.171777009964	-12.5884
117.187397003174	-14.87749
117.203027009964	-17.09974
117.218647003174	-19.36113
117.234277009964	-21.7324
117.249906778336	-24.11037
117.265527009964	-26.14823
117.281156778336	-27.29347
117.296777009964	-26.93424
117.312406778336	-24.60519
117.328027009964	-20.20894
117.343656778336	-14.06048
117.359286785126	-6.837677
117.374906778336	0.594696
117.390536785126	7.414429
117.406156778336	12.99606
117.421786785126	17.00829
117.437406778336	19.3804
117.453036785126	20.22458
117.468666791916	19.69569
117.484286785126	17.96899
117.499916791916	15.21863
117.515536785126	11.68148
117.531166791916	7.722443
117.546786785126	3.791367
117.562416791916	0.3823853
117.578046798706	-2.12709
117.593666791916	-3.567017
117.609296798706	-4.043182
117.624916791916	-3.86705
117.640546798706	-3.455276
117.656166791916	-3.190674
117.671796798706	-3.297958
117.687426805496	-3.864616
117.703046798706	-4.792862
117.718676805496	-5.873596
117.734296798706	-6.845947
117.749926805496	-7.480713
117.765546798706	-7.612152
117.781176805496	-7.191788
117.796806812286	-6.321136
117.812426805496	-5.238388
117.828056812286	-4.314011
117.843676805496	-3.974792
117.859306812286	-4.612366
117.874926805496	-6.438019
117.890556812286	-9.367523
117.906186819077	-13.00478
117.921806812286	-16.68294
117.937436819077	-19.66029
117.953056812286	-21.26773
117.968686819077	-21.09763
117.984306812286	-19.0331
117.999936819077	-15.25104
118.015566825867	-10.14101
118.031186819077	-4.205399
118.046816825867	2.014221
118.062436819077	8.038635
118.078066825867	13.5005
118.093686819077	18.17349
118.109316825867	21.93831
118.124946832657	24.74026
118.140566825867	26.55586
118.156196832657	27.39537
118.171816825867	27.37816
118.187446832657	26.73543
118.203066825867	25.81125
118.218696832657	24.94341
118.234326839447	24.35773
118.249946832657	24.09445
118.265576839447	24.01581
118.281196832657	23.92029
118.296826839447	23.67155
118.312446832657	23.26501
118.328076839447	22.7822
118.343706846237	22.32529
118.359326839447	21.89116
118.374956846237	21.35864
118.390576839447	20.54991
118.406206846237	19.30685
118.421826839447	17.5692
118.437456846237	15.38684
118.453086853027	12.92148
118.468706846237	10.35677
118.484336853027	7.85675
118.499956846237	5.500977
118.515586853027	3.272263
118.531206846237	1.052414
118.546836853027	-1.297882
118.562466859818	-3.861832
118.578086853027	-6.5896
118.593716859818	-9.224548
118.609336853027	-11.33777
118.624966859818	-12.4227
118.640586853027	-12.08652
118.656216859818	-10.16223
118.671846866608	-6.794449
118.687466859818	-2.394882
118.703096866608	2.507248
118.718716859818	7.368958
118.734346866608	11.75098
118.749976873398	15.29855
118.765596866608	17.76215
118.781226873398	18.97812
118.796846866608	18.92082
118.812476873398	17.72432
118.828096866608	15.70375
118.843726873398	13.28882
118.859356880188	10.90762
118.874976873398	8.882843
118.890606880188	7.354828
118.906226873398	6.318237
118.921856880188	5.671875
118.937476873398	5.320374
118.953106880188	5.209427
118.968736886978	5.311432
118.984356880188	5.551697
118.999986886978	5.79541
119.015606880188	5.859924
119.031236886978	5.564575
119.046856880188	4.794159
119.062486886978	3.552872
119.078116893768	1.95369
119.093736886978	0.180481
119.109366893768	-1.556717
119.124986886978	-3.124481
119.140616893768	-4.476288
119.156236886978	-5.670502
119.171866893768	-6.827789
119.187496900558	-8.098236
119.203116893768	-9.604889
119.218746900558	-11.39839
119.234366893768	-13.36945
119.249996900558	-15.23824
119.265616893768	-16.55304
119.281246900558	-16.82556
119.296876907349	-15.66006
119.312496900558	-12.91821
119.328126907349	-8.815582
119.343746900558	-3.860397
119.359376907349	1.264267
119.374996900558	5.912827
119.390626907349	9.610855
119.406256914139	12.14095
119.421876907349	13.47493
119.437506914139	13.71733
119.453126907349	13.00571
119.468756914139	11.51283
119.484376907349	9.461288
119.500006914139	7.125229
119.515636920929	4.824387
119.531256914139	2.86792
119.546886920929	1.47084
119.562506914139	0.7181244
119.578136920929	0.5561218
119.593756914139	0.8305206
119.609386920929	1.337662
119.625016927719	1.885681
119.640636920929	2.315155
119.656266927719	2.515106
119.671886920929	2.404205
119.687516927719	1.929382
119.703136920929	1.092743
119.718766927719	-0.06045532
119.734396934509	-1.43605
119.750016927719	-2.937332
119.765646934509	-4.474182
119.781266927719	-6.007324
119.796896934509	-7.518341
119.812516927719	-9.013
119.828146934509	-10.51003
119.843776941299	-12.03958
119.859396934509	-13.60707
119.875026941299	-15.14906
119.890646934509	-16.49446
119.906276941299	-17.32237
119.921896934509	-17.22562
119.937526941299	-15.82022
119.95315694809	-12.93073
119.968776941299	-8.705231
119.98440694809	-3.628357
120.000026941299	1.591324
120.01565694809	6.228378
120.031276941299	9.762474
120.04690694809	11.95987
120.06253695488	12.86269
120.07815694809	12.70113
120.09378695488	11.76842
120.10940694809	10.3372
120.12503695488	8.648033
120.14065694809	6.918602
120.15628695488	5.34214
120.17191696167	4.092628
120.18753695488	3.265678
120.20316696167	2.863312
120.21878695488	2.783775
120.23441696167	2.873482
120.25003695488	2.974571
120.26566696167	3.000107
120.28129696846	2.902161
120.29691696167	2.667183
120.31254696846	2.26284
120.32816696167	1.652084
120.34379696846	0.8003082
120.35941696167	-0.2694778
120.37504696846	-1.478401
120.39067697525	-2.713593
120.40629696846	-3.876419
120.42192697525	-4.940613
120.43754696846	-5.968796
120.45317697525	-7.084175
120.46879696846	-8.416374
120.48442697525	-10.02871
120.50005698204	-11.8668
120.51567697525	-13.70154
120.53130698204	-15.16551
120.54692697525	-15.81312
120.56255698204	-15.26672
120.57817697525	-13.33537
120.59380698204	-10.09801
120.609436988831	-5.899719
120.62505698204	-1.262573
120.640686988831	3.268707
120.65630698204	7.240715
120.671936988831	10.35381
120.68755698204	12.46423
120.703186988831	13.56273
120.718816995621	13.72681
120.734436988831	13.13451
120.750066995621	12.00809
120.765686988831	10.60479
120.781316995621	9.151398
120.796936988831	7.805298
120.812566995621	6.65229
120.828197002411	5.723213
120.843816995621	5.02758
120.859447002411	4.57341
120.875066995621	4.355034
120.890697002411	4.332077
120.906316995621	4.419495
120.921947002411	4.493889
120.937577009201	4.437401
120.953197002411	4.149536
120.968827009201	3.580353
120.984447002411	2.719292
121.000077009201	1.573479
121.015707015991	0.1975784
121.031327009201	-1.311386
121.046957015991	-2.815193
121.062577009201	-4.183937
121.078207015991	-5.348091
121.093827009201	-6.318855
121.109457015991	-7.216171
121.125086784363	-8.226128
121.140707015991	-9.491592
121.156336784363	-11.04758
121.171957015991	-12.76003
121.187586784363	-14.3266
121.203207015991	-15.35827
121.218836784363	-15.49156
121.234466791153	-14.48125
121.250086784363	-12.27628
121.265716791153	-9.041275
121.281336784363	-5.129814
121.296966791153	-1.034096
121.312586784363	2.747429
121.328216791153	5.781494
121.343846797943	7.827515
121.359466791153	8.825645
121.375096797943	8.885712
121.390716791153	8.223137
121.406346797943	7.068405
121.421966791153	5.613716
121.437596797943	3.981964
121.453226804733	2.277649
121.468846797943	0.6057205
121.484476804733	-0.8597488
121.500096797943	-1.923683
121.515726804733	-2.438976
121.531346797943	-2.383404
121.546976804733	-1.896233
121.562606811523	-1.229675
121.578226804733	-0.7003326
121.593856811523	-0.5410919
121.609476804733	-0.8503456
121.625106811523	-1.567329
121.640726804733	-2.514019
121.656356811523	-3.494324
121.671986818314	-4.395706
121.687606811523	-5.214634
121.703236818314	-6.038834
121.718856811523	-6.991291
121.734486818314	-8.152531
121.750106811523	-9.54475
121.765736818314	-11.1235
121.781366825104	-12.79274
121.796986818314	-14.41544
121.812616825104	-15.80579
121.828236818314	-16.73139
121.843866825104	-16.92485
121.859486818314	-16.13129
121.875116825104	-14.19925
121.890746831894	-11.13832
121.906366825104	-7.160271
121.921996831894	-2.666718
121.937616825104	1.840187
121.953246831894	5.863209
121.968866825104	8.997475
121.984496831894	11.00768
122.000126838684	11.86977
122.015746831894	11.74785
122.031376838684	10.92102
122.046996831894	9.705921
122.062626838684	8.395943
122.078246831894	7.166801
122.093876838684	6.101139
122.109506845474	5.211708
122.125126838684	4.491615
122.140756845474	3.966148
122.156376838684	3.678738
122.172006845474	3.658855
122.187626838684	3.889496
122.203256845474	4.272606
122.218886852264	4.645618
122.234506845474	4.828297
122.250136852264	4.678921
122.265756845474	4.125526
122.281386852264	3.18639
122.297006845474	1.945045
122.312636852264	0.51754
122.328266859055	-0.9707375
122.343886852264	-2.410992
122.359516859055	-3.730652
122.375136852264	-4.917206
122.390766859055	-6.030231
122.406386852264	-7.166157
122.422016859055	-8.422634
122.437646865845	-9.797924
122.453266859055	-11.16221
122.468896865845	-12.21381
122.484516859055	-12.56953
122.500146865845	-11.87435
122.515766859055	-9.910255
122.531396865845	-6.705189
122.547026872635	-2.542896
122.562646865845	2.090813
122.578276872635	6.627895
122.593896865845	10.53888
122.609526872635	13.47419
122.625146865845	15.27558
122.640776872635	15.98547
122.656406879425	15.7702
122.672026872635	14.88155
122.687656879425	13.58036
122.703276872635	12.08165
122.718906879425	10.53816
122.734526872635	9.026165
122.750156879425	7.586037
122.765786886215	6.250797
122.781406879425	5.084717
122.797036886215	4.186245
122.812656879425	3.63129
122.828286886215	3.414471
122.843906879425	3.426308
122.859536886215	3.467831
122.875166893005	3.339783
122.890786886215	2.91914
122.906416893005	2.204735
122.922036886215	1.262287
122.937666893005	0.1858292
122.953286886215	-0.9674416
122.968916893005	-2.194733
122.984546899796	-3.485134
123.000166893005	-4.778175
123.015796899796	-6.006599
123.031416893005	-7.118519
123.047046899796	-8.161201
123.062666893005	-9.249283
123.078296899796	-10.5092
123.093926906586	-11.93516
123.109546899796	-13.34773
123.125176906586	-14.37902
123.140796899796	-14.61212
123.156426906586	-13.73244
123.172056913376	-11.65014
123.187676906586	-8.511749
123.203306913376	-4.656343
123.218926906586	-0.5209866
123.234556913376	3.45956
123.250176906586	6.890686
123.265806913376	9.474205
123.281436920166	11.03529
123.297056913376	11.55738
123.312686920166	11.1938
123.328306913376	10.21642
123.343936920166	8.953674
123.359556913376	7.673077
123.375186920166	6.558613
123.390816926956	5.65583
123.406436920166	4.933979
123.422066926956	4.327078
123.437686920166	3.790636
123.453316926956	3.328262
123.468936920166	2.981169
123.484566926956	2.770573
123.500196933746	2.704212
123.515816926956	2.72727
123.531446933746	2.744663
123.547066926956	2.661192
123.562696933746	2.411793
123.578316926956	1.965147
123.593946933746	1.332499
123.609576940536	0.5251694
123.625196933746	-0.4358654
123.640826940536	-1.51852
123.656446933746	-2.634846
123.672076940536	-3.690601
123.687696933746	-4.593956
123.703326940536	-5.345839
123.718956947327	-6.068138
123.734576940536	-6.925627
123.750206947327	-8.022398
123.765826940536	-9.283597
123.781456947327	-10.41918
123.797076940536	-11.01467
123.812706947327	-10.69584
123.828336954117	-9.285222
123.843956947327	-6.880922
123.859586954117	-3.799151
123.875206947327	-0.4438376
123.890836954117	2.794883
123.906456947327	5.613415
123.922086954117	7.796975
123.937716960907	9.186108
123.953336954117	9.694935
123.968966960907	9.351087
123.984586954117	8.297271
124.000216960907	6.797293
124.015836954117	5.179789
124.031466960907	3.710333
124.047096967697	2.557078
124.062716960907	1.743275
124.078346967697	1.207653
124.093966960907	0.8572463
124.109596967697	0.6222811
124.125216960907	0.4908633
124.140846967697	0.4522786
124.156476974487	0.4897406
124.172096967697	0.5436037
124.187726974487	0.5259047
124.203346967697	0.3330021
124.218976974487	-0.09321404
124.234596967697	-0.7706213
124.250226974487	-1.672639
124.265856981277	-2.742377
124.281476974487	-3.924978
124.297106981277	-5.162512
124.312726974487	-6.375313
124.328356981277	-7.481107
124.343976974487	-8.42262
124.359606981277	-9.195305
124.375236988068	-9.884919
124.390856981277	-10.64796
124.406486988068	-11.60215
124.422106981277	-12.74215
124.437736988068	-13.84866
124.453356981277	-14.52926
124.468986988068	-14.33704
124.484616994858	-12.93932
124.500236988068	-10.28483
124.515866994858	-6.616221
124.531486988068	-2.407453
124.547116994858	1.817414
124.562736988068	5.591432
124.578366994858	8.630394
124.593997001648	10.79887
124.609616994858	12.04796
124.625247001648	12.40411
124.640866994858	11.92155
124.656497001648	10.73388
124.672116994858	9.084776
124.687747001648	7.308695
124.703377008438	5.72587
124.718997001648	4.548006
124.734627008438	3.821503
124.750247001648	3.42153
124.765877008438	3.175598
124.781497001648	2.95513
124.797127008438	2.739864
124.812757015228	2.56925
124.828377008438	2.468367
124.844007015228	2.349426
124.859627008438	2.074253
124.875257015228	1.517271
124.890877008438	0.6584034
124.906507015228	-0.4049892
124.9221367836	-1.535576
124.937757015228	-2.649731
124.9533867836	-3.773344
124.969007015228	-4.997896
124.9846367836	-6.403156
125.000257015228	-7.990406
125.0158867836	-9.687117
125.03151679039	-11.39306
125.0471367836	-13.0224
125.06276679039	-14.50253
125.0783867836	-15.705
125.09401679039	-16.41247
125.1096367836	-16.32924
125.12526679039	-15.18725
125.14089679718	-12.88762
125.15651679039	-9.566334
125.17214679718	-5.572651
125.18776679039	-1.375771
125.20339679718	2.580797
125.21901679039	5.965187
125.23464679718	8.58569
125.25027680397	10.36202
125.26589679718	11.3169
125.28152680397	11.51135
125.29714679718	11.066
125.31277680397	10.14606
125.32839679718	8.936623
125.34402680397	7.624464
125.35965681076	6.357841
125.37527680397	5.226591
125.39090681076	4.268379
125.40652680397	3.499964
125.42215681076	2.922966
125.43777680397	2.551092
125.45340681076	2.34931
125.469036817551	2.250719
125.48465681076	2.126083
125.500286817551	1.831583
125.51590681076	1.256344
125.531536817551	0.3770466
125.54715681076	-0.7577267
125.562786817551	-2.045389
125.578416824341	-3.396095
125.594036817551	-4.740984
125.609666824341	-6.061363
125.625286817551	-7.351891
125.640916824341	-8.619408
125.656536817551	-9.894915
125.672166824341	-11.24208
125.687796831131	-12.71934
125.703416824341	-14.32538
125.719046831131	-15.89867
125.734666824341	-17.12745
125.750296831131	-17.61535
125.765916824341	-16.96466
125.781546831131	-14.9755
125.797176837921	-11.70057
125.812796831131	-7.480856
125.828426837921	-2.831406
125.844046831131	1.672075
125.859676837921	5.5541
125.875306844711	8.505814
125.890926837921	10.37447
125.906556844711	11.1813
125.922176837921	11.05601
125.937806844711	10.22491
125.953426837921	8.962275
125.969056844711	7.557709
125.984686851501	6.252975
126.000306844711	5.237003
126.015936851501	4.605606
126.031556844711	4.344376
126.047186851501	4.383745
126.062806844711	4.580248
126.078436851501	4.801003
126.094066858292	4.952457
126.109686851501	4.999922
126.125316858292	4.963163
126.140936851501	4.87697
126.156566858292	4.756227
126.172186851501	4.528397
126.187816858292	4.096159
126.203446865082	3.349268
126.219066858292	2.268175
126.234696865082	0.9575901
126.250316858292	-0.4242992
126.265946865082	-1.696936
126.281566858292	-2.791552
126.297196865082	-3.764114
126.312826871872	-4.779505
126.328446865082	-5.994404
126.344076871872	-7.503187
126.359696865082	-9.26071
126.375326871872	-11.0592
126.390946865082	-12.58541
126.406576871872	-13.45922
126.422206878662	-13.3311
126.437826871872	-11.97858
126.453456878662	-9.376274
126.469076871872	-5.719137
126.484706878662	-1.410803
126.500326871872	3.039417
126.515956878662	7.135611
126.531586885452	10.46134
126.547206878662	12.78182
126.562836885452	14.02765
126.578456878662	14.26804
126.594086885452	13.67927
126.609706878662	12.45911
126.625336885452	10.82195
126.640966892242	8.967915
126.656586885452	7.133347
126.672216892242	5.51185
126.687836885452	4.286587
126.703466892242	3.533503
126.719086885452	3.181896
126.734716892242	3.055304
126.750346899033	2.94648
126.765966892242	2.720804
126.781596899033	2.35491
126.797216892242	1.90424
126.812846899033	1.413652
126.828466892242	0.8606586
126.844096899033	0.1458263
126.859726905823	-0.8382969
126.875346899033	-2.084385
126.890976905823	-3.468554
126.906596899033	-4.83267
126.922226905823	-6.056009
126.937846899033	-7.169855
126.953476905823	-8.336115
126.969106912613	-9.718611
126.984726905823	-11.37235
127.000356912613	-13.19172
127.015976905823	-14.90552
127.031606912613	-16.1787
127.047226905823	-16.69123
127.062856912613	-16.19652
127.078486919403	-14.56473
127.094106912613	-11.81373
127.109736919403	-8.11582
127.125356912613	-3.805677
127.140986919403	0.649435
127.156606912613	4.762905
127.172236919403	8.107508
127.187866926193	10.4171
127.203486919403	11.6323
127.219116926193	11.8709
127.234736919403	11.34607
127.250366926193	10.29747
127.265986919403	8.935781
127.281616926193	7.426428
127.297246932983	5.900848
127.312866926193	4.481386
127.328496932983	3.288843
127.344116926193	2.439608
127.359746932983	1.997837
127.375366926193	1.937716
127.390996932983	2.147924
127.406626939774	2.409508
127.422246932983	2.49646
127.437876939774	2.236753
127.453496932983	1.577209
127.469126939774	0.606451
127.484746932983	-0.5028038
127.500376939774	-1.594933
127.516006946564	-2.610291
127.531626939774	-3.580301
127.547256946564	-4.596724
127.562876939774	-5.746614
127.578506946564	-7.055925
127.594126939774	-8.513626
127.609756946564	-10.07589
127.625386953354	-11.71201
127.641006946564	-13.33687
127.656636953354	-14.77338
127.672256946564	-15.7083
127.687886953354	-15.73372
127.703506946564	-14.47729
127.719136953354	-11.76233
127.734766960144	-7.739935
127.750386953354	-2.880821
127.766016960144	2.139879
127.781636953354	6.657933
127.797266960144	10.1981
127.812886953354	12.55845
127.828516960144	13.75976
127.844146966934	13.96331
127.859766960144	13.38993
127.875396966934	12.27307
127.891016960144	10.8576
127.906646966934	9.387729
127.922266960144	8.080803
127.937896966934	7.071499
127.953526973724	6.395448
127.969146966934	5.980659
127.984776973724	5.735848
128.000396966934	5.576472
128.016026973724	5.453945
128.031656980515	5.33738
128.047276973724	5.172525
128.062906980515	4.879604
128.078526973724	4.373833
128.094156980515	3.615498
128.109776973724	2.640919
128.125406980515	1.514676
128.141036987305	0.3024931
128.156656980515	-0.9548311
128.172286987305	-2.23436
128.187906980515	-3.515383
128.203536987305	-4.767601
128.219156980515	-5.972569
128.234786987305	-7.16996
128.250416994095	-8.450147
128.266036987305	-9.905907
128.281666994095	-11.54333
128.297286987305	-13.17409
128.312916994095	-14.41764
128.328536987305	-14.80141
128.344166994095	-13.92975
128.359797000885	-11.65217
128.375416994095	-8.132603
128.391047000885	-3.82248
128.406666994095	0.7117138
128.422297000885	4.937582
128.437916994095	8.486135
128.453547000885	11.16123
128.469177007675	12.91948
128.484797000885	13.80347
128.500427007675	13.89071
128.516047000885	13.27633
128.531677007675	12.09057
128.547297000885	10.50047
128.562927007675	8.727709
128.578557014465	7.021928
128.594177007675	5.59798
128.609807014465	4.613712
128.625427007675	4.140671
128.641057014465	4.114697
128.656677007675	4.36174
128.672307014465	4.636536
128.687936782837	4.690592
128.703557014465	4.370852
128.719186782837	3.644921
128.734807014465	2.579287
128.750436782837	1.277321
128.766057014465	-0.1815805
128.781686782837	-1.752991
128.797316789627	-3.393675
128.812936782837	-5.016655
128.828566789627	-6.496212
128.844186782837	-7.721061
128.859816789627	-8.65375
128.875436782837	-9.390392
128.891066789627	-10.12391
128.906696796417	-11.05558
128.922316789627	-12.28099
128.937946796417	-13.69501
128.953566789627	-15.02878
128.969196796417	-15.91217
128.984816789627	-15.99303
129.000446796417	-15.02984
129.016076803207	-12.93705
129.031696796417	-9.813233
129.047326803207	-5.92623
129.062946796417	-1.683967
129.078576803207	2.450346
129.094196796417	6.028178
129.109826803207	8.732619
129.125456809998	10.42997
129.141076803207	11.17037
129.156706809998	11.13499
129.172326803207	10.57557
129.187956809998	9.736754
129.203576803207	8.822788
129.219206809998	7.980654
129.234836816788	7.295949
129.250456809998	6.803067
129.266086816788	6.485051
129.281706809998	6.292727
129.297336816788	6.173626
129.312956809998	6.085944
129.328586816788	6.033988
129.344216823578	6.010819
129.359836816788	6.002235
129.375466823578	5.939142
129.391086816788	5.733132
129.406716823578	5.290751
129.422336816788	4.561635
129.437966823578	3.564285
129.453596830368	2.359719
129.469216823578	1.026052
129.484846830368	-0.3667173
129.500466823578	-1.755343
129.516096830368	-3.090024
129.531716823578	-4.336024
129.547346830368	-5.482955
129.562976837158	-6.552175
129.578596830368	-7.569503
129.594226837158	-8.558052
129.609846830368	-9.458705
129.625476837158	-10.14287
129.641096830368	-10.39946
129.656726837158	-10.00498
129.672356843948	-8.78564
129.687976837158	-6.681961
129.703606843948	-3.773465
129.719226837158	-0.264657
129.734856843948	3.536715
129.750476837158	7.274788
129.766106843948	10.58782
129.781736850739	13.17887
129.797356843948	14.84483
129.812986850739	15.51948
129.828606843948	15.2622
129.844236850739	14.23953
129.859856843948	12.71504
129.875486850739	10.98858
129.891116857529	9.35339
129.906736850739	8.021396
129.922366857529	7.105204
129.937986850739	6.587562
129.953616857529	6.366084
129.969236850739	6.296049
129.984866857529	6.24324
130.000496864319	6.129344
130.016116857529	5.905873
130.031746864319	5.575961
130.047366857529	5.124901
130.062996864319	4.539715
130.078616857529	3.776061
130.094246864319	2.784436
130.109876871109	1.525007
130.125496864319	0.004836082
130.141126871109	-1.711796
130.156746864319	-3.50769
130.172376871109	-5.226176
130.187996864319	-6.735289
130.203626871109	-7.971142
130.219256877899	-8.962105
130.234876871109	-9.829372
130.250506877899	-10.70485
130.266126871109	-11.63697
130.281756877899	-12.5402
130.297376871109	-13.20496
130.313006877899	-13.3324
130.328636884689	-12.64656
130.344256877899	-11.00006
130.359886884689	-8.404475
130.375506877899	-5.048118
130.391136884689	-1.251416
130.406756877899	2.59573
130.422386884689	6.107485
130.438016891479	8.968074
130.453636884689	10.97217
130.469266891479	12.04987
130.484886884689	12.22717
130.500516891479	11.62642
130.516136884689	10.43231
130.531766891479	8.871916
130.54739689827	7.168633
130.563016891479	5.572433
130.57864689827	4.269298
130.594266891479	3.402666
130.60989689827	3.025211
130.62552690506	3.101274
130.64114689827	3.483637
130.65677690506	3.992273
130.67239689827	4.440834
130.68802690506	4.673702
130.70364689827	4.626656
130.71927690506	4.286802
130.73490691185	3.707203
130.75052690506	2.956558
130.76615691185	2.095404
130.78177690506	1.146196
130.79740691185	0.1023617
130.81302690506	-1.054777
130.82865691185	-2.341051
130.84428691864	-3.729155
130.85990691185	-5.194218
130.87553691864	-6.698931
130.89115691185	-8.221087
130.90678691864	-9.755363
130.92240691185	-11.27288
130.93803691864	-12.67689
130.95366692543	-13.79018
130.96928691864	-14.37101
130.98491692543	-14.15487
131.00053691864	-12.95652
131.01616692543	-10.74299
131.03178691864	-7.670443
131.04741692543	-4.082939
131.06304693222	-0.4018116
131.07866692543	2.974945
131.09429693222	5.74967
131.10991692543	7.799776
131.12554693222	9.174767
131.14116692543	9.983669
131.15679693222	10.33089
131.172426939011	10.24286
131.18804693222	9.668598
131.203676939011	8.59074
131.21929693222	7.106499
131.234926939011	5.473682
131.25054693222	4.04541
131.266176939011	3.131271
131.281806945801	2.837563
131.297426939011	3.051056
131.313056945801	3.506897
131.328676939011	3.904938
131.344306945801	4.085766
131.359926939011	4.042351
131.375556945801	3.867523
131.391186952591	3.640984
131.406806945801	3.362705
131.422436952591	2.934353
131.438056945801	2.257862
131.453686952591	1.300701
131.469306945801	0.1072922
131.484936952591	-1.226849
131.500566959381	-2.651913
131.516186952591	-4.19038
131.531816959381	-5.950546
131.547436952591	-8.053474
131.563066959381	-10.55687
131.578686952591	-13.37601
131.594316959381	-16.25354
131.609946966171	-18.79434
131.625566959381	-20.52863
131.641196966171	-21.07578
131.656816959381	-20.20866
131.672446966171	-17.95898
131.688066959381	-14.60007
131.703696966171	-10.59658
131.719326972961	-6.453354
131.734946966171	-2.61274
131.750576972961	0.6222572
131.766196966171	3.100559
131.781826972961	4.748943
131.797446966171	5.558708
131.813076972961	5.545635
131.828706979752	4.7892
131.844326972961	3.443981
131.859956979752	1.760414
131.875576972961	0.02859497
131.891206979752	-1.489723
131.906826972961	-2.598396
131.922456979752	-3.221825
131.938086986542	-3.35704
131.953706979752	-3.079456
131.969336986542	-2.504673
131.984956979752	-1.784355
132.000586986542	-1.096115
132.016206979752	-0.6036606
132.031836986542	-0.4103088
132.047466993332	-0.5203133
132.063086986542	-0.8480568
132.078716993332	-1.259586
132.094336986542	-1.652096
132.109966993332	-1.993668
132.125586986542	-2.323406
132.141216993332	-2.750484
132.156847000122	-3.397255
132.172466993332	-4.352123
132.188097000122	-5.63398
132.203716993332	-7.200626
132.219347000122	-8.893002
132.234966993332	-10.5007
132.250597000122	-11.74643
132.266227006912	-12.33905
132.281847000122	-12.00943
132.297477006912	-10.58995
132.313097000122	-8.068188
132.328727006912	-4.634552
132.344347000122	-0.6767693
132.359977006912	3.324677
132.375607013702	6.87553
132.391227006912	9.609821
132.406857013702	11.36817
132.422477006912	12.19469
132.438107013702	12.27465
132.453727006912	11.8361
132.469357013702	11.05538
132.484986782074	10.01875
132.500607013702	8.765976
132.516236782074	7.348228
132.531857013702	5.870262
132.547486782074	4.476578
132.563107013702	3.315647
132.578736782074	2.46225
132.594366788864	1.904678
132.609986782074	1.528702
132.625616788864	1.175503
132.641236782074	0.7048416
132.656866788864	0.04844666
132.672486782074	-0.7781448
132.688116788864	-1.680042
132.703746795654	-2.569542
132.719366788864	-3.396778
132.734996795654	-4.205605
132.750616788864	-5.095699
132.766246795654	-6.206749
132.781866788864	-7.630356
132.797496795654	-9.377872
132.813126802444	-11.35217
132.828746795654	-13.37088
132.844376802444	-15.20591
132.859996795654	-16.61446
132.875626802444	-17.35538
132.891256809235	-17.23485
132.906876802444	-16.09606
132.922506809235	-13.874
132.938126802444	-10.63173
132.953756809235	-6.591761
132.969376802444	-2.115526
132.985006809235	2.358475
133.000636816025	6.375927
133.016256809235	9.584232
133.031886816025	11.75857
133.047506809235	12.82524
133.063136816025	12.8719
133.078756809235	12.09154
133.094386816025	10.75104
133.110016822815	9.13607
133.125636816025	7.507277
133.141266822815	6.044828
133.156886816025	4.856897
133.172516822815	3.967993
133.188136816025	3.364294
133.203766822815	3.01251
133.219396829605	2.879406
133.235016822815	2.89179
133.250646829605	2.960735
133.266266822815	2.953175
133.281896829605	2.719749
133.297516822815	2.177639
133.313146829605	1.317305
133.328776836395	0.2335348
133.344396829605	-0.9321604
133.360026836395	-2.051306
133.375646829605	-3.075434
133.391276836395	-4.044102
133.406896829605	-5.066039
133.422526836395	-6.266559
133.438156843185	-7.712805
133.453776836395	-9.379971
133.469406843185	-11.14114
133.485026836395	-12.76317
133.500656843185	-13.95375
133.516276836395	-14.37817
133.531906843185	-13.7637
133.547536849976	-11.95264
133.563156843185	-8.988874
133.578786849976	-5.13781
133.594406843185	-0.8381643
133.610036849976	3.403979
133.625656843185	7.181963
133.641286849976	10.24304
133.656916856766	12.50409
133.672536849976	13.988
133.688166856766	14.74322
133.703786849976	14.79255
133.719416856766	14.16658
133.735036849976	12.9626
133.750666856766	11.36956
133.766296863556	9.680643
133.781916856766	8.202954
133.797546863556	7.176362
133.813166856766	6.688048
133.828796863556	6.683249
133.844416856766	6.984392
133.860046863556	7.383008
133.875676870346	7.703887
133.891296863556	7.827645
133.906926870346	7.701046
133.922546863556	7.300124
133.938176870346	6.618567
133.953796863556	5.650429
133.969426870346	4.436641
133.985056877136	3.055329
134.000676870346	1.624098
134.016306877136	0.255744
134.031926870346	-0.9877667
134.047556877136	-2.163654
134.063176870346	-3.411102
134.078806877136	-4.889838
134.094436883926	-6.689614
134.110056877136	-8.752189
134.125686883926	-10.84505
134.141306877136	-12.61846
134.156936883926	-13.68362
134.172556877136	-13.71062
134.188186883926	-12.51161
134.203816890717	-10.09249
134.219436883926	-6.657807
134.235066890717	-2.589908
134.250686883926	1.625887
134.266316890717	5.478699
134.281936883926	8.561853
134.297566890717	10.62971
134.313196897507	11.62386
134.328816890717	11.63494
134.344446897507	10.84015
134.360066890717	9.459641
134.375696897507	7.710638
134.391316890717	5.809881
134.406946897507	3.967208
134.422576904297	2.364165
134.438196897507	1.146272
134.453826904297	0.3867416
134.469446897507	0.09138107
134.485076904297	0.1827202
134.500696897507	0.5343714
134.516326904297	0.9564772
134.531956911087	1.266773
134.547576904297	1.30407
134.563206911087	0.9717932
134.578826904297	0.2670927
134.594456911087	-0.7419186
134.610076904297	-1.942333
134.625706911087	-3.222956
134.641336917877	-4.501407
134.656956911087	-5.751875
134.672586917877	-6.969062
134.688206911087	-8.187223
134.703836917877	-9.43673
134.719456911087	-10.74936
134.735086917877	-12.13801
134.750716924667	-13.54686
134.766336917877	-14.83718
134.781966924667	-15.76432
134.797586917877	-16.00305
134.813216924667	-15.23718
134.828836917877	-13.26578
134.844466924667	-10.08643
134.860096931458	-5.939959
134.875716924667	-1.274736
134.891346931458	3.366062
134.906966924667	7.477314
134.922596931458	10.70715
134.938216924667	12.8961
134.953846931458	14.06084
134.969476938248	14.33698
134.985096931458	13.89917
135.000726938248	12.95095
135.016346931458	11.6833
135.031976938248	10.29718
135.047596931458	8.999668
135.063226938248	7.954412
135.078856945038	7.273354
135.094476938248	6.967796
135.110106945038	6.957407
135.125726938248	7.118572
135.141356945038	7.324074
135.156986951828	7.465528
135.172606945038	7.504679
135.188236951828	7.414204
135.203856945038	7.165403
135.219486951828	6.701576
135.235106945038	5.947365
135.250736951828	4.847673
135.266366958618	3.424242
135.281986951828	1.771297
135.297616958618	0.03886414
135.313236951828	-1.655436
135.328866958618	-3.284079
135.344486951828	-4.928368
135.360116958618	-6.714643
135.375746965408	-8.711035
135.391366958618	-10.81565
135.406996965408	-12.74765
135.422616958618	-14.09859
135.438246965408	-14.47524
135.453866958618	-13.60113
135.469496965408	-11.41419
135.485126972198	-8.081059
135.500746965408	-3.932753
135.516376972198	0.5678329
135.531996965408	4.914593
135.547626972198	8.642618
135.563246965408	11.3901
135.578876972198	12.96185
135.594506978989	13.39297
135.610126972198	12.8917
135.625756978989	11.7956
135.641376972198	10.44788
135.657006978989	9.106316
135.672626972198	7.901384
135.688256978989	6.85549
135.703886985779	5.937771
135.719506978989	5.127092
135.735136985779	4.448162
135.750756978989	3.951918
135.766386985779	3.679016
135.782006978989	3.614128
135.797636985779	3.683577
135.813266992569	3.765633
135.828886985779	3.721725
135.844516992569	3.443281
135.860136985779	2.880596
135.875766992569	2.045389
135.891386985779	0.9865646
135.907016992569	-0.2368031
135.922646999359	-1.566025
135.938266992569	-2.949802
135.953896999359	-4.319893
135.969516992569	-5.634167
135.985146999359	-6.858517
136.000766992569	-8.013697
136.016396999359	-9.145662
136.032027006149	-10.32122
136.047646999359	-11.5408
136.063277006149	-12.68528
136.078896999359	-13.52873
136.094527006149	-13.72467
136.110146999359	-12.94498
136.125777006149	-10.97777
136.141407012939	-7.857347
136.157027006149	-3.873737
136.172657012939	0.4727249
136.188277006149	4.631392
136.203907012939	8.143095
136.219527006149	10.73806
136.235157012939	12.36504
136.250786781311	13.12346
136.266407012939	13.1694
136.282036781311	12.66678
136.297657012939	11.74505
136.313286781311	10.55143
136.328907012939	9.26667
136.344536781311	8.100725
136.360166788101	7.218102
136.375786781311	6.7055
136.391416788101	6.509578
136.407036781311	6.495223
136.422666788101	6.504902
136.438286781311	6.438754
136.453916788101	6.309724
136.469546794891	6.174629
136.485166788101	6.094692
136.500796794891	6.051301
136.516416788101	5.935837
136.532046794891	5.57613
136.547666788101	4.817221
136.563296794891	3.632332
136.578926801682	2.092936
136.594546794891	0.3656816
136.610176801682	-1.367908
136.625796794891	-2.967788
136.641426801682	-4.37113
136.657046794891	-5.574269
136.672676801682	-6.629454
136.688306808472	-7.629091
136.703926801682	-8.671761
136.719556808472	-9.843735
136.735176801682	-11.1461
136.750806808472	-12.44181
136.766426801682	-13.42869
136.782056808472	-13.69168
136.797686815262	-12.85249
136.813306808472	-10.73852
136.828936815262	-7.498938
136.844556808472	-3.565531
136.860186815262	0.4879968
136.875806808472	4.146766
136.891436815262	7.081312
136.907066822052	9.16462
136.922686815262	10.42314
136.938316822052	10.92028
136.953936815262	10.74533
136.969566822052	9.989222
136.985186815262	8.784351
137.000816822052	7.317183
137.016446828842	5.778109
137.032066822052	4.32627
137.047696828842	3.034959
137.063316822052	1.941588
137.078946828842	1.075506
137.094566822052	0.5003819
137.110196828842	0.2788062
137.125826835632	0.4322639
137.141446828842	0.8833442
137.157076835632	1.455146
137.172696828842	1.920588
137.188326835632	2.079841
137.203946828842	1.807398
137.219576835632	1.083684
137.235206842422	-0.0177989
137.250826835632	-1.361422
137.266456842422	-2.793424
137.282076835632	-4.176867
137.297706842422	-5.439276
137.313326835632	-6.570137
137.328956842422	-7.64998
137.344586849213	-8.808984
137.360206842422	-10.15164
137.375836849213	-11.67678
137.391456842422	-13.23216
137.407086849213	-14.52993
137.422706842422	-15.1821
137.438336849213	-14.86584
137.453966856003	-13.39045
137.469586849213	-10.79509
137.485216856003	-7.329
137.500836849213	-3.39478
137.516466856003	0.5459337
137.532086849213	4.064502
137.547716856003	6.835873
137.563346862793	8.695298
137.578966856003	9.6044
137.594596862793	9.671108
137.610216856003	9.087196
137.625846862793	8.082869
137.641466856003	6.90164
137.657096862793	5.74427
137.672726869583	4.727692
137.688346862793	3.87878
137.703976869583	3.173128
137.719596862793	2.547592
137.735226869583	1.962852
137.750856876373	1.421297
137.766476869583	0.9524059
137.782106876373	0.5874004
137.797726869583	0.297863
137.813356876373	0.01815414
137.828976869583	-0.3771095
137.844606876373	-1.005747
137.860236883163	-1.935081
137.875856876373	-3.142849
137.891486883163	-4.522276
137.907106876373	-5.945698
137.922736883163	-7.303055
137.938356876373	-8.576649
137.953986883163	-9.832714
137.969616889954	-11.20186
137.985236883163	-12.79583
138.000866889954	-14.65312
138.016486883163	-16.65778
138.032116889954	-18.54864
138.047736883163	-19.96556
138.063366889954	-20.51784
138.078996896744	-19.9067
138.094616889954	-17.98529
138.110246896744	-14.82263
138.125866889954	-10.68913
138.141496896744	-6.034304
138.157116889954	-1.382957
138.172746896744	2.771502
138.188376903534	6.064201
138.203996896744	8.309883
138.219626903534	9.531799
138.235246896744	9.892305
138.250876903534	9.628124
138.266496896744	8.979315
138.282126903534	8.148723
138.297756910324	7.278253
138.313376903534	6.492091
138.329006910324	5.884263
138.344626903534	5.515377
138.360256910324	5.397546
138.375876903534	5.499034
138.391506910324	5.739199
138.407136917114	6.038459
138.422756910324	6.313938
138.438386917114	6.490838
138.454006910324	6.511373
138.469636917114	6.343776
138.485256910324	5.959583
138.500886917114	5.34665
138.516516923904	4.521761
138.532136917114	3.519589
138.547766923904	2.395188
138.563386917114	1.223615
138.579016923904	0.0652113
138.594636917114	-1.033206
138.610266923904	-2.07023
138.625896930695	-3.115035
138.641516923904	-4.252147
138.657146930695	-5.553884
138.672766923904	-6.993808
138.688396930695	-8.400663
138.704016923904	-9.472723
138.719646930695	-9.844044
138.735276937485	-9.212237
138.750896930695	-7.423179
138.766526937485	-4.553275
138.782146930695	-0.8714046
138.797776937485	3.194134
138.813396930695	7.156157
138.829026937485	10.55727
138.844656944275	13.05496
138.860276937485	14.46902
138.875906944275	14.82376
138.891526937485	14.29848
138.907156944275	13.14665
138.922776937485	11.63234
138.938406944275	9.984619
138.954036951065	8.355239
138.969656944275	6.872061
138.985286951065	5.607525
139.000906944275	4.597597
139.016536951065	3.820292
139.032156944275	3.217543
139.047786951065	2.712524
139.063416957855	2.236324
139.079036951065	1.723312
139.094666957855	1.128775
139.110286951065	0.4204559
139.125916957855	-0.4040422
139.141536951065	-1.306144
139.157166957855	-2.21489
139.172796964645	-3.05032
139.188416957855	-3.766655
139.204046964645	-4.39095
139.219666957855	-5.002244
139.235296964645	-5.690681
139.250916957855	-6.508983
139.266546964645	-7.454584
139.282176971436	-8.503544
139.297796964645	-9.646295
139.313426971436	-10.87424
139.329046964645	-12.14532
139.344676971436	-13.31334
139.360296964645	-14.10656
139.375926971436	-14.18671
139.391556978226	-13.2664
139.407176971436	-11.21019
139.422806978226	-8.115664
139.438426971436	-4.270842
139.454056978226	-0.1087856
139.469676971436	3.896302
139.485306978226	7.318686
139.500936985016	9.849178
139.516556978226	11.34803
139.532186985016	11.85155
139.547806978226	11.53744
139.563436985016	10.67875
139.579056978226	9.547734
139.594686985016	8.373728
139.610316991806	7.30179
139.625936985016	6.429438
139.641566991806	5.788803
139.657186985016	5.366752
139.672816991806	5.093778
139.688436985016	4.867415
139.704066991806	4.590693
139.719696998596	4.216308
139.735316991806	3.796237
139.750946998596	3.408236
139.766566991806	3.108927
139.782196998596	2.861356
139.797816991806	2.530828
139.813446998596	1.967651
139.829077005386	1.095097
139.844696998596	-0.03316402
139.860327005386	-1.281373
139.875946998596	-2.505748
139.891577005386	-3.638
139.907196998596	-4.698375
139.922827005386	-5.794355
139.938457012177	-7.011757
139.954077005386	-8.385614
139.969707012177	-9.864858
139.985327005386	-11.33019
140.000957012177	-12.61665
140.016586780548	-13.52868
140.032207012177	-13.84593
140.047836780548	-13.35377
140.063457012177	-11.91983
140.079086780548	-9.529507
140.094707012177	-6.334591
140.110336780548	-2.629583
140.125966787338	1.237267
140.141586780548	4.895241
140.157216787338	8.046543
140.172836780548	10.46823
140.188466787338	12.04968
140.204086780548	12.76648
140.219716787338	12.68
140.235346794128	11.90779
140.250966787338	10.60962
140.266596794128	8.99268
140.282216787338	7.295555
140.297846794128	5.748749
140.313466787338	4.538483
140.329096794128	3.762426
140.344726800919	3.386993
140.360346794128	3.293077
140.375976800919	3.318951
140.391596794128	3.314972
140.407226800919	3.202509
140.422846794128	2.948641
140.438476800919	2.560371
140.454106807709	2.024458
140.469726800919	1.316442
140.485356807709	0.3886223
140.500976800919	-0.752573
140.516606807709	-2.066063
140.532226800919	-3.462849
140.547856807709	-4.830004
140.563486814499	-6.078445
140.579106807709	-7.180344
140.594736814499	-8.20952
140.610356807709	-9.318624
140.625986814499	-10.65965
140.641606807709	-12.28296
140.657236814499	-14.04651
140.672866821289	-15.62042
140.688486814499	-16.54704
140.704116821289	-16.40655
140.719736814499	-14.95714
140.735366821289	-12.21894
140.750986814499	-8.481539
140.766616821289	-4.218195
140.782246828079	0.04961967
140.797866821289	3.858898
140.813496828079	6.886244
140.829116821289	8.987003
140.844746828079	10.18165
140.860366821289	10.58597
140.875996828079	10.3747
140.891626834869	9.715918
140.907246828079	8.742682
140.922876834869	7.580887
140.938496828079	6.360579
140.954126834869	5.213743
140.969746828079	4.277834
140.985376834869	3.629196
141.00100684166	3.274435
141.016626834869	3.150293
141.03225684166	3.176949
141.047876834869	3.253744
141.06350684166	3.286388
141.079126834869	3.190483
141.09475684166	2.879013
141.11038684845	2.288876
141.12600684166	1.393135
141.14163684845	0.2125092
141.15725684166	-1.192816
141.17288684845	-2.729576
141.18850684166	-4.291809
141.20413684845	-5.770773
141.21976685524	-7.098757
141.23538684845	-8.26412
141.25101685524	-9.338579
141.26663684845	-10.45406
141.28226685524	-11.71528
141.29788684845	-13.11842
141.31351685524	-14.46324
141.32914686203	-15.3813
141.34476685524	-15.4378
141.36039686203	-14.30509
141.37601685524	-11.89882
141.39164686203	-8.41468
141.40726685524	-4.276131
141.42289686203	0.0001239777
141.43852686882	3.937745
141.45414686203	7.188457
141.46977686882	9.555578
141.48539686203	10.98827
141.50102686882	11.52803
141.51664686203	11.26498
141.53227686882	10.32555
141.54790687561	8.847127
141.56352686882	6.979368
141.57915687561	4.905674
141.59477686882	2.825753
141.61040687561	0.9298
141.62602686882	-0.5952406
141.64165687561	-1.632566
141.657286882401	-2.168703
141.67290687561	-2.265615
141.688536882401	-2.068357
141.70415687561	-1.750348
141.719786882401	-1.507733
141.73540687561	-1.499155
141.751036882401	-1.825269
141.766666889191	-2.525435
141.782286882401	-3.550616
141.797916889191	-4.785902
141.813536882401	-6.094306
141.829166889191	-7.369736
141.844786882401	-8.550735
141.860416889191	-9.626123
141.876046895981	-10.60906
141.891666889191	-11.52157
141.907296895981	-12.39063
141.922916889191	-13.25765
141.938546895981	-14.15332
141.954166889191	-15.03524
141.969796895981	-15.76717
141.985426902771	-16.08844
142.001046895981	-15.67131
142.016676902771	-14.2259
142.032296895981	-11.61629
142.047926902771	-7.922378
142.063546895981	-3.453661
142.079176902771	1.321394
142.094806909561	5.908947
142.110426902771	9.849503
142.126056909561	12.82506
142.141676902771	14.67798
142.157306909561	15.41213
142.172936916351	15.19569
142.188556909561	14.31665
142.204186916351	13.12329
142.219806909561	11.92652
142.235436916351	10.95079
142.251056909561	10.30453
142.266686916351	9.988673
142.282316923141	9.916689
142.297936916351	9.962138
142.313566923141	10.0246
142.329186916351	10.03149
142.344816923141	9.951008
142.360436916351	9.768044
142.376066923141	9.468004
142.391696929932	9.01252
142.407316923141	8.360346
142.422946929932	7.466145
142.438566923141	6.324459
142.454196929932	4.979372
142.469816923141	3.513287
142.485446929932	2.040623
142.501076936722	0.6633472
142.516696929932	-0.5298882
142.532326936722	-1.500753
142.547946929932	-2.242359
142.563576936722	-2.822071
142.579196929932	-3.38965
142.594826936722	-4.127323
142.610456943512	-5.203848
142.626076936722	-6.65226
142.641706943512	-8.309715
142.657326936722	-9.816723
142.672956943512	-10.69471
142.688576936722	-10.48186
142.704206943512	-8.905878
142.719836950302	-5.986027
142.735456943512	-2.037062
142.751086950302	2.418184
142.766706943512	6.795227
142.782336950302	10.59505
142.797956943512	13.47247
142.813586950302	15.27186
142.829216957092	16.00463
142.844836950302	15.80073
142.860466957092	14.87044
142.876086950302	13.45348
142.891716957092	11.80362
142.907336950302	10.17422
142.922966957092	8.776617
142.938596963882	7.74118
142.954216957092	7.113174
142.969846963882	6.812143
142.985466957092	6.693249
143.001096963882	6.60807
143.016716957092	6.44367
143.032346963882	6.159193
143.047976970673	5.76519
143.063596963882	5.29714
143.079226970673	4.752228
143.094846963882	4.103077
143.110476970673	3.295219
143.126096963882	2.312895
143.141726970673	1.201424
143.157356977463	0.05566216
143.172976970673	-1.024704
143.188606977463	-1.983829
143.204226970673	-2.857347
143.219856977463	-3.745951
143.235476970673	-4.765354
143.251106977463	-5.998568
143.266736984253	-7.469482
143.282356977463	-9.094072
143.297986984253	-10.75266
143.313606977463	-12.24976
143.329236984253	-13.35506
143.344856977463	-13.83185
143.360486984253	-13.44609
143.376116991043	-12.04453
143.391736984253	-9.607727
143.407366991043	-6.303034
143.422986984253	-2.450699
143.438616991043	1.527295
143.454236984253	5.218658
143.469866991043	8.301049
143.485496997833	10.58452
143.501116991043	12.01812
143.516746997833	12.6518
143.532366991043	12.5928
143.547996997833	11.9708
143.563616991043	10.9376
143.579246997833	9.664265
143.594877004623	8.304809
143.610496997833	6.993061
143.626127004623	5.828724
143.641746997833	4.873994
143.657377004623	4.157233
143.672996997833	3.68694
143.688627004623	3.43717
143.704257011414	3.347016
143.719877004623	3.330836
143.735507011414	3.295395
143.751127004623	3.165645
143.766757011414	2.896837
143.782377004623	2.474211
143.798007011414	1.881716
143.813636779785	1.096152
143.829257011414	0.0973506
143.844886779785	-1.100138
143.860507011414	-2.426672
143.876136779785	-3.757658
143.891757011414	-4.936472
143.907386779785	-5.889563
143.923016786575	-6.672665
143.938636779785	-7.452944
143.954266786575	-8.442317
143.969886779785	-9.762934
143.985516786575	-11.34891
144.001136779785	-12.93204
144.016766786575	-14.10364
144.032396793365	-14.44295
144.048016786575	-13.6396
144.063646793365	-11.63263
144.079266786575	-8.586802
144.094896793365	-4.855958
144.110516786575	-0.8582759
144.126146793365	2.99721
144.141776800156	6.381473
144.157396793365	9.059757
144.173026800156	10.86361
144.188646793365	11.71071
144.204276800156	11.60687
144.219896793365	10.68377
144.235526800156	9.178452
144.251156806946	7.399585
144.266776800156	5.650272
144.282406806946	4.151443
144.298026800156	3.014269
144.313656806946	2.247372
144.329276800156	1.801562
144.344906806946	1.6027
144.360536813736	1.572411
144.376156806946	1.640062
144.391786813736	1.747334
144.407406806946	1.815759
144.423036813736	1.76374
144.438656806946	1.528897
144.454286813736	1.058645
144.469916820526	0.3347416
144.485536813736	-0.6307926
144.501166820526	-1.79315
144.516786813736	-3.076073
144.532416820526	-4.391559
144.548036813736	-5.642473
144.563666820526	-6.773241
144.579296827316	-7.781558
144.594916820526	-8.758812
144.610546827316	-9.837214
144.626166820526	-11.11836
144.641796827316	-12.60121
144.657416820526	-14.10578
144.673046827316	-15.29481
144.688676834106	-15.74401
144.704296827316	-15.07493
144.719926834106	-13.08829
144.735546827316	-9.879581
144.751176834106	-5.812418
144.766796827316	-1.411753
144.782426834106	2.755322
144.798056840897	6.236874
144.813676834106	8.751787
144.829306840897	10.20215
144.844926834106	10.65421
144.860556840897	10.27636
144.876186847687	9.267317
144.891806840897	7.853983
144.907436847687	6.240122
144.923056840897	4.603504
144.938686847687	3.117109
144.954306840897	1.923624
144.969936847687	1.145153
144.985566854477	0.8270855
145.001186847687	0.9426975
145.016816854477	1.361359
145.032436847687	1.889221
145.048066854477	2.312738
145.063686847687	2.452829
145.079316854477	2.228991
145.094946861267	1.665863
145.110566854477	0.8198967
145.126196861267	-0.2264652
145.141816854477	-1.420145
145.157446861267	-2.710238
145.173066854477	-4.025789
145.188696861267	-5.299227
145.204326868057	-6.451612
145.219946861267	-7.466845
145.235576868057	-8.415468
145.251196861267	-9.433939
145.266826868057	-10.64809
145.282446861267	-12.08538
145.298076868057	-13.59455
145.313706874847	-14.86242
145.329326868057	-15.4782
145.344956874847	-15.05552
145.360576868057	-13.38665
145.376206874847	-10.49434
145.391826868057	-6.680389
145.407456874847	-2.436907
145.423086881638	1.670135
145.438706874847	5.144148
145.454336881638	7.695137
145.469956874847	9.258362
145.485586881638	9.971531
145.501206874847	10.04476
145.516836881638	9.659122
145.532466888428	8.921423
145.548086881638	7.882832
145.563716888428	6.600399
145.579336881638	5.161871
145.594966888428	3.720392
145.610586881638	2.421108
145.626216888428	1.389324
145.641846895218	0.6926823
145.657466888428	0.3549786
145.673096895218	0.3266964
145.688716888428	0.4934521
145.704346895218	0.685257
145.719966888428	0.6853046
145.735596895218	0.3166637
145.751226902008	-0.4989948
145.766846895218	-1.684799
145.782476902008	-3.067623
145.798096895218	-4.434919
145.813726902008	-5.653653
145.829346895218	-6.669633
145.844976902008	-7.516008
145.860606908798	-8.291216
145.876226902008	-9.091944
145.891856908798	-10.05777
145.907476902008	-11.28514
145.923106908798	-12.79546
145.938726902008	-14.46333
145.954356908798	-15.94569
145.969986915588	-16.77173
145.985606908798	-16.46147
146.001236915588	-14.74222
146.016856908798	-11.64534
146.032486915588	-7.567697
146.048106908798	-3.10638
146.063736915588	1.102591
146.079366922379	4.572876
146.094986915588	7.069869
146.110616922379	8.595888
146.126236915588	9.306324
146.141866922379	9.392939
146.157486915588	9.04814
146.173116922379	8.397708
146.188746929169	7.555182
146.204366922379	6.638703
146.219996929169	5.766042
146.235616922379	5.040736
146.251246929169	4.494884
146.266866922379	4.121863
146.282496929169	3.85014
146.298126935959	3.62629
146.313746929169	3.393468
146.329376935959	3.141854
146.344996929169	2.861232
146.360626935959	2.52725
146.376246929169	2.129801
146.391876935959	1.632252
146.407506942749	1.025344
146.423126935959	0.303844
146.438756942749	-0.5171461
146.454376935959	-1.422166
146.470006942749	-2.377494
146.485626935959	-3.33488
146.501256942749	-4.282057
146.516886949539	-5.234506
146.532506942749	-6.308387
146.548136949539	-7.614481
146.563756942749	-9.205559
146.579386949539	-10.95865
146.595006942749	-12.54522
146.610636949539	-13.48971
146.626266956329	-13.32862
146.641886949539	-11.78521
146.657516956329	-8.846704
146.673136949539	-4.799627
146.688766956329	-0.1130581
146.704386949539	4.670199
146.720016956329	9.061993
146.73564696312	12.70557
146.751266956329	15.39107
146.76689696312	17.06629
146.782516956329	17.76408
146.79814696312	17.61032
146.813766956329	16.76944
146.82939696312	15.44259
146.84502696991	13.87724
146.86064696312	12.32559
146.87627696991	11.02
146.89189696312	10.10831
146.90752696991	9.621208
146.92314696312	9.477688
146.93877696991	9.537731
146.9544069767	9.660181
146.97002696991	9.760899
146.9856569767	9.790653
147.00127696991	9.690626
147.0169069767	9.387846
147.03252696991	8.773367
147.0481569767	7.784475
147.06378698349	6.437143
147.0794069767	4.841074
147.09503698349	3.145922
147.1106569767	1.498169
147.12628698349	-0.01695061
147.14191699028	-1.382017
147.15753698349	-2.632225
147.17316699028	-3.822515
147.18878698349	-5.021442
147.20441699028	-6.307602
147.22003698349	-7.705887
147.23566699028	-9.172695
147.25129699707	-10.50015
147.26691699028	-11.32151
147.28254699707	-11.22397
147.29816699028	-9.876236
147.31379699707	-7.193777
147.32941699028	-3.438017
147.34504699707	0.845932
147.36067700386	5.0026
147.37629699707	8.454172
147.39192700386	10.87415
147.40754699707	12.22137
147.42317700386	12.65566
147.43879699707	12.42239
147.45442700386	11.71139
147.470057010651	10.65541
147.48567700386	9.333763
147.501307010651	7.857422
147.51692700386	6.391113
147.532557010651	5.130118
147.54817700386	4.224815
147.563807010651	3.709482
147.579436779022	3.495711
147.595057010651	3.413526
147.610686779022	3.295813
147.626307010651	3.050857
147.641936779022	2.671367
147.657557010651	2.204085
147.673186779022	1.689973
147.688816785812	1.111115
147.704436779022	0.4001408
147.720066785812	-0.5135717
147.735686779022	-1.658427
147.751316785812	-2.989618
147.766936779022	-4.394507
147.782566785812	-5.743521
147.798196792603	-6.945879
147.813816785812	-7.987905
147.829446792603	-8.928405
147.845066785812	-9.871126
147.860696792603	-10.89433
147.876316785812	-11.98593
147.891946792603	-13.01789
147.907576799393	-13.71558
147.923196792603	-13.72397
147.938826799393	-12.72124
147.954446792603	-10.53818
147.970076799393	-7.263283
147.985696792603	-3.263531
148.001326799393	0.912581
148.016956806183	4.694293
148.032576799393	7.640513
148.048206806183	9.571024
148.063826799393	10.53498
148.079456806183	10.72564
148.095076799393	10.34351
148.110706806183	9.527979
148.126336812973	8.379074
148.141956806183	7.000294
148.157586812973	5.562629
148.173206806183	4.291941
148.188836812973	3.388932
148.204456806183	2.935275
148.220086812973	2.855914
148.235716819763	2.951438
148.251336812973	3.001005
148.266966819763	2.857285
148.282586812973	2.478917
148.298216819763	1.921033
148.313836812973	1.25036
148.329466819763	0.5130354
148.345096826553	-0.3037505
148.360716819763	-1.206468
148.376346826553	-2.175196
148.391966819763	-3.151921
148.407596826553	-4.082552
148.423216819763	-4.955263
148.438846826553	-5.829529
148.454476833344	-6.80344
148.470096826553	-7.970982
148.485726833344	-9.369129
148.501346826553	-10.94037
148.516976833344	-12.49282
148.532596826553	-13.74257
148.548226833344	-14.36046
148.563856840134	-14.05291
148.579476833344	-12.66729
148.595106840134	-10.2534
148.610726833344	-7.057675
148.626356840134	-3.470316
148.641976833344	0.1136389
148.657606840134	3.375316
148.673236846924	6.133116
148.688856840134	8.299761
148.704486846924	9.810363
148.720106840134	10.58475
148.735736846924	10.55067
148.751356840134	9.723158
148.766986846924	8.258995
148.782616853714	6.482479
148.798236846924	4.774261
148.813866853714	3.470034
148.829486846924	2.734446
148.845116853714	2.529401
148.860736846924	2.67619
148.876366853714	2.941224
148.891996860504	3.139027
148.907616853714	3.152608
148.923246860504	2.952756
148.938866853714	2.528272
148.954496860504	1.907638
148.970116853714	1.125183
148.985746860504	0.2492504
149.001376867294	-0.6394129
149.016996860504	-1.470841
149.032626867294	-2.21997
149.048246860504	-2.938679
149.063876867294	-3.727629
149.079496860504	-4.71981
149.095126867294	-6.012986
149.110756874084	-7.622442
149.126376867294	-9.465144
149.142006874084	-11.33208
149.157626867294	-12.9315
149.173256874084	-13.92938
149.188876867294	-14.03451
149.204506874084	-13.04064
149.220136880875	-10.9035
149.235756874084	-7.763371
149.251386880875	-3.937295
149.267006874084	0.1282406
149.282636880875	3.949238
149.298256874084	7.111641
149.313886880875	9.372097
149.329516887665	10.65345
149.345136880875	11.04751
149.360766887665	10.71602
149.376386880875	9.854775
149.392016887665	8.627006
149.407636880875	7.184323
149.423266887665	5.66916
149.438896894455	4.224616
149.454516887665	2.995578
149.470146894455	2.090724
149.485766887665	1.573367
149.501396894455	1.428507
149.517026901245	1.570716
149.532646894455	1.850368
149.548276901245	2.094243
149.563896894455	2.123974
149.579526901245	1.818344
149.595146894455	1.157642
149.610776901245	0.2068796
149.626406908035	-0.9181852
149.642026901245	-2.097651
149.657656908035	-3.265159
149.673276901245	-4.390329
149.688906908035	-5.470051
149.704526901245	-6.520211
149.720156908035	-7.574023
149.735786914825	-8.681487
149.751406908035	-9.901742
149.767036914825	-11.23249
149.782656908035	-12.56049
149.798286914825	-13.64052
149.813906908035	-14.10698
149.829536914825	-13.60948
149.845166921616	-11.92549
149.860786914825	-9.098837
149.876416921616	-5.391139
149.892036914825	-1.258894
149.907666921616	2.81055
149.923286914825	6.403946
149.938916921616	9.244116
149.954546928406	11.20599
149.970166921616	12.24493
149.985796928406	12.40643
150.001416921616	11.79484
150.017046928406	10.60922
150.032666921616	9.104359
150.048296928406	7.602206
150.063926935196	6.36307
150.079546928406	5.536552
150.095176935196	5.101807
150.110796928406	4.928406
150.126426935196	4.875731
150.142046928406	4.842932
150.157676935196	4.80936
150.173306941986	4.766999
150.188926935196	4.689144
150.204556941986	4.486707
150.220176935196	4.047039
150.235806941986	3.280717
150.251426935196	2.178981
150.267056941986	0.8238411
150.282686948776	-0.6397028
150.298306941986	-2.045954
150.313936948776	-3.277055
150.329556941986	-4.269138
150.345186948776	-5.056025
150.360806941986	-5.769328
150.376436948776	-6.606618
150.392066955566	-7.752902
150.407686948776	-9.289417
150.423316955566	-11.09075
150.438936948776	-12.7988
150.454566955566	-13.8924
150.470186948776	-13.86645
150.485816955566	-12.41673
150.501446962357	-9.56991
150.517066955566	-5.681612
150.532696962357	-1.321184
150.548316955566	2.909206
150.563946962357	6.53783
150.579566955566	9.301454
150.595196962357	11.12888
150.610826969147	12.0688
150.626446962357	12.22045
150.642076969147	11.69675
150.657696962357	10.64095
150.673326969147	9.240891
150.688946962357	7.73127
150.704576969147	6.350224
150.720206975937	5.259857
150.735826969147	4.518055
150.751456975937	4.062141
150.767076969147	3.773932
150.782706975937	3.532019
150.798326969147	3.258446
150.813956975937	2.931934
150.829586982727	2.560787
150.845206975937	2.126596
150.860836982727	1.592524
150.876456975937	0.9150352
150.892086982727	0.0788784
150.907706975937	-0.8747063
150.923336982727	-1.877386
150.938966989517	-2.869217
150.954586982727	-3.844328
150.970216989517	-4.833401
150.985836982727	-5.877125
151.001466989517	-7.001854
151.017086982727	-8.180603
151.032716989517	-9.375086
151.048346996307	-10.55164
151.063966989517	-11.68329
151.079596996307	-12.69731
151.095216989517	-13.41297
151.110846996307	-13.53139
151.126466989517	-12.71776
151.142096996307	-10.75773
151.157727003098	-7.681513
151.173346996307	-3.820768
151.188977003098	0.2808876
151.204596996307	4.064034
151.220227003098	7.115223
151.235846996307	9.258053
151.251477003098	10.51695
151.267107009888	10.99529
151.282727003098	10.79667
151.298357009888	9.976936
151.313977003098	8.623753
151.329607009888	6.91157
151.345227003098	5.125017
151.360857009888	3.602392
151.376486778259	2.635231
151.392107009888	2.321186
151.407736778259	2.560017
151.423357009888	3.084169
151.438986778259	3.589033
151.454607009888	3.833672
151.470236778259	3.712868
151.485866785049	3.253532
151.501486778259	2.533709
151.517116785049	1.640106
151.532736778259	0.6122742
151.548366785049	-0.52742
151.563986778259	-1.757671
151.579616785049	-3.028975
151.59524679184	-4.269073
151.610866785049	-5.414438
151.62649679184	-6.4494
151.642116785049	-7.43902
151.65774679184	-8.489077
151.673366785049	-9.692997
151.68899679184	-11.04097
151.70462679863	-12.37697
151.72024679184	-13.41876
151.73587679863	-13.82366
151.75149679184	-13.27526
151.76712679863	-11.60235
151.78274679184	-8.833788
151.79837679863	-5.220581
151.81400680542	-1.206959
151.82962679863	2.720459
151.84525680542	6.12221
151.86087679863	8.687536
151.87650680542	10.3049
151.89212679863	10.9991
151.90775680542	10.87828
151.92338681221	10.09799
151.93900680542	8.820583
151.95463681221	7.222498
151.97025680542	5.494589
151.98588681221	3.845404
152.001516819	2.449942
152.01713681221	1.42112
152.032766819	0.7844467
152.04838681221	0.5031204
152.064016819	0.4880486
152.07963681221	0.6270351
152.095266819	0.7946892
152.11089682579	0.8353806
152.126516819	0.613533
152.14214682579	0.03668022
152.157766819	-0.9059868
152.17339682579	-2.133936
152.189016819	-3.503843
152.20464682579	-4.857565
152.220276832581	-6.064194
152.23589682579	-7.056179
152.251526832581	-7.859495
152.26714682579	-8.5923
152.282776832581	-9.441767
152.29839682579	-10.56481
152.314026832581	-12.02545
152.329656839371	-13.6822
152.345276832581	-15.19641
152.360906839371	-16.10703
152.376526832581	-15.96868
152.392156839371	-14.51821
152.407776832581	-11.77037
152.423406839371	-8.017183
152.439036846161	-3.730157
152.454656839371	0.5659199
152.470286846161	4.413471
152.485906839371	7.480224
152.501536846161	9.57086
152.517156839371	10.62706
152.532786846161	10.6991
152.548416852951	9.96881
152.564036846161	8.682242
152.579666852951	7.117374
152.595286846161	5.532467
152.610916852951	4.117678
152.626536846161	3.002356
152.642166852951	2.245397
152.657796859741	1.854484
152.673416852951	1.769577
152.689046859741	1.886682
152.704666852951	2.076566
152.720296859741	2.221988
152.735916852951	2.253716
152.751546859741	2.160613
152.767176866531	1.963835
152.782796859741	1.665899
152.798426866531	1.213713
152.814046859741	0.5100834
152.829676866531	-0.5047262
152.845296859741	-1.803822
152.860926866531	-3.230286
152.876556873322	-4.562214
152.892176866531	-5.624787
152.907806873322	-6.404847
152.923426866531	-7.061981
152.939056873322	-7.857927
152.954676866531	-8.997159
152.970306873322	-10.48641
152.985936880112	-12.06682
153.001556873322	-13.26922
153.017186880112	-13.5828
153.032806873322	-12.626
153.048436880112	-10.28255
153.064056873322	-6.748893
153.079686880112	-2.447624
153.095316886902	2.092465
153.110936880112	6.379964
153.126566886902	10.02833
153.142186880112	12.79296
153.157816886902	14.54426
153.173436880112	15.24048
153.189066886902	14.9352
153.204696893692	13.78497
153.220316886902	12.07401
153.235946893692	10.17704
153.251566886902	8.496076
153.267196893692	7.32032
153.282816886902	6.770883
153.298446893692	6.739924
153.314076900482	6.990893
153.329696893692	7.258158
153.345326900482	7.370327
153.360946893692	7.310192
153.376576900482	7.168941
153.392196893692	7.06469
153.407826900482	7.034157
153.423456907272	7.015916
153.439076900482	6.867664
153.454706907272	6.468316
153.470326900482	5.775939
153.485956907272	4.829884
153.501576900482	3.758589
153.517206907272	2.684364
153.532836914062	1.713858
153.548456907272	0.8846531
153.564086914062	0.1807175
153.579706907272	-0.4787865
153.595336914062	-1.206158
153.610956907272	-2.09807
153.626586914062	-3.212811
153.642216920853	-4.458675
153.657836914062	-5.642965
153.673466920853	-6.460817
153.689086914062	-6.585621
153.704716920853	-5.774597
153.720336914062	-3.951047
153.735966920853	-1.245551
153.751596927643	2.026999
153.767216920853	5.407807
153.782846927643	8.431411
153.798466920853	10.72399
153.814096927643	12.11411
153.829716920853	12.63645
153.845346927643	12.49012
153.860976934433	11.93483
153.876596927643	11.17414
153.892226934433	10.30854
153.907846927643	9.351982
153.923476934433	8.296285
153.939096927643	7.165
153.954726934433	6.03784
153.970356941223	5.017988
153.985976934433	4.195449
154.001606941223	3.603497
154.017226934433	3.219389
154.032856941223	2.998167
154.048476934433	2.881051
154.064106941223	2.808917
154.079736948013	2.690391
154.095356941223	2.413315
154.110986948013	1.876182
154.126606941223	1.01924
154.142236948013	-0.1349692
154.157866954803	-1.466272
154.173486948013	-2.803833
154.189116954803	-4.005829
154.204736948013	-5.031105
154.220366954803	-5.940197
154.235986948013	-6.873291
154.251616954803	-7.955704
154.267246961594	-9.261638
154.282866954803	-10.76292
154.298496961594	-12.35217
154.314116954803	-13.83295
154.329746961594	-14.96364
154.345366954803	-15.4781
154.360996961594	-15.11026
154.376626968384	-13.66013
154.392246961594	-11.06382
154.407876968384	-7.455099
154.423496961594	-3.181454
154.439126968384	1.256406
154.454746961594	5.320072
154.470376968384	8.539157
154.486006975174	10.65194
154.501626968384	11.6269
154.517256975174	11.62265
154.532876968384	10.90246
154.548506975174	9.756769
154.564126968384	8.422722
154.579756975174	7.066722
154.595386981964	5.808011
154.611006975174	4.733165
154.626636981964	3.90199
154.642256975174	3.326506
154.657886981964	2.97032
154.673506975174	2.742408
154.689136981964	2.561388
154.704766988754	2.366699
154.720386981964	2.141317
154.736016988754	1.891121
154.751636981964	1.605267
154.767266988754	1.23341
154.782886981964	0.7013893
154.798516988754	-0.04571629
154.814146995544	-1.009662
154.829766988754	-2.102488
154.845396995544	-3.213939
154.861016988754	-4.231917
154.876646995544	-5.10647
154.892266988754	-5.855375
154.907896995544	-6.557494
154.923527002335	-7.302983
154.939146995544	-8.183278
154.954777002335	-9.240836
154.970396995544	-10.44198
154.986027002335	-11.66732
155.001646995544	-12.69442
155.017277002335	-13.23025
155.032907009125	-12.98238
155.048527002335	-11.73901
155.064157009125	-9.454182
155.079777002335	-6.293999
155.095407009125	-2.609827
155.111027002335	1.169985
155.126657009125	4.631227
155.142287015915	7.462475
155.157907009125	9.497826
155.173537015915	10.65509
155.189157009125	10.93511
155.204787015915	10.39688
155.220407009125	9.158331
155.236037015915	7.428625
155.251666784286	5.487604
155.267287015915	3.633158
155.282916784286	2.085678
155.298537015915	0.9504128
155.314166784286	0.200489
155.329787015915	-0.2647839
155.345416784286	-0.5531025
155.361046791077	-0.7353611
155.376666784286	-0.8042755
155.392296791077	-0.7338219
155.407916784286	-0.5366726
155.423546791077	-0.2790146
155.439166784286	-0.1066837
155.454796791077	-0.1889763
155.470426797867	-0.6625252
155.486046791077	-1.572575
155.501676797867	-2.855804
155.517296791077	-4.353195
155.532926797867	-5.876358
155.548546791077	-7.255648
155.564176797867	-8.413074
155.579806804657	-9.399639
155.595426797867	-10.35232
155.611056804657	-11.43302
155.626676797867	-12.69934
155.642306804657	-14.0287
155.657926797867	-15.09677
155.673556804657	-15.47328
155.689186811447	-14.77846
155.704806804657	-12.82843
155.720436811447	-9.735935
155.736056804657	-5.88242
155.751686811447	-1.783239
155.767306804657	2.065392
155.782936811447	5.29512
155.798566818237	7.724827
155.814186811447	9.296919
155.829816818237	10.06061
155.845436811447	10.10617
155.861066818237	9.563572
155.876686811447	8.595547
155.892316818237	7.400082
155.907946825027	6.174984
155.923566818237	5.088631
155.939196825027	4.272196
155.954816818237	3.799328
155.970446825027	3.660931
155.986066818237	3.789911
156.001696825027	4.034847
156.017326831818	4.22086
156.032946825027	4.181625
156.048576831818	3.832159
156.064196825027	3.17415
156.079826831818	2.305861
156.095446825027	1.369164
156.111076831818	0.4767513
156.126706838608	-0.3440533
156.142326831818	-1.178085
156.157956838608	-2.181971
156.173576831818	-3.483898
156.189206838608	-5.152618
156.204826831818	-7.141146
156.220456838608	-9.321175
156.236086845398	-11.49981
156.251706838608	-13.46077
156.267336845398	-14.95174
156.282956838608	-15.70334
156.298586845398	-15.4494
156.314206838608	-13.98622
156.329836845398	-11.25948
156.345466852188	-7.420254
156.361086845398	-2.821316
156.376716852188	2.047275
156.392336845398	6.663239
156.407966852188	10.60537
156.423586845398	13.58169
156.439216852188	15.45341
156.454846858978	16.2244
156.470466852188	15.99092
156.486096858978	14.95359
156.501716852188	13.37973
156.517346858978	11.57643
156.532966852188	9.82366
156.548596858978	8.324245
156.564226865768	7.153329
156.579846858978	6.262489
156.595476865768	5.541193
156.611096858978	4.880763
156.626726865768	4.250072
156.642346858978	3.689546
156.657976865768	3.271441
156.673606872559	3.01805
156.689226865768	2.895657
156.704856872559	2.808552
156.720476865768	2.645363
156.736106872559	2.318128
156.751726865768	1.784603
156.767356872559	1.047182
156.782986879349	0.152627
156.798606872559	-0.8307362
156.814236879349	-1.835721
156.829856872559	-2.816084
156.845486879349	-3.780373
156.861116886139	-4.792671
156.876736879349	-5.955557
156.892366886139	-7.331455
156.907986879349	-8.848991
156.923616886139	-10.27748
156.939236879349	-11.24434
156.954866886139	-11.35571
156.970496892929	-10.34021
156.986116886139	-8.16923
157.001746892929	-5.096466
157.017366886139	-1.584091
157.032996892929	1.822535
157.048616886139	4.651709
157.064246892929	6.595371
157.079876899719	7.543802
157.095496892929	7.532162
157.111126899719	6.654436
157.126746892929	5.041193
157.142376899719	2.835154
157.157996892929	0.244669
157.173626899719	-2.421959
157.189256906509	-4.773264
157.204876899719	-6.443426
157.220506906509	-7.19943
157.236126899719	-7.056332
157.251756906509	-6.2642
157.267376899719	-5.22196
157.283006906509	-4.33173
157.2986369133	-3.860273
157.314256906509	-3.897237
157.3298869133	-4.397354
157.345506906509	-5.25111
157.3611369133	-6.320328
157.376756906509	-7.494124
157.3923869133	-8.656837
157.40801692009	-9.715191
157.4236369133	-10.63663
157.43926692009	-11.4683
157.4548869133	-12.33227
157.47051692009	-13.35483
157.4861369133	-14.57683
157.50176692009	-15.85516
157.51739692688	-16.85804
157.53301692009	-17.15604
157.54864692688	-16.36412
157.56426692009	-14.28541
157.57989692688	-10.99775
157.59551692009	-6.833048
157.61114692688	-2.286603
157.62677693367	2.147358
157.64239692688	6.085522
157.65802693367	9.313969
157.67364692688	11.76861
157.68927693367	13.46268
157.70489692688	14.41749
157.72052693367	14.63735
157.73615694046	14.13427
157.75177693367	13.00181
157.76740694046	11.45579
157.78302693367	9.813723
157.79865694046	8.416832
157.81427693367	7.525455
157.82990694046	7.246007
157.84553694725	7.49554
157.86115694046	8.036345
157.87678694725	8.565712
157.89240694046	8.809069
157.90803694725	8.606416
157.92365694046	7.95031
157.93928694725	6.95269
157.954916954041	5.792206
157.97053694725	4.627082
157.986166954041	3.541712
158.00178694725	2.551045
158.017416954041	1.603587
158.03303694725	0.6123929
158.048666954041	-0.5404634
158.064296960831	-2.011463
158.079916954041	-3.921049
158.095546960831	-6.270271
158.111166954041	-8.834751
158.126796960831	-11.14196
158.142416954041	-12.5737
158.158046960831	-12.60058
158.173676967621	-10.98893
158.189296960831	-7.900447
158.204926967621	-3.807064
158.220546960831	0.6702223
158.236176967621	4.976068
158.251796960831	8.690109
158.267426967621	11.5523
158.283056974411	13.416
158.298676967621	14.21535
158.314306974411	13.98917
158.329926967621	12.92619
158.345556974411	11.3141
158.361176967621	9.475868
158.376806974411	7.671929
158.392436981201	6.041898
158.408056974411	4.616032
158.423686981201	3.399507
158.439306974411	2.415223
158.454936981201	1.701427
158.470556974411	1.281049
158.486186981201	1.088784
158.501816987991	0.9789991
158.517436981201	0.7657251
158.533066987991	0.3155632
158.548686981201	-0.3962307
158.564316987991	-1.308868
158.579936981201	-2.314222
158.595566987991	-3.321678
158.611196994781	-4.2787
158.626816987991	-5.200176
158.642446994781	-6.117819
158.658066987991	-7.088299
158.673696994781	-8.163763
158.689316987991	-9.395771
158.704946994781	-10.79651
158.720577001572	-12.30867
158.736196994781	-13.77077
158.751827001572	-14.91959
158.767446994781	-15.43875
158.783077001572	-15.02203
158.798696994781	-13.48042
158.814327001572	-10.7808
158.829957008362	-7.102972
158.845577001572	-2.794102
158.861207008362	1.682825
158.876827001572	5.84008
158.892457008362	9.273436
158.908077001572	11.71831
158.923707008362	13.10799
158.939337015152	13.54336
158.954957008362	13.26154
158.970587015152	12.5337
158.986207008362	11.59964
159.001837015152	10.60775
159.017466783524	9.60833
159.033087015152	8.563026
159.048716783524	7.439444
159.064337015152	6.258457
159.079966783524	5.138451
159.095587015152	4.250916
159.111216783524	3.744261
159.126846790314	3.630373
159.142466783524	3.761992
159.158096790314	3.867491
159.173716783524	3.677664
159.189346790314	3.022972
159.204966783524	1.88306
159.220596790314	0.3697643
159.236226797104	-1.364983
159.251846790314	-3.178225
159.267476797104	-4.95953
159.283096790314	-6.619133
159.298726797104	-8.089556
159.314346790314	-9.341595
159.329976797104	-10.42297
159.345606803894	-11.46734
159.361226797104	-12.62839
159.376856803894	-13.97712
159.392476797104	-15.38923
159.408106803894	-16.52989
159.423726797104	-16.95445
159.439356803894	-16.25293
159.454986810684	-14.21408
159.470606803894	-10.90945
159.486236810684	-6.673214
159.501856803894	-1.990849
159.517486810684	2.632719
159.533106803894	6.769129
159.548736810684	10.11092
159.564366817474	12.46622
159.579986810684	13.76846
159.595616817474	14.05246
159.611236810684	13.46986
159.626866817474	12.27101
159.642486810684	10.76283
159.658116817474	9.212944
159.673746824265	7.803749
159.689366817474	6.598763
159.704996824265	5.566418
159.720616817474	4.688789
159.736246824265	3.986309
159.751866817474	3.545891
159.767496824265	3.433414
159.783126831055	3.618107
159.798746824265	3.922813
159.814376831055	4.071896
159.829996824265	3.800186
159.845626831055	2.954605
159.861246824265	1.581612
159.876876831055	-0.1493607
159.892506837845	-2.018223
159.908126831055	-3.861702
159.923756837845	-5.597496
159.939376831055	-7.213291
159.955006837845	-8.7066
159.970626831055	-10.08538
159.986256837845	-11.39056
160.001886844635	-12.69375
160.017506837845	-14.09826
160.033136844635	-15.61792
160.048756837845	-17.11641
160.064386844635	-18.2531
160.080006837845	-18.55229
160.095636844635	-17.55456
160.111266851425	-15.02486
160.126886844635	-11.08553
160.142516851425	-6.225025
160.158136844635	-1.154045
160.173766851425	3.404285
160.189386844635	6.926533
160.205016851425	9.195469
160.220646858215	10.27077
160.236266851425	10.36942
160.251896858215	9.764256
160.267516851425	8.687519
160.283146858215	7.368801
160.298766851425	6.02412
160.314396858215	4.891533
160.330026865005	4.179974
160.345646858215	3.987698
160.361276865005	4.263401
160.376896858215	4.798382
160.392526865005	5.333515
160.408146858215	5.634735
160.423776865005	5.593456
160.439406871796	5.200233
160.455026865005	4.525848
160.470656871796	3.636322
160.486276865005	2.564468
160.501906871796	1.338276
160.517526865005	-0.004074097
160.533156871796	-1.384327
160.548786878586	-2.684418
160.564406871796	-3.777885
160.580036878586	-4.588711
160.595656871796	-5.103214
160.611286878586	-5.424614
160.626906871796	-5.766022
160.642536878586	-6.374413
160.658166885376	-7.441719
160.673786878586	-8.977028
160.689416885376	-10.75798
160.705036878586	-12.3354
160.720666885376	-13.14469
160.736286878586	-12.67234
160.751916885376	-10.63451
160.767546892166	-7.066422
160.783166885376	-2.330742
160.798796892166	2.968994
160.814416885376	8.186523
160.830046892166	12.73872
160.845666885376	16.25567
160.861296892166	18.5778
160.876926898956	19.7318
160.892546892166	19.86826
160.908176898956	19.173
160.923796892166	17.84483
160.939426898956	16.08985
160.955046892166	14.13914
160.970676898956	12.25564
160.986306905746	10.69967
161.001926898956	9.644699
161.017556905746	9.134712
161.033176898956	9.040527
161.048806905746	9.130638
161.064426898956	9.146912
161.080056905746	8.896004
161.095686912537	8.307877
161.111306905746	7.432014
161.126936912537	6.359276
161.142556905746	5.181229
161.158186912537	3.93087
161.173806905746	2.570747
161.189436912537	1.058914
161.205066919327	-0.6337814
161.220686912537	-2.449951
161.236316919327	-4.254395
161.251936912537	-5.889557
161.267566919327	-7.23278
161.283196926117	-8.263306
161.298816919327	-9.102745
161.314446926117	-9.954971
161.330066919327	-11.01333
161.345696926117	-12.34911
161.361316919327	-13.82822
161.376946926117	-15.10228
161.392576932907	-15.70622
161.408196926117	-15.19421
161.423826932907	-13.30936
161.439446926117	-10.06338
161.455076932907	-5.767426
161.470696926117	-0.9288864
161.486326932907	3.864777
161.501956939697	8.089912
161.517576932907	11.38612
161.533206939697	13.59959
161.548826932907	14.73542
161.564456939697	14.90797
161.580076932907	14.28473
161.595706939697	13.04975
161.611336946487	11.43256
161.626956939697	9.694038
161.642586946487	8.125366
161.658206939697	6.970619
161.673836946487	6.345871
161.689456939697	6.208076
161.705086946487	6.349609
161.720716953278	6.507866
161.736336946487	6.473198
161.751966953278	6.186798
161.767586946487	5.73307
161.783216953278	5.280006
161.798836946487	4.91214
161.814466953278	4.599602
161.830096960068	4.198265
161.845716953278	3.547981
161.861346960068	2.578133
161.876966953278	1.350227
161.892596960068	0.02781677
161.908216953278	-1.212616
161.923846960068	-2.26432
161.939476966858	-3.154633
161.955096960068	-4.011276
161.970726966858	-4.996605
161.986346960068	-6.233116
162.001976966858	-7.766434
162.017596960068	-9.530495
162.033226966858	-11.3317
162.048856973648	-12.89425
162.064476966858	-13.87024
162.080106973648	-13.91823
162.095726966858	-12.7844
162.111356973648	-10.3875
162.126976966858	-6.856796
162.142606973648	-2.5214
162.158236980438	2.165207
162.173856973648	6.680656
162.189486980438	10.54522
162.205106973648	13.39363
162.220736980438	15.02354
162.236356973648	15.41169
162.251986980438	14.72009
162.267616987228	13.22797
162.283236980438	11.31601
162.298866987228	9.350235
162.314486980438	7.617947
162.330116987228	6.287979
162.345736980438	5.407825
162.361366987228	4.930908
162.376996994019	4.761036
162.392616987228	4.809628
162.408246994019	4.986332
162.423866987228	5.215088
162.439496994019	5.406441
162.455116987228	5.477268
162.470746994019	5.347385
162.486377000809	4.971523
162.501996994019	4.331898
162.517627000809	3.428123
162.533246994019	2.290089
162.548877000809	0.9648361
162.564496994019	-0.4790726
162.580127000809	-1.947815
162.595757007599	-3.345833
162.611377000809	-4.599106
162.627007007599	-5.689583
162.642627000809	-6.673355
162.658257007599	-7.660492
162.673877000809	-8.784401
162.689507007599	-10.14635
162.705137014389	-11.72613
162.720757007599	-13.35876
162.736387014389	-14.71587
162.752007007599	-15.38475
162.767637014389	-14.98787
162.783257007599	-13.30712
162.798887014389	-10.38826
162.814516782761	-6.547829
162.830137014389	-2.287189
162.845766782761	1.86158
162.861387014389	5.455029
162.877016782761	8.221272
162.892637014389	10.0567
162.908266782761	10.97469
162.923896789551	11.06332
162.939516782761	10.44934
162.955146789551	9.310547
162.970766782761	7.849022
162.986396789551	6.290329
163.002016782761	4.829197
163.017646789551	3.607239
163.033276796341	2.676414
163.048896789551	2.016968
163.064526796341	1.56992
163.080146789551	1.248051
163.095776796341	0.9886093
163.111396789551	0.7399826
163.127026796341	0.4768181
163.142656803131	0.1733437
163.158276796341	-0.2090569
163.173906803131	-0.722477
163.189526796341	-1.409231
163.205156803131	-2.278559
163.220776796341	-3.296122
163.236406803131	-4.375608
163.252036809921	-5.422623
163.267656803131	-6.379274
163.283286809921	-7.254515
163.298906803131	-8.110981
163.314536809921	-9.049208
163.330156803131	-10.15101
163.345786809921	-11.45108
163.361416816711	-12.90982
163.377036809921	-14.35994
163.392666816711	-15.50517
163.408286809921	-15.95675
163.423916816711	-15.32983
163.439536809921	-13.37024
163.455166816711	-10.08623
163.470796823502	-5.783358
163.486416816711	-1.027023
163.502046823502	3.527391
163.517666816711	7.320326
163.533296823502	10.02549
163.548916816711	11.59671
163.564546823502	12.19476
163.580176830292	12.06682
163.595796823502	11.43659
163.611426830292	10.44791
163.627046823502	9.204308
163.642676830292	7.794519
163.658296823502	6.358021
163.673926830292	5.060953
163.689556837082	4.05658
163.705176830292	3.436069
163.720806837082	3.177748
163.736426830292	3.155483
163.752056837082	3.198402
163.767676830292	3.148605
163.783306837082	2.899982
163.798936843872	2.434467
163.814556837082	1.775892
163.830186843872	0.9675884
163.845806837082	0.05196381
163.861436843872	-0.9534378
163.877066850662	-2.051321
163.892686843872	-3.250536
163.908316850662	-4.568727
163.923936843872	-6.030355
163.939566850662	-7.62262
163.955186843872	-9.345184
163.970816850662	-11.15285
163.986446857452	-12.95113
164.002066850662	-14.59659
164.017696857452	-15.88332
164.033316850662	-16.5778
164.048946857452	-16.42967
164.064566850662	-15.24865
164.080196857452	-12.92299
164.095826864243	-9.52021
164.111446857452	-5.297493
164.127076864243	-0.6822748
164.142696857452	3.789405
164.158326864243	7.599537
164.173946857452	10.36527
164.189576864243	11.93542
164.205206871033	12.3789
164.220826864243	11.94474
164.236456871033	10.92514
164.252076864243	9.596445
164.267706871033	8.167577
164.283326864243	6.790658
164.298956871033	5.610854
164.314586877823	4.762917
164.330206871033	4.325325
164.345836877823	4.264305
164.361456871033	4.419583
164.377086877823	4.554833
164.392706871033	4.473097
164.408336877823	4.102364
164.423966884613	3.510719
164.439586877823	2.84475
164.455216884613	2.201687
164.470836877823	1.558577
164.486466884613	0.7767668
164.502086877823	-0.2907791
164.517716884613	-1.691757
164.533346891403	-3.300847
164.548966884613	-4.869165
164.564596891403	-6.179065
164.580216884613	-7.150805
164.595846891403	-7.904497
164.611466884613	-8.680532
164.627096891403	-9.728083
164.642726898193	-11.13353
164.658346891403	-12.77194
164.673976898193	-14.29885
164.689596891403	-15.2633
164.705226898193	-15.22907
164.720846891403	-13.90955
164.736476898193	-11.26092
164.752106904984	-7.499135
164.767726898193	-3.055865
164.783356904984	1.532628
164.798976898193	5.751172
164.814606904984	9.200387
164.830226898193	11.65065
164.845856904984	13.03622
164.861486911774	13.4233
164.877106904984	12.9545
164.892736911774	11.82757
164.908356904984	10.27347
164.923986911774	8.530037
164.939606904984	6.809134
164.955236911774	5.262318
164.970866918564	3.979689
164.986486911774	2.975904
165.002116918564	2.259309
165.017736911774	1.819489
165.033366918564	1.640755
165.048986911774	1.674673
165.064616918564	1.824594
165.080246925354	1.965131
165.095866918564	1.957838
165.111496925354	1.713752
165.127116918564	1.208291
165.142746925354	0.4737024
165.158366918564	-0.436799
165.173996925354	-1.469591
165.189626932144	-2.59484
165.205246925354	-3.79985
165.220876932144	-5.055204
165.236496925354	-6.341871
165.252126932144	-7.637638
165.267746925354	-8.951536
165.283376932144	-10.30385
165.299006938934	-11.6902
165.314626932144	-13.0259
165.330256938934	-14.12066
165.345876932144	-14.67124
165.361506938934	-14.33233
165.377126932144	-12.87406
165.392756938934	-10.25854
165.408386945724	-6.706911
165.424006938934	-2.629316
165.439636945724	1.486316
165.455256938934	5.229031
165.470886945724	8.347369
165.486506938934	10.71594
165.502136945724	12.28295
165.517766952515	13.00516
165.533386945724	12.84225
165.549016952515	11.81526
165.564636945724	10.09595
165.580266952515	7.988347
165.595886945724	5.883071
165.611516952515	4.128081
165.627146959305	2.938415
165.642766952515	2.344718
165.658396959305	2.226662
165.674016952515	2.400191
165.689646959305	2.679118
165.705266952515	2.929133
165.720896959305	3.049803
165.736526966095	2.986829
165.752146959305	2.70281
165.767776966095	2.177755
165.783396959305	1.403657
165.799026966095	0.4021549
165.814646959305	-0.7761903
165.830276966095	-2.064505
165.845906972885	-3.38878
165.861526966095	-4.69361
165.877156972885	-5.987446
165.892776966095	-7.345299
165.908406972885	-8.863989
165.924026966095	-10.57405
165.939656972885	-12.34834
165.955286979675	-13.85419
165.970906972885	-14.6347
165.986536979675	-14.25283
166.002156972885	-12.47298
166.017786979675	-9.352419
166.033406972885	-5.282434
166.049036979675	-0.8322887
166.064666986465	3.394457
166.080286979675	6.93826
166.095916986465	9.568037
166.111536979675	11.25258
166.127166986465	12.10358
166.142796993256	12.26974
166.158416986465	11.88583
166.174046993256	11.04563
166.189666986465	9.846106
166.205296993256	8.399106
166.220916986465	6.839159
166.236546993256	5.329967
166.252177000046	4.021731
166.267796993256	3.025228
166.283427000046	2.372588
166.299046993256	2.037796
166.314677000046	1.943002
166.330296993256	1.984117
166.345927000046	2.032876
166.361557006836	1.942644
166.377177000046	1.583541
166.392807006836	0.8682213
166.408427000046	-0.1915145
166.424057006836	-1.481987
166.439677000046	-2.82411
166.455307006836	-4.078654
166.470937013626	-5.187068
166.486557006836	-6.227462
166.502187013626	-7.370845
166.517807006836	-8.795196
166.533437013626	-10.5757
166.549057006836	-12.62227
166.564687013626	-14.66079
166.580316781998	-16.28012
166.595937013626	-17.03855
166.611566781998	-16.57833
166.627187013626	-14.73638
166.642816781998	-11.58623
166.658437013626	-7.409301
166.674066781998	-2.665202
166.689696788788	2.129282
166.705316781998	6.473001
166.720946788788	9.947615
166.736566781998	12.27346
166.752196788788	13.36067
166.767816781998	13.32544
166.783446788788	12.45935
166.799076795578	11.13621
166.814696788788	9.700269
166.830326795578	8.360573
166.845946788788	7.165153
166.861576795578	6.068314
166.877196788788	5.02282
166.892826795578	4.059611
166.908456802368	3.271658
166.924076795578	2.762857
166.939706802368	2.570845
166.955326795578	2.618101
166.970956802368	2.750649
166.986576795578	2.79743
167.002206802368	2.632694
167.017836809158	2.195416
167.033456802368	1.485986
167.049086809158	0.5066423
167.064706802368	-0.7276964
167.080336809158	-2.210958
167.095956802368	-3.918272
167.111586809158	-5.761002
167.127216815948	-7.629351
167.142836809158	-9.39818
167.158466815948	-11.01044
167.174086809158	-12.48055
167.189716815948	-13.87374
167.205336809158	-15.18721
167.220966815948	-16.2951
167.236596822739	-16.91862
167.252216815948	-16.69422
167.267846822739	-15.34802
167.283466815948	-12.80268
167.299096822739	-9.260166
167.314716815948	-5.12842
167.330346822739	-0.8852129
167.345976829529	3.03969
167.361596822739	6.368487
167.377226829529	8.950277
167.392846822739	10.74468
167.408476829529	11.76872
167.424096822739	12.08119
167.439726829529	11.75776
167.455356836319	10.93468
167.470976829529	9.751116
167.486606836319	8.358005
167.502226829529	6.894655
167.517856836319	5.480949
167.533476829529	4.228657
167.549106836319	3.232311
167.564736843109	2.568578
167.580356836319	2.270262
167.595986843109	2.316217
167.611606836319	2.611915
167.627236843109	2.991718
167.642856836319	3.239857
167.658486843109	3.143703
167.674116849899	2.567392
167.689736843109	1.48863
167.705366849899	0.005119324
167.720986843109	-1.683641
167.736616849899	-3.370569
167.752236843109	-4.901661
167.767866849899	-6.223986
167.783496856689	-7.392912
167.799116849899	-8.508076
167.814746856689	-9.662584
167.830366849899	-10.8646
167.845996856689	-12.0285
167.861616849899	-12.97448
167.877246856689	-13.46131
167.89287686348	-13.21272
167.908496856689	-11.97314
167.92412686348	-9.578777
167.939746856689	-6.069792
167.95537686348	-1.694052
167.970996856689	3.093044
167.98662686348	7.733648
168.00225687027	11.71433
168.01787686348	14.69896
168.03350687027	16.5412
168.04912686348	17.27621
168.06475687027	17.04724
168.08037686348	16.03827
168.09600687027	14.48087
168.11163687706	12.62898
168.12725687027	10.77973
168.14288687706	9.204271
168.15850687027	8.088404
168.17413687706	7.476593
168.18975687027	7.276146
168.20538687706	7.320332
168.22101688385	7.424934
168.23663687706	7.458761
168.25226688385	7.329105
168.26788687706	6.983208
168.28351688385	6.376881
168.29913687706	5.489616
168.31476688385	4.327456
168.33039689064	2.95236
168.34601688385	1.457741
168.36164689064	-0.07671738
168.37726688385	-1.578606
168.39289689064	-3.029438
168.40851688385	-4.408752
168.42414689064	-5.706718
168.43977689743	-6.939144
168.45539689064	-8.130651
168.47102689743	-9.340883
168.48664689064	-10.64652
168.50227689743	-12.05634
168.517906904221	-13.4157
168.53352689743	-14.40114
168.549156904221	-14.57426
168.56477689743	-13.56645
168.580406904221	-11.21036
168.59602689743	-7.653383
168.611656904221	-3.319986
168.627286911011	1.237797
168.642906904221	5.469769
168.658536911011	8.997654
168.674156904221	11.61159
168.689786911011	13.26409
168.705406904221	14.00881
168.721036911011	13.94332
168.736666917801	13.20703
168.752286911011	11.96494
168.767916917801	10.42914
168.783536911011	8.83145
168.799166917801	7.406912
168.814786911011	6.308971
168.830416917801	5.597195
168.846046924591	5.211756
168.861666917801	5.003622
168.877296924591	4.816437
168.892916917801	4.556658
168.908546924591	4.241957
168.924166917801	3.95505
168.939796924591	3.761176
168.955426931381	3.612372
168.971046924591	3.358644
168.986676931381	2.773623
169.002296924591	1.706392
169.017926931381	0.161891
169.033546924591	-1.682373
169.049176931381	-3.524457
169.064806938171	-5.083117
169.080426931381	-6.21273
169.096056938171	-6.951617
169.111676931381	-7.478903
169.127306938171	-8.027927
169.142926931381	-8.78353
169.158556938171	-9.796427
169.174186944962	-10.98176
169.189806938171	-12.10944
169.205436944962	-12.87418
169.221056938171	-12.97793
169.236686944962	-12.17489
169.252306938171	-10.35822
169.267936944962	-7.601495
169.283566951752	-4.133816
169.299186944962	-0.3044524
169.314816951752	3.507466
169.330436944962	6.966511
169.346066951752	9.814682
169.361686944962	11.89507
169.377316951752	13.14925
169.392946958542	13.60412
169.408566951752	13.34487
169.424196958542	12.50416
169.439816951752	11.22943
169.455446958542	9.67733
169.471066951752	8.035463
169.486696958542	6.482891
169.502326965332	5.191246
169.517946958542	4.296117
169.533576965332	3.831336
169.549196958542	3.711171
169.564826965332	3.787214
169.580446958542	3.886724
169.596076965332	3.893918
169.611706972122	3.756549
169.627326965332	3.471955
169.642956972122	3.017349
169.658576965332	2.37185
169.674206972122	1.481584
169.689826965332	0.3340797
169.705456972122	-1.011983
169.721086978912	-2.442125
169.736706972122	-3.824874
169.752336978912	-5.047039
169.767956972122	-6.073854
169.783586978912	-6.913897
169.799206972122	-7.651518
169.814836978912	-8.432271
169.830466985703	-9.410866
169.846086978912	-10.6972
169.861716985703	-12.25208
169.877336978912	-13.82816
169.892966985703	-15.00609
169.908586978912	-15.29535
169.924216985703	-14.29873
169.939846992493	-11.88718
169.955466985703	-8.251845
169.971096992493	-3.868472
169.986716985703	0.6390476
170.002346992493	4.675858
170.017966985703	7.813328
170.033596992493	9.871566
170.049226999283	10.87174
170.064846992493	10.98517
170.080476999283	10.40006
170.096096992493	9.290283
170.111726999283	7.81233
170.127346992493	6.108242
170.142976999283	4.375854
170.158607006073	2.829706
170.174226999283	1.677202
170.189857006073	1.015438
170.205476999283	0.823204
170.221107006073	0.9387894
170.236726999283	1.147701
170.252357006073	1.282543
170.267987012863	1.247372
170.283607006073	1.042046
170.299237012863	0.7105923
170.314857006073	0.2852936
170.330487012863	-0.2485294
170.346107006073	-0.92029
170.361737012863	-1.769129
170.377366781235	-2.771156
170.392987012863	-3.862749
170.408616781235	-4.975704
170.424237012863	-6.070869
170.439866781235	-7.163715
170.455487012863	-8.315098
170.471116781235	-9.585911
170.486746788025	-10.97543
170.502366781235	-12.41133
170.517996788025	-13.74397
170.533616781235	-14.75629
170.549246788025	-15.19094
170.564866781235	-14.79486
170.580496788025	-13.37313
170.596126794815	-10.86731
170.611746788025	-7.424072
170.627376794815	-3.39995
170.642996788025	0.7131042
170.658626794815	4.430494
170.674246788025	7.394058
170.689876794815	9.44887
170.705506801605	10.63953
170.721126794815	11.09865
170.736756801605	10.97446
170.752376794815	10.3821
170.768006801605	9.414072
170.783626794815	8.155453
170.799256801605	6.719389
170.814886808395	5.221148
170.830506801605	3.773697
170.846136808395	2.486843
170.861756801605	1.451206
170.877386808395	0.7317467
170.893006801605	0.3615627
170.908636808395	0.2957115
170.924266815186	0.4170189
170.939886808395	0.5544491
170.955516815186	0.5422115
170.971136808395	0.2781181
170.986766815186	-0.257658
171.002396821976	-1.028942
171.018016815186	-1.976616
171.033646821976	-3.053598
171.049266815186	-4.223621
171.064896821976	-5.471252
171.080516815186	-6.782162
171.096146821976	-8.164042
171.111776828766	-9.647402
171.127396821976	-11.25333
171.143026828766	-12.96944
171.158646821976	-14.66034
171.174276828766	-16.08694
171.189896821976	-16.91595
171.205526828766	-16.82453
171.221156835556	-15.58017
171.236776828766	-13.14364
171.252406835556	-9.675793
171.268026828766	-5.53603
171.283656835556	-1.179884
171.299276828766	2.936932
171.314906835556	6.426813
171.330536842346	9.03727
171.346156835556	10.64842
171.361786842346	11.27242
171.377406835556	11.0109
171.393036842346	10.05469
171.408656835556	8.629272
171.424286842346	6.984692
171.439916849136	5.361671
171.455536842346	3.947195
171.471166849136	2.874123
171.486786842346	2.19994
171.502416849136	1.909433
171.518036842346	1.952404
171.533666849136	2.242393
171.549296855927	2.670977
171.564916849136	3.114374
171.580546855927	3.410015
171.596166849136	3.443378
171.611796855927	3.123604
171.627416849136	2.432009
171.643046855927	1.424929
171.658676862717	0.212822
171.674296855927	-1.06225
171.689926862717	-2.26576
171.705546855927	-3.322014
171.721176862717	-4.25131
171.736796855927	-5.165554
171.752426862717	-6.226652
171.768056869507	-7.577198
171.783676862717	-9.233791
171.799306869507	-11.03914
171.814926862717	-12.65922
171.830556869507	-13.68988
171.846176862717	-13.73342
171.861806869507	-12.5548
171.877436876297	-10.12517
171.893056869507	-6.634411
171.908686876297	-2.449369
171.924306869507	1.972783
171.939936876297	6.174507
171.955556869507	9.779932
171.971186876297	12.52542
171.986816883087	14.30106
172.002436876297	15.09996
172.018066883087	15.00462
172.033686876297	14.15279
172.049316883087	12.73165
172.064936876297	10.96404
172.080566883087	9.092919
172.096196889877	7.366187
172.111816883087	5.954787
172.127446889877	4.942863
172.143066883087	4.301075
172.158696889877	3.935859
172.174316883087	3.718123
172.189946889877	3.555598
172.205576896667	3.394475
172.221196889877	3.208989
172.236826896667	2.979893
172.252446889877	2.647396
172.268076896667	2.133885
172.283696889877	1.328487
172.299326896667	0.1797361
172.314956903458	-1.273618
172.330576896667	-2.896178
172.346206903458	-4.50844
172.361826896667	-5.982491
172.377456903458	-7.303741
172.393076896667	-8.58624
172.408706903458	-9.987072
172.424336910248	-11.60633
172.439956903458	-13.35531
172.455586910248	-14.94399
172.471206903458	-15.98283
172.486836910248	-16.08534
172.502456903458	-15.00086
172.518086910248	-12.68506
172.533716917038	-9.299997
172.549336910248	-5.165263
172.564966917038	-0.7255373
172.580586910248	3.549936
172.596216917038	7.224987
172.611836910248	9.979516
172.627466917038	11.66629
172.643096923828	12.33011
172.658716917038	12.14509
172.674346923828	11.3435
172.689966917038	10.13396
172.705596923828	8.647305
172.721216917038	6.985761
172.736846923828	5.237784
172.752476930618	3.539711
172.768096923828	2.067717
172.783726930618	0.9793406
172.799346923828	0.3562107
172.814976930618	0.1535821
172.830596923828	0.231061
172.846226930618	0.3920336
172.861856937408	0.4695392
172.877476930618	0.3448725
172.893106937408	-0.01975155
172.908726930618	-0.6045165
172.924356937408	-1.367913
172.939976930618	-2.285408
172.955606937408	-3.31195
172.971236944199	-4.425007
172.986856937408	-5.618999
173.002486944199	-6.899677
173.018106937408	-8.301977
173.033736944199	-9.842025
173.049356937408	-11.46966
173.064986944199	-13.03772
173.080616950989	-14.31196
173.096236944199	-14.98175
173.111866950989	-14.74418
173.127486944199	-13.39344
173.143116950989	-10.88325
173.158746957779	-7.371772
173.174366950989	-3.207019
173.189996957779	1.150701
173.205616950989	5.221495
173.221246957779	8.616222
173.236866950989	11.09326
173.252496957779	12.55751
173.268126964569	13.02929
173.283746957779	12.59112
173.299376964569	11.38476
173.314996957779	9.604517
173.330626964569	7.492305
173.346246957779	5.346071
173.361876964569	3.478568
173.377506971359	2.153909
173.393126964569	1.510288
173.408756971359	1.527872
173.424376964569	2.024577
173.440006971359	2.716494
173.455626964569	3.322434
173.471256971359	3.637839
173.486886978149	3.591157
173.502506971359	3.235502
173.518136978149	2.678848
173.533756971359	2.011333
173.549386978149	1.26218
173.565006971359	0.4040098
173.580636978149	-0.6061172
173.59626698494	-1.788424
173.611886978149	-3.104238
173.62751698494	-4.489906
173.643136978149	-5.900757
173.65876698494	-7.312268
173.674386978149	-8.69288
173.69001698494	-9.944053
173.70564699173	-10.84956
173.72126698494	-11.09499
173.73689699173	-10.34887
173.75251698494	-8.394099
173.76814699173	-5.239261
173.78376698494	-1.171449
173.79939699173	3.316167
173.81502699852	7.663193
173.83064699173	11.36141
173.84627699852	14.08967
173.86189699173	15.72807
173.87752699852	16.32706
173.89314699173	16.02155
173.90877699852	15.00313
173.92440700531	13.44699
173.94002699852	11.5647
173.95565700531	9.583342
173.97127699852	7.719036
173.98690700531	6.158772
174.00252699852	4.984591
174.01815700531	4.175114
174.0337870121	3.613909
174.04940700531	3.158634
174.0650370121	2.676561
174.08065700531	2.09045
174.0962870121	1.364159
174.11190700531	0.5077209
174.1275370121	-0.4591446
174.143166780472	-1.507572
174.1587870121	-2.602524
174.174416780472	-3.717291
174.1900370121	-4.832623
174.205666780472	-5.947514
174.2212870121	-7.114876
174.236916780472	-8.398876
174.252546787262	-9.866333
174.268166780472	-11.52411
174.283796787262	-13.29609
174.299416780472	-14.9915
174.315046787262	-16.31167
174.330666780472	-16.91398
174.346296787262	-16.47047
174.361926794052	-14.78297
174.377546787262	-11.85202
174.393176794052	-7.91741
174.408796787262	-3.406637
174.424426794052	1.157452
174.440046787262	5.314743
174.455676794052	8.721813
174.471306800842	11.18745
174.486926794052	12.64627
174.502556800842	13.11843
174.518176794052	12.70397
174.533806800842	11.55934
174.549426794052	9.940844
174.565056800842	8.147184
174.580686807632	6.473957
174.596306800842	5.128532
174.611936807632	4.189552
174.627556800842	3.628614
174.643186807632	3.352417
174.658806800842	3.280361
174.674436807632	3.349405
174.690066814423	3.528357
174.705686807632	3.749332
174.721316814423	3.873365
174.736936807632	3.741455
174.752566814423	3.219957
174.768186807632	2.273718
174.783816814423	0.9978352
174.799446821213	-0.4141216
174.815066814423	-1.776211
174.830696821213	-2.973976
174.846316814423	-4.029524
174.861946821213	-5.075794
174.877566814423	-6.280445
174.893196821213	-7.756609
174.908826828003	-9.470388
174.924446821213	-11.21344
174.940076828003	-12.66146
174.955696821213	-13.44587
174.971326828003	-13.24449
174.986946821213	-11.87479
175.002576828003	-9.331463
175.018206834793	-5.814144
175.033826828003	-1.672077
175.049456834793	2.652723
175.065076828003	6.709106
175.080706834793	10.12121
175.096326828003	12.63152
175.111956834793	14.11405
175.127586841583	14.57675
175.143206834793	14.14939
175.158836841583	13.04688
175.174456834793	11.53445
175.190086841583	9.871267
175.205706834793	8.263384
175.221336841583	6.838436
175.236966848373	5.664911
175.252586841583	4.757753
175.268216848373	4.122181
175.283836841583	3.754839
175.299466848373	3.640732
175.315086841583	3.706926
175.330716848373	3.827841
175.346346855164	3.835838
175.361966848373	3.574167
175.377596855164	2.985226
175.393216848373	2.089771
175.408846855164	0.9835148
175.424466848373	-0.2179375
175.440096855164	-1.435118
175.455726861954	-2.647722
175.471346855164	-3.853317
175.486976861954	-5.047188
175.502596855164	-6.235353
175.518226861954	-7.443504
175.533846855164	-8.718557
175.549476861954	-10.07153
175.565106868744	-11.44744
175.580726861954	-12.63104
175.596356868744	-13.29816
175.611976861954	-13.08102
175.627606868744	-11.70427
175.643226861954	-9.094425
175.658856868744	-5.407562
175.674486875534	-1.019121
175.690106868744	3.582762
175.705736875534	7.871754
175.721356868744	11.38961
175.736986875534	13.81795
175.752606868744	15.03438
175.768236875534	15.11727
175.783866882324	14.31569
175.799486875534	12.95444
175.815116882324	11.34233
175.830736875534	9.721834
175.846366882324	8.23517
175.861996889114	6.962246
175.877616882324	5.955639
175.893246889114	5.240957
175.908866882324	4.807604
175.924496889114	4.595345
175.940116882324	4.50156
175.955746889114	4.409843
175.971376895905	4.218046
175.986996889114	3.841661
176.002626895905	3.234236
176.018246889114	2.375586
176.033876895905	1.279522
176.049496889114	0.01300812
176.065126895905	-1.324162
176.080756902695	-2.598352
176.096376895905	-3.704803
176.112006902695	-4.602289
176.127626895905	-5.362806
176.143256902695	-6.131506
176.158876895905	-7.099243
176.174506902695	-8.392431
176.190136909485	-9.995947
176.205756902695	-11.71758
176.221386909485	-13.22083
176.237006902695	-14.11151
176.252636909485	-14.04909
176.268256902695	-12.82338
176.283886909485	-10.4147
176.299516916275	-7.033488
176.315136909485	-3.057533
176.330766916275	1.023033
176.346386909485	4.745955
176.362016916275	7.759581
176.377636909485	9.894339
176.393266916275	11.16425
176.408896923065	11.69305
176.424516916275	11.6458
176.440146923065	11.1356
176.455766916275	10.23734
176.471396923065	9.02292
176.487016916275	7.586183
176.502646923065	6.082561
176.518276929855	4.709996
176.533896923065	3.635033
176.549526929855	2.958779
176.565146923065	2.699863
176.580776929855	2.796108
176.596396923065	3.130492
176.612026929855	3.570497
176.627656936646	3.955605
176.643276929855	4.145128
176.658906936646	4.016181
176.674526929855	3.488267
176.690156936646	2.5595
176.705776929855	1.294013
176.721406936646	-0.1561408
176.737036943436	-1.628115
176.752656936646	-3.008183
176.768286943436	-4.235863
176.783906936646	-5.330134
176.799536943436	-6.339881
176.815156936646	-7.315961
176.830786943436	-8.313359
176.846416950226	-9.377561
176.862036943436	-10.53089
176.877666950226	-11.72775
176.893286943436	-12.78551
176.908916950226	-13.39654
176.924536943436	-13.18124
176.940166950226	-11.84524
176.955796957016	-9.326337
176.971416950226	-5.835941
176.987046957016	-1.805177
177.002666950226	2.24355
177.018296957016	5.868762
177.033916950226	8.764119
177.049546957016	10.78555
177.065176963806	11.88977
177.080796957016	12.0979
177.096426963806	11.51818
177.112046957016	10.33635
177.127676963806	8.804249
177.143296957016	7.19431
177.158926963806	5.719449
177.174556970596	4.501865
177.190176963806	3.594871
177.205806970596	2.975536
177.221426963806	2.610355
177.237056970596	2.465234
177.252676963806	2.476906
177.268306970596	2.572845
177.283936977386	2.66084
177.299556970596	2.653799
177.315186977386	2.461264
177.330806970596	2.012676
177.346436977386	1.241515
177.362056970596	0.1119394
177.377686977386	-1.33931
177.393316984177	-3.000771
177.408936977386	-4.687536
177.424566984177	-6.203798
177.440186977386	-7.410096
177.455816984177	-8.31886
177.471436977386	-9.074721
177.487066984177	-9.886822
177.502696990967	-10.9413
177.518316984177	-12.28192
177.533946990967	-13.79108
177.549566984177	-15.20272
177.565196990967	-16.18549
177.580816984177	-16.41894
177.596446990967	-15.65714
177.612076997757	-13.8028
177.627696990967	-10.93164
177.643326997757	-7.300204
177.658946990967	-3.293592
177.674576997757	0.6365957
177.690196990967	4.097281
177.705826997757	6.819847
177.721457004547	8.696064
177.737076997757	9.753977
177.752707004547	10.11172
177.768326997757	9.881084
177.783957004547	9.154549
177.799576997757	8.004959
177.815207004547	6.535946
177.830837011337	4.91893
177.846457004547	3.399925
177.862087011337	2.228853
177.877707004547	1.596085
177.893337011337	1.550594
177.908957004547	1.973036
177.924587011337	2.621815
177.940216779709	3.232889
177.955837011337	3.593756
177.971466779709	3.602768
177.987087011337	3.267452
178.002716779709	2.635418
178.018337011337	1.744394
178.033966779709	0.6165829
178.049596786499	-0.7209187
178.065216779709	-2.206203
178.080846786499	-3.712101
178.096466779709	-5.100222
178.112096786499	-6.29707
178.127726793289	-7.339191
178.143346786499	-8.384109
178.158976793289	-9.611771
178.174596786499	-11.1004
178.190226793289	-12.70525
178.205846786499	-14.06132
178.221476793289	-14.66875
178.237106800079	-14.08953
178.252726793289	-12.11696
178.268356800079	-8.878437
178.283976793289	-4.809284
178.299606800079	-0.5101109
178.315226793289	3.457464
178.330856800079	6.687023
178.34648680687	9.006693
178.362106800079	10.42841
178.37773680687	11.05027
178.393356800079	10.96687
178.40898680687	10.25177
178.424606800079	8.981733
178.44023680687	7.269976
178.45586681366	5.332621
178.47148680687	3.435801
178.48711681366	1.851065
178.50273680687	0.7471333
178.51836681366	0.1476688
178.53398680687	-0.06345749
178.54961681366	-0.08207512
178.56524682045	-0.09616089
178.58086681366	-0.2264214
178.59649682045	-0.4898109
178.61211681366	-0.8322792
178.62774682045	-1.166815
178.64336681366	-1.445238
178.65899682045	-1.694181
178.67462682724	-2.023916
178.69024682045	-2.570229
178.70587682724	-3.440247
178.72149682045	-4.65633
178.73712682724	-6.149881
178.75274682045	-7.804985
178.76837682724	-9.482658
178.78400683403	-11.05367
178.79962682724	-12.37646
178.81525683403	-13.25003
178.83087682724	-13.40024
178.84650683403	-12.56847
178.86212682724	-10.59433
178.87775683403	-7.520505
178.89338684082	-3.632059
178.90900683403	0.6160841
178.92463684082	4.7407
178.94025683403	8.343718
178.95588684082	11.19288
178.97150683403	13.20854
178.98713684082	14.41507
179.00276684761	14.88419
179.01838684082	14.71598
179.03401684761	14.0253
179.04963684082	12.94441
179.06526684761	11.61289
179.08088684082	10.16826
179.09651684761	8.726606
179.112146854401	7.40362
179.12776684761	6.304675
179.143396854401	5.524654
179.15901684761	5.097135
179.174646854401	4.995743
179.19026684761	5.086949
179.205896854401	5.180234
179.221526861191	5.097104
179.237146854401	4.719739
179.252776861191	4.038528
179.268396854401	3.117639
179.284026861191	2.041512
179.299646854401	0.8648367
179.315276861191	-0.4133167
179.330906867981	-1.80668
179.346526861191	-3.312819
179.362156867981	-4.885652
179.377776861191	-6.489845
179.393406867981	-8.089566
179.409026861191	-9.665083
179.424656867981	-11.17981
179.440286874771	-12.50889
179.455906867981	-13.40418
179.471536874771	-13.52958
179.487156867981	-12.5635
179.502786874771	-10.33569
179.518406867981	-6.958429
179.534036874771	-2.811766
179.549666881561	1.543516
179.565286874771	5.531242
179.580916881561	8.728516
179.596536874771	10.923
179.612166881561	12.10186
179.627786874771	12.3484
179.643416881561	11.79664
179.659046888351	10.54974
179.674666881561	8.769571
179.690296888351	6.68741
179.705916881561	4.588432
179.721546888351	2.773485
179.737166881561	1.46183
179.752796888351	0.7420902
179.768426895142	0.5656433
179.784046888351	0.8095932
179.799676895142	1.320171
179.815296888351	1.94902
179.830926895142	2.559059
179.846546888351	3.014492
179.862176895142	3.206715
179.877806901932	3.055822
179.893426895142	2.547995
179.909056901932	1.724943
179.924676895142	0.6555004
179.940306901932	-0.6027946
179.955926895142	-2.011822
179.971556901932	-3.527613
179.987186908722	-5.096975
180.002806901932	-6.635359
180.018436908722	-8.091244
180.034056901932	-9.465691
180.049686908722	-10.84151
180.065306901932	-12.28373
180.080936908722	-13.78364
180.096566915512	-15.18059
180.112186908722	-16.14571
180.127816915512	-16.29392
180.143436908722	-15.29925
180.159066915512	-13.05118
180.174686908722	-9.691093
180.190316915512	-5.584072
180.205946922302	-1.197756
180.221566915512	2.996094
180.237196922302	6.607401
180.252816915512	9.368814
180.268446922302	11.1209
180.284076929092	11.80395
180.299696922302	11.46091
180.315326929092	10.24486
180.330946922302	8.395426
180.346576929092	6.224483
180.362196922302	4.052982
180.377826929092	2.158121
180.393456935883	0.7201462
180.409076929092	-0.2010078
180.424706935883	-0.662878
180.440326929092	-0.7810669
180.455956935883	-0.6932144
180.471576929092	-0.510643
180.487206935883	-0.2882099
180.502836942673	-0.07794571
180.518456935883	0.07904434
180.534086942673	0.1103306
180.549706935883	-0.07942009
180.565336942673	-0.5757484
180.580956935883	-1.3972
180.596586942673	-2.503012
180.612216949463	-3.782513
180.627836942673	-5.09774
180.643466949463	-6.348955
180.659086942673	-7.503733
180.674716949463	-8.586737
180.690336942673	-9.686106
180.705966949463	-10.87241
180.721596956253	-12.17414
180.737216949463	-13.52483
180.752846956253	-14.76643
180.768466949463	-15.62395
180.784096956253	-15.77821
180.799716949463	-14.91789
180.815346956253	-12.85573
180.830976963043	-9.616508
180.846596956253	-5.472179
180.862226963043	-0.8892345
180.877846956253	3.560909
180.893476963043	7.340771
180.909096956253	10.08068
180.924726963043	11.58331
180.940356969833	11.86123
180.955976963043	11.05726
180.971606969833	9.399438
180.987226963043	7.193146
181.002856969833	4.767242
181.018476963043	2.462139
181.034106969833	0.5868387
181.049736976624	-0.6422472
181.065356969833	-1.185083
181.080986976624	-1.139062
181.096606969833	-0.7212658
181.112236976624	-0.1829386
181.127856969833	0.2771931
181.143486976624	0.5368881
181.159116983414	0.5429997
181.174736976624	0.3158278
181.190366983414	-0.1257768
181.205986976624	-0.7683907
181.221616983414	-1.640553
181.237236976624	-2.754466
181.252866983414	-4.11337
181.268496990204	-5.649317
181.284116983414	-7.276996
181.299746990204	-8.917921
181.315366983414	-10.53901
181.330996990204	-12.15241
181.346616983414	-13.79429
181.362246990204	-15.41488
181.393496990204	-17.76701
181.409126996994	-17.83671
181.424746990204	-16.74215
181.440376996994	-14.34135
181.455996990204	-10.70195
181.471626996994	-6.113282
181.487257003784	-1.011807
181.502876996994	4.101682
181.518507003784	8.725739
181.534126996994	12.45096
181.549757003784	15.01437
181.565376996994	16.32528
181.581007003784	16.47333
181.596637010574	15.66661
181.612257003784	14.17869
181.627887010574	12.31624
181.643507003784	10.3735
181.659137010574	8.610825
181.674757003784	7.228149
181.690387010574	6.325563
181.706016778946	5.884972
181.721637010574	5.783873
181.737266778946	5.835306
181.752887010574	5.861601
181.768516778946	5.753101
181.784137010574	5.479568
181.799766778946	5.056805
181.815396785736	4.484444
181.831016778946	3.73032
181.846646785736	2.732224
181.862266778946	1.462528
181.877896785736	-0.02860832
181.893516778946	-1.617701
181.909146785736	-3.14085
181.924776792526	-4.487545
181.940396785736	-5.653223
181.956026792526	-6.756868
181.971646785736	-7.962009
181.987276792526	-9.389351
182.002896785736	-10.99994
182.018526792526	-12.57488
182.034156799316	-13.71209
182.049776792526	-13.95379
182.065406799316	-12.90703
182.081026792526	-10.37624
182.096656799316	-6.444706
182.112276792526	-1.457867
182.127906799316	4.033783
182.143536806107	9.379475
182.159156799316	13.98102
182.174786806107	17.37648
182.190406799316	19.32274
182.206036806107	19.81319
182.221656799316	19.0504
182.237286806107	17.37324
182.252916812897	15.20599
182.268536806107	12.91737
182.284166812897	10.78326
182.299786806107	8.963116
182.315416812897	7.533562
182.331036806107	6.521019
182.346666812897	5.925682
182.362296819687	5.732021
182.377916812897	5.844044
182.393546819687	6.083374
182.409166812897	6.182392
182.424796819687	5.871685
182.440416812897	4.967827
182.456046819687	3.462009
182.471676826477	1.507065
182.487296819687	-0.6542015
182.502926826477	-2.767654
182.518546819687	-4.694077
182.534176826477	-6.404221
182.549796819687	-7.962139
182.565426826477	-9.463013
182.581056833267	-10.98856
182.596676826477	-12.58011
182.612306833267	-14.2667
182.627926826477	-16.04029
182.643556833267	-17.84267
182.659176826477	-19.5021
182.674806833267	-20.72615
182.690436840057	-21.10146
182.706056833267	-20.19886
182.721686840057	-17.74695
182.737306833267	-13.76223
182.752936840057	-8.572487
182.768556833267	-2.787712
182.784186840057	2.909363
182.799816846848	7.894302
182.815436840057	11.74071
182.831066846848	14.25399
182.846686840057	15.41651
182.862316846848	15.34665
182.877936840057	14.2505
182.893566846848	12.44117
182.909196853638	10.26677
182.924816846848	8.110195
182.940446853638	6.293644
182.956066846848	5.005066
182.971696853638	4.286903
182.987326860428	4.049095
183.002946853638	4.158295
183.018576860428	4.486046
183.034196853638	4.939415
183.049826860428	5.441254
183.065446853638	5.887573
183.081076860428	6.141052
183.096706867218	6.075081
183.112326860428	5.629478
183.127956867218	4.845108
183.143576860428	3.852936
183.159206867218	2.803383
183.174826860428	1.805893
183.190456867218	0.8871536
183.206086874008	0.01501465
183.221706867218	-0.8549728
183.237336874008	-1.767891
183.252956867218	-2.781708
183.268586874008	-3.971252
183.284206867218	-5.406898
183.299836874008	-7.099846
183.315466880798	-8.866905
183.331086874008	-10.30968
183.346716880798	-10.86188
183.362336874008	-9.984413
183.377966880798	-7.392052
183.393586874008	-3.18457
183.409216880798	2.161148
183.424846887589	7.937996
183.440466880798	13.43874
183.456096887589	18.12708
183.471716880798	21.71741
183.487346887589	24.13845
183.502966880798	25.44625
183.518596887589	25.76465
183.534226894379	25.25006
183.549846887589	24.09222
183.565476894379	22.5304
183.581096887589	20.83124
183.596726894379	19.25875
183.612346887589	18.04123
183.627976894379	17.35282
183.643606901169	17.27972
183.659226894379	17.81837
183.674856901169	18.85262
183.690476894379	20.14532
183.706106901169	21.35058
183.721726894379	22.08304
183.737356901169	22.04612
183.752986907959	21.1097
183.768606901169	19.34279
183.784236907959	16.90969
183.799856901169	13.9603
183.815486907959	10.51825
183.831106901169	6.46603
183.846736907959	1.623569
183.862366914749	-4.108547
183.877986907959	-10.65876
183.893616914749	-17.76691
183.909236907959	-25.05545
183.924866914749	-32.14351
183.940486907959	-38.68353
183.956116914749	-44.38004
183.971746921539	-48.951
183.987366914749	-52.12123
184.002996921539	-53.64382
184.018616914749	-53.41044
184.034246921539	-51.49204
184.049866914749	-48.19926
184.065496921539	-43.99959
184.081126928329	-39.44798
184.096746921539	-35.06498
184.112376928329	-31.25548
184.127996921539	-28.2928
184.143626928329	-26.28207
184.159246921539	-25.20422
184.174876928329	-24.92577
184.19050693512	-25.24702
184.206126928329	-25.94272
184.22175693512	-26.78481
184.237376928329	-27.53244
184.25300693512	-27.86939
184.268626928329	-27.36614
184.28425693512	-25.52481
184.29988694191	-21.95233
184.31550693512	-16.51606
184.33113694191	-9.499687
184.34675693512	-1.550674
184.36238694191	6.517151
184.37800693512	13.95644
184.39363694191	20.26478
184.4092669487	25.24595
184.42488694191	28.92332
184.4405169487	31.40173
184.45613694191	32.80542
184.4717669487	33.25565
184.48738694191	32.89627
184.5030169487	31.91594
184.51864695549	30.47197
184.5342669487	28.65239
184.54989695549	26.41042
184.5655169487	23.67751
184.58114695549	20.45183
184.5967669487	16.91701
184.61239695549	13.49495
184.62802696228	10.71657
184.64364695549	9.088409
184.65927696228	8.898811
184.67489695549	10.1111
184.69052696228	12.39964
184.70614695549	15.28761
184.72177696228	18.28785
184.73740696907	21.01847
184.75302696228	23.2358
184.76865696907	24.7635
184.78427696228	25.46631
184.79990696907	25.21164
184.81552696228	23.93232
184.83115696907	21.69135
184.846786975861	18.74036
184.86240696907	15.47115
184.878036975861	12.3375
184.89365696907	9.718857
184.909286975861	7.788544
184.92490696907	6.532547
184.940536975861	5.784981
184.956166982651	5.332268
184.971786975861	4.987984
184.987416982651	4.609985
185.003036975861	4.063698
185.018666982651	3.226212
185.034286975861	2.021362
185.049916982651	0.4351044
185.065546989441	-1.39975
185.081166982651	-3.275887
185.096796989441	-4.973495
185.112416982651	-6.391014
185.128046989441	-7.58873
185.143676996231	-8.770912
185.159296989441	-10.17235
185.174926996231	-11.94011
185.190546989441	-14.03645
185.206176996231	-16.1882
185.221796989441	-17.96192
185.237426996231	-18.82898
185.253057003021	-18.34293
185.268676996231	-16.28616
185.284307003021	-12.74014
185.299926996231	-8.109123
185.315557003021	-3.000328
185.331176996231	1.900284
185.346807003021	6.024879
185.362437009811	9.013077
185.378057003021	10.76649
185.393687009811	11.38389
185.409307003021	11.06269
185.424937009811	10.01699
185.440557003021	8.419197
185.456187009811	6.425797
185.471816778183	4.207413
185.487437009811	2.003075
185.503066778183	0.09239197
185.518687009811	-1.247513
185.534316778183	-1.860115
185.549937009811	-1.79026
185.565566778183	-1.275734
185.581196784973	-0.6573715
185.596816778183	-0.220253
185.612446784973	-0.1221161
185.628066778183	-0.3462524
185.643696784973	-0.8105392
185.659316778183	-1.416626
185.674946784973	-2.140388
185.690576791763	-3.002754
185.706196784973	-4.02195
185.721826791763	-5.195122
185.737446784973	-6.481728
185.753076791763	-7.871284
185.768696784973	-9.410248
185.784326791763	-11.17777
185.799956798553	-13.21136
185.815576791763	-15.38724
185.831206798553	-17.37057
185.846826791763	-18.64925
185.862456798553	-18.68475
185.878076791763	-17.09376
185.893706798553	-13.81808
185.909336805344	-9.168297
185.924956798553	-3.774216
185.940586805344	1.592522
185.956206798553	6.262329
185.971836805344	9.81144
185.987456798553	12.12494
186.003086805344	13.33126
186.018716812134	13.65183
186.034336805344	13.29484
186.049966812134	12.42802
186.065586805344	11.19276
186.081216812134	9.731689
186.096836805344	8.232506
186.112466812134	6.870621
186.128096818924	5.785126
186.143716812134	5.027023
186.159346818924	4.579918
186.174966812134	4.362938
186.190596818924	4.292282
186.206216812134	4.29213
186.221846818924	4.27594
186.237476825714	4.182121
186.253096818924	3.935081
186.268726825714	3.493179
186.284346818924	2.832176
186.299976825714	1.955322
186.315596818924	0.8825378
186.331226825714	-0.3675385
186.346856832504	-1.764732
186.362476825714	-3.273003
186.378106832504	-4.83149
186.393726825714	-6.396164
186.409356832504	-7.956017
186.424976825714	-9.515968
186.440606832504	-11.07377
186.456236839294	-12.54837
186.471856832504	-13.72731
186.487486839294	-14.27798
186.503106832504	-13.82816
186.518736839294	-12.09517
186.534356832504	-9.022263
186.549986839294	-4.845978
186.565616846085	-0.0496521
186.581236839294	4.750465
186.596866846085	8.970421
186.612486839294	12.19584
186.628116846085	14.2418
186.643736839294	15.10624
186.659366846085	14.93856
186.674996852875	13.92944
186.690616846085	12.28194
186.706246852875	10.20602
186.721866846085	7.910362
186.737496852875	5.630013
186.753116846085	3.604248
186.768746852875	2.051422
186.784376859665	1.0989
186.799996852875	0.7681885
186.815626859665	0.9417801
186.831246852875	1.406303
186.846876859665	1.882698
186.862496852875	2.125328
186.878126859665	1.964607
186.893756866455	1.334984
186.909376859665	0.2806702
186.925006866455	-1.092834
186.940626859665	-2.634544
186.956256866455	-4.208794
186.971876859665	-5.679565
186.987506866455	-6.953949
187.003136873245	-7.997086
187.018756866455	-8.874992
187.034386873245	-9.740486
187.050006866455	-10.78417
187.065636873245	-12.11755
187.081256866455	-13.67219
187.096886873245	-15.17039
187.112516880035	-16.1295
187.128136873245	-16.02962
187.143766880035	-14.49434
187.159386873245	-11.41779
187.175016880035	-7.049843
187.190636873245	-1.91877
187.206266880035	3.294605
187.221896886826	7.922104
187.237516880035	11.46667
187.253146886826	13.67235
187.268766880035	14.54644
187.284396886826	14.30752
187.300016880035	13.27596
187.315646886826	11.76222
187.331276893616	10.00367
187.346896886826	8.135567
187.362526893616	6.245529
187.378146886826	4.456791
187.393776893616	2.952171
187.409406900406	1.944477
187.425026893616	1.57827
187.440656900406	1.838402
187.456276893616	2.491646
187.471906900406	3.177425
187.487526893616	3.532063
187.503156900406	3.33456
187.518786907196	2.563328
187.534406900406	1.370438
187.550036907196	-0.02529907
187.565656900406	-1.439804
187.581286907196	-2.789124
187.596906900406	-4.090401
187.612536907196	-5.363274
187.628166913986	-6.612999
187.643786907196	-7.837795
187.659416913986	-9.057999
187.675036907196	-10.36274
187.690666913986	-11.8463
187.706286907196	-13.5241
187.721916913986	-15.19624
187.737546920776	-16.44278
187.753166913986	-16.71553
187.768796920776	-15.54154
187.784416913986	-12.71177
187.800046920776	-8.403313
187.815666913986	-3.13728
187.831296920776	2.394348
187.846926927567	7.509895
187.862546920776	11.68617
187.878176927567	14.61789
187.893796920776	16.19162
187.909426927567	16.45726
187.925046920776	15.57255
187.940676927567	13.80991
187.956306934357	11.5119
187.971926927567	9.034595
187.987556934357	6.692532
188.003176927567	4.707993
188.018806934357	3.194893
188.034426927567	2.176884
188.050056934357	1.62722
188.065686941147	1.496552
188.081306934357	1.734764
188.096936941147	2.253735
188.112556934357	2.906498
188.128186941147	3.499454
188.143806934357	3.815186
188.159436941147	3.669331
188.175066947937	2.980724
188.190686941147	1.776871
188.206316947937	0.1671753
188.221936941147	-1.673798
188.237566947937	-3.569756
188.253186941147	-5.349495
188.268816947937	-6.87616
188.284446954727	-8.053082
188.300066947937	-8.881207
188.315696954727	-9.475338
188.331316947937	-10.0554
188.346946954727	-10.85968
188.362566947937	-11.99912
188.378196954727	-13.34994
188.393826961517	-14.53841
188.409446954727	-15.0153
188.425076961517	-14.25188
188.440696954727	-11.94601
188.456326961517	-8.144379
188.471946954727	-3.245846
188.487576961517	2.105869
188.503206968307	7.199688
188.518826961517	11.44221
188.534456968307	14.4599
188.550076961517	16.13924
188.565706968307	16.59245
188.581326961517	16.05991
188.596956968307	14.83038
188.612586975098	13.16392
188.628206968307	11.30514
188.643836975098	9.487617
188.659456968307	7.950527
188.675086975098	6.887962
188.690706968307	6.389038
188.706336975098	6.377296
188.721966981888	6.645031
188.737586975098	6.941841
188.753216981888	7.095963
188.768836975098	7.067932
188.784466981888	6.935226
188.800086975098	6.810116
188.815716981888	6.719646
188.831346988678	6.554428
188.846966981888	6.137432
188.862596988678	5.30864
188.878216981888	4.013191
188.893846988678	2.348911
188.909466981888	0.5099258
188.925096988678	-1.287647
188.940726995468	-2.869152
188.956346988678	-4.158669
188.971976995468	-5.174404
188.987596988678	-5.999977
189.003226995468	-6.797112
189.018846988678	-7.731129
189.034476995468	-8.928921
189.050107002258	-10.38485
189.065726995468	-11.93547
189.081357002258	-13.24719
189.096976995468	-13.89953
189.112607002258	-13.50724
189.128226995468	-11.82433
189.143857002258	-8.850235
189.159487009048	-4.825581
189.175107002258	-0.1831131
189.190737009048	4.53233
189.206357002258	8.785072
189.221987009048	12.15104
189.237607002258	14.36125
189.253237009048	15.33766
189.268867015839	15.1872
189.284487009048	14.11579
189.300117015839	12.37807
189.315737009048	10.23476
189.331367015839	7.914913
189.346987009048	5.668491
189.362617015839	3.749533
189.37824678421	2.396168
189.393867015839	1.744753
189.40949678421	1.775139
189.425117015839	2.26569
189.44074678421	2.901482
189.456367015839	3.386713
189.47199678421	3.550793
189.487626791	3.411791
189.50324678421	3.0839
189.518876791	2.699165
189.53449678421	2.297939
189.550126791	1.828747
189.56574678421	1.180199
189.581376791	0.2779331
189.597006797791	-0.8705978
189.612626791	-2.168734
189.628256797791	-3.455973
189.643876791	-4.574808
189.659506797791	-5.420027
189.675126791	-5.973568
189.690756797791	-6.32972
189.706386804581	-6.668672
189.722006797791	-7.1914
189.737636804581	-8.055969
189.753256797791	-9.285295
189.768886804581	-10.73291
189.784506797791	-12.10225
189.800136804581	-13.0135
189.815766811371	-13.0832
189.831386804581	-12.05232
189.847016811371	-9.835266
189.862636804581	-6.547339
189.878266811371	-2.482997
189.893886804581	1.916448
189.909516811371	6.162436
189.925146818161	9.754827
189.940766811371	12.29031
189.956396818161	13.54465
189.972016811371	13.50347
189.987646818161	12.35205
190.003276824951	10.41846
190.018896818161	8.071348
190.034526824951	5.659144
190.050146818161	3.442834
190.065776824951	1.620122
190.081396818161	0.3122149
190.097026824951	-0.4307435
190.112656831741	-0.6410663
190.128276824951	-0.4621601
190.143906831741	-0.1216536
190.159526824951	0.1549816
190.175156831741	0.2040648
190.190776824951	-0.004580498
190.206406831741	-0.3893905
190.222036838531	-0.8368492
190.237656831741	-1.303967
190.253286838531	-1.86792
190.268906831741	-2.667927
190.284536838531	-3.827495
190.300156831741	-5.360782
190.315786838531	-7.117219
190.331416845322	-8.866278
190.347036838531	-10.36837
190.362666845322	-11.51046
190.378286838531	-12.33071
190.393916845322	-12.98649
190.409536838531	-13.67277
190.425166845322	-14.51315
190.440796852112	-15.51323
190.456416845322	-16.53359
190.472046852112	-17.35005
190.487666845322	-17.68736
190.503296852112	-17.29139
190.518916845322	-15.97337
190.534546852112	-13.63497
190.550176858902	-10.31921
190.565796852112	-6.21995
190.581426858902	-1.689467
190.597046852112	2.804463
190.612676858902	6.754942
190.628296852112	9.762748
190.643926858902	11.59513
190.659556865692	12.23824
190.675176858902	11.89566
190.690806865692	10.85924
190.706426858902	9.433563
190.722056865692	7.852852
190.737676858902	6.296347
190.753306865692	4.882656
190.768936872482	3.736767
190.784556865692	2.983395
190.800186872482	2.671049
190.815806865692	2.76016
190.831436872482	3.094257
190.847056865692	3.474945
190.862686872482	3.733086
190.878316879272	3.809671
190.893936872482	3.728886
190.909566879272	3.530695
190.925186872482	3.216532
190.940816879272	2.696461
190.956436872482	1.872786
190.972066879272	0.7003441
190.987696886063	-0.7367496
191.003316879272	-2.260874
191.018946886063	-3.690609
191.034566879272	-4.927238
191.050196886063	-6.005568
191.065816879272	-7.042234
191.081446886063	-8.172323
191.097076892853	-9.43218
191.112696886063	-10.73584
191.128326892853	-11.86543
191.143946886063	-12.50281
191.159576892853	-12.32608
191.175196886063	-11.07988
191.190826892853	-8.673326
191.206456899643	-5.210615
191.222076892853	-1.024942
191.237706899643	3.396194
191.253326892853	7.522861
191.268956899643	10.89079
191.284576892853	13.21242
191.300206899643	14.41171
191.315836906433	14.57078
191.331456899643	13.88388
191.347086906433	12.58602
191.362706899643	10.90574
191.378336906433	9.053373
191.393956899643	7.216715
191.409586906433	5.57234
191.425216913223	4.273434
191.440836906433	3.438732
191.456466913223	3.086916
191.472086906433	3.151129
191.487716913223	3.470346
191.503336906433	3.833282
191.518966913223	4.027964
191.534596920013	3.906391
191.550216913223	3.405298
191.565846920013	2.558155
191.581466913223	1.447811
191.597096920013	0.210743
191.612716913223	-1.029972
191.628346920013	-2.151852
191.643976926804	-3.091722
191.659596920013	-3.847847
191.675226926804	-4.4995
191.690846920013	-5.204481
191.706476926804	-6.125887
191.722096920013	-7.372763
191.737726926804	-8.920204
191.753356933594	-10.57537
191.768976926804	-12.01188
191.784606933594	-12.8544
191.800226926804	-12.77153
191.815856933594	-11.55552
191.831476926804	-9.196886
191.847106933594	-5.883207
191.862736940384	-1.960133
191.878356933594	2.143847
191.893986940384	5.989967
191.909606933594	9.203043
191.925236940384	11.51369
191.940856933594	12.786
191.956486940384	13.02105
191.972116947174	12.34642
191.987736940384	11.01173
192.003366947174	9.33025
192.018986940384	7.59869
192.034616947174	6.044193
192.050236940384	4.781399
192.065866947174	3.831001
192.081496953964	3.16502
192.097116947174	2.76862
192.112746953964	2.613152
192.128366947174	2.680225
192.143996953964	2.87925
192.159616947174	3.05402
192.175246953964	3.033928
192.190876960754	2.673725
192.206496953964	1.936905
192.222126960754	0.8786736
192.237746953964	-0.3891335
192.253376960754	-1.761673
192.269006967545	-3.173004
192.284626960754	-4.591625
192.300256967545	-6.020359
192.315876960754	-7.464577
192.331506967545	-8.937824
192.347126960754	-10.46077
192.362756967545	-12.04245
192.378386974335	-13.66928
192.394006967545	-15.26838
192.409636974335	-16.66268
192.425256967545	-17.54149
192.440886974335	-17.55438
192.456506967545	-16.38287
192.472136974335	-13.89174
192.487766981125	-10.23612
192.503386974335	-5.84671
192.519016981125	-1.32843
192.534636974335	2.730003
192.550266981125	5.927658
192.565886974335	8.13208
192.581516981125	9.416233
192.597146987915	9.955624
192.612766981125	9.877037
192.628396987915	9.26474
192.644016981125	8.183697
192.659646987915	6.770428
192.675266981125	5.269485
192.690896987915	3.966885
192.706526994705	3.094524
192.722146987915	2.702625
192.737776994705	2.678585
192.753396987915	2.802872
192.769026994705	2.897682
192.784646987915	2.898426
192.800276994705	2.872749
192.815907001495	2.917133
192.831526994705	3.077312
192.847157001495	3.27293
192.862776994705	3.336411
192.878407001495	3.097443
192.894026994705	2.474197
192.909657001495	1.509895
192.925287008286	0.3347206
192.940907001495	-0.9080582
192.956537008286	-2.128101
192.972157001495	-3.306026
192.987787008286	-4.484207
193.003407001495	-5.726452
193.019037008286	-7.050945
193.034667015076	-8.421207
193.050287008286	-9.707653
193.065917015076	-10.69677
193.081537008286	-11.11022
193.097167015076	-10.65295
193.112787008286	-9.123524
193.128417015076	-6.458633
193.144046783447	-2.805542
193.159667015076	1.480423
193.175296783447	5.915928
193.190917015076	9.992718
193.206546783447	13.2929
193.222167015076	15.56906
193.237796783447	16.75407
193.253426790237	16.92603
193.269046783447	16.2493
193.284676790237	14.93811
193.300296783447	13.24052
193.315926790237	11.39126
193.331546783447	9.607643
193.347176790237	8.05373
193.362806797028	6.810555
193.378426790237	5.867355
193.394056797028	5.163689
193.409676790237	4.606651
193.440926790237	3.769184
193.456556797028	3.463852
193.472186803818	3.183071
193.487806797028	2.821308
193.503436803818	2.216331
193.519056797028	1.209141
193.534686803818	-0.2667694
193.550306797028	-2.157925
193.565936803818	-4.317135
193.581566810608	-6.541725
193.597186803818	-8.666088
193.612816810608	-10.61288
193.628436803818	-12.39304
193.644066810608	-14.06957
193.659686803818	-15.72067
193.675316810608	-17.38286
193.690946817398	-18.98105
193.706566810608	-20.35512
193.722196817398	-21.23333
193.737816810608	-21.29934
193.753446817398	-20.27876
193.769066810608	-18.03577
193.784696817398	-14.65305
193.800326824188	-10.43027
193.815946817398	-5.837997
193.831576824188	-1.390709
193.847196817398	2.453674
193.862826824188	5.409546
193.878446817398	7.363098
193.894076824188	8.350784
193.909706830978	8.493004
193.925326824188	7.949783
193.940956830978	6.888779
193.956576824188	5.475067
193.972206830978	3.887161
193.987826824188	2.300255
194.003456830978	0.8970261
194.019086837769	-0.1610031
194.034706830978	-0.774086
194.050336837769	-0.9125061
194.065956830978	-0.6563873
194.081586837769	-0.171463
194.097206830978	0.3410034
194.112836837769	0.6827545
194.128466844559	0.6989517
194.144086837769	0.313179
194.159716844559	-0.4583206
194.175336837769	-1.558578
194.190966844559	-2.868973
194.206586837769	-4.278564
194.222216844559	-5.675491
194.237846851349	-6.981354
194.253466844559	-8.180367
194.269096851349	-9.324005
194.284716844559	-10.53214
194.300346851349	-11.91636
194.315966844559	-13.53925
194.331596851349	-15.3066
194.347226858139	-16.95798
194.362846851349	-18.0872
194.378476858139	-18.23753
194.394096851349	-17.06154
194.409726858139	-14.41761
194.425346851349	-10.46161
194.440976858139	-5.610455
194.456606864929	-0.4460869
194.472226858139	4.431847
194.487856864929	8.510475
194.503476858139	11.45496
194.519106864929	13.14758
194.534726858139	13.64
194.550356864929	13.14184
194.565986871719	11.96397
194.581606864929	10.45237
194.597236871719	8.913628
194.612856864929	7.566727
194.628486871719	6.517559
194.644106864929	5.748962
194.659736871719	5.177185
194.67536687851	4.695969
194.690986871719	4.24902
194.70661687851	3.81934
194.722236871719	3.452797
194.73786687851	3.203953
194.753486871719	3.068611
194.76911687851	2.964893
194.7847468853	2.721058
194.80036687851	2.163616
194.8159968853	1.17907
194.83161687851	-0.2174988
194.8472468853	-1.890045
194.86287689209	-3.620338
194.8784968853	-5.206028
194.89412689209	-6.540386
194.9097468853	-7.643288
194.92537689209	-8.645344
194.9409968853	-9.751625
194.95662689209	-11.14672
194.97225689888	-12.90836
194.98787689209	-14.95226
195.00350689888	-16.97119
195.01912689209	-18.48853
195.03475689888	-18.97556
195.05037689209	-18.01033
195.06600689888	-15.42625
195.08163690567	-11.37744
195.09725689888	-6.290398
195.11288690567	-0.7441902
195.12850689888	4.65995
195.14413690567	9.401825
195.15975689888	13.07263
195.17538690567	15.40877
195.19101691246	16.32461
195.20663690567	15.9166
195.22226691246	14.47613
195.23788690567	12.42906
195.25351691246	10.24234
195.26913690567	8.342136
195.28476691246	6.993679
195.30039691925	6.279039
195.31601691246	6.081327
195.33164691925	6.168808
195.34726691246	6.285082
195.36289691925	6.244528
195.37851691246	5.991749
195.39414691925	5.593597
195.409776926041	5.171455
195.42539691925	4.826269
195.441026926041	4.579584
195.45664691925	4.335497
195.472276926041	3.949535
195.48789691925	3.271372
195.503526926041	2.205105
195.519156932831	0.7333088
195.534776926041	-1.058619
195.550406932831	-3.0383
195.566026926041	-5.031744
195.581656932831	-6.894827
195.597276926041	-8.521477
195.612906932831	-9.903362
195.628536939621	-11.11303
195.644156932831	-12.28843
195.659786939621	-13.56147
195.675406932831	-14.95574
195.691036939621	-16.32652
195.706656932831	-17.34888
195.722286939621	-17.57182
195.737916946411	-16.57428
195.753536939621	-14.13109
195.769166946411	-10.30175
195.784786939621	-5.456125
195.800416946411	-0.15625
195.816036939621	5.019711
195.831666946411	9.597692
195.847296953201	13.2632
195.862916946411	15.84492
195.878546953201	17.2725
195.894166946411	17.54622
195.909796953201	16.76225
195.925416946411	15.16563
195.941046953201	13.13079
195.956676959991	11.08669
195.972296953201	9.393419
195.987926959991	8.255651
196.003546953201	7.679921
196.019176959991	7.525533
196.034796953201	7.597487
196.050426959991	7.724473
196.066056966782	7.792217
196.081676959991	7.725791
196.097306966782	7.508016
196.112926959991	7.135633
196.128556966782	6.627901
196.144176959991	6.019384
196.159806966782	5.340133
196.175436973572	4.56892
196.191056966782	3.64415
196.206686973572	2.4856
196.222306966782	1.05552
196.237936973572	-0.6038613
196.253556966782	-2.374331
196.269186973572	-4.093072
196.284816980362	-5.6193
196.300436973572	-6.867793
196.316066980362	-7.848747
196.331686973572	-8.640692
196.347316980362	-9.385248
196.362936973572	-10.26116
196.378566980362	-11.39968
196.394196987152	-12.8261
196.409816980362	-14.39667
196.425446987152	-15.75568
196.441066980362	-16.40087
196.456696987152	-15.84984
196.472316980362	-13.77487
196.487946987152	-10.1756
196.503576993942	-5.349387
196.519196987152	0.1726255
196.534826993942	5.786956
196.550446987152	10.94232
196.566076993942	15.19921
196.581696987152	18.22326
196.597326993942	19.80164
196.612957000732	19.88343
196.628576993942	18.59594
196.644207000732	16.28608
196.659826993942	13.45373
196.675457000732	10.62887
196.691076993942	8.242008
196.706707000732	6.530336
196.722337007523	5.556939
196.737957000732	5.23853
196.753587007523	5.424368
196.769207000732	5.928429
196.784837007523	6.545701
196.800457000732	7.084696
196.816087007523	7.398764
196.831717014313	7.422804
196.847337007523	7.177574
196.862967014313	6.72426
196.878587007523	6.10487
196.894217014313	5.300986
196.909837007523	4.220545
196.925467014313	2.80347
196.941096782684	1.072162
196.956717014313	-0.8396759
196.972346782684	-2.7158
196.987967014313	-4.371029
197.003596782684	-5.718001
197.019217014313	-6.788733
197.034846782684	-7.684313
197.050476789474	-8.547771
197.066096782684	-9.516497
197.081726789474	-10.72067
197.097346782684	-12.23023
197.112976789474	-13.98601
197.128606796265	-15.76227
197.144226789474	-17.1296
197.159856796265	-17.5454
197.175476789474	-16.52431
197.191106796265	-13.83834
197.206726789474	-9.663434
197.222356796265	-4.528318
197.237986803055	0.8368235
197.253606796265	5.758224
197.269236803055	9.77836
197.284856796265	12.72655
197.300486803055	14.62553
197.316106796265	15.57711
197.331736803055	15.65992
197.347366809845	14.91576
197.362986803055	13.40298
197.378616809845	11.28898
197.394236803055	8.874283
197.409866809845	6.54563
197.425486803055	4.653893
197.441116809845	3.438109
197.456746816635	2.916904
197.472366809845	2.944556
197.487996816635	3.283091
197.503616809845	3.695906
197.519246816635	4.03196
197.534866809845	4.248774
197.550496816635	4.371333
197.566126823425	4.439135
197.581746816635	4.449661
197.597376823425	4.334146
197.612996816635	4.004501
197.628626823425	3.396146
197.644246816635	2.484294
197.659876823425	1.295739
197.675506830215	-0.1083832
197.691126823425	-1.651079
197.706756830215	-3.234742
197.722376823425	-4.737597
197.738006830215	-6.034252
197.753626823425	-7.030077
197.769256830215	-7.723668
197.784886837006	-8.240063
197.800506830215	-8.800639
197.816136837006	-9.658256
197.831756830215	-10.94202
197.847386837006	-12.55828
197.863006830215	-14.18313
197.878636837006	-15.31493
197.894266843796	-15.4432
197.909886837006	-14.21723
197.925516843796	-11.55747
197.941136837006	-7.653581
197.956766843796	-2.928972
197.972386837006	2.069153
197.988016843796	6.786965
198.003646850586	10.76561
198.019266843796	13.68628
198.034896850586	15.39777
198.050516843796	15.88672
198.066146850586	15.28025
198.081766843796	13.80417
198.097396850586	11.77868
198.113026857376	9.568896
198.128646850586	7.542489
198.144276857376	6.001622
198.159896850586	5.112143
198.175526857376	4.867669
198.191146850586	5.103466
198.206776857376	5.572777
198.222406864166	6.058001
198.238026857376	6.425385
198.253656864166	6.639295
198.269276857376	6.708983
198.284906864166	6.639605
198.300526857376	6.383397
198.316156864166	5.869586
198.331786870956	5.056523
198.347406864166	3.9572
198.363036870956	2.649532
198.378656864166	1.23032
198.394286870956	-0.2137451
198.409906864166	-1.627856
198.425536870956	-2.979002
198.441166877747	-4.227628
198.456786870956	-5.319205
198.472416877747	-6.201544
198.488036870956	-6.870615
198.503666877747	-7.36814
198.519286870956	-7.772346
198.534916877747	-8.189171
198.550546884537	-8.74291
198.566166877747	-9.531
198.581796884537	-10.62506
198.597416877747	-11.9752
198.613046884537	-13.36761
198.628666877747	-14.41066
198.644296884537	-14.6309
198.659926891327	-13.61562
198.675546884537	-11.1824
198.691176891327	-7.467274
198.706796884537	-2.892319
198.722426891327	1.970098
198.738046884537	6.576731
198.753676891327	10.5237
198.769306898117	13.58392
198.784926891327	15.66836
198.800556898117	16.76997
198.816176891327	16.92578
198.831806898117	16.2252
198.847426891327	14.83096
198.863056898117	12.99263
198.878686904907	10.99282
198.894306898117	9.094971
198.909936904907	7.494297
198.925556898117	6.289807
198.941186904907	5.506857
198.956806898117	5.116281
198.972436904907	5.053243
198.988066911697	5.242462
199.003686904907	5.567122
199.019316911697	5.874475
199.034936904907	5.992451
199.050566911697	5.771868
199.066186904907	5.155023
199.081816911697	4.212208
199.097446918488	3.063854
199.113066911697	1.851993
199.128696918488	0.6490183
199.144316911697	-0.5489702
199.159946918488	-1.802572
199.175566911697	-3.147372
199.191196918488	-4.563354
199.206826925278	-5.985337
199.222446918488	-7.321599
199.238076925278	-8.524204
199.253696918488	-9.576084
199.269326925278	-10.50419
199.284956932068	-11.33454
199.300576925278	-12.10406
199.316206932068	-12.863
199.331826925278	-13.6525
199.347456932068	-14.48894
199.363076925278	-15.27919
199.378706932068	-15.80411
199.394336938858	-15.73689
199.409956932068	-14.76945
199.425586938858	-12.71962
199.441206932068	-9.629351
199.472456932068	-1.548761
199.488086938858	2.579109
199.503716945648	6.254974
199.519336938858	9.210438
199.534966945648	11.27142
199.550586938858	12.32215
199.566216945648	12.32955
199.581836938858	11.36082
199.597466945648	9.625742
199.613096952438	7.486853
199.628716945648	5.366329
199.644346952438	3.639004
199.659966945648	2.49951
199.675596952438	1.935926
199.691216945648	1.765718
199.706846952438	1.764475
199.722476959229	1.774904
199.738096952438	1.745697
199.753726959229	1.720388
199.769346952438	1.73877
199.784976959229	1.78886
199.800596952438	1.783932
199.816226959229	1.600533
199.831856966019	1.122549
199.847476959229	0.2936344
199.863106966019	-0.8814011
199.878726959229	-2.336559
199.894356966019	-3.938732
199.909976959229	-5.532505
199.925606966019	-6.949072
199.941236972809	-8.057503
199.956856966019	-8.839802
199.972486972809	-9.410652
199.988106966019	-9.990517
200.003736972809	-10.81187
200.019356966019	-11.99911
200.034986972809	-13.50227
200.050616979599	-15.08499
200.066236972809	-16.34995
200.081866979599	-16.83376
200.097486972809	-16.1296
200.113116979599	-14.01174
200.128736972809	-10.53323
200.144366979599	-6.05817
200.159996986389	-1.199139
200.175616979599	3.362324
200.191246986389	7.060101
200.206866979599	9.588402
200.222496986389	10.95343
200.238116979599	11.37037
200.253746986389	11.1159
200.269376993179	10.40695
200.284996986389	9.364815
200.300626993179	8.069778
200.316246986389	6.634876
200.331876993179	5.21944
200.347496986389	4.003082
200.363126993179	3.112877
200.378756999969	2.579643
200.394376993179	2.332218
200.410006999969	2.256248
200.425626993179	2.255745
200.441256999969	2.293568
200.456876993179	2.386444
200.472506999969	2.530445
200.48813700676	2.676125
200.503756999969	2.714195
200.51938700676	2.495392
200.535006999969	1.906635
200.55063700676	0.9126854
200.566256999969	-0.4224052
200.58188700676	-1.961317
200.59751701355	-3.54661
200.61313700676	-5.048107
200.62876701355	-6.383261
200.64438700676	-7.53019
200.66001701355	-8.533953
200.67563700676	-9.482204
200.69126701355	-10.51833
200.706896781921	-11.76334
200.72251701355	-13.20807
200.738146781921	-14.65828
200.75376701355	-15.70741
200.769396781921	-15.85413
200.78501701355	-14.70678
200.800646781921	-12.14462
200.816276788712	-8.376047
200.831896781921	-3.873308
200.847526788712	0.779789
200.863146781921	5.080202
200.878776788712	8.697466
200.894396781921	11.47126
200.910026788712	13.35595
200.925656795502	14.35211
200.941276788712	14.49183
200.956906795502	13.8793
200.972526788712	12.68099
200.988156795502	11.13586
201.003776788712	9.517984
201.019406795502	8.058174
201.035036802292	6.906857
201.050656795502	6.116096
201.066286802292	5.627337
201.081906795502	5.317045
201.097536802292	5.071596
201.113156795502	4.800974
201.128786802292	4.471851
201.144416809082	4.111647
201.160036802292	3.723328
201.175666809082	3.282337
201.191286802292	2.694069
201.206916809082	1.878149
201.222536802292	0.8072166
201.238166809082	-0.4389839
201.253796815872	-1.706671
201.269416809082	-2.82906
201.285046815872	-3.714693
201.300666809082	-4.404573
201.316296815872	-5.040277
201.331916809082	-5.787848
201.347546815872	-6.760309
201.363176822662	-7.995152
201.378796815872	-9.437712
201.394426822662	-10.98423
201.410046815872	-12.47579
201.425676822662	-13.67138
201.441296815872	-14.26392
201.456926822662	-13.90291
201.472556829453	-12.33065
201.488176822662	-9.505787
201.503806829453	-5.660065
201.519426822662	-1.266846
201.535056829453	3.102924
201.550676822662	6.971903
201.566306829453	10.05964
201.581936836243	12.25781
201.597556829453	13.58731
201.613186836243	14.07374
201.628806829453	13.7257
201.644436836243	12.58575
201.660056829453	10.80345
201.675686836243	8.667143
201.691316843033	6.569912
201.706936836243	4.894302
201.722566843033	3.872614
201.738186836243	3.525604
201.753816843033	3.675825
201.769436836243	4.038599
201.785066843033	4.365284
201.800696849823	4.54191
201.816316843033	4.570539
201.831946849823	4.510509
201.847566843033	4.388239
201.863196849823	4.132406
201.878816843033	3.619339
201.894446849823	2.744556
201.910076856613	1.496872
201.925696849823	-0.002649307
201.941326856613	-1.554955
201.956946849823	-2.957108
201.972576856613	-4.09726
201.988206863403	-4.993654
202.003826856613	-5.784351
202.019456863403	-6.661322
202.035076856613	-7.799707
202.050706863403	-9.26255
202.066326856613	-10.96719
202.081956863403	-12.66905
202.097586870193	-14.01807
202.113206863403	-14.65033
202.128836870193	-14.27584
202.144456863403	-12.77799
202.160086870193	-10.22337
202.175706863403	-6.836449
202.191336870193	-2.924561
202.206966876984	1.137541
202.222586870193	4.993507
202.238216876984	8.278906
202.253836870193	10.69923
202.269466876984	12.0671
202.285086870193	12.37668
202.300716876984	11.81025
202.316346883774	10.66444
202.331966876984	9.285852
202.347596883774	7.928919
202.363216876984	6.724361
202.378846883774	5.676371
202.394466876984	4.735582
202.410096883774	3.878208
202.425726890564	3.145197
202.441346883774	2.620405
202.456976890564	2.367832
202.472596883774	2.356247
202.488226890564	2.434179
202.503846883774	2.404697
202.519476890564	2.092947
202.535106897354	1.423658
202.550726890564	0.4538136
202.566356897354	-0.6859798
202.581976890564	-1.845585
202.597606897354	-2.941849
202.613226890564	-3.963875
202.628856897354	-4.951025
202.644486904144	-5.958111
202.660106897354	-7.034649
202.675736904144	-8.230492
202.691356897354	-9.590109
202.706986904144	-11.16111
202.722606897354	-12.91422
202.738236904144	-14.69212
202.753866910934	-16.19236
202.769486904144	-17.00553
202.785116910934	-16.73811
202.800736904144	-15.15276
202.816366910934	-12.25759
202.831986904144	-8.327801
202.847616910934	-3.816156
202.863246917725	0.7657051
202.878866910934	4.959324
202.894496917725	8.427937
202.910116910934	10.96475
202.925746917725	12.48203
202.941366910934	12.99067
202.956996917725	12.60143
202.972626924515	11.49558
202.988246917725	9.911444
203.003876924515	8.077553
203.019496917725	6.213306
203.035126924515	4.463812
203.050746917725	2.954161
203.066376924515	1.762758
203.082006931305	0.9400101
203.097626924515	0.5098019
203.113256931305	0.4147816
203.128876924515	0.5466385
203.144506931305	0.7274513
203.160126924515	0.7909374
203.175756931305	0.611824
203.191386938095	0.1437988
203.207006931305	-0.5993347
203.222636938095	-1.575953
203.238256931305	-2.734653
203.253886938095	-4.00499
203.269506931305	-5.271877
203.285136938095	-6.423708
203.300766944885	-7.375952
203.316386938095	-8.148979
203.332016944885	-8.907915
203.347636938095	-9.895203
203.363266944885	-11.3284
203.378886938095	-13.24632
203.394516944885	-15.40024
203.410146951675	-17.27445
203.425766944885	-18.25175
203.441396951675	-17.78871
203.457016944885	-15.60744
203.472646951675	-11.80542
203.488266944885	-6.80364
203.503896951675	-1.250847
203.519526958466	4.154144
203.535146951675	8.814375
203.550776958466	12.33312
203.566396951675	14.56654
203.582026958466	15.55965
203.597646951675	15.50458
203.613276958466	14.61437
203.628906965256	13.11358
203.644526958466	11.21274
203.660156965256	9.118048
203.675776958466	7.048082
203.691406965256	5.234636
203.707026958466	3.861145
203.722656965256	3.025784
203.738286972046	2.708496
203.753906965256	2.771525
203.769536972046	3.027249
203.785156965256	3.293821
203.800786972046	3.43959
203.816406965256	3.392389
203.832036972046	3.107141
203.847666978836	2.54275
203.863286972046	1.673466
203.878916978836	0.4832716
203.894536972046	-0.9800043
203.910166978836	-2.575976
203.925786972046	-4.132136
203.941416978836	-5.479613
203.957046985626	-6.548664
203.972666978836	-7.402887
203.988296985626	-8.244529
204.003916978836	-9.315932
204.019546985626	-10.80571
204.035166978836	-12.73322
204.050796985626	-14.88891
204.066426992416	-16.84626
204.082046985626	-18.0602
204.097676992416	-18.03081
204.113296985626	-16.43981
204.128926992416	-13.27799
204.144556999207	-8.830318
204.160176992416	-3.59969
204.175806999207	1.814791
204.191426992416	6.858864
204.207056999207	11.08773
204.222676992416	14.20022
204.238306999207	16.02036
204.253937005997	16.52662
204.269556999207	15.83692
204.285187005997	14.22196
204.300806999207	12.06898
204.316437005997	9.803991
204.332056999207	7.811931
204.347687005997	6.338171
204.363317012787	5.468271
204.378937005997	5.133938
204.394567012787	5.186259
204.410187005997	5.474811
204.425817012787	5.847741
204.441437005997	6.220498
204.457067012787	6.52977
204.472696781158	6.730046
204.488317012787	6.763881
204.503946781158	6.565235
204.519567012787	6.070367
204.535196781158	5.226339
204.550817012787	4.007109
204.566446781158	2.458308
204.582076787949	0.6803203
204.597696781158	-1.18441
204.613326787949	-2.968481
204.628946781158	-4.542737
204.644576787949	-5.839422
204.660196781158	-6.881305
204.675826787949	-7.781877
204.691456794739	-8.710629
204.707076787949	-9.816553
204.722706794739	-11.1309
204.738326787949	-12.51959
204.753956794739	-13.66187
204.769576787949	-14.12262
204.785206794739	-13.4798
204.800836801529	-11.47544
204.816456794739	-8.128184
204.832086801529	-3.743217
204.847706794739	1.185206
204.863336801529	6.089807
204.878956794739	10.45271
204.894586801529	13.887
204.910216808319	16.19094
204.925836801529	17.29716
204.941466808319	17.27346
204.957086801529	16.28871
204.972716808319	14.59035
204.988336801529	12.4896
205.003966808319	10.31115
205.019596815109	8.352802
205.035216808319	6.836303
205.050846815109	5.854943
205.066466808319	5.377315
205.082096815109	5.265459
205.097716808319	5.330994
205.113346815109	5.399765
205.128976821899	5.355762
205.144596815109	5.167642
205.160226821899	4.863388
205.175846815109	4.513394
205.191476821899	4.152251
205.207096815109	3.778817
205.222726821899	3.32795
205.23835682869	2.689381
205.253976821899	1.748271
205.26960682869	0.4460783
205.285226821899	-1.160366
205.30085682869	-2.894234
205.316476821899	-4.516135
205.33210682869	-5.846403
205.34773683548	-6.827007
205.36335682869	-7.573004
205.37898683548	-8.28911
205.39460682869	-9.159554
205.41023683548	-10.25155
205.42585682869	-11.47572
205.44148683548	-12.60679
205.45711684227	-13.33896
205.47273683548	-13.3691
205.48836684227	-12.45738
205.50398683548	-10.47635
205.51961684227	-7.468752
205.53523683548	-3.647729
205.55086684227	0.592576
205.56649684906	4.79237
205.58211684227	8.514669
205.59774684906	11.44399
205.61336684227	13.42809
205.62899684906	14.45369
205.64461684227	14.59993
205.66024684906	14.0017
205.67587685585	12.83379
205.69149684906	11.29041
205.70712685585	9.592483
205.72274684906	7.948164
205.73837685585	6.519656
205.75399684906	5.399741
205.76962685585	4.618082
205.78525686264	4.137622
205.80087685585	3.886204
205.81650686264	3.768667
205.83212685585	3.688002
205.84775686264	3.575946
205.86337685585	3.403338
205.87900686264	3.175866
205.894636869431	2.901917
205.91025686264	2.54398
205.925886869431	2.01743
205.94150686264	1.22241
205.957136869431	0.1165843
205.97275686264	-1.231372
205.988386869431	-2.684608
206.004016876221	-4.085222
206.019636869431	-5.36112
206.035266876221	-6.541698
206.050886869431	-7.777608
206.066516876221	-9.213167
206.082136869431	-10.92478
206.097766876221	-12.82882
206.113396883011	-14.6981
206.129016876221	-16.21355
206.144646883011	-17.02264
206.160266876221	-16.80779
206.175896883011	-15.36689
206.191516876221	-12.65458
206.207146883011	-8.826826
206.222776889801	-4.239872
206.238396883011	0.6212067
206.254026889801	5.228283
206.269646883011	9.124043
206.285276889801	11.99451
206.300896883011	13.68551
206.316526889801	14.20739
206.332156896591	13.7127
206.347776889801	12.44415
206.363406896591	10.70404
206.379026889801	8.801966
206.394656896591	7.00633
206.410286903381	5.524879
206.425906896591	4.466386
206.441536903381	3.835481
206.457156896591	3.527856
206.472786903381	3.395237
206.488406896591	3.267328
206.504036903381	3.035665
206.519666910172	2.674148
206.535286903381	2.239007
206.550916910172	1.816815
206.566536903381	1.446751
206.582166910172	1.078544
206.597786903381	0.5905409
206.613416910172	-0.1400232
206.629046916962	-1.196754
206.644666910172	-2.567581
206.660296916962	-4.13267
206.675916910172	-5.747257
206.691546916962	-7.257121
206.707166910172	-8.544128
206.722796916962	-9.556156
206.738426923752	-10.33883
206.754046916962	-11.02388
206.769676923752	-11.80281
206.785296916962	-12.83043
206.800926923752	-14.12353
206.816546916962	-15.50204
206.832176923752	-16.59218
206.847806930542	-16.9387
206.863426923752	-16.16957
206.879056930542	-14.11523
206.894676923752	-10.88004
206.910306930542	-6.791458
206.925926923752	-2.315602
206.941556930542	2.05905
206.957186937332	5.902036
206.972806930542	8.892138
206.988436937332	10.83756
207.004056930542	11.6927
207.019686937332	11.56401
207.035306930542	10.68531
207.050936937332	9.365164
207.066566944122	7.925396
207.082186937332	6.62722
207.097816944122	5.642096
207.113436937332	5.046467
207.129066944122	4.824954
207.144686937332	4.888977
207.160316944122	5.097066
207.175946950912	5.308541
207.191566944122	5.405959
207.207196950912	5.351919
207.222816944122	5.196758
207.238446950912	5.041103
207.254066944122	4.976099
207.269696950912	5.007589
207.285326957703	5.041031
207.300946950912	4.892186
207.316576957703	4.406492
207.332196950912	3.52091
207.347826957703	2.317214
207.363446950912	0.9916768
207.379076957703	-0.2435708
207.394706964493	-1.245715
207.410326957703	-2.00615
207.425956964493	-2.635609
207.441576957703	-3.319344
207.457206964493	-4.224043
207.472826957703	-5.452347
207.488456964493	-6.996799
207.504086971283	-8.748743
207.519706964493	-10.48685
207.535336971283	-11.90398
207.550956964493	-12.65811
207.566586971283	-12.43993
207.582206964493	-11.06491
207.597836971283	-8.516359
207.613466978073	-4.981671
207.629086971283	-0.7978992
207.644716978073	3.61428
207.660336971283	7.802179
207.675966978073	11.36726
207.691586971283	13.98691
207.707216978073	15.46299
207.722846984863	15.73905
207.738466978073	14.91724
207.754096984863	13.25448
207.769716978073	11.10713
207.785346984863	8.889396
207.800966978073	6.948343
207.816596984863	5.517768
207.832226991653	4.651952
207.847846984863	4.278218
207.863476991653	4.224535
207.879096984863	4.30673
207.894726991653	4.380847
207.910346984863	4.347326
207.925976991653	4.176177
207.941606998444	3.870356
207.957226991653	3.450514
207.972856998444	2.905725
207.988476991653	2.216637
208.004106998444	1.332884
208.019726991653	0.2035084
208.035356998444	-1.193399
208.050987005234	-2.821096
208.066606998444	-4.561966
208.082237005234	-6.232422
208.097856998444	-7.625332
208.113487005234	-8.628599
208.129106998444	-9.243084
208.144737005234	-9.624556
208.160367012024	-10.01543
208.175987005234	-10.65225
208.191617012024	-11.66978
208.207237005234	-13.01732
208.222867012024	-14.45395
208.238487005234	-15.59856
208.254117012024	-16.03314
208.269746780396	-15.43815
208.285367012024	-13.67918
208.300996780396	-10.82191
208.316617012024	-7.119793
208.332246780396	-2.931868
208.347867012024	1.357103
208.363496780396	5.353064
208.379126787186	8.71225
208.394746780396	11.11981
