onset	BVP
1.53940892219543	3.955399
1.55502891540527	10.64001
1.57065892219543	14.81175
1.58627891540527	16.56343
1.60190892219543	16.56687
1.6175389289856	15.57272
1.63315892219543	14.19257
1.6487889289856	12.77345
1.66440892219543	11.48332
1.6800389289856	10.40545
1.69565892219543	9.63813
1.7112889289856	9.263733
1.72691893577576	9.240608
1.7425389289856	9.502625
1.75816893577576	9.903198
1.7737889289856	10.3166
1.78941893577576	10.77315
1.8050389289856	11.3495
1.82066893577576	12.18241
1.83629894256592	13.38658
1.85191893577576	14.89094
1.86754894256592	16.43057
1.88316893577576	17.60828
1.89879894256592	17.97843
1.91441893577576	17.17667
1.93004894256592	15.09406
1.94567894935608	11.9099
1.96129894256592	8.063164
1.97692894935608	4.122826
1.99254894256592	0.5382996
2.00817894935608	-2.439224
2.02379894256592	-4.867668
2.03942894935608	-7.101952
2.05505895614624	-9.685387
2.07067894935608	-13.1657
2.08630895614624	-17.97598
2.10192894935608	-24.19675
2.11755895614624	-31.37482
2.13317894935608	-38.5573
2.14880895614624	-44.37724
2.1644389629364	-47.39709
2.18005895614624	-46.58108
2.1956889629364	-41.68504
2.21130895614624	-33.34299
2.2269389629364	-22.96561
2.24255895614624	-12.24697
2.2581889629364	-2.604019
2.27381896972656	5.152931
2.2894389629364	10.87918
2.30506896972656	14.93605
2.3206889629364	17.78304
2.33631896972656	19.80618
2.3519389629364	21.14176
2.36756896972656	21.81914
2.38319897651672	21.86061
2.39881896972656	21.4743
2.41444897651672	20.97806
2.43006896972656	20.74302
2.44569897651672	21.03288
2.46131896972656	21.8701
2.47694897651672	23.05264
2.49257898330688	24.2073
2.50819897651672	24.92519
2.52382898330688	24.89568
2.53944897651672	24.04431
2.55507898330688	22.46139
2.57069897651672	20.42267
2.58632898330688	18.17316
2.60195899009705	15.78214
2.61757898330688	13.01682
2.63320899009705	9.448547
2.64882898330688	4.573174
2.66445899009705	-1.898804
2.68007898330688	-9.833504
2.69570899009705	-18.67837
2.71133899688721	-27.56913
2.72695899009705	-35.6425
2.74258899688721	-42.37621
2.75820899009705	-47.71982
2.77383899688721	-52.068
2.78945899009705	-56.04749
2.80508899688721	-60.21951
2.82071876525879	-64.91084
2.83633899688721	-70.04298
2.85196876525879	-75.1003
2.86758899688721	-79.16723
2.88321876525879	-81.11351
2.89883899688721	-79.86885
2.91446876525879	-74.75143
2.93009877204895	-65.73528
2.94571876525879	-53.57917
2.96134877204895	-39.57923
2.97696876525879	-25.34007
2.99259877204895	-12.2569
3.00821876525879	-1.259735
3.02384877204895	7.250977
3.03947877883911	13.37644
3.05509877204895	17.5158
3.07072877883911	20.22543
3.08634877204895	21.99606
3.10197877883911	23.24522
3.11759877204895	24.16687
3.13322877883911	24.83121
3.14885878562927	25.17387
3.16447877883911	25.17423
3.18010878562927	24.89089
3.19572877883911	24.52512
3.21135878562927	24.29452
3.22697877883911	24.31486
3.24260878562927	24.51313
3.25823879241943	24.64558
3.27385878562927	24.48706
3.28948879241943	23.86502
3.30510878562927	22.79255
3.32073879241943	21.32673
3.33635878562927	19.4847
3.35198879241943	17.13884
3.36761879920959	14.02838
3.38323879241943	9.885143
3.39886879920959	4.623589
3.41448879241943	-1.547607
3.43011879920959	-8.170996
3.44573879241943	-14.64831
3.46136879920959	-20.481
3.47699880599976	-25.44738
3.49261879920959	-29.64246
3.50824880599976	-33.36594
3.52386879920959	-37.06561
3.53949880599976	-41.19968
3.55512881278992	-46.17281
3.57074880599976	-52.19735
3.58637881278992	-59.10273
3.60199880599976	-66.14914
3.61762881278992	-72.02808
3.63324880599976	-75.11785
3.64887881278992	-73.98688
3.66450881958008	-67.94882
3.68012881278992	-57.51216
3.69575881958008	-44.21999
3.71137881278992	-30.17295
3.72700881958008	-17.26327
3.74262881278992	-6.635075
3.75825881958008	1.51038
3.77388882637024	7.639675
3.80513882637024	16.64227
3.82075881958008	20.39521
3.83638882637024	23.81271
3.85200881958008	26.97282
3.86763882637024	30.11826
3.8832688331604	33.6358
3.89888882637024	37.9114
3.9145188331604	43.14758
3.93013882637024	49.13965
3.9457688331604	55.33848
3.96138882637024	60.9384
3.9770188331604	65.1311
3.99264883995056	67.3317
4.0082688331604	67.39744
4.02389883995056	65.54751
4.0395188331604	62.26911
4.05514883995056	58.07385
4.0707688331604	53.33865
4.08639883995056	48.32105
4.10202884674072	43.22765
4.11764883995056	38.36762
4.13327884674072	34.188
4.14889883995056	31.20361
4.16452884674072	29.84956
4.18014883995056	30.27853
4.19577884674072	32.25969
4.21140885353088	35.24298
4.22702884674072	38.48485
4.24265885353088	41.18114
4.25827884674072	42.71986
4.27390885353088	42.69551
4.28952884674072	40.94911
4.30515885353088	37.53831
4.32078886032104	32.71355
4.33640885353088	26.88699
4.35203886032104	20.61136
4.36765885353088	14.57306
4.38328886032104	9.439026
4.39890885353088	5.794907
4.41453886032104	3.930511
4.43016886711121	3.762405
4.44578886032104	4.846313
4.46141886711121	6.543167
4.47703886032104	8.210617
4.49266886711121	9.429123
4.50828886032104	10.11275
4.52391886711121	10.46736
4.53954887390137	10.84274
4.55516886711121	11.55637
4.57079887390137	12.66568
4.58641886711121	13.97659
4.60204887390137	15.12582
4.61766886711121	15.7517
4.63329887390137	15.7263
4.64892888069153	15.22442
4.66454887390137	14.67003
4.68017888069153	14.56451
4.69579887390137	15.19383
4.71142888069153	16.49746
4.72704887390137	18.08598
4.74267888069153	19.38083
4.75830888748169	19.90376
4.77392888069153	19.44839
4.78955888748169	18.10667
4.80517888069153	16.20744
4.82080888748169	14.08221
4.83642888069153	11.93436
4.85205888748169	9.795692
4.86768889427185	7.631798
4.88330888748169	5.373695
4.89893889427185	3.11441
4.91455888748169	1.01841
4.93018889427185	-0.7600098
4.94580888748169	-2.176666
4.96143889427185	-3.35743
4.97706890106201	-4.616623
4.99268889427185	-6.349556
5.00831890106201	-8.943356
5.02393889427185	-12.71021
5.03956890106201	-17.8396
5.05518889427185	-24.37355
5.07081890106201	-32.15017
5.08644890785217	-40.71995
5.10206890106201	-49.16691
5.11769890785217	-56.23513
5.13331890106201	-60.45305
5.14894890785217	-60.59238
5.16456890106201	-56.12735
5.18019890785217	-47.52863
5.19582891464233	-36.24747
5.21144890785217	-24.3275
5.22707891464233	-13.74232
5.24269890785217	-5.852219
5.25832891464233	-1.116329
5.27394890785217	0.9001427
5.28957891464233	1.061001
5.3052089214325	0.2890568
5.32082891464233	-0.7333107
5.3364589214325	-1.691557
5.35207891464233	-2.479578
5.3677089214325	-3.02062
5.38332891464233	-3.194693
5.3989589214325	-2.772476
5.41458892822266	-1.526308
5.4302089214325	0.6312084
5.44583892822266	3.531023
5.4614589214325	6.777987
5.47708892822266	9.818272
5.4927089214325	12.1891
5.50833892822266	13.66499
5.52396893501282	14.29064
5.53958892822266	14.29152
5.55521893501282	13.94993
5.57083892822266	13.44567
5.58646893501282	12.76273
5.60208892822266	11.80046
5.61771893501282	10.39856
5.63334894180298	8.485056
5.64896893501282	6.060648
5.66459894180298	3.187451
5.68021893501282	-0.07712936
5.69584894180298	-3.690627
5.71147894859314	-7.633836
5.72709894180298	-11.86086
5.74272894859314	-16.25624
5.75834894180298	-20.72818
5.77397894859314	-25.19925
5.78959894180298	-29.63593
5.80522894859314	-34.19407
5.8208589553833	-39.07483
5.83647894859314	-44.38793
5.8521089553833	-49.91543
5.86772894859314	-54.9147
5.8833589553833	-58.14964
5.89897894859314	-58.1586
5.9146089553833	-53.82498
5.93023896217346	-44.81917
5.9458589553833	-31.89212
5.96148896217346	-16.63473
5.9771089553833	-1.040892
5.99273896217346	13.13245
6.0083589553833	24.82801
6.02398896217346	33.75483
6.03961896896362	40.24599
6.05523896217346	44.86867
6.07086896896362	48.14902
6.08648896217346	50.41546
6.10211896896362	51.88426
6.11773896217346	52.70884
6.13336896896362	53.10637
6.14899897575378	53.37411
6.16461896896362	53.81958
6.18024897575378	54.69483
6.19586896896362	56.08519
6.21149897575378	57.87773
6.22711896896362	59.78816
6.24274897575378	61.44261
6.25837898254395	62.46273
6.27399897575378	62.53432
6.28962898254395	61.49096
6.30524897575378	59.25835
6.32087898254395	55.84764
6.33649897575378	51.29065
6.35212898254395	45.65343
6.36775898933411	39.04412
6.38337898254395	31.64103
6.39900898933411	23.73748
6.41462898254395	15.7707
6.43025898933411	8.178364
6.44587898254395	1.313107
6.46150898933411	-4.626167
6.47713899612427	-9.730438
6.49275898933411	-14.28084
6.50838899612427	-18.67443
6.52400898933411	-23.37884
6.53963899612427	-28.83321
6.55525898933411	-35.41748
6.57088899612427	-43.37289
6.58651900291443	-52.5969
6.60213899612427	-62.45049
6.61776900291443	-71.72687
6.63338899612427	-78.76416
6.64901900291443	-81.90039
6.66463899612427	-80.06122
6.68026900291443	-73.18389
6.69589877128601	-62.37283
6.71151900291443	-49.52587
6.72714877128601	-36.67422
6.74276900291443	-25.3857
6.75839877128601	-16.43917
6.77401900291443	-9.832581
6.78964877128601	-5.100883
6.80527877807617	-1.768692
6.82089877128601	0.4690933
6.83652877807617	1.723618
6.85214877128601	2.11573
6.86777877807617	1.96627
6.88339877128601	1.851952
6.89902877807617	2.380737
6.91465878486633	4.011505
6.93027877807617	6.78302
6.94590878486633	10.28503
6.96152877807617	13.85258
6.97715878486633	16.84032
6.99277877807617	18.88393
7.00840878486633	20.01628
7.02403879165649	20.61166
7.03965878486633	21.1524
7.05528879165649	22.02162
7.07090878486633	23.28735
7.08653879165649	24.65233
7.10215878486633	25.5731
7.11778879165649	25.42516
7.13341879844666	23.7056
7.14903879165649	20.28947
7.16466879844666	15.46544
7.18028879165649	9.916367
7.19591879844666	4.419373
7.21153879165649	-0.4086151
7.22716879844666	-4.354233
7.24279880523682	-7.605515
7.25841879844666	-10.65358
7.27404880523682	-14.14159
7.28966879844666	-18.62253
7.30529880523682	-24.51019
7.32091879844666	-31.8976
7.33654880523682	-40.43011
7.35217881202698	-49.14568
7.36779880523682	-56.49231
7.38342881202698	-60.70332
7.39904880523682	-60.33138
7.41467881202698	-54.90987
7.43029880523682	-45.19513
7.44592881202698	-32.9977
7.46155881881714	-20.51122
7.47717881202698	-9.538559
7.49280881881714	-0.9767609
7.50842881202698	5.29245
7.52405881881714	10.02608
7.53967881202698	14.09239
7.55530881881714	17.9818
7.5709388256073	21.75735
7.58655881881714	25.10323
7.6021888256073	27.67876
7.61780881881714	29.37657
7.6334388256073	30.38181
7.64905881881714	31.13446
7.6646888256073	32.0954
7.68031883239746	33.54921
7.6959388256073	35.46266
7.71156883239746	37.60066
7.7271888256073	39.58505
7.74281883239746	41.11446
7.7584388256073	42.11955
7.77406883239746	42.62399
7.78969883918762	42.7527
7.80531883239746	42.51344
7.82094883918762	41.76855
7.83656883239746	40.24496
7.85219883918762	37.65973
7.86781883239746	33.82497
7.88344883918762	28.76076
7.89907884597778	22.70854
7.91469883918762	15.99646
7.93032884597778	8.905823
7.94594883918762	1.554718
7.96157884597778	-6.196335
7.97719883918762	-14.62891
7.99282884597778	-24.05954
8.00845885276794	-34.71451
8.02407884597778	-46.65109
8.03970885276794	-59.71819
8.05532884597778	-73.64168
8.07095885276794	-87.85764
8.08657884597778	-101.4554
8.10220885276794	-113.1785
8.11783885955811	-121.5476
8.13345885276794	-125.2484
8.14908885955811	-123.6019
8.16470885276794	-116.9295
8.18033885955811	-106.4995
8.19595885276794	-94.25531
8.21158885955811	-82.1188
8.22721886634827	-71.40495
8.24283885955811	-62.51047
8.25846886634827	-54.97389
8.27408885955811	-47.95119
8.28971886634827	-40.68053
8.30533885955811	-32.8755
8.32096886634827	-24.80513
8.33659887313843	-17.06685
8.35221886634827	-10.243
8.36784887313843	-4.623978
8.38346886634827	-0.1175537
8.39909887313843	3.670303
8.41472887992859	7.147217
8.43034887313843	10.55009
8.44597887992859	13.83176
8.46159887313843	16.76985
8.47722887992859	19.08607
8.49284887313843	20.62843
8.50847887992859	21.46245
8.52410888671875	21.79549
8.53972887992859	21.93275
8.55535888671875	22.02011
8.57097887992859	22.02298
8.58660888671875	21.73676
8.60222887992859	20.84489
8.61785888671875	19.09605
8.63348889350891	16.39786
8.64910888671875	12.89569
8.66473889350891	8.869751
8.68035888671875	4.680847
8.69598889350891	0.5764008
8.71160888671875	-3.379471
8.72723889350891	-7.328171
8.74286890029907	-11.5555
8.75848889350891	-16.38763
8.77411890029907	-22.23244
8.78973889350891	-29.4104
8.80536890029907	-38.08568
8.82098889350891	-47.9632
8.83661890029907	-58.12018
8.85224890708923	-67.00688
8.86786890029907	-72.75868
8.88349890708923	-73.79469
8.89911890029907	-69.38734
8.91474890708923	-60.10177
8.93036890029907	-47.56863
8.94599890708923	-34.04858
8.96162891387939	-21.56608
8.97724890708923	-11.37196
8.99287891387939	-3.750427
9.00849890708923	1.748894
9.02412891387939	5.803398
9.03974890708923	8.948887
9.05537891387939	11.31083
9.07100892066956	12.74
9.08662891387939	13.0192
9.10225892066956	12.20102
9.11787891387939	10.64934
9.13350892066956	8.976797
9.14912891387939	7.837317
9.16475892066956	7.63394
9.18038892745972	8.442229
9.19600892066956	9.992118
9.21163892745972	11.85589
9.22725892066956	13.61584
9.24288892745972	14.96809
9.25850892066956	15.86961
9.27413892745972	16.40221
9.28976893424988	16.76183
9.30538892745972	16.99261
9.32101893424988	17.02087
9.33663892745972	16.59788
9.35226893424988	15.40868
9.36788892745972	13.24483
9.38351893424988	10.11265
9.39914894104004	6.366737
9.41476893424988	2.533241
9.43039894104004	-0.7607574
9.44601893424988	-3.162544
9.46164894104004	-4.615425
9.47726893424988	-5.419571
9.49289894104004	-6.125412
9.5085289478302	-7.39695
9.52414894104004	-9.93969
9.5397789478302	-14.32538
9.55539894104004	-20.86422
9.5710289478302	-29.29263
9.58664894104004	-38.56871
9.6022789478302	-46.89008
9.61790895462036	-52.06033
9.6335289478302	-52.17099
9.64915895462036	-46.31703
9.6647789478302	-35.07092
9.68040895462036	-20.32864
9.6960289478302	-4.666183
9.71165895462036	9.493835
9.72728896141052	20.67226
9.74290895462036	28.51224
9.75853896141052	33.5873
9.77415895462036	36.80988
9.78978896141052	38.98621
9.80540895462036	40.48428
9.82103896141052	41.33734
9.83666896820068	41.4711
9.85228896141052	40.93901
9.86791896820068	40.0453
9.88353896141052	39.30423
9.89916896820068	39.21709
9.91478896141052	40.04051
9.93041896820068	41.7467
9.94604897499084	43.92612
9.96166896820068	45.9949
9.97729897499084	47.35312
9.99291896820068	47.60172
10.0085489749908	46.616
10.0241689682007	44.53946
10.0397989749908	41.66296
10.055428981781	38.26328
10.0710489749908	34.51761
10.086678981781	30.4274
10.1022989749908	25.88333
10.117928981781	20.76401
10.1335489749908	15.02615
10.149178981781	8.739777
10.1648089885712	2.109009
10.180428981781	-4.626953
10.1960589885712	-11.19553
10.211678981781	-17.40619
10.2273089885712	-23.16492
10.242928981781	-28.53052
10.2585589885712	-33.69958
10.2741889953613	-39.02652
10.2898089885712	-44.9129
10.3054389953613	-51.784
10.3210589885712	-59.75717
10.3366889953613	-68.44101
10.3523089885712	-76.70941
10.3679389953613	-82.84189
10.3835690021515	-84.78537
10.3991889953613	-80.84308
10.4148190021515	-70.25916
10.4304389953613	-53.59882
10.4460690021515	-32.75504
10.4616889953613	-10.39972
10.4773190021515	10.72864
10.4929487705231	28.65173
10.5085690021515	42.46857
10.5241987705231	52.38269
10.5398190021515	59.26538
10.5554487705231	64.13736
10.5710787773132	67.75839
10.5866987705231	70.44254
10.6023287773132	72.18323
10.6179487705231	72.86282
10.6335787773132	72.5502
10.6491987705231	71.56113
10.6648287773132	70.40506
10.6804587841034	69.5918
10.6960787773132	69.3689
10.7117087841034	69.64151
10.7273287773132	70.00943
10.7429587841034	69.96497
10.7585787773132	69.13898
10.7742087841034	67.36066
10.7898387908936	64.71957
10.8054587841034	61.35193
10.8210887908936	57.35107
10.8367087841034	52.66989
10.8523387908936	47.16156
10.8679587841034	40.66968
10.8835887908936	33.14151
10.8992187976837	24.6246
10.9148387908936	15.25128
10.9304687976837	5.218781
10.9460887908936	-5.229095
10.9617187976837	-15.79907
10.9773387908936	-26.14688
10.9929687976837	-35.95959
11.0085988044739	-44.99005
11.0242187976837	-53.19458
11.0398488044739	-60.75769
11.0554687976837	-68.07184
11.0710988044739	-75.58185
11.0867187976837	-83.59631
11.1023488044739	-91.9278
11.117978811264	-99.66925
11.1335988044739	-105.2032
11.149228811264	-106.4738
11.1648488044739	-101.7034
11.180478811264	-90.09186
11.1960988044739	-72.29736
11.211728811264	-50.34717
11.2273588180542	-27.07355
11.242978811264	-5.215576
11.2586088180542	13.37067
11.274228811264	27.94617
11.2898588180542	38.79749
11.305478811264	46.64075
11.3211088180542	52.20966
11.3367388248444	55.94928
11.3523588180542	58.12183
11.3679888248444	58.97083
11.3836088180542	58.9173
11.3992388248444	58.57562
11.4148588180542	58.57355
11.4304888248444	59.37665
11.4461188316345	61.01923
11.4617388248444	63.10272
11.4773688316345	64.93536
11.4929888248444	65.79211
11.5086188316345	65.21643
11.5242388248444	63.22131
11.5398688316345	60.21741
11.5554988384247	56.73096
11.5711188316345	53.14917
11.5867488384247	49.4342
11.6023688316345	45.18823
11.6179988384247	39.85962
11.6336188316345	33.07581
11.6492488384247	24.86469
11.6648788452148	15.81586
11.6804988384247	6.793091
11.6961288452148	-1.352966
11.7117488384247	-8.07196
11.7273788452148	-13.3512
11.7429988384247	-17.60986
11.7586288452148	-21.55328
11.774258852005	-25.89862
11.7898788452148	-31.27814
11.805508852005	-38.01624
11.8211288452148	-46.05133
11.836758852005	-54.73669
11.8523788452148	-62.74353
11.868008852005	-68.24054
11.8836388587952	-69.24426
11.899258852005	-64.31201
11.9148888587952	-53.15405
11.930508852005	-36.89697
11.9461388587952	-17.82941
11.961758852005	1.259399
11.9773888587952	17.99597
11.9930188655853	31.04272
12.0086388587952	40.19293
12.0242688655853	46.09808
12.0398888587952	49.6842
12.0555188655853	51.67108
12.0711388587952	52.40466
12.0867688655853	51.96008
12.1023988723755	50.44202
12.1180188655853	48.15045
12.1336488723755	45.61859
12.1492688655853	43.3587
12.1648988723755	41.69751
12.1805188655853	40.60638
12.1961488723755	39.7334
12.2117788791656	38.66736
12.2273988723755	37.1142
12.2430288791656	35.12866
12.2586488723755	32.98865
12.2742788791656	31.07599
12.2898988723755	29.54645
12.3055288791656	28.24176
12.3211588859558	26.61816
12.3367788791656	23.97955
12.3524088859558	19.75165
12.3680288791656	13.75043
12.3836588859558	6.288513
12.3992788791656	-1.888672
12.4149088859558	-9.877563
12.430538892746	-16.92438
12.4461588859558	-22.64417
12.461788892746	-27.16064
12.4774088859558	-31.02588
12.493038892746	-35.00116
12.5086588859558	-39.84912
12.524288892746	-46.11151
12.5399188995361	-53.87238
12.555538892746	-62.56427
12.5711688995361	-70.88971
12.586788892746	-76.95441
12.6024188995361	-78.71118
12.618038892746	-74.64099
12.6336688995361	-64.32678
12.6492989063263	-48.75305
12.6649188995361	-30.12103
12.6805489063263	-11.14038
12.6961688995361	5.776855
12.7117989063263	19.20593
12.7274188995361	28.91138
12.7430489063263	35.55414
12.7586789131165	40.12482
12.7742989063263	43.44336
12.7899289131165	45.93451
12.8055489063263	47.67218
12.8211789131165	48.60309
12.8368089199066	48.83777
12.8524289131165	48.65204
12.8680589199066	48.48444
12.8836789131165	48.70258
12.8993089199066	49.45599
12.9149289131165	50.59329
12.9305589199066	51.68381
12.9461889266968	52.21115
12.9618089199066	51.77451
12.9774389266968	50.2251
12.9930589199066	47.66428
13.0086889266968	44.42194
13.0243089199066	40.82495
13.0399389266968	37.08243
13.0555689334869	33.17145
13.0711889266968	28.84973
13.0868189334869	23.79721
13.1024389266968	17.87411
13.1180689334869	11.18597
13.1336889266968	4.119934
13.1493189334869	-2.774078
13.1649489402771	-9.026001
13.1805689334869	-14.40378
13.1961989402771	-18.96307
13.2118189334869	-23.00626
13.2274489402771	-26.93103
13.2430689334869	-31.10904
13.2586989402771	-35.9068
13.2743289470673	-41.63235
13.2899489402771	-48.39996
13.3055789470673	-55.87897
13.3211989402771	-63.10931
13.3368289470673	-68.46106
13.3524489402771	-70.0777
13.3680789470673	-66.48114
13.3837089538574	-57.23236
13.3993289470673	-43.25974
13.4149589538574	-26.63055
13.4305789470673	-9.837372
13.4462089538574	4.961945
13.4618289470673	16.53534
13.4774589538574	24.69519
13.4930889606476	30.0174
13.5087089538574	33.38821
13.5243389606476	35.5426
13.5399589538574	36.89227
13.5555889606476	37.56711
13.5712089538574	37.61679
13.5868389606476	37.10507
13.6024689674377	36.26276
13.6180889606476	35.37051
13.6337189674377	34.63773
13.6493389606476	34.11139
13.6649689674377	33.65073
13.6805889606476	33.01593
13.6962189674377	32.0206
13.7118489742279	30.62228
13.7274689674377	28.91891
13.7430989742279	27.12311
13.7587189674377	25.36954
13.7743489742279	23.633
13.7899689674377	21.78357
13.8055989742279	19.60803
13.8212289810181	16.9292
13.8368489742279	13.65213
13.8524789810181	9.738342
13.8680989742279	5.165588
13.8837289810181	-0.01376343
13.8993489742279	-5.70166
13.9149789810181	-11.76166
13.9306089878082	-17.95752
13.9462289810181	-24.03201
13.9618589878082	-29.75586
13.9774789810181	-34.99026
13.9931089878082	-39.79932
14.0087289810181	-44.43475
14.0243589878082	-49.33905
14.0399889945984	-54.98053
14.0556089878082	-61.63782
14.0712389945984	-69.00983
14.0868589878082	-76.13437
14.1024889945984	-81.40585
14.1181089878082	-83.02682
14.1337389945984	-79.67928
14.1493690013885	-71.05
14.1649889945984	-58.05632
14.1806190013885	-42.58234
14.1962389945984	-26.90741
14.2118690013885	-12.95103
14.2274889945984	-1.91539
14.2431190013885	5.929062
14.2587487697601	11.06207
14.2743690013885	14.27113
14.2899987697601	16.41046
14.3056190013885	18.11845
14.3212487697601	19.77985
14.3368690013885	21.52016
14.3524987697601	23.2908
14.3681287765503	24.96466
14.3837487697601	26.48978
14.3993787765503	27.94434
14.4149987697601	29.43947
14.4306287765503	31.11938
14.4462487697601	32.98187
14.4618787765503	34.95766
14.4775087833405	36.86951
14.4931287765503	38.6187
14.5087587833405	40.21733
14.5243787765503	41.78191
14.5400087833405	43.487
14.5556287765503	45.34097
14.5712587833405	47.20418
14.5868887901306	48.74608
14.6025087833405	49.59514
14.6181387901306	49.47
14.6337587833405	48.28679
14.6493887901306	46.15753
14.6650087833405	43.35802
14.6806387901306	40.18839
14.6962687969208	36.79305
14.7118887901306	33.13455
14.7275187969208	28.96501
14.7431387901306	23.93013
14.7587687969208	17.70541
14.7743887901306	10.08485
14.7900187969208	1.046539
14.8056488037109	-9.268242
14.8212687969208	-20.56106
14.8368988037109	-32.25951
14.8525187969208	-43.38329
14.8681488037109	-52.44871
14.8837687969208	-57.65894
14.8993988037109	-57.40425
14.9150288105011	-50.9304
14.9306488037109	-38.8598
14.9462788105011	-23.29948
14.9618988037109	-7.219296
14.9775288105011	6.416397
14.9931488037109	15.62472
15.0087788105011	19.8778
15.0244088172913	19.86107
15.0400288105011	16.80784
15.0556588172913	11.9158
15.0712788105011	5.934137
15.0869088172913	-0.5994549
15.1025288105011	-7.001667
15.1181588172913	-12.27788
15.1337888240814	-15.2892
15.1494088172913	-15.24421
15.1650388240814	-12.16309
15.1806588172913	-7.017473
15.1962888240814	-1.277976
15.2119088172913	3.610851
15.2275388240814	6.823965
15.2431688308716	8.360352
15.2587888240814	8.793476
15.2744188308716	8.843636
15.2900388240814	8.954281
15.3056688308716	9.203224
15.3212888240814	9.396694
15.3369188308716	9.360252
15.3525488376617	9.034882
15.3681688308716	8.464699
15.3837988376617	7.656471
15.3994188308716	6.519676
15.4150488376617	4.904991
15.4306788444519	2.753166
15.4462988376617	0.2057037
15.4619288444519	-2.423073
15.4775488376617	-4.751656
15.4931788444519	-6.623665
15.5087988376617	-8.134544
15.5244288444519	-9.63607
15.5400588512421	-11.59694
15.5556788444519	-14.38646
15.5713088512421	-18.16034
15.5869288444519	-22.77095
15.6025588512421	-27.70323
15.6181788444519	-32.08115
15.6338088512421	-34.80746
15.6494388580322	-34.79027
15.6650588512421	-31.31897
15.6806888580322	-24.44615
15.6963088512421	-15.08727
15.7119388580322	-4.793137
15.7275588512421	4.743973
15.7431888580322	12.22623
15.7588188648224	17.15022
15.7744388580322	19.80641
15.7900688648224	21.04623
15.8056888580322	21.8246
15.8213188648224	22.78868
15.8369388580322	24.09038
15.8525688648224	25.46355
15.8681988716125	26.51602
15.8838188648224	26.94011
15.8994488716125	26.76381
15.9150688648224	26.23088
15.9306988716125	25.6575
15.9463188648224	25.22977
15.9619488716125	24.97528
15.9775788784027	24.95218
15.9931988716125	25.43417
16.0088288784027	27.02368
16.0244488716125	30.35175
16.0400788784027	35.67709
16.0556988716125	42.44785
16.0713288784027	49.18768
16.0869588851929	53.95926
16.1025788784027	55.11542
16.1182088851929	52.0582
16.1338288784027	45.46588
16.1494588851929	37.05316
16.1650788784027	28.76129
16.1807088851929	22.08521
16.196338891983	17.53036
16.2119588851929	14.62744
16.227588891983	12.31201
16.2432088851929	9.379395
16.258838891983	5.000641
16.2744588851929	-1.091217
16.290088891983	-8.505829
16.3057188987732	-16.3031
16.321338891983	-23.17014
16.3369688987732	-27.77316
16.352588891983	-29.09607
16.3682188987732	-26.73407
16.383838891983	-21.03818
16.3994688987732	-12.96356
16.4150989055634	-3.761261
16.4307188987732	5.430267
16.4463489055634	13.84998
16.4619688987732	21.25555
16.4775989055634	27.7478
16.4932188987732	33.57281
16.5088489055634	38.85461
16.5244789123535	43.41864
16.5400989055634	46.79523
16.5557289123535	48.40894
16.5713489055634	47.74963
16.5869789123535	44.61322
16.6025989055634	39.12347
16.6182289123535	31.65765
16.6338589191437	22.63525
16.6494789123535	12.32483
16.6651089191437	0.8203125
16.6807289123535	-11.78387
16.6963589191437	-25.18268
16.7119789123535	-38.73065
16.7276089191437	-51.51849
16.7432389259338	-62.71863
16.7588589191437	-71.90088
16.7744889259338	-79.21753
16.7901089191437	-85.27576
16.8057389259338	-90.79974
16.8213589191437	-96.26294
16.8369889259338	-101.7073
16.852618932724	-106.8888
16.8682389259338	-111.5402
16.883868932724	-115.6566
16.8994889259338	-119.5568
16.915118932724	-123.6594
16.9307389259338	-128.2638
16.946368932724	-133.3239
16.9619989395142	-138.4247
16.977618932724	-142.979
16.9932489395142	-146.3347
17.008868932724	-147.8986
17.0244989395142	-147.1343
17.040118932724	-143.5807
17.0557489395142	-136.9461
17.0713789463043	-127.3684
17.0869989395142	-115.5416
17.1026289463043	-102.7578
17.1182489395142	-90.67023
17.1338789463043	-80.88055
17.1494989395142	-74.45752
17.1651289463043	-71.75439
17.1807589530945	-72.38385
17.1963789463043	-75.37781
17.2120089530945	-79.60724
17.2276289463043	-83.98572
17.2432589530945	-87.61237
17.2588789463043	-89.78015
17.2745089530945	-89.99585
17.2901389598846	-87.92126
17.3057589530945	-83.51074
17.3213889598846	-77.04828
17.3370089530945	-69.06958
17.3526389598846	-60.36115
17.3682589530945	-51.6662
17.3838889598846	-43.55255
17.3995189666748	-36.24512
17.4151389598846	-29.63446
17.4307689666748	-23.4035
17.4463889598846	-17.29956
17.4620189666748	-11.28998
17.4776389598846	-5.580627
17.4932689666748	-0.5206909
17.508898973465	3.658569
17.5245189666748	6.920105
17.540148973465	9.578796
17.5557689666748	12.14795
17.571398973465	15.1106
17.5870189666748	18.62878
17.602648973465	22.39319
17.6182789802551	25.68286
17.633898973465	27.50256
17.6495289802551	27.04065
17.665148973465	23.9339
17.6807789802551	18.60553
17.6964089870453	12.29962
17.7120289802551	6.914154
17.7276589870453	4.37085
17.7432789802551	6.102234
17.7589089870453	12.54956
17.7745289802551	22.91391
17.7901589870453	35.57193
17.8057889938354	48.5733
17.8214089870453	60.36075
17.8370389938354	70.11359
17.8526589870453	77.81128
17.8682889938354	83.85919
17.8839089870453	88.67416
17.8995389938354	92.44598
17.9151690006256	95.03195
17.9307889938354	96.26425
17.9464190006256	96.10831
17.9620389938354	94.76752
17.9776690006256	92.59943
17.9932889938354	89.94382
18.0089190006256	87.04395
18.0245487689972	83.97134
18.0401690006256	80.78674
18.0557987689972	77.53708
18.0714190006256	74.40381
18.0870487689972	71.54062
18.1026690006256	69.01614
18.1182987689972	66.65793
18.1339287757874	64.03851
18.1495487689972	60.60687
18.1651787757874	55.88345
18.1807987689972	49.68164
18.1964287757874	42.15988
18.2120487689972	33.91382
18.2276787757874	25.67184
18.2433087825775	18.06686
18.2589287757874	11.37778
18.2745587825775	5.379272
18.2901787757874	-0.4766846
18.3058087825775	-6.861298
18.3214287757874	-14.16833
18.3370587825775	-22.35114
18.3526887893677	-30.77359
18.3683087825775	-38.31949
18.3839387893677	-43.57913
18.3995587825775	-45.10281
18.4151887893677	-41.78751
18.4308087825775	-33.19238
18.4464387893677	-19.76324
18.4620687961578	-2.776947
18.4776887893677	15.83478
18.4933187961578	34.05405
18.5089387893677	50.31009
18.5245687961578	63.92966
18.5401887893677	75.16324
18.5558187961578	84.89563
18.571448802948	94.02884
18.5870687961578	102.8445
18.602698802948	110.6627
18.6183187961578	115.8818
18.633948802948	116.506
18.6495687961578	110.871
18.665198802948	98.42874
18.6808288097382	79.97827
18.696448802948	57.3811
18.7120788097382	32.78241
18.727698802948	7.824707
18.7433288097382	-16.72284
18.758948802948	-40.79721
18.7745788097382	-64.44678
18.7902088165283	-87.21396
18.8058288097382	-108.0558
18.8214588165283	-125.7078
18.8370788097382	-139.2631
18.8527088165283	-148.6336
18.8683288097382	-154.5354
18.8839588165283	-158.0396
18.8995888233185	-160.0296
18.9152088165283	-160.8956
18.9308388233185	-160.5849
18.9464588165283	-159.0033
18.9620888233185	-156.3056
18.9777088165283	-153.0102
18.9933388233185	-149.967
19.0089688301086	-148.0909
19.0245888233185	-148.0268
19.0402188301086	-149.899
19.0558388233185	-153.0909
19.0714688301086	-156.2246
19.0870888233185	-157.3437
19.1027188301086	-154.4987
19.1183488368988	-146.321
19.1339688301086	-132.5755
19.1495988368988	-114.2181
19.1652188301086	-92.98961
19.1808488368988	-70.72266
19.1964688301086	-48.75142
19.2120988368988	-27.6403
19.227728843689	-7.376328
19.2433488368988	12.14459
19.258978843689	30.87833
19.2745988368988	48.43575
19.290228843689	64.2558
19.3058488368988	77.9028
19.321478843689	89.15964
19.3371088504791	98.00473
19.352728843689	104.4815
19.3683588504791	108.6192
19.383978843689	110.3764
19.3996088504791	109.8223
19.415228843689	107.16
19.4308588504791	102.8925
19.4464888572693	97.76502
19.4621088504791	92.71415
19.4777388572693	88.61488
19.4933588504791	85.99466
19.5089888572693	84.78866
19.5246088504791	84.26146
19.5402388572693	83.33385
19.5558688640594	80.9578
19.5714888572693	76.539
19.5871188640594	70.20068
19.6027388572693	62.64795
19.6183688640594	54.82315
19.6339888572693	47.49399
19.6496188640594	41.04418
19.6652488708496	35.47076
19.6808688640594	30.5629
19.6964988708496	26.00159
19.7121188640594	21.40331
19.7277488708496	16.33332
19.7433688640594	10.39929
19.7589988708496	3.510166
19.7746288776398	-3.807644
19.7902488708496	-10.32799
19.8058788776398	-14.43749
19.8214988708496	-14.71848
19.8371288776398	-10.55276
19.8527488708496	-2.491371
19.8683788776398	7.946594
19.8840088844299	18.82632
19.8996288776398	28.51921
19.9152588844299	36.20202
19.9308788776398	41.93634
19.9465088844299	46.35814
19.9621388912201	50.24118
19.9777588844299	54.13647
19.9933888912201	58.21934
20.0090088844299	62.39723
20.0246388912201	66.46392
20.0402588844299	70.19392
20.0558888912201	73.38099
20.0715188980103	75.80949
20.0871388912201	77.19962
20.1027688980103	77.25359
20.1183888912201	75.74763
20.1340188980103	72.64906
20.1496388912201	68.22686
20.1652688980103	63.07308
20.1808989048004	57.95876
20.1965188980103	53.48684
20.2121489048004	49.83177
20.2277688980103	46.50873
20.2433989048004	42.55458
20.2590188980103	36.95092
20.2746489048004	29.10494
20.2902789115906	19.20498
20.3058989048004	8.254944
20.3215289115906	-2.331497
20.3371489048004	-11.28966
20.3527789115906	-17.95293
20.3683989048004	-22.45795
20.3840289115906	-25.58957
20.3996589183807	-28.41609
20.4152789115906	-31.90392
20.4309089183807	-36.63965
20.4465289115906	-42.66969
20.4621589183807	-49.39926
20.4777789115906	-55.68468
20.4934089183807	-60.07901
20.5090389251709	-61.28683
20.5246589183807	-58.56924
20.5402889251709	-52.07514
20.5559089183807	-42.82668
20.5715389251709	-32.44492
20.5871589183807	-22.67178
20.6027889251709	-14.92765
20.6184189319611	-10.00157
20.6340389251709	-7.881363
20.6496689319611	-7.838039
20.6652889251709	-8.567955
20.6809189319611	-8.563213
20.6965389251709	-6.567123
20.7121689319611	-1.964352
20.7277989387512	5.03133
20.7434189319611	13.59872
20.7590489387512	22.74885
20.7746689319611	31.80494
20.7902989387512	40.54134
20.8059189319611	49.00056
20.8215489387512	57.06858
20.8371789455414	64.20438
20.8527989387512	69.603
20.8684289455414	72.6289
20.8840489387512	73.29385
20.8996789455414	72.27819
20.9152989387512	70.59793
20.9309289455414	68.94598
20.9465589523315	67.27377
20.9621789455414	64.8632
20.9778089523315	60.82579
20.9934289455414	54.73365
21.0090589523315	47.01
21.0246789455414	38.70896
21.0403089523315	31.01248
21.0559389591217	24.60301
21.0715589523315	19.26356
21.0871889591217	14.03164
21.1028089523315	7.604208
21.1184389591217	-1.053268
21.1340589523315	-12.3075
21.1496889591217	-25.70462
21.1653189659119	-40.08952
21.1809389591217	-53.77604
21.1965689659119	-64.89362
21.2121889591217	-71.76134
21.2278189659119	-73.29991
21.2434389591217	-69.33698
21.2590689659119	-60.67671
21.274698972702	-48.88769
21.2903189659119	-35.84738
21.305948972702	-23.23775
21.3215689659119	-12.08464
21.337198972702	-2.74025
21.3528189659119	4.965149
21.368448972702	11.47701
21.3840789794922	17.18224
21.399698972702	22.32157
21.4153289794922	27.04332
21.430948972702	31.43813
21.4465789794922	35.62418
21.462198972702	39.7577
21.4778289794922	43.96965
21.4934589862823	48.24844
21.5090789794922	52.4552
21.5247089862823	56.28888
21.5403289794922	59.38187
21.5559589862823	61.54568
21.5715789794922	62.83568
21.5872089862823	63.65186
21.6028389930725	64.55528
21.6184589862823	66.03647
21.6340889930725	68.26511
21.6497089862823	71.01741
21.6653389930725	73.71239
21.6809589862823	75.69093
21.6965889930725	76.4872
21.7122189998627	75.9985
21.7278389930725	74.5262
21.7434689998627	72.6506
21.7590889930725	71.05209
21.7747189998627	70.29245
21.7903389930725	70.74231
21.8059689998627	72.35944
21.8215987682343	74.6781
21.8372189998627	76.75519
21.8528487682343	77.21036
21.8684689998627	74.62125
21.8840987682343	67.96722
21.8997189998627	57.14038
21.9153487682343	43.20691
21.9309787750244	28.16092
21.9465987682343	14.25443
21.9622287750244	3.226196
21.9778487682343	-4.351166
21.9934787750244	-9.177826
22.0090987682343	-12.76633
22.0247287750244	-16.74707
22.0403587818146	-22.22174
22.0559787750244	-29.4259
22.0716087818146	-37.89764
22.0872287750244	-46.82977
22.1028587818146	-55.38895
22.1184787750244	-63.0195
22.1341087818146	-69.44635
22.1497387886047	-74.6767
22.1653587818146	-78.91815
22.1809887886047	-82.56879
22.1966087818146	-86.05847
22.2122387886047	-89.76733
22.2278587818146	-93.84479
22.2434887886047	-98.14001
22.2591187953949	-102.3368
22.2747387886047	-106.0644
22.2903687953949	-109.0335
22.3059887886047	-111.1068
22.3216187953949	-112.3116
22.3372387886047	-112.7393
22.3528687953949	-112.5794
22.3684988021851	-112.0584
22.3841187953949	-111.3796
22.3997488021851	-110.7103
22.4153687953949	-110.0818
22.4309988021851	-109.3386
22.4466187953949	-108.1563
22.4622488021851	-106.0692
22.4778788089752	-102.6185
22.4934988021851	-97.48401
22.5091288089752	-90.58447
22.5247488021851	-82.14648
22.5403788089752	-72.77899
22.5560088157654	-63.45892
22.5716288089752	-55.3374
22.5872588157654	-49.46564
22.6028788089752	-46.38098
22.6185088157654	-45.82245
22.6341288089752	-46.69031
22.6497588157654	-47.4137
22.6653888225555	-46.45709
22.6810088157654	-42.90961
22.6966388225555	-36.72601
22.7122588157654	-28.62787
22.7278888225555	-19.7077
22.7435088157654	-10.87671
22.7591388225555	-2.59729
22.7747688293457	5.170288
22.7903888225555	12.71674
22.8060188293457	20.33014
22.8216388225555	28.02942
22.8372688293457	35.60742
22.8528888225555	42.64148
22.8685188293457	48.5799
22.8841488361359	52.87823
22.8997688293457	55.05713
22.9153988361359	54.79407
22.9310188293457	51.99249
22.9466488361359	46.85455
22.9622688293457	39.84937
22.9778988361359	31.7345
22.993528842926	23.41425
23.0091488361359	15.7887
23.024778842926	9.610474
23.0403988361359	5.325439
23.056028842926	2.892944
23.0716488361359	1.764709
23.087278842926	1.064575
23.1029088497162	-0.1644287
23.118528842926	-2.654236
23.1341588497162	-6.643311
23.149778842926	-11.86969
23.1654088497162	-17.7196
23.181028842926	-23.43787
23.1966588497162	-28.45844
23.2122888565063	-32.48962
23.2279088497162	-35.5614
23.2435388565063	-37.93274
23.2591588497162	-40.09875
23.2747888565063	-42.68695
23.2904088497162	-46.35736
23.3060388565063	-51.48596
23.3216688632965	-57.9621
23.3372888565063	-64.99786
23.3529188632965	-71.32086
23.3685388565063	-75.57379
23.3841688632965	-76.88141
23.3997888565063	-75.18689
23.4154188632965	-71.19757
23.4310488700867	-66.06244
23.4466688632965	-60.86267
23.4622988700867	-56.25409
23.4779188632965	-52.36804
23.4935488700867	-48.91284
23.5091688632965	-45.43103
23.5247988700867	-41.51306
23.5404288768768	-36.85553
23.5560488700867	-31.26886
23.5716788768768	-24.73871
23.5872988700867	-17.44812
23.6029288768768	-9.811279
23.6185488700867	-2.416199
23.6341788768768	4.172424
23.649808883667	9.594849
23.6654288768768	13.73358
23.681058883667	16.76337
23.6966788768768	18.98798
23.712308883667	20.69232
23.7279288768768	22.00183
23.743558883667	22.82233
23.7591888904572	22.89685
23.774808883667	21.94708
23.7904388904572	19.80188
23.806058883667	16.46002
23.8216888904572	12.08362
23.837308883667	6.968811
23.8529388904572	1.305603
23.8685688972473	-4.737
23.8841888904572	-11.11795
23.8998188972473	-17.87943
23.9154388904572	-25.08499
23.9310688972473	-32.76544
23.9466888904572	-40.82208
23.9623188972473	-48.87668
23.9779489040375	-56.19107
23.9935688972473	-61.67828
24.0091989040375	-64.06036
24.0248188972473	-62.26755
24.0404489040375	-55.86334
24.0560688972473	-45.28696
24.0716989040375	-31.87415
24.0873289108276	-17.43915
24.1029489040375	-3.732697
24.1185789108276	8.086731
24.1341989040375	17.5993
24.1498289108276	25.1557
24.1654489040375	31.44467
24.1810789108276	37.13971
24.1967089176178	42.60294
24.2123289108276	47.74725
24.2279589176178	52.1756
24.2435789108276	55.27142
24.2592089176178	56.54474
24.2748289108276	55.75027
24.2904589176178	53.08655
24.306088924408	49.19879
24.3217089176178	44.99701
24.337338924408	41.4339
24.3529589176178	39.11591
24.368588924408	38.13336
24.3842089176178	37.95892
24.399838924408	37.67773
24.4154689311981	36.30655
24.431088924408	33.19592
24.4467189311981	28.17783
24.462338924408	21.61667
24.4779689311981	14.15543
24.493588924408	6.49707
24.5092189311981	-0.8654938
24.5248489379883	-7.71933
24.5404689311981	-14.14621
24.5560989379883	-20.45493
24.5717189311981	-26.99904
24.5873489379883	-34.07347
24.6029689311981	-41.66736
24.6185989379883	-49.22153
24.6342289447784	-55.63232
24.6498489379883	-59.32076
24.6654789447784	-58.75247
24.6810989379883	-53.01581
24.6967289447784	-42.30411
24.7123489379883	-27.99756
24.7279789447784	-12.23843
24.7436089515686	2.701202
24.7592289447784	15.17519
24.7748589515686	24.5636
24.7904789447784	31.18869
24.8061089515686	35.96091
24.8217389583588	39.84949
24.8373589515686	43.44781
24.8529889583588	46.85315
24.8686089515686	49.7739
24.8842389583588	51.77135
24.8998589515686	52.54156
24.9154889583588	52.01468
24.9311189651489	50.46994
24.9467389583588	48.32875
24.9623689651489	46.07323
24.9779889583588	44.01048
24.9936189651489	42.19484
25.0092389583588	40.46357
25.0248689651489	38.50591
25.0404989719391	36.02208
25.0561189651489	32.78262
25.0717489719391	28.75706
25.0873689651489	24.01222
25.1029989719391	18.71536
25.1186189651489	13.08424
25.1342489719391	7.260414
25.1498789787292	1.313148
25.1654989719391	-4.74102
25.1811289787292	-10.97193
25.1967489719391	-17.5789
25.2123789787292	-24.80773
25.2279989719391	-32.81545
25.2436289787292	-41.51569
25.2592589855194	-50.30569
25.2748789787292	-57.98966
25.2905089855194	-62.99284
25.3061289787292	-63.73333
25.3217589855194	-59.22261
25.3373789787292	-49.54718
25.3530089855194	-35.9124
25.3686389923096	-20.32348
25.3842589855194	-4.915953
25.3998889923096	8.726062
25.4155089855194	19.94736
25.4311389923096	28.97793
25.4467589855194	36.60528
25.4623889923096	43.64088
25.4780189990997	50.54583
25.4936389923096	57.29299
25.5092689990997	63.48136
25.5248889923096	68.54209
25.5405189990997	71.98477
25.5561389923096	73.59714
25.5717689990997	73.51907
25.5873987674713	72.15706
25.6030189990997	70.09412
25.6186487674713	67.85934
25.6342689990997	65.81406
25.6498987674713	63.96293
25.6655189990997	62.04684
25.6811487674713	59.65017
25.6967787742615	56.33113
25.7123987674713	51.77852
25.7280287742615	45.93908
25.7436487674713	38.96477
25.7592787742615	31.21918
25.7748987674713	23.17774
25.7905287742615	15.29153
25.8061587810516	7.90641
25.8217787742615	1.148674
25.8374087810516	-5.109612
25.8530287742615	-11.24934
25.8686587810516	-17.75597
25.8842787742615	-24.9874
25.8999087810516	-32.88346
25.9155387878418	-40.73697
25.9311587810516	-47.23598
25.9467887878418	-50.72047
25.9624087810516	-49.81529
25.9780387878418	-43.94687
25.9936587810516	-33.73797
26.0092887878418	-20.83611
26.024918794632	-7.384514
26.0405387878418	4.72805
26.056168794632	14.43985
26.0717887878418	21.6755
26.087418794632	27.06535
26.1030387878418	31.46356
26.118668794632	35.51139
26.1342988014221	39.42157
26.149918794632	43.09986
26.1655488014221	46.25179
26.181168794632	48.64556
26.1967988014221	50.08549
26.212418794632	50.46205
26.2280488014221	49.76411
26.2436788082123	48.07483
26.2592988014221	45.6777
26.2749288082123	42.9782
26.2905488014221	40.41864
26.3061788082123	38.32212
26.3217988014221	36.79334
26.3374288082123	35.61206
26.3530588150024	34.36908
26.3686788082123	32.62164
26.3843088150024	30.03523
26.3999288082123	26.59205
26.4155588150024	22.52592
26.4311788082123	18.25698
26.4468088150024	14.28128
26.4624388217926	11.0215
26.4780588150024	8.764192
26.4936888217926	7.69132
26.5093088150024	7.871238
26.5249388217926	9.201651
26.5405588150024	11.53895
26.5561888217926	14.64994
26.5718188285828	18.43641
26.5874388217926	23.00105
26.6030688285828	28.67117
26.6186888217926	35.78064
26.6343188285828	44.35982
26.6499388217926	53.91693
26.6655688285828	63.37092
26.6811988353729	71.48428
26.6968188285828	77.20281
26.7124488353729	80.07181
26.7280688285828	80.28773
26.7436988353729	78.44857
26.7593188285828	75.0959
26.7749488353729	70.39359
26.7905788421631	64.08112
26.8061988353729	55.75262
26.8218288421631	45.31055
26.8374488353729	33.21152
26.8530788421631	20.45252
26.8686988353729	8.295441
26.8843288421631	-2.198227
26.8999588489532	-10.41389
26.9155788421631	-16.3398
26.9312088489532	-20.42128
26.9468288421631	-23.30446
26.9624588489532	-25.61172
26.9780788421631	-27.88237
26.9937088489532	-30.57765
27.0093388557434	-34.12834
27.0249588489532	-38.95186
27.0405888557434	-45.27728
27.0562088489532	-53.04904
27.0718388557434	-61.88654
27.0874588489532	-71.23093
27.1030888557434	-80.53664
27.1187188625336	-89.51489
27.1343388557434	-98.19319
27.1499688625336	-106.7569
27.1655888557434	-115.3781
27.1812188625336	-123.9035
27.1968388557434	-131.8768
27.2124688625336	-138.5711
27.2280988693237	-143.2659
27.2437188625336	-145.3795
27.2593488693237	-144.4854
27.2749688625336	-140.3297
27.2905988693237	-132.8043
27.3062188625336	-122.0772
27.3218488693237	-108.6934
27.3374788761139	-93.65695
27.3530988693237	-78.22998
27.3687288761139	-63.5853
27.3843488693237	-50.46927
27.3999788761139	-39.01233
27.4156088829041	-28.77115
27.4312288761139	-19.08255
27.4468588829041	-9.443512
27.4624788761139	0.2793579
27.4781088829041	9.805359
27.4937288761139	18.66971
27.5093588829041	26.37494
27.5249888896942	32.65326
27.5406088829041	37.38724
27.5562388896942	40.6474
27.5718588829041	42.54874
27.5874888896942	43.1716
27.6031088829041	42.60983
27.6187388896942	41.05002
27.6343688964844	38.83133
27.6499888896942	36.49606
27.6656188964844	34.6778
27.6812388896942	33.93726
27.6968688964844	34.46442
27.7124888896942	36.00412
27.7281188964844	37.84967
27.7437489032745	39.06177
27.7593688964844	38.90765
27.7749989032745	37.01019
27.7906188964844	33.49246
27.8062489032745	28.79309
27.8218688964844	23.41531
27.8374989032745	17.64001
27.8531289100647	11.4491
27.8687489032745	4.650635
27.8843789100647	-2.914856
27.8999989032745	-11.12112
27.9156289100647	-19.47691
27.9312489032745	-27.15472
27.9468789100647	-33.17126
27.9625089168549	-36.68442
27.9781289100647	-37.19209
27.9937589168549	-34.63434
28.0093789100647	-29.50226
28.0250089168549	-22.64204
28.0406289100647	-15.06372
28.0562589168549	-7.717957
28.071888923645	-1.268967
28.0875089168549	4.035126
28.103138923645	8.216827
28.1187589168549	11.49568
28.134388923645	14.09294
28.1500089168549	16.05934
28.165638923645	17.34001
28.1812689304352	17.87471
28.196888923645	17.64987
28.2125189304352	16.8205
28.228138923645	15.6552
28.2437689304352	14.36798
28.259388923645	13.10025
28.2750189304352	11.83922
28.2906489372253	10.50279
28.3062689304352	9.003983
28.3218989372253	7.339188
28.3375189304352	5.581161
28.3531489372253	3.806305
28.3687689304352	2.045212
28.3843989372253	0.1820984
28.4000289440155	-1.921204
28.4156489372253	-4.382858
28.4312789440155	-7.228333
28.4468989372253	-10.2995
28.4625289440155	-13.34276
28.4781489372253	-16.12511
28.4937789440155	-18.49434
28.5094089508057	-20.51215
28.5250289440155	-22.44489
28.5406589508057	-24.70641
28.5562789440155	-27.7202
28.5719089508057	-31.82361
28.5875289440155	-37.0601
28.6031589508057	-43.11111
28.6187889575958	-49.28378
28.6344089508057	-54.48814
28.6500389575958	-57.57515
28.6656589508057	-57.65143
28.6812889575958	-54.39368
28.6969089508057	-48.20593
28.7125389575958	-40.13809
28.728168964386	-31.51216
28.7437889575958	-23.53528
28.759418964386	-16.9684
28.7750389575958	-11.95659
28.790668964386	-8.225784
28.8062889575958	-5.289948
28.821918964386	-2.803421
28.8375489711761	-0.5795441
28.853168964386	1.338455
28.8687989711761	2.85498
28.884418964386	3.905655
28.9000489711761	4.548569
28.915668964386	4.957672
28.9312989711761	5.324554
28.9469289779663	5.816864
28.9625489711761	6.466248
28.9781789779663	7.210464
28.9937989711761	7.940201
29.0094289779663	8.568573
29.0250489711761	9.073914
29.0406789779663	9.395737
29.0563089847565	9.499527
29.0719289779663	9.268066
29.0875589847565	8.603729
29.1031789779663	7.497131
29.1188089847565	6.054932
29.1344289779663	4.528854
29.1500589847565	3.214584
29.1656889915466	2.336578
29.1813089847565	1.889618
29.1969389915466	1.596054
29.2125589847565	0.9633789
29.2281889915466	-0.4792328
29.2438089847565	-2.929489
29.2594389915466	-6.120026
29.2750689983368	-9.20755
29.2906889915466	-10.9213
29.3063189983368	-9.926865
29.3219389915466	-5.285492
29.3375689983368	3.147736
29.3531889915466	14.66663
29.3688189983368	27.98825
29.3844487667084	41.81136
29.4000689983368	55.29787
29.4156987667084	68.33678
29.4313189983368	81.30254
29.4469487667084	94.61139
29.4625689983368	108.3192
29.4781987667084	121.9329
29.4938287734985	134.5691
29.5094487667084	145.4006
29.5250787734985	153.9965
29.5406987667084	160.5468
29.5563287734985	165.7875
29.5719487667084	170.951
29.5875787734985	177.5682
29.6032087802887	187.1832
29.6188287734985	200.7676
29.6344587802887	217.947
29.6500787734985	236.4747
29.6657087802887	252.5346
29.6813387870789	261.9902
29.6969587802887	262.0516
29.7125887870789	252.4857
29.7282087802887	235.6796
29.7438387870789	215.524
29.7594587802887	195.7206
29.7750887870789	178.5251
29.790718793869	164.3653
29.8063387870789	152.3217
29.821968793869	140.9805
29.8375887870789	128.9857
29.853218793869	115.2285
29.8688387870789	98.81277
29.884468793869	79.12277
29.9000988006592	56.1214
29.915718793869	30.51907
29.9313488006592	3.76593
29.946968793869	-22.4736
29.9625988006592	-46.95016
29.978218793869	-69.26172
29.9938488006592	-89.93246
30.0094788074493	-110.2609
30.0250988006592	-132.1583
30.0407288074493	-157.725
30.0563488006592	-188.6848
30.0719788074493	-225.33
30.0875988006592	-265.7383
30.1032288074493	-305.665
30.1188588142395	-339.4255
30.1344788074493	-361.4994
30.1501088142395	-368.175
30.1657288074493	-358.415
30.1813588142395	-333.5857
30.1969788074493	-296.4451
30.2126088142395	-249.9916
30.2282388210297	-196.9285
30.2438588142395	-139.8063
30.2594888210297	-81.6098
30.2751088142395	-25.88336
30.2907388210297	23.61688
30.3063588142395	63.8985
30.3219888210297	93.54321
30.3376188278198	112.882
30.3532388210297	123.3749
30.3688688278198	126.6997
30.3844888210297	124.0251
30.4001188278198	115.8608
30.4157388210297	102.4985
30.4313688278198	84.57324
30.44699883461	63.4682
30.4626188278198	41.09967
30.47824883461	19.32892
30.4938688278198	-0.625061
30.50949883461	-18.52325
30.5251188278198	-34.90314
30.54074883461	-50.61401
30.5563788414001	-66.30194
30.57199883461	-82.12689
30.5876288414001	-97.74231
30.60324883461	-112.5114
30.6188788414001	-125.5761
30.63449883461	-135.894
30.6501288414001	-142.2745
30.6657588481903	-143.4492
30.6813788414001	-138.4581
30.6970088481903	-127.1146
30.7126288414001	-110.463
30.7282588481903	-90.74854
30.7438788414001	-70.90912
30.7595088481903	-53.71039
30.7751388549805	-40.84387
30.7907588481903	-32.4881
30.8063888549805	-27.47717
30.8220088481903	-23.99994
30.8376388549805	-20.38263
30.8532588481903	-15.7301
30.8688888549805	-10.03955
30.8845188617706	-3.857666
30.9001388549805	2.141479
30.9157688617706	7.560669
30.9313888549805	12.33966
30.9470188617706	16.64294
30.9626388549805	20.56641
30.9782688617706	23.99622
30.9938988685608	26.65607
31.0095188617706	28.21649
31.0251488685608	28.44543
31.0407688617706	27.36108
31.0563988685608	25.14563
31.0720188617706	22.05396
31.0876488685608	18.25311
31.103278875351	13.75854
31.1188988685608	8.38916
31.134528875351	1.911072
31.1501488685608	-5.804932
31.165778875351	-14.60669
31.1813988685608	-23.99109
31.197028875351	-33.2149
31.2126588821411	-41.49323
31.228278875351	-48.34814
31.2439088821411	-53.76886
31.259528875351	-58.3432
31.2751588821411	-63.09631
31.290778875351	-69.16473
31.3064088821411	-77.40039
31.3220388889313	-88.06702
31.3376588821411	-100.5876
31.3532888889313	-113.4946
31.3689088821411	-124.6425
31.3845388889313	-131.5979
31.4001588821411	-132.3501
31.4157888889313	-125.8997
31.4314188957214	-112.7343
31.4470388889313	-94.65509
31.4626688957214	-74.29877
31.4782888889313	-54.22577
31.4939188957214	-36.19855
31.5095388889313	-20.81677
31.5251688957214	-7.674561
31.5407989025116	4.007507
31.5564188957214	14.86322
31.5720489025116	24.98059
31.5876688957214	33.9621
31.6032989025116	41.22028
31.6189188957214	46.39581
31.6345489025116	49.58893
31.6501789093018	51.32275
31.6657989025116	52.41589
31.6814289093018	53.60388
31.6970489025116	55.32629
31.7126789093018	57.62933
31.7282989025116	60.21228
31.7439289093018	62.6474
31.7595589160919	64.5874
31.7751789093018	65.86731
31.7908089160919	66.47668
31.8064289093018	66.5293
31.8220589160919	66.01593
31.8376889228821	64.68121
31.8533089160919	62.1236
31.8689389228821	57.86176
31.8845589160919	51.60956
31.9001889228821	43.409
31.9158089160919	33.72766
31.9314389228821	23.22449
31.9470689296722	12.69824
31.9626889228821	2.796509
31.9783189296722	-6.118164
31.9939389228821	-14.00946
32.0095689296722	-21.15643
32.0251889228821	-28.08472
32.0408189296722	-35.48047
32.0564489364624	-44.01862
32.0720689296722	-54.21497
32.0876989364624	-65.97858
32.1033189296722	-78.39825
32.1189489364624	-89.59686
32.1345689296722	-97.02209
32.1501989364624	-98.15106
32.1658289432526	-91.33466
32.1814489364624	-76.51202
32.1970789432526	-55.32629
32.2126989364624	-30.6886
32.2283289432526	-5.898804
32.2439489364624	16.26056
32.2595789432526	34.12939
32.2752089500427	47.26025
32.2908289432526	56.11859
32.3064589500427	61.65302
32.3220789432526	64.94049
32.3377089500427	66.99255
32.3533289432526	68.72076
32.3689589500427	70.92395
32.3845889568329	74.24371
32.4002089500427	79.12372
32.4158389568329	85.75464
32.4314589500427	93.97888
32.4470889568329	103.2664
32.4627089500427	112.6915
32.4783389568329	121.045
32.493968963623	127.0182
32.5095889568329	129.5323
32.525218963623	127.925
32.5408389568329	122.1185
32.556468963623	112.5623
32.5720889568329	100.0182
32.587718963623	85.32892
32.6033489704132	69.20447
32.618968963623	52.17267
32.6345989704132	34.61975
32.650218963623	16.9704
32.6658489704132	-0.1474609
32.681468963623	-15.86481
32.6970989704132	-29.2179
32.7127289772034	-39.41058
32.7283489704132	-46.09497
32.7439789772034	-49.60669
32.7595989704132	-50.90137
32.7752289772034	-51.33722
32.7908489704132	-52.42639
32.8064789772034	-55.56799
32.8221089839935	-61.85205
32.8377289772034	-71.79956
32.8533589839935	-85.06946
32.8689789772034	-100.1257
32.8846089839935	-114.3073
32.9002289772034	-124.3036
32.9158589839935	-127.1057
32.9314889907837	-121.0762
32.9471089839935	-106.5971
32.9627389907837	-85.99231
32.9783589839935	-62.78326
32.9939889907837	-40.46741
33.0096089839935	-21.47504
33.0252389907837	-6.774231
33.0408689975739	3.89801
33.0564889907837	11.39581
33.0721189975739	16.46155
33.0877389907837	19.37451
33.1033689975739	19.95947
33.1189889907837	17.87457
33.1346189975739	12.98364
33.1502487659454	5.576233
33.1658689975739	-3.648193
33.1814987659454	-13.74884
33.1971189975739	-23.81598
33.2127487659454	-33.19031
33.2283689975739	-41.56519
33.2439987659454	-48.88934
33.2596287727356	-55.30902
33.2752487659454	-60.99768
33.2908787727356	-66.14661
33.3064987659454	-70.94171
33.3221287727356	-75.64478
33.3377487659454	-80.58582
33.3533787727356	-86.17352
33.3690087795258	-92.78937
33.3846287727356	-100.6581
33.4002587795258	-109.7181
33.4158787727356	-119.5415
33.4315087795258	-129.5165
33.4471287727356	-139.1096
33.4627587795258	-148.0439
33.4783887863159	-156.479
33.4940087795258	-164.8209
33.5096387863159	-173.4385
33.5252587795258	-182.3746
33.5408887863159	-191.2906
33.5565087795258	-199.5983
33.5721387863159	-206.705
33.5877687931061	-211.9989
33.6033887863159	-214.6965
33.6190187931061	-213.631
33.6346387863159	-207.3336
33.6502687931061	-194.4392
33.6658887863159	-174.3065
33.6815187931061	-147.4518
33.6971487998962	-115.4408
33.7127687931061	-80.42493
33.7283987998962	-44.4653
33.7440187931061	-9.204926
33.7596487998962	24.2525
33.7752687931061	55.01105
33.7908987998962	82.23169
33.8065288066864	105.1472
33.8221487998962	123.2918
33.8377788066864	136.7922
33.8533987998962	146.3743
33.8690288066864	153.0951
33.8846487998962	157.983
33.9002788066864	161.7022
33.9159088134766	164.4459
33.9315288066864	166.0496
33.9471588134766	166.0705
33.9627788066864	163.9962
33.9784088134766	159.4256
33.9940288066864	152.2344
34.0096588134766	142.7089
34.0252888202667	131.5001
34.0409088134766	119.3791
34.0565388202667	106.9785
34.0721588134766	94.62655
34.0877888202667	82.37463
34.1034088134766	70.2316
34.1190388202667	58.40804
34.1346688270569	47.46437
34.1502888202667	38.15304
34.1659188270569	31.15298
34.1815388202667	26.64409
34.1971688270569	24.14888
34.2127888202667	22.59737
34.2284188270569	20.59687
34.244048833847	16.84144
34.2596688270569	10.57458
34.275298833847	1.904343
34.2909188270569	-8.093948
34.306548833847	-17.45994
34.3221688270569	-23.81507
34.337798833847	-25.04124
34.3534288406372	-19.94302
34.369048833847	-8.654816
34.3846788406372	7.390549
34.400298833847	25.92284
34.4159288406372	44.5304
34.431548833847	61.22327
34.4471788406372	74.74382
34.4628088474274	84.62373
34.4784288406372	90.93097
34.4940588474274	94.05348
34.5096788406372	94.51967
34.5253088474274	92.91386
34.5409388542175	89.86456
34.5565588474274	85.94395
34.5721888542175	81.69691
34.5878088474274	77.48975
34.6034388542175	73.59723
34.6190588474274	70.17178
34.6346888542175	67.27396
34.6503188610077	64.86099
34.6659388542175	62.85397
34.6815688610077	61.08752
34.6971888542175	59.28491
34.7128188610077	57.1344
34.7284388542175	54.21115
34.7440688610077	50.08609
34.7596988677979	44.39566
34.7753188610077	37.03748
34.7909488677979	28.21548
34.8065688610077	18.48169
34.8221988677979	8.578064
34.8378188610077	-0.7714844
34.8534488677979	-9.100861
34.869078874588	-16.32251
34.8846988677979	-22.76019
34.900328874588	-29.10928
34.9159488677979	-36.14761
34.931578874588	-44.52103
34.9471988677979	-54.33832
34.962828874588	-64.88101
34.9784588813782	-74.55014
34.994078874588	-81.13766
35.0097088813782	-82.44992
35.025328874588	-77.08621
35.0409588813782	-65.01511
35.056578874588	-47.70239
35.0722088813782	-27.7529
35.0878388881683	-8.052185
35.1034588813782	9.073425
35.1190888881683	22.3909
35.1347088813782	31.82352
35.1503388881683	38.05347
35.1659588813782	42.02823
35.1815888881683	44.57959
35.1972188949585	46.26944
35.2128388881683	47.37698
35.2284688949585	47.98792
35.2440888881683	48.06891
35.2597188949585	47.50262
35.2753388881683	46.10779
35.2909688949585	43.74271
35.3065989017487	40.44321
35.3222188949585	36.47327
35.3378489017487	32.32611
35.3534688949585	28.53796
35.3690989017487	25.47629
35.3847188949585	23.16373
35.4003489017487	21.17905
35.4159789085388	18.86661
35.4315989017487	15.49765
35.4472289085388	10.63281
35.4628489017487	4.206146
35.4784789085388	-3.364288
35.4940989017487	-11.30811
35.5097289085388	-18.80676
35.525358915329	-25.2218
35.5409789085388	-30.38858
35.556608915329	-34.61301
35.5722289085388	-38.68988
35.587858915329	-43.61633
35.6034789085388	-50.20682
35.619108915329	-58.58151
35.6347389221191	-67.86816
35.650358915329	-76.13953
35.6659889221191	-80.88266
35.681608915329	-79.80701
35.6972389221191	-71.6438
35.712858915329	-56.74567
35.7284889221191	-37.0351
35.7441189289093	-15.38635
35.7597389221191	5.357178
35.7753689289093	23.18689
35.7909889221191	37.24866
35.8066189289093	47.74225
35.8222389221191	55.4021
35.8378689289093	61.01996
35.8534989356995	65.14429
35.8691189289093	68.09686
35.8847489356995	70.10443
35.9003689289093	71.38135
35.9159989356995	72.12427
35.9316189289093	72.39539
35.9472489356995	72.10962
35.9628789424896	71.09778
35.9784989356995	69.19922
35.9941289424896	66.46912
36.0097489356995	63.19812
36.0253789424896	59.83246
36.0409989356995	56.7467
36.0566289424896	54.05676
36.0722589492798	51.52441
36.0878789424896	48.59998
36.1035089492798	44.70557
36.1191289424896	39.38123
36.1347589492798	32.54779
36.1503789424896	24.50928
36.1660089492798	15.86218
36.1816389560699	7.309021
36.1972589492798	-0.5777588
36.2128889560699	-7.509338
36.2285089492798	-13.62445
36.2441389560699	-19.40973
36.2597589492798	-25.61908
36.2753889560699	-32.93091
36.2910189628601	-41.67273
36.3066389560699	-51.46582
36.3222689628601	-61.10199
36.3378889560699	-68.65533
36.3535189628601	-72.01367
36.3691389560699	-69.59235
36.3847689628601	-60.93701
36.4003989696503	-47.07031
36.4160189628601	-30.14374
36.4316489696503	-12.79187
36.4472689628601	2.70575
36.4628989696503	15.02289
36.4785189628601	23.98676
36.4941489696503	30.21558
36.5097789764404	34.67029
36.5253989696503	38.14624
36.5410289764404	41.02136
36.5566489696503	43.31171
36.5722789764404	44.85864
36.5878989696503	45.47388
36.6035289764404	45.11566
36.6191589832306	43.87805
36.6347789764404	41.97412
36.6504089832306	39.6521
36.6660289764404	37.18994
36.6816589832306	34.86487
36.6972889900208	32.98511
36.7129089832306	31.86218
36.7285389900208	31.68317
36.7441589832306	32.40997
36.7597889900208	33.68982
36.7754089832306	34.93341
36.7910389900208	35.51923
36.8066689968109	35.11475
36.8222889900208	33.87097
36.8379189968109	32.37823
36.8535389900208	31.40759
36.8691689968109	31.53912
36.8847889900208	32.93927
36.9004189968109	35.22736
36.9160487651825	37.69995
36.9316689968109	39.54065
36.9472987651825	40.14398
36.9629189968109	39.25769
36.9785487651825	37.24829
36.9941689968109	35.14459
37.0097987651825	34.50189
37.0254287719727	37.06741
37.0410487651825	44.13022
37.0566787719727	55.89563
37.0722987651825	71.18271
37.0879287719727	87.69641
37.1035487651825	102.8148
37.1191787719727	114.5979
37.1348087787628	122.5262
37.1504287719727	127.4901
37.1660587787628	131.2251
37.1816787719727	135.3886
37.1973087787628	140.8343
37.2129287719727	147.4114
37.2285587787628	154.3441
37.244188785553	160.8158
37.2598087787628	166.3001
37.275438785553	170.6158
37.2910587787628	173.6542
37.306688785553	175.0627
37.3223087787628	174.2586
37.337938785553	170.6324
37.3535687923431	163.8706
37.369188785553	154.1772
37.3848187923431	142.2836
37.400438785553	129.067
37.4160687923431	115.2193
37.431688785553	100.974
37.4473187923431	86.1528
37.4629487991333	70.37404
37.4785687923431	53.39174
37.4941987991333	35.39024
37.5098187923431	17.01507
37.5254487991333	-0.7723694
37.5410687923431	-17.00461
37.5566987991333	-31.01283
37.5723288059235	-42.66035
37.5879487991333	-52.49017
37.6035788059235	-61.48107
37.6191987991333	-70.86741
37.6348288059235	-81.74033
37.6504487991333	-94.63593
37.6660788059235	-109.3771
37.6817088127136	-124.8931
37.6973288059235	-139.3846
37.7129588127136	-150.6369
37.7285788059235	-156.7296
37.7442088127136	-156.4639
37.7598288059235	-149.8646
37.7754588127136	-138.2037
37.7910888195038	-123.5574
37.8067088127136	-108.2573
37.8223388195038	-94.19475
37.8379588127136	-82.46616
37.8535888195038	-73.29822
37.8692088127136	-66.37793
37.8848388195038	-61.13
37.9004688262939	-57.06659
37.9160888195038	-53.90298
37.9317188262939	-51.4566
37.9473388195038	-49.61938
37.9629688262939	-48.16733
37.9785888195038	-46.87451
37.9942188262939	-45.51086
38.0098488330841	-44.00842
38.0254688262939	-42.46497
38.0410988330841	-41.19815
38.0567188262939	-40.5639
38.0723488330841	-40.78256
38.0879688262939	-41.79053
38.1035988330841	-43.24103
38.1192288398743	-44.6217
38.1348488330841	-45.5141
38.1504788398743	-45.83246
38.1660988330841	-45.88702
38.1817288398743	-46.30969
38.1973488330841	-47.7652
38.2129788398743	-50.60046
38.2286088466644	-54.74243
38.2442288398743	-59.73322
38.2598588466644	-64.94812
38.2754788398743	-69.91437
38.2911088466644	-74.47925
38.3067288398743	-78.7818
38.3223588466644	-83.15308
38.3379888534546	-87.89764
38.3536088466644	-93.19684
38.3692388534546	-99.039
38.3848588466644	-105.1893
38.4004888534546	-111.0358
38.4161088466644	-115.611
38.4317388534546	-117.6528
38.4473688602448	-116.0339
38.4629888534546	-110.2161
38.4786188602448	-100.629
38.4942388534546	-88.70074
38.5098688602448	-76.42529
38.5254888534546	-65.716
38.5411188602448	-57.66534
38.5567488670349	-52.35986
38.5723688602448	-49.021
38.5879988670349	-46.51898
38.6036188602448	-43.94788
38.6192488670349	-40.88129
38.6348688602448	-37.40436
38.6504988670349	-33.74286
38.6661288738251	-29.99762
38.6817488670349	-25.995
38.6973788738251	-21.45721
38.7129988670349	-16.23645
38.7286288738251	-10.50983
38.7442488670349	-4.836426
38.7598788738251	0.06286621
38.7755088806152	3.592346
38.7911288738251	5.652954
38.8067588806152	6.682312
38.8223788738251	7.551941
38.8380088806152	9.137573
38.8536288738251	11.99585
38.8692588806152	16.14246
38.8848888874054	21.05707
38.9005088806152	25.94653
38.9161388874054	30.00055
38.9317588806152	32.68823
38.9473888874054	33.75494
38.9630188941956	33.24341
38.9786388874054	31.23834
38.9942688941956	27.79144
39.0098888874054	22.888
39.0255188941956	16.47516
39.0411388874054	8.601135
39.0567688941956	-0.6293335
39.0723989009857	-11.01862
39.0880188941956	-22.31183
39.1036489009857	-34.14923
39.1192688941956	-45.8772
39.1348989009857	-56.48853
39.1505188941956	-64.72174
39.1661489009857	-69.27167
39.1817789077759	-69.22455
39.1973989009857	-64.4162
39.2130289077759	-55.57465
39.2286489009857	-44.16547
39.2442789077759	-31.97607
39.2598989009857	-20.60077
39.2755289077759	-11.11353
39.291158914566	-3.87854
39.3067789077759	1.258118
39.322408914566	4.757813
39.3380289077759	7.036194
39.353658914566	8.340088
39.3692789077759	8.730225
39.384908914566	8.235229
39.4005389213562	7.003113
39.416158914566	5.296936
39.4317889213562	3.479004
39.447408914566	1.727417
39.4630389213562	0.06207275
39.478658914566	-1.698669
39.4942889213562	-3.773254
39.5099189281464	-6.249512
39.5255389213562	-9.103088
39.5411689281464	-12.2796
39.5567889213562	-15.92017
39.5724189281464	-20.30176
39.5880389213562	-25.70758
39.6036689281464	-32.07867
39.6192989349365	-38.91693
39.6349189281464	-45.36603
39.6505489349365	-50.52319
39.6661689281464	-53.91162
39.6817989349365	-55.63055
39.6974189281464	-56.39056
39.7130489349365	-57.22943
39.7286789417267	-59.21631
39.7442989349365	-63.16656
39.7599289417267	-69.40338
39.7755489349365	-77.52643
39.7911789417267	-86.30719
39.8067989349365	-93.94012
39.8224289417267	-98.55273
39.8380589485168	-99.00024
39.8536789417267	-95.41583
39.8693089485168	-89.27563
39.8849289417267	-82.8819
39.9005589485168	-78.33551
39.9161789417267	-76.68195
39.9318089485168	-77.40381
39.947438955307	-78.73914
39.9630589485168	-78.47531
39.978688955307	-74.8526
39.9943089485168	-67.33145
40.009938955307	-56.65637
40.0255589485168	-44.58936
40.041188955307	-33.14819
40.0568189620972	-23.97305
40.072438955307	-17.82593
40.0880689620972	-14.52914
40.103688955307	-13.2067
40.1193189620972	-12.7309
40.134938955307	-12.2374
40.1505689620972	-11.11652
40.1661989688873	-9.018402
40.1818189620972	-5.598694
40.1974489688873	-0.4819336
40.2130689620972	6.480255
40.2286989688873	14.94412
40.2443189620972	23.92188
40.2599489688873	31.97757
40.2755789756775	37.68387
40.2911989688873	40.25404
40.3068289756775	39.78226
40.3224489688873	37.1517
40.3380789756775	33.6044
40.3536989688873	30.22369
40.3693289756775	27.53001
40.3849589824677	25.38306
40.4005789756775	23.16263
40.4162089824677	19.89467
40.4318289756775	14.69816
40.4474589824677	7.025772
40.4630789756775	-2.951111
40.4787089824677	-14.16101
40.4943389892578	-24.69148
40.5099589824677	-32.13578
40.5255889892578	-34.3299
40.5412089824677	-30.06161
40.5568389892578	-19.52204
40.5724589824677	-4.239082
40.5880889892578	13.33424
40.603718996048	30.67245
40.6193389892578	45.86385
40.634968996048	57.99558
40.6505889892578	67.10931
40.666218996048	73.8564
40.6818389892578	78.97406
40.697468996048	82.93452
40.7130990028381	85.87682
40.728718996048	87.70017
40.7443490028381	88.32355
40.759968996048	87.8548
40.7755990028381	86.55688
40.791218996048	84.79053
40.8068490028381	82.7796
40.8224787712097	80.54073
40.8380990028381	77.78059
40.8537287712097	74.1675
40.8693490028381	69.50447
40.8849787712097	63.9312
40.9005990028381	57.94705
40.9162287712097	52.18597
40.9318587779999	47.09865
40.9474787712097	42.65344
40.9631087779999	38.36876
40.9787287712097	33.43802
40.9943587779999	27.10503
41.0099787712097	19.07985
41.0256087779999	9.71991
41.04123878479	-0.1118774
41.0568587779999	-9.436127
41.07248878479	-17.55569
41.0881087779999	-24.40796
41.10373878479	-30.50552
41.1193587779999	-36.75018
41.13498878479	-44.04382
41.1506187915802	-53.00739
41.16623878479	-63.80466
41.1818687915802	-76.0509
41.19748878479	-88.77219
41.2131187915802	-100.4448
41.22873878479	-109.1422
41.2443687915802	-112.9545
41.2599987983704	-110.5194
41.2756187915802	-101.5237
41.2912487983704	-86.89331
41.3068687915802	-68.6344
41.3224987983704	-49.09116
41.3381187915802	-30.29153
41.3537487983704	-13.46454
41.3693788051605	1.118469
41.3849987983704	13.80774
41.4006288051605	25.07111
41.4162487983704	35.17099
41.4318788051605	44.04684
41.4474987983704	51.41483
41.4631288051605	57.0733
41.4787588119507	61.08273
41.4943788051605	63.66205
41.5100088119507	65.12677
41.5256288051605	65.68652
41.5412588119507	65.34729
41.5568888187408	64.06396
41.5725088119507	61.88214
41.5881388187408	59.11102
41.6037588119507	56.27759
41.6193888187408	53.92755
41.6350088119507	52.25085
41.6506388187408	50.95953
41.666268825531	49.27356
41.6818888187408	46.22864
41.697518825531	41.1463
41.7131388187408	33.90594
41.728768825531	25.021
41.7443888187408	15.45453
41.760018825531	6.215881
41.7756488323212	-2.049194
41.791268825531	-9.19281
41.8068988323212	-15.7019
41.822518825531	-22.48273
41.8381488323212	-30.47821
41.853768825531	-40.38898
41.8693988323212	-52.24768
41.8850288391113	-65.10327
41.9006488323212	-77.02527
41.9162788391113	-85.45313
41.9318988323212	-87.8866
41.9475288391113	-82.78406
41.9631488323212	-70.16046
41.9787788391113	-51.64575
41.9944088459015	-29.99158
42.0100288391113	-8.159058
42.0256588459015	11.5791
42.0412788391113	28.11804
42.0569088459015	41.49194
42.0725288391113	52.39197
42.0881588459015	61.59167
42.1037888526917	69.526
42.1194088459015	76.23151
42.1350388526917	81.50122
42.1506588459015	85.19434
42.1662888526917	87.38672
42.1819088459015	88.37341
42.1975388526917	88.55365
42.2131688594818	88.22827
42.2287888526917	87.46814
42.2444188594818	86.12512
42.2600388526917	84.00238
42.2756688594818	81.07056
42.2912888526917	77.58221
42.3069188594818	74.05463
42.322548866272	70.95123
42.3381688594818	68.42566
42.353798866272	66.09924
42.3694188594818	63.15723
42.385048866272	58.67328
42.4006688594818	52.03339
42.416298866272	43.27173
42.4319288730621	33.12952
42.447548866272	22.73315
42.4631788730621	13.14685
42.478798866272	4.934021
42.4944288730621	-2.046021
42.510048866272	-8.490784
42.5256788730621	-15.38043
42.5413088798523	-23.67865
42.5569288730621	-33.97192
42.5725588798523	-46.21539
42.5881788730621	-59.54706
42.6038088798523	-72.18011
42.6194288730621	-81.67151
42.6350588798523	-85.46863
42.6506888866425	-81.68262
42.6663088798523	-69.89276
42.6819388866425	-51.44189
42.6975588798523	-29.09418
42.7131888866425	-6.151733
42.7288088798523	14.62311
42.7444388866425	31.80109
42.7600688934326	45.34949
42.7756888866425	56.1886
42.7913188934326	65.38531
42.8069388866425	73.50562
42.8225688934326	80.44806
42.8381888866425	85.672
42.8538188934326	88.7016
42.8694489002228	89.44836
42.8850688934326	88.36548
42.9006989002228	86.16882
42.9163188934326	83.52051
42.9319489002228	80.74286
42.9475688934326	77.72241
42.9631989002228	74.14575
42.9788289070129	69.73737
42.9944489002228	64.54547
43.0100789070129	58.91504
43.0256989002228	53.40045
43.0413289070129	48.41913
43.0569489002228	44.01843
43.0725789070129	39.79413
43.0882089138031	35.00238
43.1038289070129	28.86926
43.1194589138031	20.87537
43.1350789070129	11.05005
43.1507089138031	-0.02203369
43.1663289070129	-11.34534
43.1819589138031	-21.90094
43.1975889205933	-31.01001
43.2132089138031	-38.5824
43.2288389205933	-45.11993
43.2444589138031	-51.52869
43.2600889205933	-58.81042
43.2757089138031	-67.7384
43.2913389205933	-78.57715
43.3069689273834	-90.92212
43.3225889205933	-103.5666
43.3382189273834	-114.6549
43.3538389205933	-121.9316
43.3694689273834	-123.4003
43.3850889205933	-117.9778
43.4007189273834	-106.0116
43.4163489341736	-89.26825
43.4319689273834	-70.39069
43.4475989341736	-52.02899
43.4632189273834	-35.93805
43.4788489341736	-22.60162
43.4944689273834	-11.36884
43.5100989341736	-1.05835
43.5257289409637	9.369995
43.5413489341736	20.2821
43.5569789409637	31.28302
43.5725989341736	41.45703
43.5882289409637	49.74335
43.6038489341736	55.42493
43.6194789409637	58.29919
43.6351089477539	58.7381
43.6507289409637	57.44257
43.6663589477539	55.22083
43.6819789409637	52.73187
43.6976089477539	50.46039
43.7132289409637	48.76855
43.7288589477539	47.94995
43.7444889545441	48.28705
43.7601089477539	49.89001
43.7757389545441	52.55505
43.7913589477539	55.66724
43.8069889545441	58.38373
43.8226189613342	59.83746
43.8382389545441	59.49561
43.8538689613342	57.33362
43.8694889545441	53.75049
43.8851189613342	49.33368
43.9007389545441	44.55756
43.9163689613342	39.60962
43.9319989681244	34.34351
43.9476189613342	28.39069
43.9632489681244	21.28748
43.9788689613342	12.60846
43.9944989681244	1.9776
44.0101189613342	-10.80475
44.0257489681244	-25.6438
44.0413789749146	-41.89716
44.0569989681244	-58.20923
44.0726289749146	-72.50256
44.0882489681244	-82.41071
44.1038789749146	-85.91327
44.1194989681244	-82.06036
44.1351289749146	-71.34802
44.1663789749146	-37.53528
44.1820089817047	-19.45441
44.1976289749146	-3.171204
44.2132589817047	10.57782
44.2288789749146	21.82574
44.2445089817047	30.97595
44.2601389884949	38.37329
44.2757589817047	44.20721
44.2913889884949	48.49609
44.3070089817047	51.3573
44.3226389884949	53.1217
44.3382589817047	54.27307
44.3538889884949	55.31702
44.369518995285	56.52911
44.3851389884949	57.80011
44.400768995285	58.68823
44.4163889884949	58.63391
44.432018995285	57.29279
44.4476389884949	54.77399
44.463268995285	51.73096
44.4788990020752	49.12921
44.494518995285	47.87915
44.5101490020752	48.46759
44.525768995285	50.75885
44.5413990020752	54.09991
44.557018995285	57.61194
44.5726490020752	60.50836
44.5882787704468	62.37207
44.6038990020752	63.11615
44.6195287704468	62.82617
44.6351490020752	61.55841
44.6507787704468	59.12372
44.6663990020752	55.0899
44.6820287704468	48.95642
44.6976587772369	40.43732
44.7132787704468	29.75604
44.7289087772369	17.91553
44.7445287704468	6.612427
44.7601587772369	-2.069031
44.7757787704468	-6.223389
44.7914087772369	-4.728821
44.8070387840271	2.2901
44.8226587772369	13.50122
44.8382887840271	26.77423
44.8539087772369	39.8457
44.8695387840271	51.03827
44.8851587772369	59.58557
44.9007887840271	65.61884
44.9164187908173	69.77161
44.9320387840271	72.68146
44.9476687908173	74.625
44.9632887840271	75.46362
44.9789187908173	74.87793
44.9945387840271	72.68335
45.0101687908173	69.13556
45.0257987976074	64.84222
45.0414187908173	60.53754
45.0570487976074	56.73486
45.0726687908173	53.42371
45.0882987976074	50.17499
45.1039187908173	46.41193
45.1195487976074	41.82642
45.1351788043976	36.56769
45.1507987976074	31.22742
45.1664288043976	26.39667
45.1820487976074	22.32672
45.1976788043976	18.73096
45.2132987976074	14.83838
45.2289288043976	9.789063
45.2445588111877	3.050568
45.2601788043976	-5.315552
45.2758088111877	-14.66797
45.2914288043976	-24.00433
45.3070588111877	-32.42487
45.3226788043976	-39.4473
45.3383088111877	-45.10715
45.3539388179779	-49.9241
45.3695588111877	-54.65289
45.3851888179779	-60.08328
45.4008088111877	-66.81284
45.4164388179779	-75.03186
45.4320588111877	-84.35361
45.4476888179779	-93.72192
45.4633188247681	-101.5974
45.4789388179779	-106.2811
45.4945688247681	-106.5164
45.5101888179779	-101.9314
45.5258188247681	-93.31717
45.5414388179779	-82.34279
45.5570688247681	-70.968
45.5726988315582	-60.74072
45.5883188247681	-52.39882
45.6039488315582	-45.83174
45.6195688247681	-40.52914
45.6351988315582	-36.08649
45.6508188247681	-32.4221
45.6664488315582	-29.83807
45.6820788383484	-28.7617
45.6976988315582	-29.44084
45.7133288383484	-31.79483
45.7289488315582	-35.39491
45.7445788383484	-39.6387
45.7601988315582	-43.93076
45.7758288383484	-47.90919
45.7914588451385	-51.35353
45.8070788383484	-54.14071
45.8227088451385	-56.17354
45.8383288383484	-57.31599
45.8539588451385	-57.48037
45.8695788383484	-56.72384
45.8852088451385	-55.33118
45.9008388519287	-53.77572
45.9164588451385	-52.70708
45.9320888519287	-52.68758
45.9477088451385	-54.03313
45.9633388519287	-56.65398
45.9789588451385	-60.03915
45.9945888519287	-63.45705
46.0102188587189	-66.13228
46.0258388519287	-67.5583
46.0414688587189	-67.69815
46.0570888519287	-67.02558
46.0727188587189	-66.41555
46.0883388519287	-66.87357
46.1039688587189	-69.20195
46.119598865509	-73.6842
46.1352188587189	-79.96087
46.150848865509	-86.96635
46.1664688587189	-93.05007
46.182098865509	-96.31915
46.1977188587189	-95.13643
46.213348865509	-88.60545
46.2289788722992	-76.91649
46.244598865509	-61.35993
46.2602288722992	-43.92588
46.275848865509	-26.75191
46.2914788722992	-11.48088
46.307098865509	1.15979
46.3227288722992	11.3448
46.3383588790894	19.81123
46.3539788722992	27.3602
46.3696088790894	34.46228
46.3852288722992	41.11031
46.4008588790894	46.96705
46.4164888858795	51.63072
46.4321088790894	54.86621
46.4477388858795	56.73679
46.4633588790894	57.5427
46.4789888858795	57.69421
46.4946088790894	57.51804
46.5102388858795	57.1994
46.5258688926697	56.74327
46.5414888858795	56.10083
46.5571188926697	55.2511
46.5727388858795	54.20154
46.5883688926697	52.97878
46.6039888858795	51.5974
46.6196188926697	49.99741
46.6352488994598	48.07311
46.6508688926697	45.71259
46.6664988994598	42.76884
46.6821188926697	39.15546
46.6977488994598	34.83442
46.7133688926697	29.80082
46.7289988994598	24.17806
46.74462890625	18.19634
46.7602488994598	12.20164
46.77587890625	6.571992
46.7914988994598	1.548993
46.80712890625	-2.886455
46.8227488994598	-6.9904
46.83837890625	-11.19595
46.8540089130402	-16.01479
46.86962890625	-21.79778
46.8852589130402	-28.62828
46.90087890625	-36.13707
46.9165089130402	-43.39146
46.93212890625	-49.06458
46.9477589130402	-51.63365
46.9633889198303	-49.83481
46.9790089130402	-43.16315
46.9946389198303	-32.12218
47.0102589130402	-18.18707
47.0258889198303	-3.375662
47.0415089130402	10.42472
47.0571389198303	22.05328
47.0727689266205	31.3024
47.0883889198303	38.80398
47.1040189266205	45.53143
47.1196389198303	52.28154
47.1352689266205	59.24934
47.1508889198303	66.05109
47.1665189266205	71.90945
47.1821489334106	76.04643
47.1977689266205	78.09083
47.2133989334106	78.10941
47.2290189266205	76.5678
47.2446489334106	74.1284
47.2602689266205	71.42272
47.2758989334106	68.87727
47.2915289402008	66.71158
47.3071489334106	65.00798
47.3227789402008	63.72444
47.3383989334106	62.82411
47.3540289402008	62.17683
47.3696489334106	61.57309
47.3852789402008	60.72851
47.400908946991	59.3434
47.4165289402008	57.2281
47.432158946991	54.29219
47.4477789402008	50.62837
47.463408946991	46.39272
47.4790289402008	41.80762
47.494658946991	37.02788
47.5102889537811	32.19971
47.525908946991	27.41681
47.5415389537811	22.761
47.557158946991	18.27522
47.5727889537811	13.86392
47.588408946991	9.274597
47.6040389537811	4.046402
47.6196689605713	-2.369492
47.6352889537811	-10.54898
47.6509189605713	-20.83672
47.6665389537811	-33.16956
47.6821689605713	-46.90665
47.6977889537811	-60.72031
47.7134189605713	-72.85782
47.7290489673615	-81.41217
47.7446689605713	-84.92795
47.7602989673615	-82.88327
47.7759189605713	-75.92548
47.7915489673615	-65.72137
47.8071689605713	-54.41943
47.8227989673615	-44.02454
47.8384289741516	-35.74835
47.8540489673615	-29.86865
47.8696789741516	-25.85785
47.8852989673615	-22.88223
47.9009289741516	-20.25601
47.9165489673615	-17.67264
47.9321789741516	-15.22028
47.9478089809418	-13.19928
47.9634289741516	-11.95303
47.9790589809418	-11.59174
47.9946789741516	-12.07889
48.0103089809418	-13.17584
48.0259289741516	-14.61337
48.0415589809418	-16.12057
48.0571889877319	-17.47391
48.0728089809418	-18.52588
48.0884389877319	-19.24969
48.1040589809418	-19.74625
48.1196889877319	-20.08832
48.1353089809418	-20.37299
48.1509389877319	-20.61133
48.1665689945221	-20.76978
48.1821889877319	-20.84067
48.1978189945221	-20.87717
48.2134389877319	-20.99326
48.2290689945221	-21.34311
48.2446889877319	-22.02298
48.2603189945221	-22.97543
48.2759490013123	-24.08609
48.2915689945221	-25.1452
48.3071990013123	-25.98999
48.3228189945221	-26.52313
48.3384490013123	-26.72357
48.3540689945221	-26.69281
48.3696990013123	-26.55939
48.3853287696838	-26.55688
48.4009490013123	-26.96863
48.4165787696838	-28.17462
48.4321990013123	-30.45404
48.4478287696838	-33.83868
48.4634490013123	-37.91119
48.4790787696838	-41.64063
48.494708776474	-43.57544
48.5103287696838	-42.23798
48.525958776474	-36.70081
48.5415787696838	-27.08972
48.557208776474	-14.73175
48.5728287696838	-1.744446
48.588458776474	9.667297
48.6040887832642	17.88782
48.619708776474	22.42114
48.6353387832642	23.82776
48.650958776474	23.24512
48.6665887832642	21.84058
48.6822187900543	20.42157
48.6978387832642	19.18311
48.7134687900543	17.95331
48.7290887832642	16.42444
48.7447187900543	14.40833
48.7603387832642	11.98108
48.7759687900543	9.473999
48.7915987968445	7.306641
48.8072187900543	5.713318
48.8228487968445	4.675964
48.8384687900543	3.895813
48.8540987968445	2.978638
48.8697187900543	1.689087
48.8853487968445	0.1459961
48.9009788036346	-1.218018
48.9165987968445	-1.860962
48.9322288036346	-1.39679
48.9478487968445	0.1138916
48.9634788036346	2.132813
48.9790987968445	3.855042
48.9947288036346	4.553894
49.0103588104248	3.822021
49.0259788036346	1.780151
49.0416088104248	-1.074524
49.0572288036346	-4.119324
49.0728588104248	-6.937073
49.0884788036346	-9.483093
49.1041088104248	-12.09155
49.119738817215	-15.34961
49.1353588104248	-19.83789
49.150988817215	-26.02185
49.1666088104248	-34.09003
49.182238817215	-43.92798
49.1978588104248	-54.9776
49.213488817215	-66.2337
49.2291188240051	-76.22223
49.244738817215	-83.31494
49.2603688240051	-86.15356
49.275988817215	-84.16101
49.2916188240051	-77.86273
49.307238817215	-68.76483
49.3228688240051	-58.88177
49.3384988307953	-49.95428
49.3541188240051	-42.82477
49.3697488307953	-37.23505
49.3853688240051	-32.1557
49.4009988307953	-26.41241
49.4166188240051	-19.33325
49.4322488307953	-11.10785
49.4478788375854	-2.633118
49.4634988307953	4.954834
49.4791288375854	10.81934
49.4947488307953	14.80078
49.5103788375854	17.4458
49.5259988307953	19.64771
49.5416288375854	22.21075
49.5572588443756	25.55713
49.5728788375854	29.58917
49.5885088443756	33.98737
49.6041288375854	38.45306
49.6197588443756	42.97357
49.6353788375854	47.74286
49.6510088443756	52.91803
49.6666388511658	58.24115
49.6822588443756	62.85321
49.6978888511658	65.54388
49.7135088443756	65.10657
49.7291388511658	61.02649
49.7447588443756	53.6524
49.7603888511658	44.14038
49.7760188579559	33.93762
49.7916388511658	24.17645
49.8072688579559	15.23877
49.8228888511658	6.66156
49.8385188579559	-2.575562
49.8541388511658	-13.68756
49.8697688579559	-27.57733
49.8853988647461	-44.58502
49.9010188579559	-64.2854
49.9166488647461	-85.38928
49.9322688579559	-105.8492
49.9478988647461	-123.2074
49.9635188579559	-135.1125
49.9791488647461	-139.9967
49.9947788715363	-137.5948
50.0103988647461	-129.0914
50.0260288715363	-116.77
50.0416488647461	-103.276
50.0572788715363	-90.75806
50.0728988647461	-80.29462
50.0885288715363	-71.80316
50.1041588783264	-64.5036
50.1197788715363	-57.54395
50.1354088783264	-50.5752
50.1510288715363	-43.87164
50.1666588783264	-38.08295
50.1822788715363	-33.7804
50.1979088783264	-31.0343
50.2135388851166	-29.4397
50.2291588783264	-28.34851
50.2447888851166	-27.2616
50.2604088783264	-26.11993
50.2760388851166	-25.29846
50.2916588783264	-25.29218
50.3072888851166	-26.41058
50.3229188919067	-28.53931
50.3385388851166	-31.15125
50.3541688919067	-33.65198
50.3697888851166	-35.71295
50.3854188919067	-37.44232
50.4010388851166	-39.45959
50.4166688919067	-42.57294
50.4322988986969	-47.4183
50.4479188919067	-54.2106
50.4635488986969	-62.52289
50.4791688919067	-71.47226
50.4947988986969	-80.01199
50.5104188919067	-87.3093
50.5260488986969	-92.95544
50.5416789054871	-97.05273
50.5572988986969	-100.1172
50.5729289054871	-102.856
50.5885488986969	-106.0278
50.6041789054871	-110.2018
50.6197988986969	-115.6153
50.6354289054871	-121.8415
50.6510589122772	-127.5652
50.6666789054871	-130.5227
50.6823089122772	-127.8869
50.6979289054871	-117.1644
50.7135589122772	-97.07498
50.7291789054871	-68.27271
50.7448089122772	-33.29825
50.7604389190674	4.12384
50.7760589122772	40.19296
50.7916889190674	71.96547
50.8073089122772	97.84988
50.8229389190674	117.4642
50.8385689258575	131.206
50.8541889190674	139.9553
50.8698189258575	144.8519
50.8854389190674	147.3763
50.9010689258575	149.1411
50.9166889190674	151.533
50.9323189258575	155.1193
50.9479489326477	159.3105
50.9635689258575	162.5571
50.9791989326477	163.0881
50.9948189258575	159.9065
51.0104489326477	153.3896
51.0260689258575	145.2035
51.0416989326477	137.5203
51.0573289394379	132.0999
51.0729489326477	129.626
51.0885789394379	129.8101
51.1041989326477	131.9619
51.1198289394379	135.5946
51.1354489326477	140.7336
51.1510789394379	147.7163
51.166708946228	156.77
51.1823289394379	167.8814
51.197958946228	180.93
51.2135789394379	195.9813
51.229208946228	213.3203
51.2448289394379	233.0887
51.260458946228	254.7177
51.2760889530182	276.7653
51.291708946228	297.3319
51.3073389530182	314.9024
51.322958946228	329.0296
51.3385889530182	340.1669
51.354208946228	348.8226
51.3698389530182	354.494
51.3854689598083	355.2947
51.4010889530182	348.601
51.4167189598083	332.5063
51.4323389530182	307.1025
51.4479689598083	274.8301
51.4635889530182	239.7423
51.4792189598083	205.9169
51.4948489665985	176.128
51.5104689598083	151.3847
51.5260989665985	131.3272
51.5417189598083	115.1564
51.5573489665985	102.3684
51.5729689598083	92.953
51.5885989665985	86.99936
51.6042289733887	84.28214
51.6198489665985	83.98938
51.6354789733887	84.86877
51.6510989665985	85.64612
51.6667289733887	85.4566
51.6823489665985	84.03955
51.6979789733887	81.67865
51.7136089801788	78.97052
51.7292289733887	76.41565
51.7448589801788	74.30115
51.7604789733887	72.55841
51.7761089801788	70.90924
51.7917289733887	68.94745
51.8073589801788	66.29352
51.822988986969	62.70721
51.8386089801788	58.06451
51.854238986969	52.38715
51.8698589801788	45.81494
51.885488986969	38.62
51.9011089801788	31.17358
51.916738986969	23.77527
51.9323689937592	16.5542
51.947988986969	9.309204
51.9636189937592	1.546997
51.979238986969	-7.399658
51.9948689937592	-18.06201
52.010488986969	-30.55371
52.0261189937592	-44.4801
52.0417490005493	-59.01392
52.0573689937592	-73.40027
52.0729990005493	-87.37903
52.0886189937592	-101.5458
52.1042490005493	-117.2538
52.1198689937592	-136.2822
52.1354990005493	-160.0392
52.1511287689209	-188.9919
52.1667490005493	-222.4125
52.1823787689209	-258.743
52.1979990005493	-296.2765
52.2136287689209	-333.8514
52.2292490005493	-371.3568
52.2448787689209	-409.5776
52.2605087757111	-449.8319
52.2761287689209	-493.6322
52.2917587757111	-542.4452
52.3073787689209	-597.3087
52.3230087757111	-657.868
52.3386287689209	-721.3038
52.3542587757111	-781.652
52.3698887825012	-830.4421
52.3855087757111	-858.9086
52.4011387825012	-860.9596
52.4167587757111	-835.5055
52.4323887825012	-786.9314
52.4480087757111	-723.2684
52.4636387825012	-653.056
52.4792687892914	-582.7101
52.4948887825012	-515.4756
52.5105187892914	-452.1514
52.5261387825012	-392.7374
52.5417687892914	-337.6975
52.5573887825012	-287.8937
52.5730187892914	-243.8295
52.5886487960815	-204.7855
52.6042687892914	-168.6705
52.6198987960815	-132.8418
52.6355187892914	-95.34155
52.6511487960815	-55.79285
52.6667687892914	-15.69165
52.6823987960815	21.94702
52.6980288028717	53.83484
52.7136487960815	77.60461
52.7292788028717	92.71765
52.7448987960815	100.7008
52.7605288028717	104.4479
52.7761487960815	106.981
52.7917788028717	110.1868
52.8074088096619	114.1033
52.8230288028717	117.0901
52.8386588096619	116.9542
52.8542788028717	112.1477
52.8699088096619	102.7993
52.8855288028717	90.94385
52.9011588096619	79.94037
52.916788816452	73.43945
52.9324088096619	74.2312
52.948038816452	83.38531
52.9636588096619	99.99707
52.979288816452	121.585
52.9949088096619	144.8241
53.010538816452	166.5831
53.0261688232422	184.8156
53.041788816452	198.8141
53.0574188232422	209.05
53.073038816452	216.6325
53.0886688232422	222.5632
53.104288816452	227.3506
53.1199188232422	230.9837
53.1355488300323	233.1364
53.1511688232422	233.5157
53.1667988300323	232.114
53.1824188232422	229.1848
53.1980488300323	225.1549
53.2136688232422	220.4696
53.2292988300323	215.3505
53.2449288368225	209.8319
53.2605488300323	203.8254
53.2761788368225	197.2859
53.2917988300323	190.3409
53.3074288368225	183.3445
53.3230488300323	176.7196
53.3386788368225	170.7993
53.3543088436127	165.668
53.3699288368225	161.0136
53.3855588436127	156.2055
53.4011788368225	150.5314
53.4168088436127	143.4497
53.4324288368225	134.8561
53.4480588436127	125.1745
53.4636888504028	115.2474
53.4793088436127	105.9965
53.4949388504028	98.1329
53.5105588436127	91.799
53.5261888504028	86.58704
53.541818857193	81.66269
53.5574388504028	76.02937
53.573068857193	68.7747
53.5886888504028	59.34309
53.604318857193	47.68272
53.6199388504028	34.45371
53.635568857193	21.19592
53.6511988639832	10.16907
53.666818857193	3.942604
53.6824488639832	4.609245
53.698068857193	12.9854
53.7136988639832	28.19053
53.729318857193	47.81847
53.7449488639832	68.65685
53.7605788707733	87.71192
53.7761988639832	103.028
53.7918288707733	113.9869
53.8074488639832	121.0484
53.8230788707733	125.103
53.8386988639832	126.7808
53.8543288707733	126.2348
53.8699588775635	123.2431
53.8855788707733	117.5067
53.9012088775635	109.0634
53.9168288707733	98.41814
53.9324588775635	86.42871
53.9480788707733	73.98895
53.9637088775635	61.77737
53.9793388843536	50.03931
53.9949588775635	38.88399
54.0105888843536	28.53966
54.0262088775635	19.68237
54.0418388843536	13.34421
54.0574588775635	10.53001
54.0730888843536	11.57719
54.0887188911438	15.70427
54.1043388843536	20.98495
54.1199688911438	24.74358
54.1355888843536	24.40071
54.1512188911438	18.26988
54.1668388843536	6.04866
54.1824688911438	-11.23801
54.198098897934	-31.6221
54.2137188911438	-52.8517
54.229348897934	-73.00734
54.2449688911438	-90.8212
54.260598897934	-105.8126
54.2762188911438	-118.1609
54.291848897934	-128.4355
54.3074789047241	-137.1579
54.323098897934	-144.4016
54.3387289047241	-149.5116
54.354348897934	-151.0739
54.3699789047241	-147.3254
54.385598897934	-136.9073
54.4012289047241	-119.5947
54.4168589115143	-96.72186
54.4324789047241	-71.04279
54.4481089115143	-45.91666
54.4637289047241	-24.28308
54.4793589115143	-7.788269
54.4949789047241	3.530334
54.5106089115143	10.84653
54.5262389183044	15.74713
54.5418589115143	19.4295
54.5574889183044	22.24524
54.5731089115143	23.73111
54.5887389183044	23.13635
54.6043589115143	19.92892
54.6199889183044	14.22073
54.6356189250946	6.80368
54.6512389183044	-1.066437
54.6668689250946	-7.944183
54.6824889183044	-12.59634
54.6981189250946	-14.16064
54.7137389183044	-12.25748
54.7293689250946	-6.996277
54.7449989318848	0.9450684
54.7606189250946	10.41803
54.7762489318848	19.82104
54.7918689250946	27.30249
54.8074989318848	31.24307
54.8231189250946	30.62396
54.8387489318848	25.3504
54.8543789386749	16.2739
54.8699989318848	4.926758
54.8856289386749	-7.06601
54.9012489318848	-18.5097
54.9168789386749	-29.01526
54.9324989318848	-39.02274
54.9481289386749	-49.43774
54.9637589454651	-61.1691
54.9793789386749	-74.41733
54.9950089454651	-88.32339
55.0106289386749	-100.8098
55.0262589454651	-109.0186
55.0418789386749	-110.15
55.0575089454651	-102.4639
55.0731389522552	-86.04147
55.0887589454651	-62.93033
55.1043889522552	-36.61646
55.1200089454651	-10.88156
55.1356389522552	11.31015
55.1512589454651	28.47903
55.1668889522552	40.76547
55.1825189590454	49.30637
55.1981389522552	55.4819
55.2137689590454	60.28577
55.2293889522552	64.121
55.2450189590454	66.83221
55.2606389522552	68.10287
55.2762689590454	67.71805
55.2918989658356	65.65262
55.3075189590454	62.1568
55.3231489658356	57.64581
55.3387689590454	52.66336
55.3543989658356	47.78207
55.3700189590454	43.5806
55.3856489658356	40.54434
55.4012789726257	38.95575
55.4168989658356	38.72351
55.4325289726257	39.25504
55.4481489658356	39.55383
55.4637789726257	38.3934
55.4793989658356	34.75568
55.4950289726257	28.21707
55.5106589794159	19.05017
55.5262789726257	8.202637
55.5419089794159	-3.094116
55.5575289726257	-13.81775
55.5731589794159	-23.51785
55.5887789726257	-32.41138
55.6044089794159	-41.27417
55.6200389862061	-51.15106
55.6356589794159	-62.83817
55.6512889862061	-76.53491
55.6669089794159	-91.38409
55.6825389862061	-105.3839
55.6981589794159	-115.6929
55.7137889862061	-119.3807
55.7294189929962	-114.4292
55.7450389862061	-100.5685
55.7606689929962	-79.65891
55.7762889862061	-55.08508
55.7919189929962	-30.76086
55.8075489997864	-9.846588
55.8231689929962	6.038116
55.8387989997864	16.96457
55.8544189929962	24.21616
55.8700489997864	29.4408
55.8856689929962	34.05234
55.9012989997864	38.78909
55.916928768158	43.84332
55.9325489997864	49.00696
55.948178768158	53.86209
55.9637989997864	57.97656
55.979428768158	60.92514
55.9950489997864	62.47678
56.010678768158	62.6019
56.0263087749481	61.59781
56.041928768158	60.08109
56.0575587749481	58.89645
56.073178768158	58.84891
56.0888087749481	60.52808
56.104428768158	64.05887
56.1200587749481	69.15048
56.1356887817383	75.25519
56.1513087749481	81.92249
56.1669387817383	89.00479
56.1825587749481	96.76453
56.1981887817383	105.693
56.2138087749481	116.1542
56.2294387817383	128.0866
56.2450687885284	140.7928
56.2606887817383	152.9426
56.2763187885284	162.7253
56.2919387817383	168.2256
56.3075687885284	167.8055
56.3231887817383	160.7115
56.3388187885284	147.5811
56.3544487953186	130.7429
56.3700687885284	113.9354
56.3856987953186	101.3331
56.4013187885284	96.15396
56.4169487953186	99.40369
56.4325687885284	109.4091
56.4481987953186	122.3632
56.4638288021088	133.7968
56.4794487953186	140.2019
56.4950788021088	140.1678
56.5106987953186	134.466
56.5263288021088	125.2857
56.5419487953186	115.0352
56.5575788021088	105.2982
56.5732088088989	96.50537
56.5888288021088	88.17426
56.6044588088989	79.54022
56.6200788021088	70.14862
56.6357088088989	60.04688
56.6513288021088	49.79468
56.6669588088989	40.09241
56.6825888156891	31.47919
56.6982088088989	24.10547
56.7138388156891	17.75549
56.7294588088989	11.94745
56.7450888156891	6.07666
56.7607088088989	-0.40271
56.7763388156891	-7.989624
56.7919688224792	-17.01898
56.8075888156891	-27.63525
56.8232188224792	-39.74725
56.8388388156891	-53.07538
56.8544688224792	-67.23352
56.8700888156891	-81.86279
56.8857188224792	-96.82593
56.9013488292694	-112.2442
56.9169688224792	-128.5367
56.9325988292694	-146.3019
56.9482188224792	-166.092
56.9638488292694	-188.038
56.9794688224792	-211.383
56.9950988292694	-234.0752
57.0107288360596	-252.8569
57.0263488292694	-263.9188
57.0419788360596	-264.0559
57.0575988292694	-251.9819
57.0732288360596	-229.0219
57.0888488292694	-199.0165
57.1044788360596	-167.1498
57.1201088428497	-138.3088
57.1357288360596	-115.7048
57.1513588428497	-100.2686
57.1669788360596	-90.83301
57.1826088428497	-85.13416
57.1982288360596	-80.90576
57.2138588428497	-76.56543
57.2294888496399	-71.44763
57.2451088428497	-65.61584
57.2607388496399	-59.38904
57.2763588428497	-52.99438
57.2919888496399	-46.41516
57.3076088428497	-39.40222
57.3232388496399	-31.63245
57.3388688564301	-23.11218
57.3544888496399	-14.23682
57.3701188564301	-5.941406
57.3857388496399	0.4482422
57.4013688564301	3.522461
57.4169888496399	2.13501
57.4326188564301	-4.2229
57.4482488632202	-15.20398
57.4638688564301	-29.61609
57.4794988632202	-45.66479
57.4951188564301	-61.25317
57.5107488632202	-74.48181
57.5263688564301	-84.00623
57.5419988632202	-89.28967
57.5576288700104	-90.76294
57.5732488632202	-89.6969
57.5888788700104	-87.84802
57.6044988632202	-86.98315
57.6201288700104	-88.1134
57.6357488632202	-90.88647
57.6513788700104	-93.46362
57.6670088768005	-92.97522
57.6826288700104	-86.52075
57.6982588768005	-72.44104
57.7138788700104	-51.11255
57.7295088768005	-24.99463
57.7451288700104	2.250732
57.7607588768005	27.01184
57.7763888835907	46.94543
57.7920088768005	61.47278
57.8076388835907	71.48938
57.8232588768005	78.56018
57.8388888835907	83.97522
57.8545088768005	88.28699
57.8701388835907	91.3335
57.8857688903809	92.65173
57.9013888835907	92.06958
57.9170188903809	89.94531
57.9326388835907	87.17542
57.9482688903809	84.8833
57.963898897171	84.06677
57.9795188903809	85.21277
57.995148897171	88.24414
58.0107688903809	92.49988
58.026398897171	96.85144
58.0420188903809	100.0605
58.057648897171	100.9
58.0732789039612	98.47449
58.088898897171	92.33948
58.1045289039612	82.59546
58.120148897171	69.80908
58.1357789039612	54.91309
58.151398897171	38.95129
58.1670289039612	22.86377
58.1826589107513	7.38208
58.1982789039612	-7.083374
58.2139089107513	-20.52942
58.2295289039612	-33.3905
58.2451589107513	-46.26941
58.2607789039612	-59.67578
58.2764089107513	-73.43982
58.2920389175415	-86.35413
58.3076589107513	-96.22607
58.3232889175415	-100.4934
58.3389089107513	-97.24683
58.3545389175415	-86.14673
58.3701589107513	-68.797
58.3857889175415	-48.27893
58.4014189243317	-28.10901
58.4170389175415	-11.04321
58.4326689243317	1.704346
58.4482889175415	10.41455
58.4639189243317	16.23596
58.4795389175415	20.32983
58.4951689243317	23.30603
58.5107989311218	25.18726
58.5264189243317	25.63342
58.5420489311218	24.45703
58.5576689243317	21.74756
58.5732989311218	17.94995
58.5889189243317	13.61853
58.6045489311218	9.251831
58.620178937912	5.181885
58.6357989311218	1.61499
58.651428937912	-1.262939
58.6670489311218	-3.331665
58.682678937912	-4.6521
58.6982989311218	-5.55542
58.713928937912	-6.63208
58.7295589447021	-8.602783
58.745178937912	-12.02161
58.7608089447021	-16.96423
58.776428937912	-23.04346
58.7920589447021	-29.45837
58.807678937912	-35.35742
58.8233089447021	-40.12854
58.8389389514923	-43.64746
58.8545589447021	-46.27563
58.8701889514923	-48.76709
58.8858089447021	-52.03772
58.9014389514923	-56.82214
58.9170589447021	-63.38562
58.9326889514923	-71.15625
58.9483189582825	-78.55237
58.9639389514923	-83.12744
58.9795689582825	-82.10938
58.9951889514923	-73.42737
59.0108189582825	-56.52344
59.0264389514923	-32.91211
59.0420689582825	-5.78125
59.0576989650726	20.93323
59.0733189582825	43.94275
59.0889489650726	61.52661
59.1045689582825	73.81726
59.1201989650726	82.24023
59.1358189582825	88.53271
59.1514489650726	93.8501
59.1670789718628	98.40027
59.1826989650726	101.7258
59.1983289718628	103.1704
59.2139489650726	102.4534
59.2295789718628	99.78601
59.2451989650726	95.65283
59.2608289718628	90.49109
59.276458978653	84.37463
59.2920789718628	77.13342
59.307708978653	68.53711
59.3233289718628	58.62268
59.338958978653	47.80444
59.3545789718628	36.78931
59.370208978653	26.18323
59.3858389854431	16.18665
59.401458978653	6.48645
59.4170889854431	-3.598145
59.432708978653	-14.6394
59.4483389854431	-26.68469
59.463958978653	-39.14307
59.4795889854431	-50.80212
59.4952189922333	-60.31226
59.5108389854431	-66.70471
59.5264689922333	-69.80469
59.5420889854431	-70.36011
59.5577189922333	-69.88354
59.5733389854431	-70.23621
59.5889689922333	-73.15381
59.6045989990234	-79.56384
59.6202189922333	-89.21985
59.6358489990234	-100.4299
59.6514689922333	-110.3119
59.6670989990234	-115.5111
59.6827189922333	-113.2484
59.6983489990234	-102.3546
59.713978767395	-83.80164
59.7295989990234	-60.50342
59.745228767395	-36.25183
59.7608489990234	-14.48193
59.776478767395	2.782593
59.7920989990234	15.21631
59.807728767395	23.87073
59.8233587741852	30.24377
59.838978767395	35.50684
59.8546087741852	40.12976
59.870228767395	43.98779
59.8858587741852	46.80786
59.901478767395	48.52686
59.9171087741852	49.3949
59.9327387809753	49.78894
59.9483587741852	50.00269
59.9639887809753	49.95471
59.9796087741852	49.13977
59.9952387809753	46.9624
60.0108587741852	43.0116
60.0264887809753	37.43726
60.0421187877655	30.82666
60.0577387809753	24.08728
60.0733687877655	17.89355
60.0889887809753	12.33459
60.1046187877655	6.88562
60.1202387809753	0.5897217
60.1358687877655	-7.363159
60.1514987945557	-17.24109
60.1671187877655	-28.51428
60.1827487945557	-40.15808
60.1983687877655	-50.97034
60.2139987945557	-60.16101
60.2296187877655	-67.58984
60.2452487945557	-73.77039
60.2608788013458	-79.6416
60.2764987945557	-86.18164
60.2921288013458	-94.19177
60.3077487945557	-104.0787
60.3233788013458	-115.7821
60.3389987945557	-128.4802
60.3546288013458	-140.4921
60.370258808136	-149.3278
60.3858788013458	-152.2391
60.401508808136	-147.0938
60.4171288013458	-133.2985
60.432758808136	-112.3235
60.4483788013458	-87.42957
60.464008808136	-62.69519
60.4796388149261	-41.73462
60.495258808136	-26.59839
60.5108888149261	-17.43835
60.526508808136	-12.9231
60.5421388149261	-11.14465
60.557758808136	-10.47339
60.5733888149261	-10.06274
60.5890188217163	-9.807251
60.6046388149261	-9.989502
60.6202688217163	-10.86096
60.6358888149261	-12.43176
60.6515188217163	-14.50769
60.6671488285065	-16.76501
60.6827688217163	-18.93982
60.6983988285065	-20.85742
60.7140188217163	-22.43555
60.7296488285065	-23.56262
60.7452688217163	-24.13318
60.7608988285065	-24.02209
60.7765288352966	-23.32581
60.7921488285065	-22.41797
60.8077788352966	-21.84814
60.8233988285065	-22.23938
60.8390288352966	-23.97668
60.8546488285065	-27.11951
60.8702788352966	-31.29309
60.8859088420868	-35.88245
60.9015288352966	-40.24597
60.9171588420868	-44.04041
60.9327788352966	-47.43182
60.9484088420868	-51.07306
60.9640288352966	-55.86133
60.9796588420868	-62.39954
60.995288848877	-70.44489
61.0109088420868	-78.39459
61.026538848877	-83.37219
61.0421588420868	-81.87146
61.057788848877	-70.95044
61.0734088420868	-49.43347
61.089038848877	-18.67468
61.1046688556671	17.58203
61.120288848877	54.27148
61.1359188556671	86.53253
61.151538848877	111.0753
61.1671688556671	126.7922
61.182788848877	134.5967
61.1984188556671	136.5592
61.2140488624573	134.9323
61.2296688556671	131.4974
61.2452988624573	127.354
61.2609188556671	123.1519
61.2765488624573	119.3458
61.2921688556671	116.3573
61.3077988624573	114.5258
61.3234288692474	113.9471
61.3390488624573	114.4104
61.3546788692474	115.3992
61.3702988624573	116.3115
61.3859288692474	116.6432
61.4015488624573	116.1313
61.4171788692474	114.7009
61.4328088760376	112.3102
61.4484288692474	108.7338
61.4640588760376	103.5463
61.4796788692474	96.31091
61.4953088760376	86.79584
61.5109288692474	75.29144
61.5265588760376	62.63068
61.5421888828278	50.07971
61.5578088760376	38.82159
61.5734388828278	29.64288
61.5890588760376	22.53314
61.6046888828278	16.66943
61.6203088760376	10.60504
61.6359388828278	2.716309
61.6515688896179	-8.135437
61.6671888828278	-21.99976
61.6828188896179	-37.40906
61.6984388828278	-51.42059
61.7140688896179	-60.25745
61.7296888828278	-60.48224
61.7453188896179	-50.2016
61.7609488964081	-29.95874
61.7765688896179	-2.799316
61.7921988964081	26.66064
61.8078188896179	53.638
61.8234488964081	74.58954
61.8390688896179	88.07538
61.8546988964081	94.6806
61.8703289031982	96.26764
61.8859488964081	94.95844
61.9015789031982	92.29169
61.9171988964081	88.97424
61.9328289031982	85.04187
61.9484488964081	80.27478
61.9640789031982	74.52466
61.9797089099884	67.82343
61.9953289031982	60.34387
62.0109589099884	52.18311
62.0265789031982	43.34247
62.0422089099884	33.89197
62.0578289031982	24.06604
62.0734589099884	14.37091
62.0890889167786	5.378967
62.1047089099884	-2.558655
62.1203389167786	-9.635803
62.1359589099884	-16.62933
62.1515889167786	-24.63629
62.1672089099884	-34.56537
62.1828389167786	-46.62274
62.1984689235687	-60.14142
62.2140889167786	-73.81586
62.2297189235687	-86.23566
62.2453389167786	-96.48285
62.2609689235687	-104.5375
62.2765889167786	-111.296
62.2922189235687	-118.3011
62.3078489303589	-127.1992
62.3234689235687	-139.0825
62.3390989303589	-153.8782
62.3547189235687	-170.0089
62.3703489303589	-184.4238
62.3859689235687	-193.1871
62.4015989303589	-192.6646
62.417228937149	-180.7815
62.4328489303589	-158.0279
62.448478937149	-127.5223
62.4640989303589	-94.07764
62.479728937149	-62.67542
62.4953489303589	-36.81702
62.510978937149	-17.6803
62.5266089439392	-4.246582
62.542228937149	5.645264
62.5578589439392	14.18152
62.573478937149	22.69348
62.5891089439392	31.49109
62.604728937149	40.25397
62.6203589439392	48.58337
62.6359889507294	56.27948
62.6516089439392	63.46686
62.6672389507294	70.23584
62.6828589439392	76.4079
62.6984889507294	81.48254
62.7141089439392	84.77673
62.7297389507294	85.87836
62.7453689575195	84.94189
62.7609889507294	82.74133
62.7766189575195	80.36035
62.7922389507294	78.66522
62.8078689575195	77.77588
62.8234989643097	76.93231
62.8391189575195	74.80005
62.8547489643097	70.11804
62.8703689575195	62.34247
62.8859989643097	52.01364
62.9016189575195	40.55148
62.9172489643097	29.64871
62.9328789710999	20.52945
62.9484989643097	13.4606
62.9641289710999	7.795349
62.9797489643097	2.271362
62.9953789710999	-4.450378
63.0109989643097	-13.29218
63.0266289710999	-24.34515
63.04225897789	-36.63501
63.0578789710999	-48.04443
63.07350897789	-55.55911
63.0891289710999	-56.00854
63.10475897789	-47.02686
63.1203789710999	-28.0799
63.13600897789	-1.01181
63.1516389846802	30.31522
63.16725897789	61.1582
63.1828889846802	87.41458
63.19850897789	106.8219
63.2141389846802	119.2285
63.22975897789	126.0159
63.2453889846802	128.9295
63.2610189914703	129.1451
63.2766389846802	126.8859
63.2922689914703	121.7593
63.3078889846802	113.4818
63.3235189914703	102.4122
63.3391389846802	89.63336
63.3547689914703	76.54172
63.3703989982605	64.25156
63.3860189914703	53.0831
63.4016489982605	42.52112
63.4172689914703	31.65378
63.4328989982605	19.72522
63.4485189914703	6.586853
63.4641489982605	-7.177216
63.4797787666321	-20.60892
63.4953989982605	-32.87936
63.5110287666321	-43.72079
63.5266489982605	-53.57828
63.5422787666321	-63.39575
63.5578989982605	-74.17584
63.5735287666321	-86.36649
63.5891587734222	-99.69388
63.6047787666321	-113.1382
63.6204087734222	-125.3643
63.6360287666321	-135.2603
63.6516587734222	-142.3546
63.6672787666321	-147.0269
63.6829087734222	-150.3733
63.6985387802124	-153.8592
63.7141587734222	-158.9105
63.7297887802124	-166.5831
63.7454087734222	-177.2035
63.7610387802124	-189.9743
63.7766587734222	-202.8361
63.7922887802124	-212.4854
63.8079187870026	-215.043
63.8235387802124	-207.1718
63.8391687870026	-187.3065
63.8547887802124	-156.545
63.8704187870026	-118.538
63.8860387802124	-78.40091
63.9016687870026	-41.09488
63.9172987937927	-9.89679
63.9329187870026	14.25125
63.9485487937927	32.3324
63.9641687870026	46.25229
63.9797987937927	57.57352
63.9954187870026	66.94556
64.0110487937927	74.09995
64.0266788005829	78.46985
64.0422987937927	79.9173
64.0579288005829	79.0311
64.0735487937927	77.07855
64.0891788005829	75.39316
64.1047987937927	74.89871
64.1204288005829	75.71295
64.136058807373	77.12766
64.1516788005829	78.07053
64.167308807373	77.66956
64.1829288005829	75.72122
64.198558807373	72.81915
64.2141788005829	70.0379
64.229808807373	68.38742
64.2454388141632	68.24393
64.261058807373	69.18817
64.2766888141632	70.159
64.292308807373	69.99384
64.3079388141632	68.02635
64.323558807373	64.35831
64.3391888141632	59.84024
64.3548188209534	55.61214
64.3704388141632	52.60411
64.3860688209534	51.16418
64.4016888141632	50.91476
64.4173188209534	50.97858
64.4329388141632	50.26588
64.4485688209534	47.77998
64.4641988277435	42.87431
64.4798188209534	35.48357
64.4954488277435	26.40559
64.5110688209534	17.58556
64.5266988277435	12.02974
64.5423188209534	13.16615
64.5579488277435	23.85916
64.5735788345337	45.16673
64.5891988277435	75.64026
64.6048288345337	111.5103
64.6204488277435	147.8867
64.6360788345337	180.4051
64.6516988277435	206.677
64.6673288345337	226.7682
64.6829588413239	242.4998
64.6985788345337	256.1408
64.7142088413239	268.9753
64.7298288345337	280.7045
64.7454588413239	289.6076
64.7610788345337	293.5226
64.7767088413239	290.9122
64.792338848114	281.5666
64.8079588413239	266.7562
64.823588848114	248.708
64.8392088413239	229.8691
64.854838848114	212.0222
64.8704588413239	195.8495
64.886088848114	180.9148
64.9017188549042	166.154
64.917338848114	150.5122
64.9329688549042	133.5836
64.948588848114	115.7661
64.9642188549042	97.83823
64.979838848114	80.33762
64.9954688549042	62.85242
65.0110988616943	43.91107
65.0267188549042	21.50012
65.0423488616943	-5.919617
65.0579688549042	-38.46893
65.0735988616943	-74.58759
65.0892188549042	-111.4529
65.1048488616943	-146.1565
65.1204788684845	-176.9547
65.1360988616943	-203.9016
65.1517288684845	-228.9119
65.1673488616943	-254.9702
65.1829788684845	-285.145
65.1985988616943	-321.4196
65.2142288684845	-363.77
65.2298588752747	-409.4858
65.2454788684845	-453.2043
65.2611088752747	-487.7769
65.2767288684845	-506.0094
65.2923588752747	-502.856
65.3079788684845	-477.3023
65.3236088752747	-432.9922
65.3392388820648	-377.3469
65.3548588752747	-319.2755
65.3704888820648	-266.5405
65.3861088752747	-223.896
65.4017388820648	-192.4238
65.417368888855	-170.4271
65.4329888820648	-154.9396
65.448618888855	-143.2419
65.4642388820648	-133.6874
65.479868888855	-125.8491
65.4954888820648	-119.9496
65.511118888855	-116.3263
65.5267488956451	-115.0242
65.542368888855	-115.7039
65.5579988956451	-117.853
65.573618888855	-121.1112
65.5892488956451	-125.4064
65.604868888855	-130.7786
65.6204988956451	-137.2552
65.6361289024353	-144.4569
65.6517488956451	-151.4515
65.6673789024353	-156.8191
65.6829988956451	-158.942
65.6986289024353	-156.4888
65.7142488956451	-148.7864
65.7298789024353	-136.1438
65.7455089092255	-119.7027
65.7611289024353	-101.0676
65.7767589092255	-81.76898
65.7923789024353	-62.71542
65.8080089092255	-44.16724
65.8236289024353	-25.96869
65.8392589092255	-8.160278
65.8548889160156	8.637848
65.8705089092255	23.09543
65.8861389160156	33.48984
65.9017589092255	38.31555
65.9173889160156	36.76389
65.9330089092255	29.14337
65.9486389160156	16.97745
65.9642689228058	2.969193
65.9798889160156	-9.359818
65.9955189228058	-16.19014
66.0111389160156	-14.39059
66.0267689228058	-2.444138
66.0423889160156	18.90123
66.0580189228058	46.76178
66.0736489295959	77.0265
66.0892689228058	105.628
66.1048989295959	129.9218
66.1205189228058	149.1818
66.1361489295959	164.2976
66.1517689228058	176.856
66.1673989295959	188.039
66.1830289363861	198.1223
66.1986489295959	206.4631
66.2142789363861	212.1717
66.2298989295959	214.687
66.2455289363861	214.2044
66.2611489295959	211.6012
66.2767789363861	208.0094
66.2924089431763	204.2737
66.3080289363861	200.6037
66.3236589431763	196.5417
66.3392789363861	191.248
66.3549089431763	184.0119
66.3705289363861	174.6369
66.3861589431763	163.6534
66.4017889499664	152.0856
66.4174089431763	140.9817
66.4330389499664	130.9087
66.4486589431763	121.6733
66.4642889499664	112.4429
66.4799089431763	102.1494
66.4955389499664	90.13911
66.5111689567566	76.55293
66.5267889499664	62.34103
66.5424189567566	48.91397
66.5580389499664	37.48929
66.5736689567566	28.57755
66.5892889499664	21.84164
66.6049189567566	16.23276
66.6205489635468	10.40347
66.6361689567566	3.142151
66.6517989635468	-6.337921
66.6674189567566	-18.27213
66.6830489635468	-32.0824
66.6986689567566	-46.27551
66.7142989635468	-58.45212
66.7299289703369	-65.61935
66.7455489635468	-65.01819
66.7611789703369	-55.11139
66.7767989635468	-36.39529
66.7924289703369	-11.48685
66.8080489635468	15.55664
66.8236789703369	40.61575
66.8393089771271	60.78012
66.8549289703369	74.98773
66.8705589771271	83.92865
66.8861789703369	89.20245
66.9018089771271	92.36612
66.9174289703369	94.39676
66.9330589771271	95.64096
66.9486889839172	96.13654
66.9643089771271	96.10742
66.9799389839172	96.04099
66.9955589771271	96.431
67.0111889839172	97.38074
67.0268089771271	98.20151
67.0424389839172	97.4408
67.0580689907074	93.40054
67.0736889839172	84.83817
67.0893189907074	71.65073
67.1049389839172	55.05896
67.1205689907074	37.21283
67.1361889839172	20.46207
67.1518189907074	6.674072
67.1674489974976	-3.320587
67.1830689907074	-9.627533
67.1986989974976	-12.89848
67.2143189907074	-13.83842
67.2299489974976	-12.78896
67.2455689907074	-9.576035
67.2611989974976	-3.741409
67.2768287658691	5.045944
67.2924489974976	16.50244
67.3080787658691	29.21274
67.3236989974976	40.50424
67.3393287658691	46.89053
67.3549489974976	44.93193
67.3705787658691	32.35677
67.3862087726593	9.055344
67.4018287658691	-22.60838
67.4174587726593	-58.05203
67.4330787658691	-91.50406
67.4487087726593	-117.2737
67.4643287658691	-130.9622
67.4799587726593	-130.3369
67.4955887794495	-115.6701
67.5112087726593	-89.54091
67.5268387794495	-56.13776
67.5424587726593	-20.28105
67.5580887794495	13.62769
67.5737087726593	42.39145
67.5893387794495	64.46215
67.6049687862396	79.87275
67.6205887794495	89.68124
67.6362187862396	95.31539
67.6518387794495	97.98662
67.6674687862396	98.43706
67.6830987930298	96.9158
67.6987187862396	93.42168
67.7143487930298	87.92493
67.7299687862396	80.47729
67.7455987930298	71.34004
67.7612187862396	60.87587
67.7768487930298	49.55407
67.7924787998199	37.98233
67.8080987930298	26.88802
67.8237287998199	16.98774
67.8393487930298	8.708752
67.8549787998199	1.903099
67.8705987930298	-4.364031
67.8862287998199	-11.58702
67.9018588066101	-21.45213
67.9174787998199	-35.12278
67.9331088066101	-52.78492
67.9487287998199	-73.48597
67.9643588066101	-95.50172
67.9799787998199	-116.981
67.9956088066101	-136.6248
68.0112388134003	-154.0466
68.0268588066101	-169.7531
68.0424888134003	-184.8392
68.0581088066101	-200.2996
68.0737388134003	-216.48
68.0893588066101	-232.4462
68.1049888134003	-245.8087
68.1206188201904	-253.0331
68.1362388134003	-250.3161
68.1518688201904	-234.8411
68.1674888134003	-205.8878
68.1831188201904	-165.5383
68.1987388134003	-118.2742
68.2143688201904	-69.92485
68.2299988269806	-26.04187
68.2456188201904	9.487555
68.2612488269806	35.16274
68.2768688201904	51.65405
68.2924988269806	60.90044
68.3081188201904	65.04697
68.3237488269806	65.61222
68.3393788337708	63.33963
68.3549988269806	58.45618
68.3706288337708	51.13203
68.3862488269806	41.85183
68.4018788337708	31.51339
68.4174988269806	21.09509
68.4331288337708	11.24071
68.4487588405609	2.088997
68.4643788337708	-6.733248
68.4800088405609	-15.811
68.4956288337708	-25.60148
68.5112588405609	-36.33162
68.5268788337708	-48.0378
68.5425088405609	-60.70921
68.5581388473511	-74.28142
68.5737588405609	-88.61037
68.5893888473511	-103.2047
68.6050088405609	-117.2022
68.6206388473511	-129.469
68.6362588405609	-138.9738
68.6518888473511	-145.1604
68.6675188541412	-148.2138
68.6831388473511	-149.1552
68.6987688541412	-149.6275
68.7143888473511	-151.4587
68.7300188541412	-155.8939
68.7456388473511	-162.8939
68.7612688541412	-170.6064
68.7768988609314	-175.5025
68.7925188541412	-173.2787
68.8081488609314	-160.3584
68.8237688541412	-135.3722
68.8393988609314	-99.94322
68.8550188541412	-58.33344
68.8706488609314	-15.97693
68.8862788677216	22.21341
68.9018988609314	53.3848
68.9175288677216	77.09515
68.9331488609314	94.79922
68.9487788677216	108.6628
68.9643988609314	120.4829
68.9800288677216	131.1332
68.9956588745117	140.6395
69.0112788677216	148.6584
69.0269088745117	154.9417
69.0425288677216	159.559
69.0581588745117	162.7866
69.0737788677216	164.8119
69.0894088745117	165.5534
69.1050388813019	164.6616
69.1206588745117	161.9034
69.1362888813019	157.3955
69.1519088745117	151.7978
69.1675388813019	146.1484
69.1831588745117	141.4003
69.1987888813019	137.8347
69.214418888092	134.8358
69.2300388813019	131.0933
69.245668888092	125.1302
69.2612888813019	116.0999
69.276918888092	104.1568
69.2925388813019	90.4469
69.308168888092	76.57709
69.3237988948822	63.90253
69.339418888092	52.94788
69.3550488948822	43.185
69.370668888092	33.29388
69.3862988948822	21.66663
69.401918888092	7.063416
69.4175488948822	-10.77637
69.4331789016724	-30.64624
69.4487988948822	-49.86578
69.4644289016724	-64.78796
69.4800488948822	-71.8053
69.4956789016724	-68.60852
69.5112988948822	-55.15216
69.5269289016724	-33.78003
69.5425589084625	-8.46228
69.5581789016724	16.58972
69.5738089084625	38.32611
69.5894289016724	55.62183
69.6050589084625	69.06415
69.6206789016724	80.21442
69.6363089084625	90.60126
69.6519389152527	101.0031
69.6675589084625	111.3137
69.6831889152527	120.8528
69.6988089084625	128.7397
69.7144389152527	134.223
69.7300589084625	136.8395
69.7456889152527	136.3885
69.7613189220428	132.921
69.7769389152527	126.7612
69.7925689220428	118.5626
69.8081889152527	109.2933
69.8238189220428	100.1789
69.8394389152527	92.50885
69.8550689220428	87.32819
69.870698928833	85.08813
69.8863189220428	85.44153
69.901948928833	87.27448
69.9175689220428	88.9978
69.933198928833	89.02954
69.9488289356232	86.29462
69.964448928833	80.45471
69.9800789356232	71.90027
69.995698928833	61.46417
70.0113289356232	49.9108
70.026948928833	37.50571
70.0425789356232	23.83557
70.0582089424133	7.898254
70.0738289356232	-11.67499
70.0894589424133	-36.02151
70.1050789356232	-65.43219
70.1207089424133	-98.82755
70.1363289356232	-133.4234
70.1519589424133	-165.0584
70.1675889492035	-189.075
70.1832089424133	-201.7075
70.1988389492035	-201.2095
70.2144589424133	-188.5612
70.2300889492035	-167.0489
70.2457089424133	-141.0853
70.2613389492035	-114.7602
70.2769689559937	-90.7283
70.2925889492035	-69.90945
70.3082189559937	-51.87445
70.3238389492035	-35.84439
70.3394689559937	-21.28186
70.3550889492035	-8.370514
70.3707189559937	2.254883
70.3863489627838	9.779877
70.4019689559937	13.59387
70.4175989627838	13.46506
70.4332189559937	9.592957
70.4488489627838	2.64621
70.4644689559937	-6.32077
70.4800989627838	-15.91821
70.495728969574	-24.71378
70.5113489627838	-31.41684
70.526978969574	-35.25974
70.5425989627838	-36.18832
70.558228969574	-34.8956
70.5738489627838	-32.62476
70.589478969574	-30.81857
70.6051089763641	-30.73618
70.620728969574	-33.04514
70.6363589763641	-37.75204
70.651978969574	-44.14975
70.6676089763641	-51.11371
70.683228969574	-57.5032
70.6988589763641	-62.56973
70.7144889831543	-66.23962
70.7301089763641	-69.27213
70.7457389831543	-73.14365
70.7613589763641	-79.49429
70.7769889831543	-89.38403
70.7926089763641	-102.4214
70.8082389831543	-116.2136
70.8238689899445	-126.7321
70.8394889831543	-129.4259
70.8551189899445	-120.8956
70.8707389831543	-100.3269
70.8863689899445	-70.10083
70.9019889831543	-34.96075
70.9176189899445	-0.3521118
70.9332489967346	29.47876
70.9488689899445	52.5997
70.9644989967346	69.31168
70.9801189899445	81.28424
70.9957489967346	90.16898
71.0113689899445	96.88913
71.0269989967346	101.5489
71.0426287651062	103.9504
71.0582489967346	104.1364
71.0738787651062	102.6191
71.0894989967346	100.1051
71.1051287651062	97.03024
71.1207489967346	93.26816
71.1363787651062	88.11536
71.1520087718964	80.78522
71.1676287651062	70.86374
71.1832587718964	58.74301
71.1988787651062	45.50204
71.2145087718964	32.52939
71.2301287651062	20.90726
71.2457587718964	10.89499
71.2613887786865	1.783112
71.2770087718964	-7.833252
71.2926387786865	-19.39441
71.3082587718964	-33.68683
71.3238887786865	-50.37115
71.3395087718964	-68.05905
71.3551387786865	-84.80554
71.3707687854767	-98.92212
71.3863887786865	-109.6922
71.4020187854767	-117.6353
71.4176387786865	-124.4232
71.4332687854767	-132.1897
71.4488887786865	-142.9093
71.4645187854767	-157.7054
71.4801487922668	-176.3333
71.4957687854767	-196.9071
71.5113987922668	-215.9342
71.5270187854767	-228.8206
71.5426487922668	-230.9294
71.5582687854767	-219.1244
71.5738987922668	-192.9708
71.589528799057	-155.2773
71.6051487922668	-111.3312
71.620778799057	-67.20599
71.6363987922668	-27.80804
71.652028799057	4.546448
71.6676487922668	30.22986
71.683278799057	51.37744
71.6989088058472	70.27515
71.714528799057	88.1817
71.7301588058472	104.8842
71.745778799057	119.2635
71.7614088058472	130.1373
71.777028799057	137.0383
71.7926588058472	140.3669
71.8082888126373	141.0227
71.8239088058472	139.8164
71.8395388126373	136.9731
71.8551588058472	132.244
71.8707888126373	125.245
71.8864088058472	115.8911
71.9020388126373	104.7762
71.9176688194275	93.04144
71.9332888126373	81.95526
71.9489188194275	72.39636
71.9645388126373	64.56952
71.9801688194275	57.97906
71.9957888126373	51.76501
72.0114188194275	45.05969
72.0270488262177	37.27698
72.0426688194275	28.33179
72.0582988262177	18.59564
72.0739188194275	8.819214
72.0895488262177	-0.1221924
72.1051688194275	-7.460876
72.1207988262177	-12.85284
72.1364288330078	-16.54797
72.1520488262177	-19.35645
72.1676788330078	-22.48749
72.1832988262177	-27.15912
72.1989288330078	-34.24017
72.2145488262177	-43.75128
72.2301788330078	-54.49109
72.245808839798	-63.79431
72.2614288330078	-67.95538
72.277058839798	-63.1499
72.2926788330078	-46.7652
72.308308839798	-18.60773
72.3239288330078	18.67499
72.339558839798	60.29047
72.3551888465881	100.9009
72.370808839798	136.4597
72.3864388465881	165.3757
72.402058839798	188.4832
72.4176888465881	208.0187
72.433308839798	226.2267
72.4489388465881	244.1921
72.4645688533783	261.6065
72.4801888465881	277.1909
72.4958188533783	289.5514
72.5114388465881	297.7791
72.5270688533783	301.6951
72.5426988601685	301.6099
72.5583188533783	297.9703
72.5739488601685	291.0431
72.5895688533783	280.7704
72.6051988601685	267.0236
72.6208188533783	249.8428
72.6364488601685	229.6988
72.6520788669586	207.4598
72.6676988601685	184.0474
72.6833288669586	160.0376
72.6989488601685	135.3268
72.7145788669586	109.0931
72.7301988601685	80.09186
72.7458288669586	47.13867
72.7614588737488	9.612366
72.7770788669586	-32.35394
72.7927088737488	-77.901
72.8083288669586	-125.5468
72.8239588737488	-173.2733
72.8395788669586	-218.5392
72.8552088737488	-258.3892
72.8708388805389	-289.892
72.8864588737488	-310.8263
72.9020888805389	-320.4667
72.9177088737488	-320.0031
72.9333388805389	-312.4225
72.9489588737488	-301.498
72.9645888805389	-290.3764
72.9802188873291	-280.2674
72.9958388805389	-270.0117
73.0114688873291	-256.7663
73.0270888805389	-237.5712
73.0427188873291	-211.0082
73.0583388805389	-178.14
73.0739688873291	-142.1146
73.0895988941193	-106.8079
73.1052188873291	-75.09366
73.1208488941193	-47.70911
73.1364688873291	-23.21545
73.1520988941193	1.022034
73.1677188873291	27.44434
73.1833488941193	57.14984
73.1989789009094	89.47421
73.2145988941193	122.4109
73.2302289009094	153.4292
73.2458488941193	180.2967
73.2614789009094	201.5537
73.2770988941193	216.5532
73.2927289009094	225.0479
73.3083589076996	226.7812
73.3239789009094	221.249
73.3396089076996	207.9406
73.3552289009094	187.0011
73.3708589076996	159.9306
73.3864789009094	129.697
73.4021089076996	100.1149
73.4177389144897	74.65736
73.4333589076996	55.09535
73.4489889144897	40.84547
73.4646089076996	29.23947
73.4802389144897	16.70273
73.4958589076996	0.2509003
73.5114889144897	-21.3934
73.5271189212799	-47.47881
73.5427389144897	-75.68031
73.5583689212799	-103.0228
73.5739889144897	-126.879
73.5896189212799	-145.6099
73.6052389144897	-158.8145
73.6208689212799	-167.1742
73.6364989280701	-172.052
73.6521189212799	-175.0554
73.6677489280701	-177.6194
73.6833689212799	-180.5843
73.6989989280701	-183.833
73.7146189212799	-185.9847
73.7302489280701	-184.4738
73.7458789348602	-176.0848
73.7614989280701	-158.018
73.7771289348602	-129.1269
73.7927489280701	-90.65256
73.8083789348602	-46.26011
73.8239989280701	-1.026709
73.8396289348602	40.08007
73.8552589416504	73.68688
73.8708789348602	98.83406
73.8865089416504	116.8103
73.9021289348602	130.1163
73.9177589416504	141.2336
73.9333789348602	151.6293
73.9490089416504	161.4202
73.9646389484406	169.7407
73.9802589416504	175.4484
73.9958889484406	177.7411
74.0115089416504	176.4969
74.0271389484406	172.2355
74.0427589416504	165.7727
74.0583889484406	157.8829
74.0740189552307	149.2899
74.0896389484406	140.7599
74.1052689552307	133.2961
74.1208889484406	128.1661
74.1365189552307	126.5652
74.1521389484406	129.0639
74.1677689552307	135.1169
74.1833989620209	142.9973
74.1990189552307	150.1584
74.2146489620209	154.0825
74.2302689552307	153.1665
74.2458989620209	147.2606
74.2615189552307	137.7238
74.2771489620209	126.7216
74.292778968811	116.4241
74.3083989620209	108.1387
74.324028968811	101.8816
74.3396489620209	96.43558
74.355278968811	89.82242
74.3708989620209	79.95395
74.386528968811	65.29532
74.4021589756012	45.39349
74.417778968811	21.17831
74.4334089756012	-4.899963
74.449028968811	-29.2417
74.4646589756012	-47.98248
74.480278968811	-58.14294
74.4959089756012	-58.68311
74.5115389823914	-51.07587
74.5271589756012	-38.98914
74.5427889823914	-27.09839
74.5584089756012	-19.70233
74.5740389823914	-19.4198
74.5896589756012	-26.67462
74.6052889823914	-40.02649
74.6209189891815	-57.03107
74.6365389823914	-75.18109
74.6521689891815	-92.66315
74.6677889823914	-108.5373
74.6834189891815	-122.5443
74.6990389823914	-134.7343
74.7146689891815	-145.1925
74.7302989959717	-153.8493
74.7459189891815	-160.7162
74.7615489959717	-165.971
74.7771689891815	-170.2513
74.7927989959717	-174.5312
74.8084290027618	-179.8961
74.8240489959717	-187.1354
74.8396790027618	-196.3564
74.8552989959717	-206.8447
74.8709290027618	-217.181
74.8865489959717	-225.6756
74.9021790027618	-230.8552
74.9178087711334	-232.0185
74.9334290027618	-229.3818
74.9490587711334	-223.9056
74.9646790027618	-216.7585
74.9803087711334	-208.7923
74.9959290027618	-200.176
75.0115587711334	-190.4597
75.0271887779236	-179.1146
75.0428087711334	-166.1094
75.0584387779236	-152.3048
75.0740587711334	-139.4653
75.0896887779236	-129.7619
75.1053087711334	-125.0804
75.1209387779236	-126.3617
75.1365687847137	-133.2097
75.1521887779236	-143.6875
75.1678187847137	-154.5837
75.1834387779236	-162.1092
75.1990687847137	-162.7252
75.2146887779236	-154.2981
75.2303187847137	-136.7846
75.2459487915039	-112.3705
75.2615687847137	-84.70282
75.2771987915039	-57.79401
75.2928187847137	-34.80292
75.3084487915039	-17.349
75.3240687847137	-5.669373
75.3396987915039	0.9460449
75.3553287982941	3.372498
75.3709487915039	2.361633
75.3865787982941	-1.551636
75.4021987915039	-7.718018
75.4178287982941	-15.23346
75.4334487915039	-22.96191
75.4490787982941	-29.80603
75.4647088050842	-35.08466
75.4803287982941	-38.73492
75.4959588050842	-41.22784
75.5115787982941	-43.2276
75.5272088050842	-45.19128
75.5428287982941	-47.12958
75.5584588050842	-48.58258
75.5740888118744	-48.93671
75.5897088050842	-47.83197
75.6053388118744	-45.50848
75.6209588050842	-42.73962
75.6365888118744	-40.6131
75.6522088050842	-39.98175
75.6678388118744	-41.12451
75.6834688186646	-43.66815
75.6990888118744	-46.73987
75.7147188186646	-49.44873
75.7303388118744	-51.23242
75.7459688186646	-52.18585
75.7615888118744	-53.02118
75.7772188186646	-54.9649
75.7928488254547	-59.28534
75.8084688186646	-66.8269
75.8240988254547	-77.35388
75.8397188186646	-89.0929
75.8553488254547	-98.77533
75.8709688186646	-102.1583
75.8865988254547	-95.31342
75.9022288322449	-75.9426
75.9178488254547	-44.49759
75.9334788322449	-4.250793
75.9490988254547	39.41971
75.9647288322449	80.68588
75.9803488254547	114.8972
75.9959788322449	139.6523
76.011608839035	155.0476
76.0272288322449	163.0089
76.042858839035	166.2731
76.0584788322449	167.415
76.074108839035	168.2663
76.0897288322449	169.805
76.105358839035	172.2709
76.1209888458252	175.429
76.136608839035	178.7495
76.1522388458252	181.6329
76.167858839035	183.4469
76.1834888458252	183.7073
76.199108839035	182.1033
76.2147388458252	178.5992
76.2303688526154	173.3693
76.2459888458252	166.6454
76.2616188526154	158.6386
76.2772388458252	149.3445
76.2928688526154	138.6606
76.3084888458252	126.4041
76.3241188526154	112.5604
76.3397488594055	97.32814
76.3553688526154	81.17834
76.3709988594055	64.76102
76.3866188526154	48.6183
76.4022488594055	33.06133
76.4178688526154	17.87503
76.4334988594055	2.393387
76.4491288661957	-14.4796
76.4647488594055	-33.89633
76.4803788661957	-56.41614
76.4959988594055	-81.30788
76.5116288661957	-106.0202
76.5272488594055	-126.3777
76.5428788661957	-137.5538
76.5585088729858	-135.7091
76.5741288661957	-119.5188
76.5897588729858	-90.98354
76.6053788661957	-54.94493
76.6210088729858	-17.56134
76.6366288661957	15.70322
76.6522588729858	41.61895
76.667888879776	59.66353
76.6835088729858	71.48135
76.699138879776	79.55397
76.7147588729858	86.08353
76.730388879776	92.2744
76.7460088729858	98.3206
76.761638879776	103.6977
76.7772688865662	107.5839
76.792888879776	109.252
76.8085188865662	108.2125
76.824138879776	104.4213
76.8397688865662	98.23346
76.855388879776	90.42342
76.8710188865662	82.01993
76.8866488933563	74.10749
76.9022688865662	67.51768
76.9178988933563	62.55574
76.9335188865662	58.86205
76.9491488933563	55.47926
76.9647789001465	51.15723
76.9803988933563	44.7608
76.9960289001465	35.61838
77.0116488933563	23.79692
77.0272789001465	10.079
77.0428988933563	-4.379242
77.0585289001465	-18.50307
77.0741589069366	-31.75803
77.0897789001465	-44.44949
77.1054089069366	-57.61214
77.1210289001465	-72.63393
77.1366589069366	-90.51302
77.1522789001465	-111.0727
77.1679089069366	-132.4054
77.1835389137268	-150.8017
77.1991589069366	-161.6639
77.2147889137268	-160.8796
77.2304089069366	-146.4745
77.2460389137268	-119.5215
77.2616589069366	-84.04527
77.2772889137268	-45.83164
77.292918920517	-10.56583
77.3085389137268	17.85925
77.324168920517	38.20258
77.3397889137268	51.53491
77.355418920517	60.28153
77.3710389137268	66.82814
77.386668920517	72.70287
77.4022989273071	78.33131
77.417918920517	83.37827
77.4335489273071	87.29291
77.449168920517	89.65934
77.4647989273071	90.35134
77.480418920517	89.42487
77.4960489273071	86.94087
77.5116789340973	82.90147
77.5272989273071	77.41301
77.5429289340973	70.8093
77.5585489273071	63.69958
77.5741789340973	56.85082
77.5897989273071	50.74904
77.6054289340973	45.3382
77.6210589408875	39.89419
77.6366789340973	33.33105
77.6523089408875	24.77241
77.6679289340973	14.0134
77.6835589408875	1.783188
77.6991789340973	-10.5993
77.7148089408875	-21.69574
77.7304389476776	-30.68373
77.7460589408875	-37.71579
77.7616889476776	-43.99851
77.7773089408875	-51.47668
77.7929389476776	-62.15973
77.8085589408875	-77.44298
77.8241889476776	-97.22716
77.8398189544678	-119.5452
77.8554389476776	-140.3619
77.8710689544678	-154.509
77.8866889476776	-157.0893
77.9023189544678	-145.1796
77.9179389476776	-119.1919
77.9335689544678	-82.86534
77.9491989612579	-42.24104
77.9648189544678	-3.612671
77.9804489612579	28.3223
77.9960689544678	51.65776
78.0116989612579	67.03264
78.0273189544678	76.66278
78.0429489612579	83.00407
78.0585789680481	87.63036
78.0741989612579	91.08705
78.0898289680481	93.11328
78.1054489612579	93.26968
78.1210789680481	91.3311
78.1366989612579	87.51289
78.1523289680481	82.24487
78.1679589748383	76.01407
78.1835789680481	69.28188
78.1992089748383	62.37305
78.2148289680481	55.70157
78.2304589748383	49.73824
78.2460789680481	44.91466
78.2617089748383	41.36374
78.2773389816284	38.67958
78.2929589748383	35.85886
78.3085889816284	31.6657
78.3242089748383	25.16837
78.3398389816284	16.20142
78.3554589748383	5.622238
78.3710889816284	-4.993713
78.3867189884186	-13.98659
78.4023389816284	-20.32675
78.4179689884186	-24.13045
78.4335889816284	-26.80019
78.4492189884186	-30.67735
78.4648389816284	-38.36371
78.4804689884186	-51.8701
78.4960989952087	-71.70157
78.5117189884186	-96.21486
78.5273489952087	-121.6519
78.5429689884186	-142.8314
78.5585989952087	-154.6982
78.5742189884186	-154.0862
78.5898489952087	-140.9212
78.6054790019989	-118.3837
78.6210989952087	-91.83855
78.6367290019989	-66.87643
78.6523489952087	-47.45024
78.6679790019989	-34.9024
78.6835989952087	-28.15912
78.6992290019989	-24.96817
78.7148587703705	-23.37122
78.7304790019989	-22.48038
78.7461087703705	-22.53145
78.7617290019989	-24.1922
78.7773587703705	-27.82458
78.7929790019989	-33.03589
78.8086087703705	-38.89986
78.8242387771606	-44.37825
78.8398587703705	-48.86813
78.8554887771606	-52.32538
78.8711087703705	-55.05655
78.8867387771606	-57.25558
78.9023587703705	-58.74927
78.9179887771606	-59.13272
78.9336187839508	-58.17018
78.9492387771606	-56.26251
78.9648687839508	-54.58797
78.9804887771606	-54.76646
78.9961187839508	-58.17625
79.0117387771606	-65.25374
79.0273687839508	-75.23162
79.042998790741	-86.36823
79.0586187839508	-96.70738
79.074248790741	-104.963
79.0898687839508	-111.0492
79.105498790741	-116.1356
79.1211187839508	-122.2053
79.136748790741	-131.2677
79.1523787975311	-144.4414
79.167998790741	-161.2578
79.1836287975311	-179.2472
79.199248790741	-194.213
79.2148787975311	-201.1945
79.230498790741	-195.9595
79.2461287975311	-176.5595
79.2617588043213	-144.205
79.2773787975311	-103.1377
79.2930088043213	-59.19492
79.3086287975311	-17.9032
79.3242588043213	17.20076
79.3398787975311	45.23781
79.3555088043213	67.61739
79.3711388111115	86.70346
79.3867588043213	104.5275
79.4023888111115	121.9995
79.4180088043213	138.8768
79.4336388111115	154.3049
79.4492588043213	167.4724
79.4648888111115	178.0217
79.4805188179016	186.0276
79.4961388111115	191.8452
79.5117688179016	195.72
79.5273888111115	197.6568
79.5430188179016	197.6114
79.5586388111115	195.7234
79.5742688179016	192.5776
79.5898988246918	189.1165
79.6055188179016	186.293
79.6211488246918	184.4499
79.6367688179016	182.9296
79.6523988246918	180.0991
79.6680288314819	173.9277
79.6836488246918	162.9448
79.6992788314819	146.9061
79.7148988246918	127.0332
79.7305288314819	105.5291
79.7461488246918	84.64008
79.7617788314819	65.77554
79.7774088382721	48.92297
79.7930288314819	32.7706
79.8086588382721	15.29816
79.8242788314819	-5.462189
79.8399088382721	-30.66315
79.8555288314819	-59.98584
79.8711588382721	-91.32996
79.8867888450623	-120.893
79.9024088382721	-143.8544
79.9180388450623	-155.771
79.9336588382721	-154.1063
79.9492888450623	-139.4321
79.9649088382721	-115.5071
79.9805388450623	-88.15576
79.9961688518524	-63.19254
80.0117888450623	-44.44672
80.0274188518524	-32.81009
80.0430388450623	-26.43698
80.0586688518524	-22.20453
80.0742888450623	-17.26648
80.0899188518524	-10.28082
80.1055488586426	-1.545807
80.1211688518524	7.46347
80.1367988586426	15.06824
80.1524188518524	20.13269
80.1680488586426	22.35406
80.1836688518524	22.23059
80.1992988586426	20.56189
80.2149288654327	17.9444
80.2305488586426	14.57849
80.2461788654327	10.25299
80.2617988586426	4.767456
80.2774288654327	-1.689209
80.2930488586426	-8.376282
80.3086788654327	-14.16058
80.3243088722229	-18.03638
80.3399288654327	-19.7785
80.3555588722229	-20.2254
80.3711788654327	-21.05682
80.3868088722229	-24.1217
80.4024288654327	-30.55969
80.4180588722229	-40.21606
80.4336888790131	-51.61047
80.4493088722229	-62.45544
80.4649388790131	-70.58276
80.4805588722229	-74.81378
80.4961888790131	-75.37646
80.5118088722229	-73.78046
80.5274388790131	-72.17786
80.5430688858032	-72.66071
80.5586888790131	-76.59637
80.5743188858032	-84.12189
80.5899388790131	-93.90082
80.6055688858032	-103.1254
80.6211888790131	-107.9102
80.6368188858032	-104.1033
80.6524488925934	-88.36731
80.6680688858032	-59.4325
80.6836988925934	-18.72339
80.6993188858032	29.83435
80.7149488925934	80.82855
80.7305688858032	129.0649
80.7461988925934	170.9632
80.7618288993835	205.3676
80.7774488925934	233.2773
80.7930788993835	256.89
80.8086988925934	278.303
80.8243288993835	298.6584
80.8399488925934	317.8682
80.8555788993835	334.919
80.8712089061737	348.5205
80.8868288993835	357.6966
80.9024589061737	362.0394
80.9180788993835	361.684
80.9337089061737	357.0109
80.9493288993835	348.4419
80.9649589061737	336.4403
80.9805889129639	321.4523
80.9962089061737	303.9572
81.0118389129639	284.3016
81.0274589061737	262.5955
81.0430889129639	238.524
81.0587089061737	211.3972
81.0743389129639	180.4177
81.089968919754	145.0948
81.1055889129639	105.7791
81.121218919754	63.99365
81.1368389129639	22.40802
81.152468919754	-15.48792
81.1680889129639	-46.29279
81.183718919754	-67.82166
81.1993489265442	-79.9483
81.214968919754	-84.95837
81.2305989265442	-86.99274
81.246218919754	-90.87872
81.2618489265442	-100.693
81.277468919754	-118.487
81.2930989265442	-143.6189
81.3087289333344	-172.742
81.3243489265442	-200.5186
81.3399789333344	-220.8543
81.3555989265442	-228.5079
81.3712289333344	-220.6629
81.3868489265442	-197.9724
81.4024789333344	-164.4825
81.4181089401245	-126.445
81.4337289333344	-90.26587
81.4493589401245	-60.48001
81.4649789333344	-38.58502
81.4806089401245	-23.19031
81.4962289333344	-11.32126
81.5118589401245	-0.1923828
81.5274889469147	11.50742
81.5431089401245	23.12521
81.5587389469147	32.55241
81.5743589401245	37.37521
81.5899889469147	35.96027
81.6056089401245	28.12029
81.6212389469147	15.20779
81.6368689537048	-0.4520416
81.6524889469147	-16.3009
81.6681189537048	-30.26649
81.6837389469147	-41.14833
81.6993689537048	-48.54266
81.7149889469147	-52.57178
81.7306189537048	-53.56711
81.746248960495	-52.03528
81.7618689537048	-48.76135
81.777498960495	-44.98235
81.7931189537048	-42.27518
81.808748960495	-42.20104
81.8243789672852	-45.76581
81.839998960495	-52.98457
81.8556289672852	-62.92274
81.871248960495	-74.12099
81.8868789672852	-85.39417
81.902498960495	-96.35374
81.9181289672852	-107.6764
81.9337589740753	-120.7563
81.9493789672852	-137.0497
81.9650089740753	-157.4283
81.9806289672852	-181.7681
81.9962589740753	-208.8395
82.0118789672852	-236.4373
82.0275089740753	-261.384
82.0431389808655	-279.7099
82.0587589740753	-287.116
82.0743889808655	-279.9109
82.0900089740753	-256.2128
82.1056389808655	-217.059
82.1212589740753	-166.7021
82.1368889808655	-111.6571
82.1525189876556	-58.83923
82.1681389808655	-13.4792
82.1837689876556	22.15522
82.1993889808655	48.78077
82.2150189876556	68.85732
82.2306389808655	84.86975
82.2462689876556	98.1142
82.2618989944458	108.4458
82.2775189876556	114.9658
82.2931489944458	117.1719
82.3087689876556	115.6302
82.3243989944458	111.9225
82.3400189876556	107.9696
82.3556489944458	105.0367
82.371279001236	103.1637
82.3868989944458	101.312
82.402529001236	98.05074
82.4181489944458	92.43311
82.433779001236	84.52438
82.4493989944458	75.31499
82.465029001236	66.12479
82.4806587696075	57.7494
82.496279001236	49.99818
82.5119087696075	41.67373
82.527529001236	31.21723
82.5431587696075	17.45609
82.558779001236	0.327713
82.5744087696075	-18.98254
82.5900387763977	-38.48694
82.6056587696075	-56.15643
82.6212887763977	-70.78183
82.6369087696075	-82.4633
82.6525387763977	-92.52864
82.6681587696075	-103.0129
82.6837887763977	-115.973
82.6994187831879	-132.7848
82.7150387763977	-153.646
82.7306687831879	-177.2851
82.7462887763977	-200.8537
82.7619187831879	-220.1722
82.7775387763977	-230.4745
82.7931687831879	-227.6026
82.808798789978	-209.3413
82.8244187831879	-176.3902
82.840048789978	-132.3812
82.8556687831879	-82.88712
82.871298789978	-33.73488
82.8869187831879	10.73834
82.902548789978	48.60425
82.9181787967682	80.26219
82.933798789978	107.5648
82.9494287967682	132.597
82.965048789978	156.7944
82.9806787967682	180.6588
82.996298789978	203.9222
83.0119287967682	225.8983
83.0275588035583	245.8268
83.0431787967682	262.9094
83.0588088035583	276.2903
83.0744287967682	285.1248
83.0900588035583	288.7504
83.1056787967682	286.9972
83.1213088035583	280.4118
83.1369388103485	270.2023
83.1525588035583	257.8185
83.1681888103485	244.3653
83.1838088035583	230.0294
83.1994388103485	213.97
83.2150588035583	194.6924
83.2306888103485	170.8092
83.2463188171387	141.8276
83.2619388103485	108.5809
83.2775688171387	73.07523
83.2931888103485	37.87067
83.3088188171387	5.213623
83.3244388103485	-23.72844
83.3400688171387	-49.04851
83.3556988239288	-71.88612
83.3713188171387	-93.77931
83.3869488239288	-115.9379
83.4025688171387	-138.4218
83.4181988239288	-159.7593
83.4338188171387	-176.8837
83.4494488239288	-185.8139
83.465078830719	-182.8801
83.4806988239288	-166.1618
83.496328830719	-136.6919
83.5119488239288	-98.71426
83.527578830719	-58.81522
83.5431988239288	-24.06457
83.558828830719	0.01612091
83.5744588375092	11.01929
83.590078830719	9.919861
83.6057088375092	0.2440033
83.621328830719	-13.51104
83.6369588375092	-27.40459
83.652578830719	-38.99316
83.6682088375092	-47.41341
83.6838388442993	-52.91228
83.6994588375092	-56.18259
83.7150888442993	-57.84608
83.7307088375092	-58.2016
83.7463388442993	-57.27084
83.7619588375092	-54.96868
83.7775888442993	-51.26257
83.7932188510895	-46.2657
83.8088388442993	-40.16314
83.8244688510895	-33.26213
83.8400888442993	-25.99196
83.8557188510895	-19.10107
83.8713388442993	-13.57547
83.8869688510895	-10.64971
83.9025988578796	-11.41197
83.9182188510895	-16.46694
83.9338488578796	-25.60796
83.9494688510895	-37.75486
83.9650988578796	-51.36837
83.9807188510895	-64.9361
83.9963488578796	-77.61136
84.0119788646698	-89.49645
84.0275988578796	-101.6914
84.0432288646698	-115.7607
84.0588488578796	-133.109
84.0744788646698	-153.9184
84.0900988578796	-176.4328
84.1057288646698	-196.7481
84.12135887146	-209.5562
84.1369788646698	-209.7262
84.15260887146	-194.2274
84.1682288646698	-163.5392
84.18385887146	-121.7754
84.1994788646698	-75.48883
84.21510887146	-31.37688
84.2307388782501	5.772644
84.24635887146	34.23297
84.2619888782501	55.10228
84.27760887146	70.93954
84.2932388782501	84.27364
84.30885887146	96.51281
84.3244888782501	107.7148
84.3401188850403	117.1301
84.3557388782501	123.8362
84.3713688850403	127.2885
84.3869888782501	127.4042
84.4026188850403	124.4718
84.4182488918304	118.8796
84.4338688850403	110.9673
84.4494988918304	101.1106
84.4651188850403	89.88832
84.4807488918304	78.22353
84.4963688850403	67.36555
84.5119988918304	58.5365
84.5276288986206	52.37643
84.5432488918304	48.52473
84.5588788986206	45.50125
84.5744988918304	41.1875
84.5901288986206	33.64044
84.6057488918304	21.94896
84.6213788986206	6.695313
84.6370089054108	-10.274
84.6526288986206	-26.64728
84.6682589054108	-40.61383
84.6838788986206	-51.58553
84.6995089054108	-60.38608
84.7151288986206	-68.90918
84.7307589054108	-79.50282
84.7463889122009	-94.20459
84.7620089054108	-113.864
84.7776389122009	-137.5193
84.7932589054108	-162.0226
84.8088889122009	-182.3686
84.8245089054108	-192.9315
84.8401389122009	-189.2559
84.8557689189911	-169.8455
84.8713889122009	-137.0522
84.8870189189911	-96.49277
84.9026389122009	-55.10672
84.9182689189911	-18.73645
84.9338889122009	9.692535
84.9495189189911	30.5452
84.9651489257812	46.42148
84.9807689189911	60.43387
84.9963989257812	74.61618
85.0120189189911	89.19366
85.0276489257812	103.0055
85.0432689189911	114.3722
85.0588989257812	121.9912
85.0745289325714	125.4699
85.0901489257812	125.307
85.1057789325714	122.4986
85.1213989257812	118.0741
85.1370289325714	112.7544
85.1526489257812	106.8476
85.1682789325714	100.47
85.1839089393616	93.73282
85.1995289325714	86.93439
85.2151589393616	80.54059
85.2307789325714	74.97693
85.2464089393616	70.27289
85.2620289325714	65.88974
85.2776589393616	60.73364
85.2932889461517	53.52896
85.3089089393616	43.34351
85.3245389461517	30.00519
85.3401589393616	14.32608
85.3557889461517	-2.02594
85.3714089393616	-17.13501
85.3870389461517	-29.44461
85.4026689529419	-38.3378
85.4182889461517	-44.37061
85.4339189529419	-48.91916
85.4495389461517	-53.74588
85.4651689529419	-60.52277
85.4807889461517	-70.37817
85.4964189529419	-83.45462
85.5120489597321	-98.70999
85.5276689529419	-113.6962
85.5432989597321	-124.7267
85.5589189529419	-127.5366
85.5745489597321	-118.535
85.5901689529419	-96.12112
85.6057989597321	-61.76511
85.6214289665222	-19.86426
85.6370489597321	23.4809
85.6526789665222	62.4194
85.6682989597321	93.24948
85.6839289665222	115.351
85.6995489597321	130.8309
85.7151789665222	143.0714
85.7308089733124	155.2098
85.7464289665222	168.8404
85.7620589733124	183.7901
85.7776789665222	198.5976
85.7933089733124	211.4076
85.8089289665222	220.8009
85.8245589733124	226.2
85.8401889801025	227.834
85.8558089733124	226.36
85.8714389801025	222.4419
85.8870589733124	216.5716
85.9026889801025	209.1091
85.9183089733124	200.488
85.9339389801025	191.3747
85.9495689868927	182.5974
85.9651889801025	174.9454
85.9808189868927	168.6754
85.9964389801025	163.3218
86.0120689868927	157.7095
86.0276889801025	150.3536
86.0433189868927	140.0094
86.0589489936829	126.1599
86.0745689868927	109.1239
86.0901989936829	89.87265
86.1058189868927	69.65421
86.1214489936829	49.49411
86.1370689868927	30.01727
86.1526989936829	11.32864
86.168329000473	-6.881073
86.1839489936829	-25.14563
86.199579000473	-44.0538
86.2151989936829	-64.18708
86.230829000473	-86.00099
86.2464489936829	-109.7237
86.262079000473	-135.0328
86.2777087688446	-160.4961
86.293329000473	-183.3998
86.3089587688446	-199.7933
86.324579000473	-205.5633
86.3402087688446	-197.8183
86.355829000473	-176.2123
86.3714587688446	-143.5906
86.3870887756348	-105.3076
86.4027087688446	-67.68649
86.4183387756348	-35.93648
86.4339587688446	-12.81615
86.4495887756348	1.761894
86.4652087688446	9.910988
86.4808387756348	14.31207
86.4964687824249	17.06763
86.5120887756348	18.96442
86.5277187824249	19.67403
86.5433387756348	18.2742
86.5589687824249	14.04784
86.5745887756348	6.810959
86.5902187824249	-3.020248
86.6058487892151	-14.65039
86.6214687824249	-27.26077
86.6370987892151	-40.18735
86.6527187824249	-52.93195
86.6683487892151	-65.12895
86.6839687824249	-76.45201
86.6995987892151	-86.63789
86.7152287960052	-95.60446
86.7308487892151	-103.4861
86.7464787960052	-110.5187
86.7620987892151	-116.9478
86.7777287960052	-122.69
86.7933588027954	-127.4289
86.8089787960052	-130.6903
86.8246088027954	-132.2235
86.8402287960052	-132.2382
86.8558588027954	-131.37
86.8714787960052	-130.4591
86.8871088027954	-130.088
86.9027388095856	-130.5258
86.9183588027954	-131.5773
86.9339888095856	-132.9396
86.9496088027954	-134.4324
86.9652388095856	-136.1303
86.9808588027954	-138.3889
86.9964888095856	-141.6808
87.0121188163757	-146.5087
87.0277388095856	-153.2591
87.0433688163757	-162.1056
87.0589888095856	-172.5144
87.0746188163757	-182.8495
87.0902388095856	-190.1743
87.1058688163757	-190.7007
87.1214988231659	-180.9881
87.1371188163757	-159.392
87.1527488231659	-127.0941
87.1683688163757	-88.1904
87.1839988231659	-48.48666
87.1996188163757	-13.51694
87.2152488231659	13.20859
87.2308788299561	31.02774
87.2464988231659	41.85364
87.2621288299561	48.77596
87.2777488231659	54.66006
87.2933788299561	61.09285
87.3089988231659	68.25443
87.3246288299561	75.32056
87.3402588367462	81.25734
87.3558788299561	85.42297
87.3715088367462	87.73885
87.3871288299561	88.62932
87.4027588367462	88.62453
87.4183788299561	88.15665
87.4340088367462	87.43062
87.4496388435364	86.52446
87.4652588367462	85.51842
87.4808888435364	84.55734
87.4965088367462	83.72643
87.5121388435364	82.94368
87.5277588367462	81.89639
87.5433888435364	80.09001
87.5590188503265	77.14394
87.5746388435364	72.97528
87.5902688503265	67.91931
87.6058888435364	62.58591
87.6215188503265	57.59012
87.6371388435364	53.28819
87.6527688503265	49.7361
87.6683988571167	46.85601
87.6840188503265	44.51328
87.6996488571167	42.76171
87.7152688503265	41.68703
87.7308988571167	41.19404
87.7465188503265	40.79662
87.7621488571167	39.52219
87.7777788639069	36.10534
87.7933988571167	29.30147
87.8090288639069	18.29227
87.8246488571167	2.959862
87.8402788639069	-15.80431
87.8558988571167	-35.91013
87.8715288639069	-54.10443
87.887158870697	-66.39745
87.9027788639069	-68.9684
87.918408870697	-59.44185
87.9340288639069	-37.91019
87.949658870697	-7.256798
87.9652788639069	27.43441
87.980908870697	60.47789
87.9965388774872	87.25646
88.012158870697	105.3949
88.0277888774872	115.0797
88.043408870697	118.2376
88.0590388774872	117.3936
88.074658870697	114.636
88.0902888774872	111.1122
88.1059188842773	107.0658
88.1215388774872	102.2978
88.1371688842773	96.56623
88.1527888774872	89.78379
88.1684188842773	82.12958
88.1840388774872	73.90524
88.1996688842773	65.46991
88.2152988910675	57.20164
88.2309188842773	49.45258
88.2465488910675	42.52992
88.2621688842773	36.63875
88.2777988910675	31.77855
88.2934188842773	27.64369
88.3090488910675	23.62758
88.3246788978577	19.00206
88.3402988910675	13.2341
88.3559288978577	6.233673
88.3715488910675	-1.475403
88.3871788978577	-9.064209
88.4027988910675	-15.62889
88.4184288978577	-20.72841
88.4340589046478	-24.52502
88.4496788978577	-27.68591
88.4653089046478	-31.05167
88.4809288978577	-35.21745
88.4965589046478	-40.30174
88.5121788978577	-45.95566
88.5278089046478	-51.56996
88.543438911438	-56.62642
88.5590589046478	-60.93602
88.574688911438	-64.71692
88.5903089046478	-68.65677
88.605938911438	-73.73767
88.6215589046478	-80.95956
88.637188911438	-90.87183
88.6528189182281	-102.8611
88.668438911438	-114.7973
88.6840689182281	-123.1594
88.699688911438	-123.9414
88.7153189182281	-114.0871
88.730938911438	-92.9024
88.7465689182281	-62.58511
88.7621989250183	-27.71533
88.7778189182281	6.244873
88.7934489250183	34.80399
88.8090689182281	55.62881
88.8246989250183	68.85709
88.8403189182281	76.39951
88.8559489250183	80.78418
88.8715789318085	84.10977
88.8871989250183	87.47525
88.9028289318085	91.10321
88.9184489250183	94.61813
88.9340789318085	97.52948
88.9497089385986	99.42215
88.9653289318085	100.0963
88.9809589385986	99.53809
88.9965789318085	97.87231
89.0122089385986	95.27307
89.0278289318085	91.98944
89.0434589385986	88.22705
89.0590889453888	84.10605
89.0747089385986	79.57339
89.0903389453888	74.36523
89.1059589385986	68.05099
89.1215889453888	60.22256
89.1372089385986	50.70761
89.1528389453888	39.7265
89.168468952179	27.91708
89.1840889453888	16.07547
89.199718952179	4.855377
89.2153389453888	-5.489685
89.230968952179	-15.20853
89.2465889453888	-24.91101
89.262218952179	-35.22577
89.2778489589691	-46.49548
89.293468952179	-58.51144
89.3090989589691	-70.64435
89.324718952179	-82.10571
89.3403489589691	-92.38147
89.355968952179	-101.4268
89.3715989589691	-109.7855
89.3872289657593	-118.4383
89.4028489589691	-128.5101
89.4184789657593	-140.7975
89.4340989589691	-155.1464
89.4497289657593	-170.0032
89.4653489589691	-182.3453
89.4809789657593	-188.3048
89.4966089725494	-184.292
89.5122289657593	-168.4774
89.5278589725494	-141.7478
89.5434789657593	-107.7282
89.5591089725494	-71.74536
89.5747289657593	-39.09174
89.5903589725494	-13.46228
89.6059889793396	3.949829
89.6216089725494	14.18817
89.6372389793396	19.65796
89.6528589725494	22.91998
89.6684889793396	25.83008
89.6841089725494	29.24615
89.6997389793396	33.17682
89.7153689861298	37.2019
89.7309889793396	40.81219
89.7466189861298	43.68488
89.7622389793396	45.73291
89.7778689861298	47.02594
89.7934889793396	47.70245
89.8091189861298	47.84259
89.8247489929199	47.45544
89.8403689861298	46.44623
89.8559989929199	44.77893
89.8716189861298	42.42047
89.8872489929199	39.43329
89.9028689861298	35.87549
89.9184989929199	31.72595
89.9341289997101	26.95941
89.9497489929199	21.5752
89.9653789997101	15.70801
89.9809989929199	9.497681
89.9966289997101	3.084717
90.0122489929199	-3.510498
90.0278789997101	-10.40527
90.0435087680817	-17.67297
90.0591289997101	-25.22717
90.0747587680817	-32.65814
90.0903789997101	-39.44983
90.1060087680817	-45.13263
90.1216289997101	-49.63562
90.1372587680817	-53.28461
90.1528887748718	-56.69733
90.1685087680817	-60.49048
90.1841387748718	-65.12274
90.1997587680817	-70.78284
90.2153887748718	-77.16528
90.2310087680817	-83.27393
90.2466387748718	-87.12378
90.262268781662	-85.85535
90.2778887748718	-76.2428
90.293518781662	-55.85297
90.3091387748718	-24.2218
90.324768781662	16.48285
90.3403887748718	61.7959
90.356018781662	106.3202
90.3716487884521	145.3524
90.387268781662	176.2021
90.4028987884521	198.4651
90.418518781662	213.3784
90.4341487884521	222.7095
90.449768781662	227.7596
90.4653987884521	229.092
90.4810287952423	226.7571
90.4966487884521	220.9016
90.5122787952423	212.0984
90.5278987884521	201.373
90.5435287952423	189.8615
90.5591487884521	178.3597
90.5747787952423	166.9558
90.5904088020325	154.9118
90.6060287952423	140.999
90.6216588020325	123.8837
90.6372787952423	102.6667
90.6529088020325	77.14648
90.6685287952423	47.88171
90.6841588020325	15.95636
90.6997888088226	-17.28271
90.7154088020325	-50.40149
90.7310388088226	-81.995
90.7466588020325	-110.6534
90.7622888088226	-135.0712
90.7779088020325	-154.2051
90.7935388088226	-167.5234
90.8091688156128	-175.1728
90.8247888088226	-178.0426
90.8404188156128	-177.5942
90.8560388088226	-175.4832
90.8716688156128	-173.1791
90.8872888088226	-171.7548
90.9029188156128	-171.8754
90.918548822403	-174.0791
90.9341688156128	-178.975
90.949798822403	-187.4163
90.9654188156128	-200.2653
90.981048822403	-217.7866
90.9966688156128	-238.7791
91.012298822403	-259.9389
91.0279288291931	-275.9129
91.043548822403	-280.4885
91.0591788291931	-268.4326
91.074798822403	-237.48
91.0904288291931	-189.5519
91.106048822403	-130.5833
91.1216788291931	-68.96613
91.1373088359833	-13.22894
91.1529288291931	30.14539
91.1685588359833	58.07953
91.1841788291931	70.96014
91.1998088359833	71.74078
91.2154288291931	64.66846
91.2310588359833	53.98694
91.2466888427734	43.12793
91.2623088359833	34.44006
91.2779388427734	29.22424
91.2935588359833	27.93127
91.3091888427734	30.36401
91.3248088359833	35.8493
91.3404388427734	43.2334
91.3560688495636	51.08258
91.3716888427734	57.90668
91.3873188495636	62.58514
91.4029388427734	64.86609
91.4185688495636	65.57202
91.4341888427734	66.44562
91.4498188495636	69.48456
91.4654488563538	76.00024
91.4810688495636	85.85187
91.4966988563538	97.26819
91.5123188495636	107.2466
91.5279488563538	112.6595
91.5435688495636	111.319
91.5591988563538	102.7432
91.5748288631439	88.14478
91.5904488563538	69.8067
91.6060788631439	50.13385
91.6216988563538	30.76605
91.6373288631439	12.34088
91.6529588699341	-5.501404
91.6685788631439	-23.54517
91.6842088699341	-42.57318
91.6998288631439	-63.10437
91.7154588699341	-85.10797
91.7310788631439	-107.6685
91.7467088699341	-128.6504
91.7623388767242	-144.6476
91.7779588699341	-151.488
91.7935888767242	-145.58
91.8092088699341	-125.5202
91.8248388767242	-93.22711
91.8404588699341	-53.95636
91.8560888767242	-14.78937
91.8717188835144	17.71631
91.8873388767242	39.72748
91.9029688835144	51.08374
91.9185888767242	54.65979
91.9342188835144	54.59631
91.9498388767242	54.38489
91.9654688835144	55.6806
91.9810988903046	58.26691
91.9967188835144	61.00562
92.0123488903046	62.86877
92.0279688835144	63.65021
92.0435988903046	63.83881
92.0592188835144	64.18274
92.0748488903046	64.9068
92.0904788970947	65.5025
92.1060988903046	64.87451
92.1217288970947	61.94
92.1373488903046	56.37799
92.1529788970947	48.86511
92.1685988903046	40.92755
92.1842288970947	34.23639
92.1998589038849	29.82733
92.2154788970947	27.47919
92.2311089038849	25.8103
92.2467288970947	22.862
92.2623589038849	16.93701
92.2779788970947	7.416931
92.2936089038849	-4.953796
92.309238910675	-18.38403
92.3248589038849	-30.77972
92.340488910675	-40.57562
92.3561089038849	-47.32721
92.371738910675	-51.82886
92.3873589038849	-55.69586
92.402988910675	-60.79791
92.4186189174652	-68.67731
92.434238910675	-80.20404
92.4498689174652	-95.14594
92.465488910675	-111.9688
92.4811189174652	-127.6584
92.496738910675	-138.0777
92.5123689174652	-138.9011
92.5279989242554	-127.0411
92.5436189174652	-102.0428
92.5592489242554	-66.73541
92.5748689174652	-26.59613
92.5904989242554	11.94458
92.6061189174652	43.56952
92.6217489242554	65.62579
92.6373789310455	78.43127
92.6529989242554	84.43695
92.6686289310455	86.72083
92.6842489242554	87.67432
92.6998789310455	88.30988
92.7154989242554	88.46844
92.7311289310455	87.42822
92.7467589378357	84.67853
92.7623789310455	80.28442
92.7780089378357	74.86652
92.7936289310455	69.21539
92.8092589378357	63.82513
92.8248789310455	58.56476
92.8405089378357	52.7865
92.8561389446259	45.75787
92.8717589378357	37.16248
92.8873889446259	27.45422
92.9030089378357	17.62128
92.9186389446259	8.719116
92.9342589378357	1.04364
92.9498889446259	-6.166931
92.965518951416	-14.65137
92.9811389446259	-26.3421
92.996768951416	-42.54956
93.0123889446259	-63.18622
93.028018951416	-86.74316
93.0436389446259	-110.726
93.059268951416	-132.707
93.0748989582062	-151.1578
93.090518951416	-165.9163
93.1061489582062	-178.1091
93.121768951416	-189.4919
93.1373989582062	-201.8617
93.153018951416	-216.4046
93.1686489582062	-233.3539
93.1842789649963	-251.6993
93.1998989582062	-269.1254
93.2155289649963	-282.0641
93.2311489582062	-286.3301
93.2467789649963	-278.1293
93.2623989582062	-255.3624
93.2780289649963	-218.7952
93.2936589717865	-172.2072
93.3092789649963	-121.5754
93.3249089717865	-73.40198
93.3405289649963	-32.77155
93.3561589717865	-2.102936
93.3717789649963	19.07437
93.3874089717865	33.28448
93.4030389785767	43.81192
93.4186589717865	53.41068
93.4342889785767	63.65247
93.4499089717865	74.90417
93.4655389785767	86.82352
93.4811589717865	98.84445
93.4967889785767	110.5599
93.5124189853668	121.7755
93.5280389785767	132.2383
93.5436689853668	141.5308
93.5592889785767	149.0702
93.5749189853668	154.5555
93.5905389785767	158.4518
93.6061689853668	162.1786
93.621798992157	167.7898
93.6374189853668	177.0358
93.653048992157	190.3877
93.6686689853668	206.5886
93.684298992157	223.1052
93.6999189853668	237.0903
93.715548992157	246.5905
93.7311789989471	251.0081
93.746798992157	250.825
93.7624289989471	246.8354
93.778048992157	239.2412
93.7936789989471	227.4312
93.8093087673187	210.3058
93.8249289989471	186.8149
93.8405587673187	156.4451
93.8561789989471	119.5808
93.8718087673187	77.84613
93.8874289989471	34.37474
93.9030587673187	-5.991119
93.9186887741089	-37.27443
93.9343087673187	-53.71117
93.9499387741089	-51.68686
93.9655587673187	-31.25082
93.9811887741089	3.443573
93.9968087673187	45.27914
94.0124387741089	86.46918
94.028068780899	120.6915
94.0436887741089	144.6545
94.059318780899	158.1266
94.0749387741089	163.178
94.090568780899	162.8357
94.1061887741089	160.0089
94.121818780899	156.8231
94.1374487876892	154.4098
94.153068780899	152.9188
94.1686987876892	151.7611
94.184318780899	150.0443
94.1999487876892	146.8918
94.215568780899	141.862
94.2311987876892	134.9184
94.2468287944794	126.3123
94.2624487876892	116.2057
94.2780787944794	104.4318
94.2936987876892	90.40759
94.3093287944794	73.3183
94.3249487876892	52.51627
94.3405787944794	27.82956
94.3562088012695	-0.2177124
94.3718287944794	-30.46088
94.3874588012695	-61.41669
94.4030787944794	-91.52948
94.4187088012695	-119.638
94.4343287944794	-145.0795
94.4499588012695	-167.8287
94.4655888080597	-188.3217
94.4812088012695	-207.4244
94.4968388080597	-226.1766
94.5124588012695	-245.2914
94.5280888080597	-264.6393
94.5437088012695	-282.6041
94.5593388080597	-296.2327
94.5749688148499	-301.8563
94.5905888080597	-296.5284
94.6062188148499	-279.358
94.6218388080597	-252.2786
94.6374688148499	-219.4442
94.6530888080597	-185.8631
94.6687188148499	-155.6016
94.68434882164	-130.5112
94.6999688148499	-110.1113
94.71559882164	-92.35864
94.7312188148499	-74.99475
94.74684882164	-56.53143
94.7624688148499	-36.70001
94.77809882164	-16.25916
94.7937288284302	3.586243
94.80934882164	21.52386
94.8249788284302	36.5509
94.84059882164	48.1062
94.8562288284302	56.2132
94.87184882164	61.43268
94.8874788284302	64.72137
94.9031088352203	67.19049
94.9187288284302	69.6192
94.9343588352203	72.32635
94.9499788284302	74.86987
94.9656088352203	76.27802
94.9812288284302	75.23639
94.9968588352203	70.43365
95.0124888420105	60.96484
95.0281088352203	46.59985
95.0437388420105	28.01752
95.0593588352203	6.609558
95.0749888420105	-15.77911
95.0906088352203	-37.51532
95.1062388420105	-57.5531
95.1218688488007	-75.78888
95.1374888420105	-92.87317
95.1531188488007	-109.7488
95.1687388420105	-127.0912
95.1843688488007	-144.7641
95.1999888420105	-161.3601
95.2156188488007	-174.0589
95.2312488555908	-178.9269
95.2468688488007	-171.8187
95.2624988555908	-149.8408
95.2781188488007	-112.871
95.2937488555908	-64.18738
95.3093688488007	-9.978455
95.3249988555908	42.51337
95.340628862381	87.26941
95.3562488555908	121.3891
95.371878862381	145.3505
95.3874988555908	161.9027
95.403128862381	174.1622
95.4187488555908	183.937
95.434378862381	191.2863
95.4500088691711	195.0593
95.465628862381	194.1081
95.4812588691711	188.1101
95.496878862381	177.811
95.5125088691711	164.4493
95.528128862381	149.1835
95.5437588691711	132.5981
95.5593888759613	114.829
95.5750088691711	95.97375
95.5906388759613	76.45227
95.6062588691711	57.22253
95.6218888759613	39.48602
95.6375088691711	24.15356
95.6531388759613	11.31287
95.6687688827515	0.09033203
95.6843888759613	-11.0849
95.7000188827515	-23.79523
95.7156388759613	-38.78772
95.7312688827515	-55.5697
95.7468888759613	-72.48376
95.7625188827515	-87.34357
95.7781488895416	-98.37823
95.7937688827515	-105.0838
95.8093988895416	-108.3577
95.8250188827515	-110.2213
95.8406488895416	-113.1572
95.8562688827515	-119.2857
95.8718988895416	-129.7829
95.8875288963318	-144.3545
95.9031488895416	-161.0003
95.9187788963318	-176.0756
95.9343988895416	-185.0618
95.9500288963318	-183.697
95.9656488895416	-169.5422
95.9812788963318	-143.1856
95.9969089031219	-108.3205
96.0125288963318	-70.73047
96.0281589031219	-36.19165
96.0437788963318	-8.628113
96.0594089031219	10.9873
96.0750389099121	24.27069
96.0906589031219	34.12738
96.1062889099121	43.06476
96.1219089031219	52.19482
96.1375389099121	61.17041
96.1531589031219	68.78308
96.1687889099121	73.93127
96.1844189167023	76.14166
96.2000389099121	75.55603
96.2156689167023	72.59192
96.2312889099121	67.66199
96.2469189167023	60.98297
96.2625389099121	52.81287
96.2781689167023	43.68512
96.2937989234924	34.48743
96.3094189167023	26.25537
96.3250489234924	19.67877
96.3406689167023	14.62256
96.3562989234924	9.999084
96.3719189167023	4.100037
96.3875489234924	-4.719788
96.4031789302826	-17.25006
96.4187989234924	-33.02985
96.4344289302826	-50.55603
96.4500489234924	-67.83893
96.4656789302826	-83.26703
96.4812989234924	-96.26404
96.4969289302826	-107.4458
96.5125589370728	-118.3938
96.5281789302826	-131.1751
96.5438089370728	-147.5455
96.5594289302826	-168.3449
96.5750589370728	-192.8116
96.5906789302826	-218.2344
96.6063089370728	-240.1146
96.6219389438629	-253.1971
96.6375589370728	-253.0726
96.6531889438629	-237.8926
96.6688089370728	-209.3779
96.6844389438629	-172.3907
96.7000589370728	-133.4006
96.7156889438629	-98.20563
96.7313189506531	-70.14493
96.7469389438629	-49.53311
96.7625689506531	-34.30975
96.7781889438629	-21.5181
96.7938189506531	-8.666962
96.8094389438629	5.477081
96.8250689506531	20.95236
96.8406989574432	36.97937
96.8563189506531	52.61841
96.8719489574432	67.06018
96.8875689506531	79.73178
96.9031989574432	90.22736
96.9188189506531	98.26593
96.9344489574432	103.6428
96.9500789642334	106.3993
96.9656989574432	107.0324
96.9813289642334	106.5265
96.9969489574432	106.3346
97.0125789642334	107.9739
97.0281989574432	112.3027
97.0438289642334	119.0806
97.0594589710236	126.7105
97.0750789642334	132.7434
97.0907089710236	134.8398
97.1063289642334	131.7556
97.1219589710236	123.8804
97.1375789642334	113.0924
97.1532089710236	101.8328
97.1688389778137	91.87405
97.1844589710236	83.37602
97.2000889778137	74.52516
97.2157089710236	62.21529
97.2313389778137	43.2832
97.2469589710236	15.96114
97.2625889778137	-19.09642
97.2782189846039	-58.61063
97.2938389778137	-97.22324
97.3094689846039	-128.7151
97.3250889778137	-147.2688
97.3407189846039	-148.7583
97.3563389778137	-131.6139
97.3719689846039	-97.31306
97.387598991394	-50.19347
97.4032189846039	3.325233
97.418848991394	56.0472
97.4344689846039	101.6024
97.450098991394	135.7959
97.4657189846039	157.5037
97.481348991394	168.3562
97.4969789981842	171.8603
97.512598991394	171.889
97.5282289981842	171.4532
97.543848991394	171.9903
97.5594789981842	173.3955
97.575098991394	174.5739
97.5907289981842	174.2978
97.6063587665558	171.886
97.6219789981842	167.4727
97.6376087665558	161.8732
97.6532289981842	156.0539
97.6688587665558	150.7259
97.6844789981842	146.0818
97.7001087665558	141.7935
97.7157387733459	137.3529
97.7313587665558	132.2811
97.7469887733459	126.1319
97.7626087665558	118.3234
97.7782387733459	107.9446
97.7938587665558	93.79002
97.8094887733459	74.66936
97.8251187801361	49.90012
97.8407387733459	19.84328
97.8563687801361	-13.98136
97.8719887733459	-49.18299
97.8876187801361	-83.24952
97.9032387733459	-114.1898
97.9188687801361	-141.0444
97.9344987869263	-163.9525
97.9501187801361	-183.8799
97.9657487869263	-202.2046
97.9813687801361	-220.4099
97.9969987869263	-239.7404
98.0126187801361	-260.7757
98.0282487869263	-282.9005
98.0438787937164	-303.828
98.0594987869263	-319.5081
98.0751287937164	-324.9641
98.0907487869263	-315.7356
98.1063787937164	-289.7181
98.1219987869263	-248.3111
98.1376287937164	-196.3114
98.1532588005066	-140.3909
98.1688787937164	-86.93959
98.1845088005066	-40.07341
98.2001287937164	-0.9324875
98.2157588005066	31.7445
98.2313787937164	60.11503
98.2470088005066	85.8007
98.2626388072968	109.1809
98.2782588005066	129.5605
98.2938888072968	145.9639
98.3095088005066	157.8804
98.3251388072968	165.5583
98.3407588005066	169.7272
98.3563888072968	171.1782
98.3720188140869	170.4353
98.3876388072968	167.697
98.4032688140869	163.1347
98.4188888072968	157.2382
98.4345188140869	150.9407
98.4501388072968	145.4052
98.4657688140869	141.7347
98.4813988208771	140.7591
98.4970188140869	142.9527
98.5126488208771	148.5566
98.5282688140869	157.7424
98.5438988208771	170.5207
98.5595188140869	186.6467
98.5751488208771	205.4762
98.5907788276672	225.8607
98.6063988208771	246.3489
98.6220288276672	265.4232
98.6376488208771	281.8221
98.6532788276672	294.8266
98.6689088344574	304.3108
98.6845288276672	310.531
98.7001588344574	313.7214
98.7157788276672	313.7651
98.7314088344574	309.9182
98.7470288276672	301.0584
98.7626588344574	286.0735
98.7782888412476	264.4074
98.7939088344574	236.3851
98.8095388412476	203.0897
98.8251588344574	166.1602
98.8407888412476	127.6529
98.8564088344574	90.10345
98.8720388412476	56.65195
98.8876688480377	30.74942
98.9032888412476	15.30389
98.9189188480377	11.46695
98.9345388412476	17.72284
98.9501688480377	30.10303
98.9657888412476	43.46057
98.9814188480377	53.47278
98.9970488548279	58.17264
99.0126688480377	58.20044
99.0282988548279	55.8139
99.0439188480377	53.19696
99.0595488548279	51.17188
99.0751688480377	48.97742
99.0907988548279	45.13763
99.106428861618	38.58569
99.1220488548279	29.461
99.137678861618	18.91296
99.1532988548279	8.355164
99.168928861618	-1.542603
99.1845488548279	-11.30554
99.200178861618	-22.39435
99.2158088684082	-36.36859
99.231428861618	-54.02399
99.2470588684082	-74.9231
99.262678861618	-97.60132
99.2783088684082	-120.4366
99.293928861618	-142.3128
99.3095588684082	-163.1649
99.3251888751984	-183.6815
99.3408088684082	-204.5858
99.3564388751984	-225.8287
99.3720588684082	-246.0892
99.3876888751984	-263.0668
99.4033088684082	-274.3207
99.4189388751984	-278.3447
99.4345688819885	-275.2599
99.4501888751984	-266.9385
99.4658188819885	-256.4597
99.4814388751984	-247.2
99.4970688819885	-241.9849
99.5126888751984	-242.4824
99.5283188819885	-248.9578
99.5439488887787	-260.0945
99.5595688819885	-272.8977
99.5751988887787	-282.8049
99.5908188819885	-284.332
99.6064488887787	-272.3862
99.6220688819885	-243.9651
99.6376988887787	-199.6062
99.6533288955688	-143.7173
99.6689488887787	-83.60205
99.6845788955688	-27.22107
99.7001988887787	19.25708
99.7158288955688	53.07605
99.7314488887787	75.07129
99.7470788955688	88.43677
99.762708902359	96.87195
99.7783288955688	102.9426
99.793958902359	107.5177
99.8095788955688	109.9968
99.825208902359	109.3201
99.8408288955688	104.8772
99.856458902359	96.9375
99.8720889091492	86.60547
99.887708902359	75.28723
99.9033389091492	64.05518
99.918958902359	53.29504
99.9345889091492	42.66309
99.950208902359	31.4353
99.9658389091492	19.11389
99.9814689159393	5.793823
99.9970889091492	-7.866211
100.012718915939	-20.91064
100.028338909149	-32.65247
100.043968915939	-43.07495
100.059588909149	-52.89392
100.075218915939	-63.17517
100.090848922729	-74.82251
100.106468915939	-88.04773
100.122098922729	-102.1613
100.137718915939	-115.8293
100.153348922729	-127.4778
100.168968915939	-135.8743
100.184598922729	-140.6141
100.20022892952	-142.1913
100.215848922729	-141.8522
100.23147892952	-141.2616
100.247098922729	-142.0941
100.26272892952	-145.6255
100.278348922729	-152.4226
100.29397892952	-161.8306
100.30960893631	-171.5553
100.32522892952	-177.8524
100.34085893631	-176.1171
100.35647892952	-162.4955
100.37210893631	-135.4341
100.38772892952	-96.79456
100.40335893631	-51.68384
100.4189889431	-6.970337
100.43460893631	30.9812
100.4502389431	58.25464
100.46585893631	74.20496
100.4814889431	80.97498
100.49710893631	81.95996
100.5127389431	80.24414
100.52836894989	77.71619
100.5439889431	75.02881
100.55961894989	72.13269
100.5752389431	68.91382
100.59086894989	65.54041
100.6064889431	62.25952
100.62211894989	59.19214
100.63774895668	55.96533
100.65336894989	51.77283
100.66899895668	45.78247
100.68461894989	37.59741
100.70024895668	27.64001
100.71586894989	17.06714
100.73149895668	7.409912
100.74712896347	-0.1517334
100.76274895668	-5.355347
100.77837896347	-9.075562
100.79399895668	-13.00073
100.80962896347	-18.87671
100.82524895668	-27.70752
100.84087896347	-39.26733
100.856508970261	-52.1759
100.87212896347	-64.44153
100.887758970261	-74.28491
100.90337896347	-80.84265
100.919008970261	-84.46484
100.934638977051	-86.54041
100.950258970261	-88.99963
100.965888977051	-93.71106
100.981508970261	-101.8285
100.997138977051	-113.278
101.012758970261	-126.3856
101.028388977051	-137.86
101.044018983841	-143.2859
101.059638977051	-138.2773
101.075268983841	-120.0305
101.090888977051	-88.64026
101.106518983841	-47.56604
101.122138977051	-2.779785
101.137768983841	39.00903
101.153398990631	72.42395
101.169018983841	94.80737
101.184648990631	106.4686
101.200268983841	109.8831
101.215898990631	108.2286
101.231518983841	104.1364
101.247148990631	99.14063
101.262778997421	93.90479
101.278398990631	88.57092
101.294028997421	83.37219
101.309648990631	78.6626
101.325278997421	74.75061
101.340898990631	71.61536
101.356528997421	68.70398
101.372158765793	65.04382
101.387778997421	59.745
101.403408765793	52.45947
101.419028997421	43.60095
101.434658765793	34.32141
101.450278997421	25.88452
101.465908765793	19.11426
101.481538772583	13.85083
101.497158765793	9.017578
101.512788772583	3.088745
101.528408765793	-5.219849
101.544038772583	-16.17163
101.559658765793	-28.95435
101.575288772583	-41.8042
101.590918779373	-52.85266
101.606538772583	-60.85962
101.622168779373	-65.82422
101.637788772583	-69.01416
101.653418779373	-72.53308
101.669038772583	-78.61011
101.684668779373	-88.91565
101.700298786163	-103.9614
101.715918779373	-122.6023
101.731548786163	-141.9229
101.747168779373	-157.5566
101.762798786163	-164.6493
101.778418779373	-159.2924
101.794048786163	-140.0695
101.809678792953	-109.0176
101.825298786163	-71.35388
101.840928792953	-33.96814
101.856548786163	-3.248169
101.872178792953	16.8905
101.887798786163	25.91553
101.903428792953	26.12842
101.919058799744	21.17334
101.934678792953	14.37817
101.950308799744	7.56958
101.965928792953	1.074829
101.981558799744	-5.720093
101.997178792953	-13.47522
102.012808799744	-22.35193
102.028438806534	-32.03625
102.044058799744	-42.07275
102.059688806534	-52.33862
102.075308799744	-63.16565
102.090938806534	-75.15967
102.106558799744	-88.63721
102.122188806534	-103.2137
102.137818813324	-117.9055
102.153438806534	-131.5143
102.169068813324	-143.2914
102.184688806534	-153.2629
102.200318813324	-161.9283
102.215938806534	-169.5187
102.231568813324	-175.0806
102.247198820114	-176.0557
102.262818813324	-168.7667
102.278448820114	-149.7484
102.294068813324	-117.2922
102.309698820114	-72.64502
102.325318813324	-20.31458
102.340948820114	32.86682
102.356578826904	79.41418
102.372198820114	112.8833
102.387828826904	129.3977
102.403448820114	128.2557
102.419078826904	112.136
102.434698820114	86.76208
102.450328826904	59.96405
102.465958833694	40.1134
102.481578826904	34.07074
102.497208833694	45.20593
102.512828826904	72.09033
102.528458833694	108.8547
102.544078826904	147.0163
102.559708833694	178.2817
102.575338840485	197.2516
102.590958833694	202.7036
102.606588840485	197.2206
102.622208833694	185.4521
102.637838840485	172.0162
102.653458833694	159.9932
102.669088840485	150.4426
102.684718847275	142.9063
102.700338840485	136.2326
102.715968847275	129.4234
102.731588840485	121.9604
102.747218847275	113.7846
102.762838840485	105.0048
102.778468847275	95.62024
102.794098854065	85.36615
102.809718847275	73.97076
102.825348854065	61.43286
102.840968847275	48.24725
102.856598854065	35.40405
102.872218847275	23.95435
102.887848854065	14.42261
102.903478860855	6.391479
102.919098854065	-1.547424
102.934728860855	-11.27234
102.950348854065	-24.34558
102.965978860855	-41.13208
102.981598854065	-60.59052
102.997228860855	-80.52747
103.012858867645	-98.40057
103.028478860855	-112.3169
103.044108867645	-121.7787
103.059728860855	-127.87
103.075358867645	-132.7939
103.090978860855	-139.2427
103.106608867645	-149.4899
103.122238874435	-164.6904
103.137858867645	-184.2799
103.153488874435	-205.6346
103.169108867645	-224.2568
103.184738874435	-234.6025
103.200358867645	-231.631
103.215988874435	-212.5169
103.231618881226	-177.9913
103.247238874435	-132.4747
103.262868881226	-82.9696
103.278488874435	-36.79736
103.294118881226	0.5820313
103.309748888016	26.96698
103.325368881226	43.45056
103.340998888016	53.18964
103.356618881226	59.76654
103.372248888016	65.73987
103.387868881226	72.11707
103.403498888016	78.60754
103.419128894806	84.39963
103.434748888016	88.97586
103.450378894806	92.49911
103.465998888016	95.70874
103.481628894806	99.43048
103.497248888016	104.097
103.512878894806	109.5085
103.528508901596	115.0653
103.544128894806	120.2675
103.559758901596	125.0748
103.575378894806	130.0647
103.591008901596	136.0688
103.606628894806	143.5564
103.622258901596	152.0128
103.637888908386	159.9232
103.653508901596	165.1389
103.669138908386	165.6939
103.684758901596	160.6053
103.700388908386	150.323
103.716008901596	136.5146
103.731638908386	121.4659
103.747268915176	107.2129
103.762888908386	94.7897
103.778518915176	83.96695
103.794138908386	73.4184
103.809768915176	61.23389
103.825388908386	45.46518
103.841018915176	24.67325
103.856648921967	-1.501678
103.872268915176	-31.73613
103.887898921967	-62.58873
103.903518915176	-88.70383
103.919148921967	-103.849
103.934768915176	-102.9435
103.950398921967	-84.05858
103.966028928757	-49.66353
103.981648921967	-6.290375
103.997278928757	37.54326
104.012898921967	74.21317
104.028528928757	99.34846
104.044148921967	112.7311
104.059778928757	117.4507
104.075408935547	117.8059
104.091028928757	117.3228
104.106658935547	117.6495
104.122278928757	118.5619
104.137908935547	118.9198
104.153528928757	117.8044
104.169158935547	114.9626
104.184788942337	110.8512
104.200408935547	106.0858
104.216038942337	100.8379
104.231658935547	94.67267
104.247288942337	86.79352
104.262908935547	76.55649
104.278538942337	63.98865
104.294168949127	49.91879
104.309788942337	35.68649
104.325418949127	22.65689
104.341038942337	11.5416
104.356668949127	2.073853
104.372288942337	-6.89325
104.387918949127	-16.98605
104.403548955917	-29.68463
104.419168949127	-45.62537
104.434798955917	-64.41806
104.450418949127	-84.63907
104.466048955917	-104.2538
104.481668949127	-121.328
104.497298955917	-134.7151
104.512928962708	-144.427
104.528548955917	-151.589
104.544178962708	-158.0183
104.559798955917	-165.636
104.575428962708	-176.0878
104.591048955917	-190.2194
104.606678962708	-207.5924
104.622308969498	-226.0589
104.637928962708	-241.6587
104.653558969498	-249.0598
104.669178962708	-243.0577
104.684808969498	-220.4176
104.700428962708	-181.5917
104.716058969498	-131.2422
104.731688976288	-77.08438
104.747308969498	-27.47992
104.762938976288	11.27518
104.778558969498	36.76611
104.794188976288	50.59384
104.809808969498	56.95676
104.825438976288	60.522
104.841068983078	64.58984
104.856688976288	70.28473
104.872318983078	76.8768
104.887938976288	82.81604
104.903568983078	86.7063
104.919188976288	87.96352
104.934818983078	86.83701
104.950448989868	84.02928
104.966068983078	80.22363
104.981698989868	75.75482
104.997318983078	70.62096
105.012948989868	64.79517
105.028568983078	58.44595
105.044198989868	52.11107
105.059828996658	46.53204
105.075448989868	42.28276
105.091078996658	39.43483
105.106698989868	37.36287
105.122328996658	34.92856
105.137948989868	30.74977
105.153578996658	23.77737
105.16920876503	13.59465
105.184828996658	0.6625519
105.20045876503	-13.89453
105.216078996658	-28.69077
105.23170876503	-42.44252
105.247328996658	-54.41695
105.26295876503	-64.52168
105.27858877182	-73.25206
105.29420876503	-81.51807
105.30983877182	-90.43051
105.32545876503	-101.0798
105.34108877182	-114.4134
105.35670876503	-130.7261
105.37233877182	-149.0846
105.38796877861	-166.8889
105.40358877182	-179.8411
105.41921877861	-182.8158
105.43483877182	-171.398
105.45046877861	-143.5189
105.46608877182	-100.574
105.48171877861	-47.41019
105.4973487854	8.893101
105.51296877861	61.06884
105.5285987854	103.5986
105.54421877861	134.0871
105.5598487854	153.4055
105.57546877861	164.7009
105.5910987854	171.9093
105.606728792191	178.1508
105.6223487854	184.8603
105.637978792191	191.6579
105.6535987854	197.1022
105.669228792191	199.7498
105.6848487854	199.1135
105.700478792191	195.9899
105.716108798981	192.0214
105.731728792191	188.8925
105.747358798981	187.5561
105.762978792191	187.9778
105.778608798981	189.3396
105.794238805771	190.6087
105.809858798981	191.1398
105.825488805771	190.8929
105.841108798981	190.2688
105.856738805771	189.6708
105.872358798981	189.0579
105.887988805771	187.7456
105.903618812561	184.5736
105.919238805771	178.341
105.934868812561	168.2847
105.950488805771	154.4293
105.966118812561	137.616
105.981738805771	119.1699
105.997368812561	100.4634
106.012998819351	82.62982
106.028618812561	66.31866
106.044248819351	51.76566
106.059868812561	38.90544
106.075498819351	27.42549
106.091118812561	16.68684
106.106748819351	5.687057
106.122378826141	-6.659668
106.137998819351	-20.80737
106.153628826141	-35.79214
106.169248819351	-48.66757
106.184878826141	-55.02005
106.200498819351	-50.44653
106.216128826141	-32.5705
106.231758832932	-2.599365
106.247378826141	34.44855
106.263008832932	71.16205
106.278628826141	100.1108
106.294258832932	116.2473
106.309878826141	118.218
106.325508832932	108.1629
106.341138839722	90.28366
106.356758832932	69.10324
106.372388839722	48.05707
106.388008832932	28.98294
106.403638839722	12.4263
106.419258832932	-1.786987
106.434888839722	-13.83905
106.450518846512	-23.75647
106.466138839722	-31.46283
106.481768846512	-37.01837
106.497388839722	-40.95038
106.513018846512	-44.07825
106.528638839722	-47.38879
106.544268846512	-51.55304
106.559898853302	-56.82068
106.575518846512	-62.87903
106.591148853302	-69.18146
106.606768846512	-75.21417
106.622398853302	-80.84229
106.638018846512	-86.37677
106.653648853302	-92.45538
106.669278860092	-99.77374
106.684898853302	-108.6735
106.700528860092	-118.9486
106.716148853302	-129.6564
106.731778860092	-139.35
106.747398853302	-146.502
106.763028860092	-150.0521
106.778658866882	-149.8397
106.794278860092	-146.7601
106.809908866882	-142.5016
106.825528860092	-139.0341
106.841158866882	-138.172
106.856778860092	-141.194
106.872408866882	-148.5269
106.888038873672	-159.447
106.903658866882	-171.7554
106.919288873672	-181.7878
106.934908866882	-184.9275
106.950538873672	-176.9893
106.966158866882	-155.7831
106.981788873672	-122.3834
106.997418880463	-81.19373
107.013038873672	-38.69006
107.028668880463	-1.334595
107.044288873672	26.54285
107.059918880463	43.82007
107.075538873672	52.2688
107.091168880463	55.10107
107.106798887253	55.32263
107.122418880463	54.61475
107.138048887253	53.21021
107.153668880463	50.55829
107.169298887253	46.2605
107.184918880463	40.69067
107.200548887253	34.97449
107.216178894043	30.47949
107.231798887253	28.07654
107.247428894043	27.65649
107.263048887253	28.06335
107.278678894043	27.70642
107.294298887253	25.27441
107.309928894043	20.42041
107.325558900833	13.90906
107.341178894043	7.22229
107.356808900833	1.734253
107.372428894043	-2.039185
107.388058900833	-4.710083
107.403678894043	-7.912354
107.419308900833	-13.49084
107.434938907623	-22.61792
107.450558900833	-35.1283
107.466188907623	-49.55566
107.481808900833	-63.64844
107.497438907623	-75.36841
107.513058900833	-83.65173
107.528688907623	-88.85938
107.544318914413	-92.47107
107.559938907623	-96.49744
107.575568914413	-102.8455
107.591188907623	-112.7573
107.606818914413	-126.5978
107.622438907623	-143.4645
107.638068914413	-160.8883
107.653698921204	-174.7783
107.669318914413	-180.0182
107.684948921204	-171.8079
107.700568914413	-147.6058
107.716198921204	-108.6394
107.731818914413	-60.12207
107.747448921204	-9.958984
107.763078927994	33.81372
107.778698921204	65.61499
107.794328927994	83.79846
107.809948921204	90.466
107.825578927994	89.9483
107.841198921204	86.68494
107.856828927994	83.60864
107.872458934784	81.67346
107.888078927994	80.26306
107.903708934784	78.36243
107.919328927994	75.35333
107.934958934784	71.52142
107.950588941574	67.81543
107.966208934784	65.26697
107.981838941574	64.36023
107.997458934784	64.72607
108.013088941574	65.34436
108.028708934784	64.9895
108.044338941574	62.88049
108.059968948364	58.88733
108.075588941574	53.64087
108.091218948364	47.99805
108.106838941574	42.69751
108.122468948364	37.92175
108.138088941574	33.2865
108.153718948364	28.05591
108.169348955154	21.46008
108.184968948364	13.09143
108.200598955154	3.043579
108.216218948364	-8.005493
108.231848955154	-19.12122
108.247468948364	-29.38757
108.263098955154	-38.25671
108.278728961945	-45.76428
108.294348955154	-52.45007
108.309978961945	-59.32288
108.325598955154	-67.48816
108.341228961945	-78.02783
108.356848955154	-91.7041
108.372478961945	-108.4857
108.388108968735	-127.0555
108.403728961945	-144.4403
108.419358968735	-156.1923
108.434978961945	-157.4916
108.450608968735	-144.9098
108.466228961945	-117.9728
108.481858968735	-79.88379
108.497488975525	-36.9093
108.513108968735	3.692383
108.528738975525	36.05981
108.544358968735	57.48859
108.559988975525	68.73157
108.575608968735	72.96173
108.591238975525	73.84027
108.606868982315	73.99683
108.622488975525	74.29889
108.638118982315	74.25311
108.653738975525	72.94714
108.669368982315	69.93365
108.684988975525	65.55804
108.700618982315	60.64526
108.716248989105	55.96826
108.731868982315	51.65283
108.747498989105	47.11505
108.763118982315	41.4801
108.778748989105	34.05981
108.794368982315	25.01978
108.809998989105	15.30945
108.825628995895	6.35437
108.841248989105	-0.7155762
108.856878995895	-5.660156
108.872498989105	-9.417114
108.888128995895	-13.84888
108.903748989105	-21.04443
108.919378995895	-32.44824
108.935009002686	-48.12598
108.950628995895	-66.72961
108.966259002686	-85.91052
108.981878995895	-103.1169
108.997509002686	-116.568
109.013128995895	-125.8195
109.028759002686	-131.8428
109.044388771057	-136.5759
109.060009002686	-142.3099
109.075638771057	-150.9775
109.091259002686	-163.6425
109.106888771057	-180.0363
109.122509002686	-198.202
109.138138771057	-214.5248
109.153768777847	-224.1155
109.169388771057	-221.9949
109.185018777847	-204.6161
109.200638771057	-171.4739
109.216268777847	-125.8077
109.231888771057	-73.99585
109.247518777847	-23.73022
109.263148784637	18.50494
109.278768777847	49.21692
109.294398784637	68.63745
109.310018777847	79.69287
109.325648784637	86.2995
109.341268777847	91.52435
109.356898784637	96.68964
109.372528791428	101.575
109.388148784637	105.2728
109.403778791428	107.1361
109.419398784637	107.1871
109.435028791428	105.9694
109.450648784637	104.0702
109.466278791428	101.8013
109.481908798218	99.20264
109.497528791428	96.33917
109.513158798218	93.55652
109.528778791428	91.39453
109.544408798218	90.26044
109.560028791428	89.88446
109.575658798218	89.05383
109.591288805008	85.80249
109.606908798218	78.18756
109.622538805008	65.13409
109.638158798218	47.08759
109.653788805008	26.08228
109.669408798218	5.056458
109.685038805008	-13.20404
109.700668811798	-27.14044
109.716288805008	-37.01965
109.731918811798	-44.98145
109.747538805008	-54.24365
109.763168811798	-67.97308
109.778788805008	-87.87054
109.794418811798	-112.9881
109.810048818588	-139.3144
109.825668811798	-160.4116
109.841298818588	-169.1368
109.856918811798	-160.1304
109.872548818588	-131.9413
109.888168811798	-87.98975
109.903798818588	-35.74628
109.919428825378	15.69769
109.935048818588	58.64868
109.950678825378	88.92389
109.966298818588	106.6208
109.981928825378	114.9549
109.997548818588	118.3004
110.013178825378	120.2248
110.028808832169	122.3976
110.044428825378	124.7712
110.060058832169	126.376
110.075678825378	126.3158
110.091308832169	124.2465
110.106928825378	120.3822
110.122558832169	115.1625
110.138188838959	108.7499
110.169438838959	91.86737
110.185058832169	81.59717
110.200688838959	71.16959
110.216308832169	62.12064
110.231938838959	55.82327
110.247568845749	52.75952
110.263188838959	51.9325
110.278818845749	50.97543
110.294438838959	47.03531
110.310068845749	38.01007
110.325688838959	23.51874
110.341318845749	5.263519
110.356948852539	-13.6326
110.372568845749	-29.92258
110.388198852539	-41.59088
110.403818845749	-48.70303
110.419448852539	-53.4765
110.435068845749	-59.34836
110.450698852539	-69.87097
110.466328859329	-87.41904
110.481948852539	-112.1899
110.497578859329	-141.5208
110.513198852539	-170.0278
110.528828859329	-190.5583
110.544448852539	-195.9938
110.560078859329	-181.6694
110.575708866119	-147.1902
110.591328859329	-97.19669
110.606958866119	-40.1106
110.622578859329	14.52637
110.638208866119	59.1806
110.65383887291	90.40988
110.669458866119	109.2551
110.68508887291	119.7486
110.700708866119	126.5303
110.71633887291	132.8117
110.731958866119	139.4537
110.74758887291	145.2858
110.7632188797	148.3831
110.77883887291	147.3023
110.7944688797	141.6861
110.81008887291	132.4084
110.8257188797	120.9167
110.84133887291	108.5436
110.8569688797	96.04953
110.87259888649	83.66116
110.8882188797	71.34671
110.90384888649	59.32574
110.9194688797	48.30789
110.93509888649	39.24313
110.9507188797	32.83304
110.96634888649	28.86618
110.98197889328	25.85797
110.99759888649	21.42081
111.01322889328	13.08298
111.02884888649	-0.636261
111.04447889328	-19.44653
111.06009888649	-41.2319
111.07572889328	-62.81015
111.09135890007	-81.06033
111.10697889328	-94.08521
111.12260890007	-101.9438
111.13822889328	-106.4918
111.15385890007	-110.8094
111.16947889328	-118.1877
111.18510890007	-131.1408
111.20073890686	-150.4441
111.21635890007	-174.519
111.23198890686	-199.1888
111.24760890007	-218.3253
111.26323890686	-225.3991
111.27885890007	-215.3079
111.29448890686	-186.328
111.310118913651	-141.0543
111.32573890686	-85.86304
111.341368913651	-29.00562
111.35698890686	21.92075
111.372618913651	62.26572
111.38823890686	91.18793
111.403868913651	111.0111
111.419498920441	125.5114
111.435118913651	138.0252
111.450748920441	150.1932
111.466368913651	161.7135
111.481998920441	171.0959
111.497618913651	176.7657
111.513248920441	178.03
111.528878927231	175.4314
111.544498920441	170.4149
111.560128927231	164.5324
111.575748920441	158.7
111.591378927231	152.8393
111.606998920441	146.2341
111.622628927231	138.1024
111.638258934021	128.3072
111.653878927231	117.688
111.669508934021	107.7053
111.685128927231	99.66498
111.700758934021	93.94748
111.716378927231	89.55136
111.732008934021	84.35266
111.747638940811	76.03
111.763258934021	63.09296
111.778888940811	45.69147
111.794508934021	25.76218
111.810138940811	6.251587
111.825758934021	-9.99234
111.841388940811	-21.30173
111.857018947601	-27.84769
111.872638940811	-31.51422
111.888268947601	-35.1795
111.903888940811	-41.77112
111.919518947601	-53.57715
111.935138940811	-71.65552
111.950768947601	-95.46231
111.966398954391	-122.4873
111.982018947601	-148.2389
111.997648954391	-166.7267
112.013268947601	-171.8261
112.028898954391	-159.3809
112.044518947601	-129.107
112.060148954391	-85.29764
112.075778961182	-35.79367
112.091398954391	10.6326
112.107028961182	47.17932
112.122648954391	71.04858
112.138278961182	83.56442
112.153898954391	88.75491
112.169528961182	91.04395
112.185158967972	93.42438
112.200778961182	96.74744
112.216408967972	100.1386
112.232028961182	102.0483
112.247658967972	101.2215
112.263278961182	97.12585
112.278908967972	90.00269
112.294538974762	80.64484
112.310158967972	70.07715
112.325788974762	59.32068
112.341408967972	49.28342
112.357038974762	40.55795
112.372658967972	33.37051
112.388288974762	27.5318
112.403918981552	22.53571
112.419538974762	17.68561
112.435168981552	12.28745
112.450788974762	5.790649
112.466418981552	-2.10733
112.482038974762	-11.4144
112.497668981552	-21.98477
112.513298988342	-33.49738
112.528918981552	-45.55316
112.544548988342	-57.7287
112.560168981552	-69.65433
112.575798988342	-81.07373
112.591418981552	-91.80774
112.607048988342	-101.7664
112.622678995132	-110.825
112.638298988342	-118.8811
112.653928995132	-125.8635
112.669548988342	-132.0087
112.685178995132	-138.0554
112.700798988342	-145.2125
112.716428995132	-154.9552
112.732059001923	-168.1374
112.747678995132	-184.1036
112.763309001923	-199.9173
112.778928995132	-210.4919
112.794559001923	-209.9106
112.810178995132	-193.6741
112.825809001923	-160.8937
112.841438770294	-115.2119
112.857059001923	-63.9635
112.872688770294	-15.6969
112.888309001923	22.82019
112.903938770294	48.6665
112.919568777084	63.14923
112.935188770294	70.29779
112.950818777084	74.62012
112.966438770294	79.10516
112.982068777084	84.56635
112.997688770294	90.03296
113.013318777084	93.94318
113.028948783875	95.18457
113.044568777084	93.5892
113.060198783875	89.80197
113.075818777084	84.75806
113.091448783875	79.25494
113.107068777084	73.72437
113.122698783875	68.34534
113.138328790665	63.13876
113.153948783875	58.1554
113.169578790665	53.40671
113.185198783875	48.80344
113.200828790665	43.98196
113.216448783875	38.28635
113.232078790665	31.09314
113.247708797455	22.11063
113.263328790665	11.4769
113.278958797455	-0.2179565
113.294578790665	-12.19794
113.310208797455	-23.85706
113.325828790665	-34.89459
113.341458797455	-45.35983
113.357088804245	-55.43341
113.372708797455	-65.23849
113.388338804245	-74.61075
113.403958797455	-83.23828
113.419588804245	-90.8035
113.435208797455	-97.27151
113.450838804245	-103.1921
113.466468811035	-109.747
113.482088804245	-118.6447
113.497718811035	-131.649
113.513338804245	-149.6988
113.528968811035	-171.8387
113.544588804245	-194.7059
113.560218811035	-212.7121
113.575848817825	-219.3374
113.591468811035	-209.2026
113.607098817825	-179.9698
113.622718811035	-133.5287
113.638348817825	-75.74069
113.653968811035	-14.83786
113.669598817825	40.94904
113.685228824615	85.56497
113.700848817825	116.4182
113.716478824615	134.4145
113.732098817825	142.7453
113.747728824615	145.4682
113.763348817825	145.8999
113.778978824615	145.8614
113.794608831406	145.6493
113.810228824615	144.6052
113.825858831406	141.9719
113.841478824615	137.6248
113.857108831406	132.2402
113.872728824615	126.8819
113.888358831406	122.4372
113.903988838196	119.0767
113.919608831406	116.2205
113.935238838196	112.9454
113.950858831406	108.462
113.966488838196	102.6008
113.982108831406	95.82986
113.997738838196	88.98148
114.013368844986	82.7457
114.028988838196	77.33261
114.044618844986	72.28595
114.060238838196	66.70911
114.075868844986	59.65298
114.091488838196	50.45337
114.107118844986	39.01303
114.122748851776	25.78748
114.138368844986	11.60974
114.153998851776	-2.51532
114.169618844986	-15.69879
114.185248851776	-27.37006
114.200868844986	-37.47717
114.216498851776	-46.45758
114.232128858566	-55.37875
114.247748851776	-65.57486
114.263378858566	-78.47272
114.278998851776	-95.03668
114.294628858566	-115.0224
114.310248851776	-136.2719
114.325878858566	-154.5594
114.341508865356	-164.2972
114.357128858566	-160.2266
114.372758865356	-139.5414
114.388378858566	-103.3806
114.404008865356	-56.90518
114.419628858566	-7.89267
114.435258865356	35.89661
114.450888872147	69.12695
114.466508865356	90.13461
114.482138872147	100.5439
114.497758865356	103.7202
114.513388872147	102.9398
114.529008865356	100.2686
114.544638872147	96.43466
114.560268878937	91.4978
114.575888872147	85.56586
114.591518878937	79.20709
114.607138872147	73.23322
114.622768878937	68.19324
114.638388872147	64.06525
114.654018878937	60.13214
114.669648885727	55.48883
114.685268878937	49.55902
114.700898885727	42.44186
114.716518878937	35.00143
114.732148885727	28.39719
114.747768878937	23.48734
114.763398885727	20.21817
114.779028892517	17.51437
114.794648885727	13.51218
114.810278892517	6.367157
114.825898885727	-4.919037
114.841528892517	-19.91934
114.857148885727	-36.71066
114.872778892517	-52.57751
114.888408899307	-64.9953
114.904028892517	-72.66245
114.919658899307	-76.05948
114.935278892517	-77.38791
114.950908899307	-79.7363
114.966528892517	-86.04492
114.982158899307	-98.06128
114.997788906097	-115.5569
115.013408899307	-136.0331
115.029038906097	-155.0176
115.044658899307	-166.8712
115.060288906097	-166.3737
115.075918912888	-150.4143
115.091538906097	-119.426
115.107168912888	-77.61545
115.122788906097	-31.96484
115.138418912888	10.03125
115.154038906097	42.77686
115.169668912888	64.09143
115.185298919678	75.37775
115.200918912888	80.1926
115.216548919678	82.19089
115.232168912888	83.62946
115.247798919678	84.79742
115.263418912888	84.75797
115.279048919678	82.55789
115.294678926468	78.16547
115.310298919678	72.66217
115.325928926468	67.57068
115.341548919678	63.91306
115.357178926468	61.53088
115.372798919678	59.16449
115.388428926468	55.08966
115.404058933258	48.21323
115.419678926468	38.77167
115.435308933258	28.26508
115.450928926468	18.76523
115.466558933258	11.73831
115.482178926468	7.212158
115.497808933258	3.637054
115.513438940048	-1.342621
115.529058933258	-9.886902
115.544688940048	-22.6998
115.560308933258	-38.72726
115.575938940048	-55.57849
115.591558933258	-70.56625
115.607188940048	-81.80701
115.622818946838	-89.00821
115.638438940048	-93.50601
115.654068946838	-97.67853
115.669688940048	-104.1691
115.685318946838	-115.0665
115.700938940048	-131.1616
115.716568946838	-151.576
115.732198953629	-173.3836
115.747818946838	-191.8986
115.763448953629	-201.3941
115.779068946838	-196.6932
115.794698953629	-174.8428
115.810318946838	-136.5788
115.825948953629	-86.62119
115.841578960419	-32.43967
115.857198953629	17.9631
115.872828960419	58.57469
115.888448953629	86.95547
115.904078960419	104.3153
115.919698953629	114.1673
115.935328960419	120.3035
115.950958967209	125.1134
115.966578960419	128.9764
115.982208967209	130.9507
115.997828960419	129.9235
116.013458967209	125.7611
116.029078960419	119.5752
116.044708967209	113.1867
116.060338973999	108.1169
116.075958967209	104.7228
116.091588973999	102.0411
116.107208967209	98.46928
116.122838973999	92.83473
116.154088973999	76.29744
116.169718980789	68.33005
116.185338973999	62.35612
116.200968980789	58.32767
116.216588973999	54.73178
116.232218980789	49.24867
116.247838973999	39.84669
116.263468980789	25.85136
116.279098987579	8.352493
116.294718980789	-10.09904
116.310348987579	-26.52072
116.325968980789	-38.7114
116.341598987579	-46.20331
116.357218980789	-50.41678
116.372848987579	-54.17177
116.38847899437	-60.5802
116.404098987579	-72.07756
116.41972899437	-89.71982
116.435348987579	-112.7256
116.45097899437	-138.3419
116.466598987579	-162.0475
116.48222899437	-178.1439
116.49785900116	-181.0691
116.51347899437	-167.1864
116.52910900116	-136.3867
116.54472899437	-92.68599
116.56035900116	-43.39368
116.57597899437	3.260529
116.59160900116	40.8212
116.607238769531	66.35634
116.62285900116	80.85358
116.638488769531	87.81425
116.65410900116	91.18076
116.669738769531	93.6244
116.68535900116	95.95992
116.700988769531	97.63788
116.716618776321	97.79298
116.732238769531	96.1369
116.747868776321	93.04199
116.763488769531	89.2462
116.779118776321	85.27808
116.794738769531	81.02534
116.810368776321	75.81432
116.825998783112	69.01743
116.841618776321	60.56094
116.857248783112	51.32988
116.872868776321	42.88409
116.888498783112	36.55262
116.904118776321	32.63602
116.919748783112	29.91251
116.935378789902	25.97897
116.950998783112	18.31847
116.966628789902	5.597336
116.982248783112	-11.54537
116.997878789902	-30.65388
117.013498783112	-48.39958
117.029128789902	-62.10411
117.044758796692	-70.6724
117.060378789902	-75.10295
117.076008796692	-78.05795
117.091628789902	-82.83502
117.107258796692	-92.30701
117.122878789902	-107.9597
117.138508796692	-129.0721
117.154138803482	-152.3675
117.169758796692	-172.4039
117.185388803482	-182.5903
117.201008796692	-177.2734
117.216638803482	-153.9623
117.232258796692	-114.5453
117.247888803482	-65.25583
117.263518810272	-14.65408
117.279138803482	29.27791
117.294768810272	61.76191
117.310388803482	82.30904
117.326018810272	94.05256
117.341638803482	101.6078
117.357268810272	108.6186
117.372898817062	116.4546
117.388518810272	124.1399
117.404148817062	129.5135
117.419768810272	130.7239
117.435398817062	127.3104
117.451018810272	120.341
117.466648817062	111.8528
117.482278823853	103.8091
117.497898817062	97.18063
117.513528823853	91.74818
117.529148817062	86.37572
117.544778823853	79.84418
117.560398817062	71.62383
117.576028823853	62.1156
117.591658830643	52.44577
117.607278823853	43.70811
117.622908830643	36.2977
117.638528823853	29.47284
117.654158830643	21.75614
117.669778823853	11.52666
117.685408830643	-2.055355
117.701038837433	-18.52706
117.716658830643	-36.37265
117.732288837433	-53.52671
117.747908830643	-68.44804
117.763538837433	-80.69376
117.779168844223	-91.10028
117.794788837433	-101.3958
117.810418844223	-113.5266
117.826038837433	-129.0121
117.841668844223	-148.6266
117.857288837433	-172.1996
117.872918844223	-198.4166
117.888548851013	-224.5531
117.904168844223	-246.3806
117.919798851013	-258.634
117.935418844223	-256.243
117.951048851013	-236.1622
117.966668844223	-198.9153
117.982298851013	-149.0754
117.997928857803	-94.21847
118.013548851013	-42.43753
118.029178857803	0.1087875
118.044798851013	31.07242
118.060428857803	51.9312
118.076048851013	66.54633
118.091678857803	79.01939
118.107308864594	91.89545
118.122928857803	105.427
118.138558864594	118.0124
118.154178857803	127.4647
118.169808864594	132.1448
118.185428857803	131.7531
118.201058864594	127.3863
118.216688871384	120.9178
118.232308864594	114.291
118.247938871384	108.865
118.263558864594	105.0606
118.279188871384	102.46
118.294808864594	100.209
118.310438871384	97.40784
118.326068878174	93.58324
118.341688871384	88.73294
118.357318878174	83.15534
118.372938871384	77.13599
118.388568878174	70.70671
118.404188871384	63.55247
118.419818878174	55.14118
118.435448884964	45.04982
118.451068878174	33.22798
118.466698884964	20.14406
118.482318878174	6.686417
118.497948884964	-6.195404
118.513568878174	-17.76875
118.529198884964	-27.74574
118.544828891754	-36.38307
118.560448884964	-44.33356
118.576078891754	-52.50742
118.591698884964	-62.03754
118.607328891754	-74.16464
118.622948884964	-89.93738
118.638578891754	-109.631
118.654208898544	-131.8721
118.669828891754	-153.08
118.685458898544	-167.7583
118.701078891754	-169.8618
118.716708898544	-154.922
118.732328891754	-122.2023
118.747958898544	-75.53203
118.763588905334	-22.41412
118.779208898544	28.38437
118.794838905334	69.83751
118.810458898544	98.77271
118.826088905334	116.2563
118.841708898544	126.226
118.857338905334	133.2262
118.872968912125	140.3033
118.888588905334	148.0344
118.904218912125	155.0153
118.919838905334	159.0362
118.935468912125	158.5391
118.951088905334	153.2982
118.966718912125	144.445
118.982348918915	133.7332
118.997968912125	122.7308
119.013598918915	112.249
119.029218912125	102.3696
119.044848918915	92.72113
119.060468912125	83.00096
119.076098918915	73.28714
119.091728925705	64.00439
119.107348918915	55.63496
119.122978925705	48.35335
119.138598918915	41.69354
119.154228925705	34.62682
119.169848918915	25.83997
119.185478925705	14.3232
119.201108932495	-0.1874695
119.216728925705	-16.81917
119.232358932495	-33.8358
119.247978925705	-49.25937
119.263608932495	-61.60754
119.279228925705	-70.53343
119.294858932495	-76.90694
119.310488939285	-82.43359
119.326108932495	-88.96466
119.341738939285	-97.96306
119.357358932495	-110.2523
119.372988939285	-126.0449
119.388608932495	-144.8376
119.404238939285	-165.0713
119.419868946075	-183.7606
119.435488939285	-196.4549
119.451118946075	-198.2375
119.466738939285	-185.3969
119.482368946075	-157.3807
119.497988939285	-117.5298
119.513618946075	-72.48695
119.529248952866	-29.84346
119.544868946075	4.512466
119.560498952866	28.30273
119.576118946075	43.12241
119.591748952866	52.97427
119.607368946075	61.97838
119.622998952866	72.43829
119.638628959656	84.09747
119.654248952866	94.8576
119.669878959656	102.217
119.685498952866	104.6307
119.701128959656	102.1389
119.716748952866	96.16736
119.732378959656	88.65413
119.748008966446	81.17068
119.763628959656	74.30162
119.779258966446	67.80412
119.794878959656	60.96851
119.810508966446	53.37036
119.826128959656	45.20839
119.841758966446	37.16983
119.857388973236	30.15591
119.873008966446	24.63547
119.888638973236	20.30208
119.904258966446	16.06989
119.919888973236	10.44943
119.935518980026	2.126282
119.951138973236	-9.383148
119.966768980026	-23.43463
119.982388973236	-38.51509
119.998018980026	-52.74107
120.013638973236	-64.64502
120.029268980026	-73.7881
120.044898986816	-80.88326
120.060518980026	-87.48672
120.076148986816	-95.57436
120.091768980026	-106.8622
120.107398986816	-122.478
120.123018980026	-142.447
120.138648986816	-165.2135
120.154278993607	-187.4562
120.169898986816	-204.1534
120.185528993607	-209.6333
120.201148986816	-199.1508
120.216778993607	-170.8057
120.232398986816	-126.6375
120.248028993607	-72.5463
120.263659000397	-16.64413
120.279278993607	33.34241
120.294909000397	72.31541
120.310528993607	99.10522
120.326159000397	116.0529
120.341778993607	127.2864
120.357409000397	136.6882
120.373038768768	146.4064
120.388659000397	156.3354
120.404288768768	164.8238
120.419909000397	169.8548
120.435538768768	170.1776
120.451159000397	165.9511
120.466788768768	158.6237
120.482418775558	150.1494
120.498038768768	142.0677
120.513668775558	135.048
120.529288768768	128.7768
120.544918775558	122.3995
120.560538768768	115.1041
120.576168775558	106.5502
120.591798782349	96.98169
120.607418775558	87.01311
120.623048782349	77.11113
120.638668775558	67.3134
120.654298782349	57.07225
120.669918775558	45.48805
120.685548782349	31.73122
120.701178789139	15.53023
120.716798782349	-2.581436
120.732428789139	-21.32242
120.748048782349	-39.03557
120.763678789139	-54.34351
120.779298782349	-66.60271
120.794928789139	-76.21538
120.810558795929	-84.49548
120.826178789139	-93.22427
120.841808795929	-104.1975
120.857428789139	-118.8445
120.873058795929	-137.827
120.888678789139	-160.6252
120.904308795929	-185.0503
120.919938802719	-206.9454
120.935558795929	-220.668
120.951188802719	-220.4272
120.966808795929	-202.3416
120.982438802719	-166.2915
120.998058795929	-116.6506
121.013688802719	-61.33072
121.029318809509	-9.208603
121.044938802719	32.76999
121.060568809509	61.71472
121.076188802719	79.04353
121.091818809509	89.0789
121.107438802719	96.57932
121.123068809509	104.7484
121.138698816299	114.2326
121.154318809509	123.5775
121.169948816299	130.5679
121.185568809509	133.6531
121.201198816299	132.6878
121.216818809509	128.8878
121.232448816299	123.98
121.24807882309	119.185
121.263698816299	114.6936
121.27932882309	109.8094
121.294948816299	103.5284
121.31057882309	95.28285
121.326198816299	85.39806
121.34182882309	74.96513
121.35745882988	65.2374
121.37307882309	57.01291
121.38870882988	50.16263
121.40432882309	43.69463
121.41995882988	36.145
121.43557882309	26.13039
121.45120882988	12.90741
121.46683883667	-3.350754
121.48245882988	-21.57321
121.49808883667	-40.09978
121.51370882988	-57.28635
121.52933883667	-72.01407
121.54495882988	-84.11937
121.56058883667	-94.31824
121.57621884346	-103.9563
121.59183883667	-114.4874
121.60746884346	-127.2454
121.62308883667	-143.1673
121.63871884346	-162.4807
121.65433883667	-184.1556
121.66996884346	-205.3392
121.68559885025	-221.2834
121.70121884346	-226.26
121.71684885025	-215.4648
121.73246884346	-187.0574
121.74809885025	-143.5858
121.76371884346	-91.66393
121.77934885025	-39.80634
121.79497885704	4.433945
121.81059885025	36.99626
121.82622885704	58.06439
121.84184885025	71.12459
121.85747885704	80.72423
121.87309885025	90.40292
121.88872885704	101.3824
121.904358863831	112.808
121.91997885704	122.7194
121.935608863831	129.2657
121.95122885704	131.6322
121.966858863831	130.1558
121.98247885704	126.1132
121.998108863831	120.9906
122.013738870621	115.8877
122.029358863831	111.2203
122.044988870621	106.7223
122.060608863831	101.7633
122.076238870621	95.75505
122.091858863831	88.50108
122.107488870621	80.17488
122.123118877411	71.22803
122.138738870621	62.03421
122.154368877411	52.67461
122.169988870621	42.85564
122.185618877411	32.06088
122.201238870621	19.84222
122.216868877411	6.004181
122.232498884201	-9.066177
122.248118877411	-24.49821
122.263748884201	-39.17377
122.279368877411	-52.12952
122.294998884201	-62.91995
122.310628890991	-71.90735
122.326248884201	-80.10918
122.341878890991	-88.91812
122.357498884201	-99.78372
122.373128890991	-113.8417
122.388748884201	-131.7983
122.404378890991	-153.4794
122.420008897781	-177.3511
122.435628890991	-200.074
122.451258897781	-216.5774
122.466878890991	-221.023
122.482508897781	-208.7265
122.498128890991	-178.1924
122.513758897781	-132.3843
122.529388904572	-78.29207
122.545008897781	-24.80827
122.560638904572	20.15785
122.576258897781	52.19391
122.591888904572	71.21698
122.607508897781	80.63675
122.623138904572	85.15614
122.638768911362	88.66455
122.654388904572	92.93359
122.670018911362	97.62532
122.685638904572	101.2345
122.701268911362	102.2735
122.716888904572	100.0907
122.732518911362	95.05438
122.748148918152	88.17026
122.763768911362	80.37988
122.779398918152	72.18289
122.795018911362	63.61331
122.810648918152	54.48898
122.826268911362	44.79739
122.841898918152	34.94821
122.857528924942	25.57201
122.873148918152	17.2101
122.888778924942	9.939316
122.904398918152	3.304367
122.920028924942	-3.435669
122.935648918152	-10.84261
122.951278924942	-19.04314
122.966908931732	-27.67804
122.982528924942	-36.15965
122.998158931732	-44.10713
123.013778924942	-51.56352
123.029408931732	-58.99942
123.045028924942	-67.00867
123.060658931732	-76.08534
123.076288938522	-86.19543
123.091908931732	-96.85934
123.107538938522	-107.2596
123.123158931732	-116.5888
123.138788938522	-124.5205
123.154408931732	-131.598
123.170038938522	-138.9745
123.185668945312	-147.7331
123.201288938522	-157.7949
123.216918945312	-167.1598
123.232538938522	-171.9191
123.248168945312	-167.3842
123.263788938522	-149.7624
123.279418945312	-117.7046
123.295048952103	-72.72714
123.310668945312	-18.76868
123.326298952103	39.13809
123.341918945312	96.12
123.357548952103	148.3256
123.373168945312	193.1652
123.388798952103	229.281
123.404428958893	256.4139
123.420048952103	275.0185
123.435678958893	286.0982
123.451298952103	290.7307
123.466928958893	289.7413
123.482548952103	283.7703
123.498178958893	273.5213
123.513808965683	260.1112
123.529428958893	245.17
123.545058965683	230.3842
123.560678958893	216.7766
123.576308965683	204.406
123.591928958893	192.3729
123.607558965683	179.5227
123.623188972473	165.1418
123.638808965683	149.3354
123.654438972473	132.8107
123.670058965683	116.4419
123.685688972473	100.581
123.701308965683	84.89801
123.716938972473	68.575
123.732568979263	50.77969
123.748188972473	31.26793
123.763818979263	10.57779
123.779438972473	-10.07628
123.795068979263	-29.2269
123.810688972473	-45.85115
123.826318979263	-59.77614
123.841948986053	-71.91115
123.857568979263	-83.82637
123.873198986053	-97.3205
123.888818979263	-113.7449
123.904448986053	-133.4701
123.920068979263	-155.5611
123.935698986053	-177.4832
123.951328992844	-195.3434
123.966948986053	-204.5113
123.982578992844	-200.9371
123.998198986053	-182.703
124.013828992844	-151.2112
124.029448986053	-111.2044
124.045078992844	-69.48017
124.060708999634	-32.64003
124.076328992844	-4.848026
124.091958999634	13.13423
124.107578992844	23.44226
124.123208999634	29.40714
124.138828992844	33.59119
124.154458999634	36.80487
124.170088768005	38.35369
124.185708999634	37.29045
124.201338768005	33.55959
124.216958999634	28.53482
124.232588768005	24.35476
124.248208999634	22.89261
124.263838768005	24.71146
124.279468774796	28.73074
124.295088768005	32.84534
124.310718774796	35.00063
124.326338768005	34.18481
124.341968774796	30.85337
124.357588768005	26.51865
124.373218774796	22.7302
124.388848781586	20.08444
124.404468774796	17.81033
124.420098781586	13.97567
124.435718774796	6.631584
124.451348781586	-5.142166
124.466968774796	-20.52125
124.482598781586	-37.14862
124.498228788376	-52.08532
124.513848781586	-63.11617
124.529478788376	-69.69125
124.545098781586	-73.14703
124.560728788376	-76.209
124.576348781586	-81.85739
124.591978788376	-92.44376
124.607608795166	-108.9473
124.623228788376	-130.5855
124.638858795166	-154.5354
124.654478788376	-176.066
124.670108795166	-189.2045
124.685728788376	-188.1697
124.701358795166	-169.4642
124.716988801956	-133.5215
124.732608795166	-85.32588
124.748238801956	-33.15158
124.763858795166	14.20253
124.779488801956	50.33736
124.795118808746	73.13646
124.810738801956	84.75285
124.826368808746	89.77196
124.841988801956	92.69234
124.857618808746	96.09259
124.873238801956	100.0429
124.888868808746	102.9637
124.904498815536	103.0832
124.920118808746	99.64679
124.935748815536	93.23802
124.951368808746	85.33144
124.966998815536	77.36707
124.982618808746	69.99518
124.998248815536	62.9507
125.013878822327	55.42934
125.029498815536	46.86572
125.045128822327	37.46332
125.060748815536	28.3107
125.076378822327	20.79649
125.091998815536	15.7209
125.107628822327	12.62296
125.123258829117	9.707382
125.138878822327	4.419159
125.154508829117	-5.350159
125.170128822327	-20.25204
125.185758829117	-39.04257
125.201378822327	-58.9268
125.217008829117	-76.70122
125.232638835907	-89.9735
125.248258829117	-98.12309
125.263888835907	-102.4642
125.279508829117	-105.6778
125.295138835907	-110.7695
125.310758829117	-120.2059
125.326388835907	-135.187
125.342018842697	-155.2528
125.357638835907	-178.066
125.373268842697	-199.4045
125.388888835907	-213.6907
125.404518842697	-215.3573
125.420138835907	-200.7047
125.435768842697	-169.6691
125.451398849487	-126.4904
125.467018842697	-78.6649
125.482648849487	-34.42877
125.498268842697	0.1375275
125.513898849487	22.95921
125.529518842697	35.98131
125.545148849487	43.55064
125.560778856277	49.85184
125.576398849487	57.23586
125.592028856277	65.68414
125.607648849487	73.61711
125.623278856277	79.29852
125.638898849487	81.93127
125.654528856277	81.87053
125.670158863068	80.1989
125.685778856277	77.97636
125.701408863068	75.63477
125.717028856277	72.86005
125.732658863068	68.99524
125.748278856277	63.69913
125.763908863068	57.31003
125.779538869858	51.02367
125.795158863068	46.43362
125.810788869858	44.76218
125.826408863068	46.17494
125.842038869858	49.50597
125.857658863068	52.66718
125.873288869858	53.5265
125.888918876648	50.93439
125.904538869858	45.31018
125.920168876648	38.50964
125.935788869858	32.94258
125.951418876648	30.42281
125.967038869858	31.16878
125.982668876648	33.48576
125.998298883438	34.37247
126.013918876648	30.41917
126.029548883438	18.85896
126.045168876648	-1.693604
126.060798883438	-30.87141
126.076418876648	-66.33517
126.092048883438	-103.5834
126.107678890228	-136.2595
126.123298883438	-157.2128
126.138928890228	-160.4815
126.154548883438	-143.5495
126.170178890228	-108.8182
126.185798883438	-63.24791
126.201428890228	-15.97845
126.217058897018	25.02397
126.232678890228	55.73679
126.248308897018	76.92569
126.263928890228	92.4622
126.279558897018	106.4751
126.295178890228	120.831
126.310808897018	134.3398
126.326438903809	143.8036
126.342058897018	146.2774
126.357688903809	140.775
126.373308897018	128.8226
126.388938903809	113.5204
126.404558897018	97.92569
126.420188903809	83.68491
126.435818910599	70.66707
126.451438903809	57.56778
126.467068910599	42.99379
126.482688903809	26.46945
126.498318910599	8.782059
126.513938903809	-8.452072
126.529568910599	-23.67494
126.545198917389	-36.13602
126.560818910599	-46.30461
126.576448917389	-55.53696
126.592068910599	-65.19626
126.607698917389	-75.94797
126.623318910599	-87.20537
126.638948917389	-97.41093
126.654578924179	-104.6801
126.670198917389	-107.6575
126.685828924179	-106.1552
126.701448917389	-101.1977
126.717078924179	-94.82103
126.732698917389	-89.49197
126.748328924179	-87.66928
126.763958930969	-91.32149
126.779578924179	-101.4509
126.795208930969	-117.4205
126.810828924179	-136.372
126.826458930969	-153.3523
126.842078924179	-162.0447
126.857708930969	-156.4645
126.873338937759	-132.8622
126.888958930969	-91.11353
126.904588937759	-35.00906
126.920208930969	28.72337
126.935838937759	92.28255
126.951458930969	148.6297
126.967088937759	192.6399
126.98271894455	221.4515
126.998338937759	234.2138
127.01396894455	231.7056
127.029588937759	216.1227
127.04521894455	191.0863
127.06084895134	161.3559
127.07646894455	132.2895
127.09209895134	108.8327
127.10771894455	94.2715
127.12334895134	89.53049
127.13896894455	92.84793
127.15459895134	100.4579
127.17022895813	107.7863
127.18584895134	110.7716
127.20147895813	106.8849
127.21709895134	95.44019
127.23272895813	77.18646
127.24834895134	53.53784
127.26397895813	25.86328
127.27960896492	-4.961731
127.29522895813	-38.36855
127.31085896492	-73.58624
127.32647895813	-109.2161
127.34210896492	-143.4181
127.35772895813	-174.4958
127.37335896492	-201.6304
127.38898897171	-225.3174
127.40460896492	-247.1068
127.42023897171	-268.9037
127.43585896492	-292.1058
127.45148897171	-317.2172
127.46710896492	-343.9122
127.48273897171	-371.3731
127.4983689785	-398.2996
127.51398897171	-422.6891
127.5296189785	-441.505
127.54523897171	-450.8742
127.5608689785	-447.076
127.57648897171	-427.9989
127.5921189785	-394.1886
127.607748985291	-348.9787
127.6233689785	-297.3951
127.638998985291	-244.4666
127.6546189785	-193.754
127.670248985291	-146.803
127.6858689785	-103.6424
127.701498985291	-63.65929
127.717128992081	-26.33885
127.732748985291	8.585278
127.748378992081	41.59098
127.763998985291	73.76334
127.779628992081	106.7822
127.795248985291	142.1329
127.810878992081	180.0689
127.826508998871	218.8906
127.842128992081	255.0249
127.857758998871	283.9873
127.873378992081	302.124
127.889008998871	307.878
127.904628992081	302.2319
127.920258998871	288.0095
127.935888767242	268.4183
127.951508998871	245.755
127.967138767242	220.7911
127.982758998871	193.2542
127.998388767242	162.7995
128.014008998871	130.0375
128.029638767242	96.67194
128.045268774033	64.92468
128.060888767242	36.60486
128.076518774033	12.27362
128.092138767242	-8.891632
128.107768774033	-28.70422
128.123388767242	-49.12106
128.139018774033	-71.83365
128.154648780823	-97.75266
128.170268774033	-126.9542
128.185898780823	-158.6438
128.201518774033	-190.8094
128.217148780823	-220.2203
128.232768774033	-242.7593
128.248398780823	-254.3112
128.264028787613	-252.1307
128.279648780823	-235.8777
128.295278787613	-207.8269
128.310898780823	-172.0557
128.326528787613	-132.9287
128.342148780823	-93.67334
128.357778787613	-55.68481
128.373408794403	-18.82733
128.389028787613	17.53204
128.404658794403	53.55994
128.420278787613	88.3313
128.435908794403	120.1219
128.451528787613	147.0263
128.467158794403	167.6683
128.482788801193	181.5627
128.498408794403	189.1567
128.514038801193	191.572
128.529658794403	190.3195
128.545288801193	187.1104
128.560908794403	183.7524
128.576538801193	182.0748
128.592168807983	183.6837
128.607788801193	189.4416
128.623418807983	199.0638
128.639038801193	210.8787
128.654668807983	222.1052
128.670288801193	229.7775
128.685918807983	231.8741
128.701548814774	228.0328
128.717168807983	219.7662
128.732798814774	209.765
128.748418807983	200.7383
128.764048814774	194.2614
128.779668807983	190.1192
128.795298814774	186.3254
128.810928821564	179.7249
128.826548814774	167.0763
128.842178821564	146.1205
128.857798814774	116.5151
128.873428821564	80.5824
128.889048814774	43.21704
128.904678821564	11.12354
128.920308828354	-9.006348
128.935928821564	-12.59204
128.951558828354	1.044922
128.967178821564	28.22681
128.982808828354	61.96033
128.998428821564	94.25159
129.014058828354	118.7864
129.029688835144	132.5803
129.045308828354	136.4749
129.060938835144	133.8663
129.076558828354	128.796
129.092188835144	124.3004
129.107808828354	121.5294
129.123438835144	119.8629
129.139068841934	117.7408
129.154688835144	113.6452
129.170318841934	106.6853
129.185938835144	96.99615
129.201568841934	85.39148
129.217188835144	72.96783
129.232818841934	60.67847
129.248448848724	49.07745
129.264068841934	38.20984
129.279698848724	27.79803
129.295318841934	17.38605
129.310948848724	6.455505
129.326568841934	-5.44165
129.342198848724	-18.55939
129.357828855515	-32.9314
129.373448848724	-48.2464
129.389078855515	-63.93707
129.404698848724	-79.2948
129.420328855515	-93.77014
129.435948848724	-107.2036
129.451578855515	-120.2138
129.467208862305	-134.1494
129.482828855515	-150.8073
129.498458862305	-171.5285
129.514078855515	-195.9155
129.529708862305	-220.8964
129.545328855515	-240.6674
129.560958862305	-247.9427
129.576588869095	-236.4295
129.592208862305	-203.4885
129.607838869095	-151.6365
129.623458862305	-88.29047
129.639088869095	-23.42719
129.654718875885	33.66174
129.670338869095	77.16064
129.685968875885	105.9175
129.701588869095	122.6975
129.717218875885	132.1403
129.732838869095	138.4421
129.748468875885	143.9406
129.764098882675	148.7957
129.779718875885	151.7902
129.795348882675	151.3577
129.810968875885	146.5103
129.826598882675	137.2507
129.842218875885	124.4741
129.857848882675	109.4826
129.873478889465	93.5694
129.889098882675	77.81055
129.904728889465	62.92401
129.920348882675	49.3222
129.935978889465	37.05139
129.951598882675	25.70605
129.967228889465	14.43762
129.982858896255	2.244568
129.998478889465	-11.71954
130.014108896255	-27.70782
130.029728889465	-45.18872
130.045358896255	-63.11981
130.060978889465	-80.40121
130.076608896255	-96.42166
130.092238903046	-111.411
130.107858896255	-126.4589
130.123488903046	-143.2287
130.139108896255	-163.3056
130.154738903046	-187.2285
130.170358896255	-213.5045
130.185988903046	-238.2329
130.201618909836	-255.582
130.217238903046	-259.4689
130.232868909836	-245.9078
130.248488903046	-215.05
130.264118909836	-171.7268
130.279738903046	-124.0561
130.295368909836	-80.75714
130.310998916626	-48.19598
130.326618909836	-28.63663
130.342248916626	-20.33154
130.357868909836	-19.20218
130.373498916626	-21.15356
130.389118909836	-23.71417
130.404748916626	-26.49774
130.420378923416	-30.57849
130.435998916626	-37.36142
130.451628923416	-47.59195
130.467248916626	-61.09836
130.482878923416	-76.95868
130.498498916626	-94.09088
130.514128923416	-111.7143
130.529758930206	-129.4348
130.545378923416	-147.0419
130.561008930206	-164.1336
130.576628923416	-179.8823
130.592258930206	-193.1705
130.607878923416	-203.0003
130.623508930206	-209.0156
130.639138936996	-211.7491
130.654758930206	-212.5202
130.670388936996	-212.904
130.686008930206	-214.1398
130.701638936996	-216.6708
130.717258930206	-220.1635
130.732888936996	-223.7654
130.748518943787	-226.7374
130.764138936996	-228.678
130.779768943787	-229.525
130.795388936996	-229.1229
130.811018943787	-226.8158
130.826638936996	-221.3199
130.842268943787	-211.0687
130.857898950577	-194.8784
130.873518943787	-172.6033
130.889148950577	-145.4695
130.904768943787	-115.7272
130.920398950577	-85.90863
130.936018943787	-57.91742
130.951648950577	-32.45959
130.967278957367	-9.01947
130.982898950577	13.71783
130.998528957367	37.13226
131.014148950577	62.07562
131.029778957367	88.54321
131.045398950577	115.952
131.061028957367	143.4492
131.076658964157	170.4266
131.092278957367	196.9222
131.107908964157	223.4724
131.123528957367	250.9293
131.139158964157	280.1974
131.154778957367	312.0752
131.170408964157	347.1074
131.186038970947	385.2394
131.201658964157	425.2721
131.217288970947	464.401
131.232908964157	498.3364
131.248538970947	522.0287
131.264158964157	531.1125
131.279788970947	523.2601
131.295418977737	498.929
131.311038970947	461.0635
131.326668977737	413.9318
131.342288970947	361.9489
131.357918977737	308.7529
131.373538970947	257.1592
131.389168977737	209.2621
131.404798984528	166.6267
131.420418977737	129.9813
131.436048984528	98.79004
131.451668977737	71.1615
131.467298984528	44.05286
131.482918977737	14.23901
131.498548984528	-20.51221
131.514178991318	-60.18262
131.529798984528	-101.8529
131.545428991318	-139.6228
131.561048984528	-165.8594
131.576678991318	-173.2969
131.592298984528	-157.5266
131.607928991318	-119.1077
131.623558998108	-64.07397
131.639178991318	-2.436401
131.654808998108	54.89941
131.670428991318	99.61108
131.686058998108	128.1927
131.701678991318	142.0839
131.717308998108	145.7075
131.732938766479	143.7283
131.748558998108	138.7887
131.764188766479	131.0627
131.779808998108	119.2717
131.795438766479	102.39
131.811058998108	80.87781
131.826688766479	56.724
131.84231877327	32.47961
131.857938766479	9.994629
131.87356877327	-10.2041
131.889188766479	-28.74951
131.90481877327	-46.43359
131.92044878006	-63.18433
131.93606877327	-77.71704
131.95169878006	-87.87366
131.96731877327	-91.71533
131.98294878006	-88.76123
131.99856877327	-80.62683
132.01419878006	-70.74109
132.02982878685	-63.22095
132.04544878006	-61.22864
132.06107878685	-65.64465
132.07669878006	-74.72607
132.09232878685	-84.89514
132.10794878006	-92.38428
132.12357878685	-95.00745
132.13920879364	-93.18201
132.15482878685	-89.73425
132.17045879364	-88.80676
132.18607878685	-94.33594
132.20170879364	-108.8004
132.21732878685	-132.4769
132.23295879364	-163.0809
132.24858880043	-195.8085
132.26420879364	-223.939
132.27983880043	-240.0791
132.29545879364	-238.1467
132.31108880043	-215.5807
132.32670879364	-174.6159
132.34233880043	-122.0787
132.35796880722	-67.3219
132.37358880043	-19.07959
132.38921880722	17.40454
132.40483880043	41.56421
132.42046880722	56.79614
132.43608880043	68.20306
132.45171880722	80.21606
132.467348814011	94.98926
132.48296880722	112.2247
132.498598814011	130.0381
132.51421880722	146.2637
132.529848814011	159.3816
132.54546880722	168.7738
132.561098814011	174.5218
132.576728820801	176.8726
132.592348814011	175.8624
132.607978820801	171.3989
132.623598814011	163.5933
132.639228820801	153.0887
132.654848814011	141.2184
132.670478820801	129.582
132.686108827591	119.3201
132.701728820801	110.515
132.717358827591	101.9536
132.732978820801	91.55103
132.748608827591	77.35193
132.764228820801	58.51947
132.779858827591	35.88904
132.795488834381	11.78717
132.811108827591	-10.92236
132.826738834381	-29.98425
132.842358827591	-44.63129
132.857988834381	-55.77325
132.873608827591	-65.67413
132.889238834381	-76.96838
132.904868841171	-91.82495
132.920488834381	-111.0497
132.936118841171	-133.5803
132.951738834381	-156.1509
132.967368841171	-173.7465
132.982988834381	-180.609
132.998618841171	-172.054
133.014248847961	-146.3085
133.029868841171	-105.5331
133.045498847961	-55.54901
133.061118841171	-4.048096
133.076748847961	41.94244
133.092368841171	78.25507
133.107998847961	104.2047
133.123628854752	121.9843
133.139248847961	134.7765
133.154878854752	144.9986
133.170498847961	153.4409
133.186128854752	159.462
133.201748847961	161.94
133.217378854752	160.2523
133.233008861542	154.7823
133.248628854752	146.6273
133.264258861542	137.1393
133.279878854752	127.2409
133.295508861542	117.1751
133.311128854752	106.7025
133.326758861542	95.47675
133.342388868332	83.47662
133.358008861542	71.18182
133.373638868332	59.29749
133.389258861542	48.24805
133.404888868332	37.75458
133.420508861542	26.83813
133.436138868332	14.20911
133.451768875122	-0.7963867
133.467388868332	-17.73889
133.483018875122	-34.97632
133.498638868332	-50.29004
133.514268875122	-61.88611
133.529888868332	-69.36243
133.545518875122	-73.9751
133.561148881912	-78.22806
133.576768875122	-85.1629
133.592398881912	-97.16638
133.608018875122	-115.3587
133.623648881912	-138.9184
133.639268875122	-164.8048
133.654898881912	-187.9541
133.670528888702	-202.236
133.686148881912	-202.1353
133.701778888702	-184.6737
133.717398881912	-150.9145
133.733028888702	-105.9169
133.748648881912	-57.35046
133.764278888702	-12.85492
133.779908895493	22.31717
133.795528888702	46.53256
133.811158895493	61.38989
133.826778888702	70.11066
133.842408895493	75.76895
133.858028888702	79.9985
133.873658895493	82.84174
133.889288902283	83.27127
133.904908895493	80.09042
133.920538902283	72.68311
133.936158895493	61.27798
133.951788902283	46.94345
133.967408895493	31.26392
133.983038902283	15.85052
133.998668909073	1.941803
134.014288902283	-9.775833
134.029918909073	-19.29138
134.045538902283	-27.0889
134.061168909073	-33.9649
134.076798915863	-40.84227
134.092418909073	-48.55341
134.108048915863	-57.60226
134.123668909073	-68.02824
134.139298915863	-79.29172
134.154918909073	-90.33467
134.170548915863	-99.94247
134.186178922653	-107.2129
134.201798915863	-112.0245
134.217428922653	-115.2732
134.233048915863	-118.7389
134.248678922653	-124.745
134.264298915863	-135.4144
134.279928922653	-151.6907
134.295558929443	-172.3372
134.311178922653	-193.5009
134.326808929443	-209.1162
134.342428922653	-212.548
134.358058929443	-198.8958
134.373678922653	-167.0905
134.389308929443	-120.7777
134.404938936234	-67.37813
134.420558929443	-15.5273
134.436188936234	27.74357
134.451808929443	58.95479
134.467438936234	78.54278
134.483058929443	89.50816
134.498688936234	95.40855
134.514318943024	98.7883
134.529938936234	100.6046
134.545568943024	100.6376
134.561188936234	98.4367
134.576818943024	93.93871
134.592438936234	87.61383
134.608068943024	80.2691
134.623698949814	72.54837
134.639318943024	64.65111
134.654948949814	56.49342
134.670568943024	48.01407
134.686198949814	39.49702
134.701818943024	31.70975
134.717448949814	25.43689
134.733078956604	20.88927
134.748698949814	17.22141
134.764328956604	12.566
134.779948949814	4.736263
134.795578956604	-7.639885
134.811198949814	-24.2117
134.826828956604	-42.88478
134.842458963394	-60.45974
134.858078956604	-74.06568
134.873708963394	-82.36469
134.889328956604	-86.02564
134.904958963394	-87.52621
134.920578956604	-90.18916
134.936208963394	-97.08303
134.951838970184	-110.0253
134.967458963394	-128.7877
134.983088970184	-150.5595
134.998708963394	-170.1814
135.014338970184	-181.0944
135.029958963394	-177.2509
135.045588970184	-155.4352
135.061218976974	-116.8068
135.076838970184	-67.05171
135.092468976974	-14.66885
135.108088970184	31.99804
135.123718976974	67.62401
135.139338970184	91.21107
135.154968976974	105.5483
135.170598983765	115.0938
135.186218976974	123.4951
135.201848983765	132.19
135.217468976974	140.3386
135.233098983765	146.0188
135.248718976974	147.6668
135.264348983765	145.0405
135.279978990555	139.1419
135.295598983765	131.3675
135.311228990555	122.6868
135.326848983765	113.011
135.342478990555	101.6618
135.358098983765	88.20784
135.373728990555	73.19105
135.389358997345	58.35094
135.404978990555	45.91
135.420608997345	37.40895
135.436228990555	32.69595
135.451858997345	29.70309
135.467478990555	25.18419
135.483108997345	16.12098
135.498738765717	1.19463
135.514358997345	-18.60992
135.529988765717	-40.34146
135.545608997345	-60.32352
135.561238765717	-75.70686
135.576858997345	-85.52376
135.592488765717	-90.97806
135.608118772507	-94.87502
135.623738765717	-100.5402
135.639368772507	-110.7895
135.654988765717	-126.9482
135.670618772507	-148.2247
135.686238765717	-171.4552
135.701868772507	-191.396
135.717498779297	-201.7254
135.733118772507	-196.9237
135.748748779297	-174.3477
135.764368772507	-135.6796
135.779998779297	-86.86577
135.795618772507	-36.26008
135.811248779297	8.351181
135.826878786087	42.3415
135.842498779297	65.40807
135.858128786087	80.66178
135.873748779297	92.35922
135.889378786087	103.5679
135.904998779297	114.9738
135.920628786087	125.2082
135.936258792877	132.1804
135.951878786087	134.5923
135.967508792877	132.718
135.983128786087	128.0966
135.998758792877	122.7237
136.014378786087	118.0358
136.030008792877	114.3455
136.045638799667	110.9522
136.061258792877	106.7273
136.076888799667	100.8074
136.092508792877	93.08712
136.108138799667	84.16667
136.123758792877	74.89679
136.139388799667	65.75089
136.155018806458	56.34093
136.170638799667	45.45201
136.186268806458	31.59417
136.201888799667	13.81059
136.217518806458	-7.626572
136.233138799667	-30.94722
136.248768806458	-53.37014
136.264398813248	-72.02303
136.280018806458	-85.01806
136.295648813248	-92.2159
136.311268806458	-95.3094
136.326898813248	-97.20923
136.342518806458	-101.1083
136.358148813248	-109.6723
136.373778820038	-124.3373
136.389398813248	-144.9906
136.405028820038	-169.5995
136.420648813248	-194.0721
136.436278820038	-212.6458
136.451898813248	-219.0284
136.467528820038	-208.3888
136.483158826828	-179.3945
136.498778820038	-135.3382
136.514408826828	-83.45741
136.530028820038	-32.61031
136.545658826828	9.789326
136.561278820038	40.07518
136.576908826828	58.93516
136.592538833618	70.08109
136.608158826828	77.92613
136.623788833618	85.46495
136.639408826828	93.37174
136.655038833618	100.4139
136.670658826828	104.6407
136.686288833618	104.5359
136.701918840408	99.6136
136.717538833618	90.45558
136.733168840408	78.23884
136.748788833618	64.31814
136.764418840408	49.93581
136.780048847198	36.10457
136.795668840408	23.6795
136.811298847198	13.21477
136.826918840408	5.053291
136.842548847198	-0.8540115
136.858168840408	-4.895554
136.873798847198	-7.762184
136.889428853989	-10.35837
136.905048847198	-13.58116
136.920678853989	-18.1814
136.936298847198	-24.68295
136.951928853989	-33.34692
136.967548847198	-43.99392
136.983178853989	-56.07449
136.998808860779	-68.72887
137.014428853989	-81.04904
137.030058860779	-92.34125
137.045678853989	-102.3715
137.061308860779	-111.3741
137.076928853989	-119.9038
137.092558860779	-128.671
137.108188867569	-138.3292
137.123808860779	-149.5878
137.139438867569	-163.1247
137.155058860779	-179.263
137.170688867569	-197.1911
137.186308860779	-214.5348
137.201938867569	-227.2544
137.217568874359	-230.6036
137.233188867569	-220.7124
137.248818874359	-195.9809
137.264438867569	-157.6268
137.280068874359	-109.1082
137.295688867569	-54.7748
137.311318874359	1.282166
137.326948881149	55.92029
137.342568874359	106.7985
137.358198881149	152.0619
137.373818874359	190.2763
137.389448881149	220.5639
137.405068874359	242.8786
137.420698881149	257.928
137.436328887939	266.8058
137.451948881149	270.3862
137.467578887939	269.2313
137.483198881149	263.8801
137.498828887939	255.3316
137.514448881149	245.2924
137.530078887939	235.6933
137.54570889473	227.9213
137.561328887939	222.0296
137.57695889473	216.6877
137.592578887939	209.7494
137.60820889473	199.355
137.623828887939	184.7738
137.63945889473	166.7167
137.65508890152	146.9452
137.67070889473	127.4842
137.68633890152	109.781
137.70195889473	94.27356
137.71758890152	80.41693
137.73320889473	67.09772
137.74883890152	53.13272
137.76446890831	37.65143
137.78008890152	20.33792
137.79571890831	1.555542
137.81133890152	-17.81555
137.82696890831	-36.50491
137.84258890152	-53.28207
137.85821890831	-67.4556
137.8738489151	-79.20786
137.88946890831	-89.81558
137.9050989151	-101.4712
137.92071890831	-116.7034
137.9363489151	-137.3226
137.95196890831	-163.2729
137.9675989151	-191.731
137.98322892189	-217.1398
137.9988489151	-232.3415
138.01447892189	-230.5545
138.0300989151	-207.7815
138.04572892189	-164.388
138.0613489151	-105.3708
138.07697892189	-39.02667
138.09260892868	25.52647
138.10822892189	81.01089
138.12385892868	123.6465
138.13947892189	153.3589
138.15510892868	172.6939
138.17072892189	184.9504
138.18635892868	192.7036
138.201988935471	197.0321
138.21760892868	197.7552
138.233238935471	194.2242
138.24885892868	186.2681
138.264488935471	174.6956
138.28010892868	161.2484
138.295738935471	148.041
138.311368942261	136.6736
138.326988935471	127.7857
138.342618942261	120.934
138.358238935471	114.8976
138.373868942261	108.2449
138.389488935471	99.90285
138.405118942261	89.45921
138.420748949051	77.1632
138.436368942261	63.67477
138.451998949051	49.65062
138.467618942261	35.448
138.483248949051	20.95191
138.498868942261	5.617348
138.514498949051	-11.21581
138.530128955841	-30.02298
138.545748949051	-50.82519
138.561378955841	-73.02483
138.576998949051	-95.63396
138.592628955841	-117.4926
138.608248949051	-137.6301
138.623878955841	-155.5036
138.639508962631	-171.1789
138.655128955841	-185.2796
138.670758962631	-199.055
138.686378955841	-214.2869
138.702008962631	-232.9636
138.717628955841	-256.494
138.733258962631	-284.4937
138.748888969421	-313.8531
138.764508962631	-338.8167
138.780138969421	-352.4487
138.795758962631	-349.0662
138.811388969421	-326.8972
138.827008962631	-289.2843
138.842638969421	-243.8738
138.858268976212	-200.0542
138.873888969421	-165.655
138.889518976212	-144.4685
138.905138969421	-135.6203
138.920768976212	-134.8753
138.936398983002	-136.8476
138.952018976212	-137.3409
138.967648983002	-134.6058
138.983268976212	-129.3637
138.998898983002	-123.9322
139.014518976212	-120.8994
139.030148983002	-122.1198
139.045778989792	-128.0349
139.061398983002	-137.7249
139.077028989792	-149.3894
139.092648983002	-160.9536
139.108278989792	-170.3434
139.123898983002	-175.5746
139.139528989792	-174.7253
139.155158996582	-166.1999
139.170778989792	-149.4507
139.186408996582	-125.6153
139.202028989792	-97.83041
139.217658996582	-70.64664
139.233278989792	-48.6188
139.248908996582	-34.59625
139.264538764954	-28.75467
139.280158996582	-28.71033
139.295788764954	-30.71741
139.311408996582	-31.47159
139.327038764954	-29.2944
139.342658996582	-24.56992
139.358288764954	-19.08289
139.373918771744	-15.01431
139.389538764954	-14.02667
139.405168771744	-16.95667
139.420788764954	-23.94281
139.436418771744	-34.77679
139.452038764954	-49.12286
139.467668771744	-66.49731
139.483298778534	-86.18597
139.498918771744	-106.9039
139.514548778534	-126.6445
139.530168771744	-142.8953
139.545798778534	-153.0427
139.561418771744	-155.0964
139.577048778534	-148.3358
139.592678785324	-133.679
139.608298778534	-113.3329
139.623928785324	-90.14697
139.639548778534	-66.58142
139.655178785324	-43.98431
139.670798778534	-22.47791
139.686428785324	-1.326416
139.702058792114	20.3429
139.717678785324	43.01343
139.733308792114	66.49561
139.748928785324	90.24695
139.764558792114	113.7312
139.780178785324	136.6765
139.795808792114	159.2202
139.811438798904	181.6791
139.827058792114	204.5004
139.842688798904	228.0339
139.858308792114	252.6067
139.873938798904	278.5281
139.889558792114	306.0107
139.905188798904	334.8656
139.920818805695	364.166
139.936438798904	392.1818
139.952068805695	416.5812
139.967688798904	435.2963
139.983318805695	447.3169
139.998938798904	453.3602
140.014568805695	455.7869
140.030198812485	457.7028
140.045818805695	461.5634
140.061448812485	467.9458
140.077068805695	475.062
140.092698812485	479.3711
140.108318805695	477.16
140.123948812485	466.1571
140.139578819275	446.5912
140.155198812485	420.9397
140.170828819275	392.4202
140.186448812485	363.3547
140.202078819275	334.0333
140.217698812485	302.8158
140.233328819275	267.3652
140.248958826065	226.1121
140.264578819275	178.9358
140.280208826065	126.9207
140.295828819275	71.64783
140.311458826065	14.98621
140.327078819275	-40.38196
140.342708826065	-90.23889
140.358338832855	-129.0028
140.373958826065	-151.3898
140.389588832855	-154.8575
140.405208826065	-141.4193
140.420838832855	-117.5632
140.436458826065	-91.86096
140.452088832855	-71.70532
140.467718839645	-60.86206
140.483338832855	-59.16248
140.498968839645	-64.1167
140.514588832855	-73.19592
140.530218839645	-85.1145
140.545838832855	-99.64404
140.561468839645	-116.4343
140.577098846436	-134.1111
140.592718839645	-150.3549
140.608348846436	-162.9114
140.623968839645	-170.7628
140.639598846436	-174.5424
140.655218839645	-175.8975
140.670848846436	-176.5872
140.686478853226	-177.5535
140.702098846436	-178.6741
140.717728853226	-179.2659
140.733348846436	-178.7694
140.748978853226	-177.1992
140.764598846436	-175.1703
140.780228853226	-173.5975
140.795858860016	-173.094
140.811478853226	-173.6873
140.827108860016	-174.7377
140.842728853226	-175.1826
140.858358860016	-173.9104
140.873978853226	-170.1688
140.889608860016	-163.9041
140.905238866806	-155.7639
140.920858860016	-147.1434
140.936488866806	-139.8353
140.952108860016	-135.7695
140.967738866806	-136.6575
140.983358860016	-143.5627
140.998988866806	-156.4368
141.014618873596	-173.5568
141.030238866806	-191.3647
141.045868873596	-204.8074
141.061488866806	-208.5577
141.077118873596	-198.6217
141.092738866806	-173.7629
141.108368873596	-135.9067
141.123998880386	-89.22961
141.139618873596	-38.46228
141.155248880386	12.93005
141.170868873596	63.43079
141.186498880386	113.0166
141.202128887177	161.9025
141.217748880386	209.468
141.233378887177	253.8907
141.248998880386	292.5172
141.264628887177	322.7354
141.280248880386	342.5103
141.295878887177	350.8191
141.311508893967	347.6667
141.327128887177	334.3153
141.342758893967	313.3271
141.358378887177	288.2413
141.374008893967	262.8406
141.389628887177	239.9607
141.405258893967	220.6779
141.420888900757	204.0392
141.436508893967	187.6859
141.452138900757	168.767
141.467758893967	144.8171
141.483388900757	114.1974
141.499008893967	76.14648
141.514638900757	30.9502
141.530268907547	-19.7179
141.545888900757	-72.58374
141.561518907547	-123.0624
141.577138900757	-166.3788
141.592768907547	-199.0741
141.608388900757	-220.2595
141.624018907547	-231.7938
141.639648914337	-237.5082
141.655268907547	-241.6936
141.670898914337	-247.9344
141.686518907547	-258.5103
141.702148914337	-274.2626
141.717768907547	-294.6106
141.733398914337	-317.2521
141.749028921127	-338.1279
141.764648914337	-351.8049
141.780278921127	-352.8265
141.795898914337	-337.3212
141.811528921127	-304.6183
141.827148914337	-257.7483
141.842778921127	-202.7426
141.858408927917	-146.808
141.874028921127	-96.22205
141.889658927917	-54.64917
141.905278921127	-22.5011
141.920908927917	2.729614
141.936528921127	25.33228
141.952158927917	49.89014
141.967788934708	79.71033
141.983408927917	115.8055
141.999038934708	156.7147
142.014658927917	199.0361
142.030288934708	238.6592
142.045908927917	271.8058
142.061538934708	295.7371
142.077168941498	308.8451
142.092788934708	310.6506
142.108418941498	301.6578
142.124038934708	283.3802
142.139668941498	258.2252
142.155288934708	229.0245
142.170918941498	198.314
142.186548948288	167.6273
142.202168941498	137.1958
142.217798948288	106.1746
142.233418941498	73.41968
142.249048948288	38.19299
142.264668941498	0.7145996
142.280298948288	-37.9209
142.295928955078	-76.14185
142.311548948288	-112.349
142.327178955078	-145.3679
142.342798948288	-174.8218
142.358428955078	-201.177
142.374048948288	-225.411
142.389678955078	-248.2067
142.405308961868	-269.0383
142.420928955078	-285.6704
142.436558961868	-294.5233
142.452178955078	-291.8167
142.467808961868	-275.2423
142.483428955078	-245.1088
142.499058961868	-204.1724
142.514688968658	-156.6317
142.530308961868	-106.4849
142.545938968658	-56.61462
142.561558961868	-8.656006
142.577188968658	36.26123
142.592808961868	77.00146
142.608438968658	112.2445
142.624068975449	140.8632
142.639688968658	162.4552
142.655318975449	177.4662
142.670938968658	186.7634
142.686568975449	191.0909
142.702188968658	190.8346
142.717818975449	186.2177
142.733448982239	177.8719
142.749068975449	167.0784
142.764698982239	155.6561
142.780318975449	145.3119
142.795948982239	136.8303
142.811568975449	129.7729
142.827198982239	122.6328
142.842828989029	113.4772
142.858448982239	100.7496
142.874078989029	83.80493
142.889698982239	63.021
142.905328989029	39.58069
142.920948982239	14.97168
142.936578989029	-9.600586
142.952208995819	-33.4585
142.967828989029	-56.63464
142.983458995819	-79.94055
142.999078989029	-104.8427
143.014708995819	-133.2257
143.030328989029	-166.6705
143.045958995819	-205.4408
143.061589002609	-247.4391
143.077208995819	-288.0061
143.092839002609	-320.6953
143.108458995819	-339.208
143.124089002609	-339.6149
143.139708995819	-321.7264
143.155339002609	-289.1458
143.170968770981	-247.6075
143.186589002609	-202.8528
143.202218770981	-158.8033
143.217839002609	-116.9807
143.233468770981	-76.99963
143.249089002609	-37.71179
143.264718770981	1.708984
143.280348777771	41.20178
143.295968770981	79.5957
143.311598777771	114.885
143.327218770981	144.5917
143.342848777771	166.3428
143.358468770981	178.5604
143.374098777771	181.1008
143.389728784561	175.4276
143.405348777771	164.1947
143.420978784561	150.4753
143.436598777771	136.8831
143.452228784561	125.0583
143.467848777771	115.5266
143.483478784561	107.9329
143.499108791351	101.2402
143.514728784561	93.98755
143.530358791351	84.59326
143.545978784561	71.729
143.561608791351	54.8728
143.577228784561	34.73779
143.592858791351	13.23975
143.608488798141	-7.039551
143.624108791351	-23.79443
143.639738798141	-35.88184
143.655358791351	-43.95239
143.670988798141	-50.41724
143.686608791351	-58.8584
143.702238798141	-72.86011
143.717868804932	-94.59424
143.733488798141	-123.5583
143.749118804932	-156.0479
143.764738798141	-185.8372
143.780368804932	-205.9683
143.795988798141	-211.1431
143.811618804932	-199.531
143.827248811722	-173.2075
143.842868804932	-137.0916
143.858498811722	-96.78809
143.874118804932	-56.56104
143.889748811722	-18.21387
143.905378818512	18.66772
143.920998811722	55.62085
143.936628818512	93.88965
143.952248811722	133.5579
143.967878818512	173.2561
143.983498811722	210.5457
143.999128818512	242.5007
144.014758825302	266.4336
144.030378818512	280.5581
144.046008825302	284.4583
144.061628818512	279.1226
144.077258825302	266.5994
144.092878818512	249.3948
144.108508825302	229.8088
144.124138832092	209.6104
144.139758825302	190.0259
144.155388832092	171.8511
144.171008825302	155.5352
144.186638832092	141.1199
144.202258825302	128.0396
144.217888832092	115.0366
144.233518838882	100.5308
144.249138832092	83.19556
144.264768838882	62.53882
144.280388832092	39.25903
144.296018838882	15.06152
144.311638832092	-7.972168
144.327268838882	-28.10083
144.342898845673	-44.56274
144.358518838882	-57.7605
144.374148845673	-69.17432
144.389768838882	-80.85815
144.405398845673	-94.94971
144.421018838882	-112.9067
144.436648845673	-134.7375
144.452278852463	-158.3794
144.467898845673	-179.7017
144.483528852463	-193.25
144.499148845673	-193.8438
144.514778852463	-178.3267
144.530398845673	-146.7559
144.546028852463	-102.4492
144.561658859253	-50.83838
144.577278852463	2.260742
144.592908859253	52.35767
144.608528852463	97.07544
144.624158859253	136.0869
144.639778852463	170.2251
144.655408859253	200.5972
144.671038866043	227.7739
144.686658859253	251.5559
144.702288866043	271.0645
144.717908859253	285.1179
144.733538866043	292.7141
144.749158859253	293.5464
144.764788866043	288.1707
144.780418872833	277.8821
144.796038866043	264.2205
144.811668872833	248.459
144.827288866043	231.2126
144.842918872833	212.5808
144.858538866043	192.5181
144.874168872833	171.2732
144.889798879623	149.6235
144.905418872833	128.6501
144.921048879623	109.241
144.936668872833	91.61499
144.952298879623	75.11377
144.967918872833	58.5022
144.983548879623	40.69141
144.999178886414	21.38208
145.014798879623	1.398926
145.030428886414	-17.50317
145.046048879623	-33.34692
145.061678886414	-44.68091
145.077298879623	-51.18384
145.092928886414	-53.79907
145.108558893204	-54.56519
145.124178886414	-56.03931
145.139808893204	-60.81689
145.155428886414	-70.88354
145.171058893204	-86.84521
145.186678886414	-107.1392
145.202308893204	-127.655
145.217938899994	-142.1653
145.233558893204	-143.9182
145.249188899994	-127.8865
145.264808893204	-92.87744
145.280438899994	-42.41797
145.296058893204	16.07056
145.311688899994	73.76929
145.327318906784	123.3054
145.342938899994	160.8735
145.358568906784	186.7119
145.374188899994	203.874
145.389818906784	216.209
145.405438899994	226.5493
145.421068906784	235.7686
145.436698913574	242.9543
145.452318906784	246.238
145.467948913574	243.7269
145.483568906784	234.1703
145.499198913574	217.2994
145.514818906784	193.8427
145.530448913574	165.3923
145.546078920364	134.0754
145.561698913574	102.3181
145.577328920364	72.36157
145.592948913574	46.05005
145.608578920364	24.55981
145.624198913574	8.288818
145.639828920364	-3.070068
145.655458927155	-10.42334
145.671078920364	-15.16663
145.686708927155	-19.00232
145.702328920364	-23.61646
145.717958927155	-30.37048
145.733578920364	-39.88538
145.749208927155	-51.90637
145.764838933945	-65.36536
145.780458927155	-78.70313
145.796088933945	-90.42163
145.811708927155	-99.47815
145.827338933945	-105.5336
145.842958927155	-108.9707
145.858588933945	-110.6613
145.874218940735	-111.7277
145.889838933945	-113.3911
145.905468940735	-116.8453
145.921088933945	-123.1066
145.936718940735	-132.6987
145.952338933945	-145.0247
145.967968940735	-157.799
145.983598947525	-166.8937
145.999218940735	-167.1501
146.014848947525	-153.9032
146.030468940735	-124.922
146.046098947525	-81.77734
146.061728954315	-29.83557
146.077348947525	23.2301
146.092978954315	69.84119
146.108598947525	104.9679
146.124228954315	127.4102
146.139848947525	139.5116
146.155478954315	145.6348
146.171108961105	150.1758
146.186728954315	155.8495
146.202358961105	163.0437
146.217978954315	170.145
146.233608961105	174.6119
146.249228954315	174.1349
146.264858961105	167.5884
146.280488967896	155.3828
146.296108961105	139.2333
146.311738967896	121.4817
146.327358961105	104.2949
146.342988967896	88.92377
146.358608961105	75.41516
146.374238967896	62.76349
146.389868974686	49.41187
146.405488967896	33.96497
146.421118974686	15.85468
146.436738967896	-4.318054
146.452368974686	-24.87878
146.467988967896	-43.664
146.483618974686	-58.80695
146.499248981476	-69.53909
146.514868974686	-76.49243
146.530498981476	-81.3782
146.546118974686	-86.29208
146.561748981476	-92.9028
146.577368974686	-101.9904
146.592998981476	-113.4962
146.608628988266	-126.8982
146.624248981476	-141.7247
146.639878988266	-157.8543
146.655498981476	-175.5749
146.671128988266	-195.3495
146.686748981476	-217.6484
146.702378988266	-242.754
146.718008995056	-270.4391
146.733628988266	-299.3614
146.749258995056	-326.4557
146.764878988266	-346.8565
146.780508995056	-354.7631
146.796128988266	-345.3119
146.811758995056	-316.6993
146.827389001846	-271.5022
146.843008995056	-216.3241
146.858639001846	-159.7197
146.874258995056	-109.3427
146.889889001846	-69.5401
146.905508995056	-40.55501
146.921139001846	-19.54028
146.936768770218	-2.444168
146.952389001846	13.87148
146.968018770218	30.5426
146.983639001846	46.76402
146.999268770218	60.78116
147.014889001846	70.95894
147.030518770218	76.71173
147.046148777008	78.68597
147.061768770218	78.38394
147.077398777008	77.55197
147.093018770218	77.37407
147.108648777008	78.04794
147.124268770218	78.90601
147.139898777008	78.83179
147.155528783798	76.86093
147.171148777008	72.59555
147.186778783798	66.28961
147.202398777008	58.58444
147.218028783798	50.16669
147.233648777008	41.44922
147.249278783798	32.55835
147.264908790588	23.42172
147.280528783798	13.90625
147.296158790588	3.905548
147.311778783798	-6.615387
147.327408790588	-17.66223
147.343028783798	-29.22345
147.358658790588	-41.18713
147.374288797379	-53.31201
147.389908790588	-65.32516
147.405538797379	-76.94388
147.421158790588	-88.25021
147.436788797379	-99.74295
147.452408790588	-112.374
147.468038797379	-127.3326
147.483668804169	-145.58
147.499288797379	-166.9711
147.514918804169	-189.6436
147.530538797379	-209.6065
147.546168804169	-221.287
147.561788797379	-219.1479
147.577418804169	-199.6066
147.593048810959	-162.8327
147.608668804169	-113.3002
147.624298810959	-58.66028
147.639918804169	-7.320007
147.655548810959	34.2287
147.671168804169	63.30206
147.686798810959	81.22717
147.702428817749	91.8974
147.718048810959	99.76929
147.733678817749	107.9017
147.749298810959	117.1093
147.764928817749	126.3057
147.780548810959	133.5203
147.796178817749	137.0296
147.811808824539	136.1416
147.827428817749	131.3538
147.843058824539	124.0018
147.858678817749	115.6646
147.874308824539	107.649
147.889928817749	100.6316
147.905558824539	94.66089
147.921188831329	89.36633
147.936808824539	84.15332
147.952438831329	78.46344
147.968058824539	71.90997
147.983688831329	64.21069
147.999308824539	55.24805
148.014938831329	45.02448
148.03056883812	33.62762
148.046188831329	21.19849
148.06181883812	7.724182
148.077438831329	-7.042664
148.09306883812	-23.5769
148.108688831329	-42.32758
148.12431883812	-63.36273
148.13994884491	-85.98297
148.15556883812	-108.6741
148.17119884491	-129.5353
148.18681883812	-146.9269
148.20244884491	-160.2112
148.21806883812	-170.114
148.23369884491	-178.6088
148.2493288517	-188.2792
148.26494884491	-201.3452
148.2805788517	-218.5537
148.29619884491	-238.2229
148.3118288517	-256.044
148.32744884491	-265.8433
148.3430788517	-261.4018
148.35870885849	-238.7739
148.3743288517	-198.0868
148.38995885849	-143.9479
148.4055788517	-84.24976
148.42120885849	-27.54681
148.4368288517	19.573
148.45245885849	54.1875
148.46808886528	77.06744
148.48370885849	91.35577
148.49933886528	100.6806
148.51495885849	107.7468
148.53058886528	113.7157
148.54620885849	118.4899
148.56183886528	121.4733
148.57746887207	122.2697
148.59308886528	121.0656
148.60871887207	118.5565
148.62433886528	115.5157
148.63996887207	112.2983
148.65558886528	108.5695
148.67121887207	103.5076
148.68684887886	96.30615
148.70246887207	86.83398
148.71809887886	75.98682
148.73371887207	65.39001
148.74934887886	56.67883
148.764978885651	50.55151
148.78059887886	46.24817
148.796228885651	41.69348
148.81184887886	34.38171
148.827478885651	22.48755
148.84309887886	5.79834
148.858728885651	-14.12451
148.874358892441	-34.47681
148.889978885651	-52.30481
148.905608892441	-65.66321
148.921228885651	-74.22205
148.936858892441	-79.34839
148.952478885651	-83.47156
148.968108892441	-89.32727
148.983738899231	-99.16516
148.999358892441	-114.2488
149.014988899231	-134.2656
149.030608892441	-156.9977
149.046238899231	-178.2078
149.061858892441	-192.1476
149.077488899231	-192.9193
149.093118906021	-176.3337
149.108738899231	-141.7189
149.124368906021	-92.69116
149.139988899231	-36.36499
149.155618906021	18.78931
149.171238899231	65.66248
149.186868906021	100.4957
149.202498912811	123.3395
149.218118906021	136.9135
149.233748912811	144.606
149.249368906021	148.7699
149.264998912811	149.98
149.280618906021	147.6145
149.296248912811	140.8998
149.311878919601	129.9805
149.327498912811	116.0542
149.343128919601	100.8746
149.358748912811	85.73633
149.374378919601	70.80188
149.389998912811	55.11072
149.405628919601	37.28589
149.421258926392	16.46777
149.436878919601	-7.105835
149.452508926392	-32.14966
149.468128919601	-57.08887
149.483758926392	-80.99768
149.499378919601	-104.1028
149.515008926392	-127.5682
149.530638933182	-152.6362
149.546258926392	-179.5732
149.561888933182	-207.1167
149.577508926392	-232.6914
149.593138933182	-253.3383
149.608758926392	-266.9917
149.624388933182	-273.3932
149.640018939972	-274.2909
149.655638933182	-272.9418
149.671268939972	-273.0396
149.686888933182	-277.672
149.702518939972	-288.3457
149.718138933182	-304.3914
149.733768939972	-322.8669
149.749398946762	-338.9379
149.765018939972	-347.0175
149.780648946762	-342.1372
149.796268939972	-321.5914
149.811898946762	-285.8571
149.827518939972	-238.7153
149.843148946762	-186.1667
149.858778953552	-134.707
149.874398946762	-89.48096
149.890028953552	-53.05688
149.905648946762	-25.25317
149.921278953552	-3.87146
149.936898946762	13.96191
149.952528953552	30.53748
149.968158960342	46.85309
149.983778953552	62.50562
149.999408960342	76.29401
150.015028953552	86.94165
150.030658960342	93.82941
150.046278953552	97.18451
150.061908960342	97.94678
150.077538967133	97.31195
150.093158960342	96.44104
150.108788967133	96.177
150.124408960342	97.09399
150.140038967133	99.46014
150.155658960342	103.1088
150.171288967133	107.3162
150.186918973923	110.7425
150.202538967133	111.6863
150.218168973923	108.5715
150.233788967133	100.5703
150.249418973923	88.04834
150.265038967133	72.5246
150.280668973923	56.18402
150.296298980713	41.09027
150.311918973923	28.36804
150.327548980713	17.76306
150.343168973923	7.681458
150.358798980713	-4.166321
150.374418973923	-19.78552
150.390048980713	-39.69946
150.405678987503	-62.12335
150.421298980713	-82.93201
150.436928987503	-96.59387
150.452548980713	-97.90674
150.468178987503	-83.61108
150.483798980713	-53.48883
150.499428987503	-10.19183
150.515058994293	41.7767
150.530678987503	97.52216
150.546308994293	152.9578
150.561928987503	205.3302
150.577558994293	253.2598
150.593178987503	296.3477
150.608808994293	334.8023
150.624439001083	369.1378
150.640058994293	399.892
150.655689001083	427.3266
150.671308994293	451.3358
150.686939001083	471.5346
150.702558994293	487.5923
150.718189001083	499.6191
150.733818769455	508.0695
150.749439001083	513.3182
150.765068769455	515.0796
150.780689001083	512.0621
150.796318769455	502.4316
150.811939001083	484.6363
150.827568769455	458.3825
150.843198776245	424.974
150.858818769455	386.9894
150.874448776245	347.3244
150.890068769455	308.129
150.905698776245	270.3654
150.921328783035	233.8849
150.936948776245	198.2044
150.952578783035	163.125
150.968198776245	129.0888
150.983828783035	96.91455
150.999448776245	67.28131
151.015078783035	40.2157
151.030708789825	15.02673
151.046328783035	-9.365234
151.061958789825	-33.98846
151.077578783035	-59.24292
151.093208789825	-84.95294
151.108828783035	-110.6548
151.124458789825	-136.0464
151.140088796616	-161.0775
151.155708789825	-185.7567
151.171338796616	-209.6492
151.186958789825	-231.4968
151.202588796616	-249.5215
151.218208789825	-261.828
151.233838796616	-267.1891
151.249468803406	-265.4567
151.265088796616	-257.5258
151.280718803406	-244.9445
151.296338796616	-229.4202
151.311968803406	-212.6283
151.327588796616	-196.0812
151.343218803406	-181.2283
151.358848810196	-169.2089
151.374468803406	-160.6127
151.390098810196	-155.1826
151.405718803406	-151.816
151.421348810196	-149.0045
151.436968803406	-145.4431
151.452598810196	-140.6426
151.468228816986	-135.0647
151.483848810196	-129.8108
151.499478816986	-126.0597
151.515098810196	-124.3997
151.530728816986	-124.5839
151.546348810196	-125.703
151.561978816986	-126.8257
151.577608823776	-127.5809
151.593228816986	-128.5343
151.608858823776	-130.9474
151.624478816986	-136.1942
151.640108823776	-144.99
151.655728816986	-156.9613
151.671358823776	-170.7732
151.686988830566	-184.6643
151.702608823776	-197.3262
151.718238830566	-208.4471
151.733858823776	-218.8654
151.749488830566	-230.1672
151.765108823776	-244.0835
151.780738830566	-261.614
151.796368837357	-282.2998
151.811988830566	-303.7332
151.827618837357	-321.623
151.843238830566	-330.6545
151.858868837357	-325.8353
151.874488830566	-304.1757
151.890118837357	-265.958
151.905748844147	-214.9802
151.921368837357	-157.5106
151.936998844147	-100.4027
151.952618837357	-48.98877
151.968248844147	-5.72937
151.983868837357	29.84607
151.999498844147	60.09558
152.015128850937	87.53113
152.030748844147	113.408
152.046378850937	137.2063
152.061998844147	157.0531
152.077628850937	170.8622
152.093248844147	177.3848
152.108878850937	176.8589
152.124508857727	170.7942
152.140128850937	161.4246
152.155758857727	150.8423
152.171378850937	140.4901
152.187008857727	131.0099
152.202628850937	122.4324
152.218258857727	114.4719
152.233888864517	106.7169
152.249508857727	98.79907
152.265138864517	90.28125
152.280758857727	80.75842
152.296388864517	69.85864
152.312008857727	57.33972
152.327638864517	43.19055
152.343268871307	27.5907
152.358888864517	10.8645
152.374518871307	-6.609009
152.390138864517	-24.43567
152.405768871307	-42.30188
152.421388864517	-59.92297
152.437018871307	-77.0741
152.452648878098	-93.64526
152.468268871307	-109.6064
152.483898878098	-125.0983
152.499518871307	-140.4878
152.515148878098	-156.4803
152.530768871307	-174.0863
152.546398878098	-194.3807
152.562028884888	-217.7415
152.577648878098	-243.0565
152.593278884888	-267.172
152.608898878098	-285.1769
152.624528884888	-291.7257
152.640148878098	-282.787
152.655778884888	-257.1155
152.671408891678	-216.7218
152.687028884888	-166.2672
152.702658891678	-111.522
152.718278884888	-57.72461
152.733908891678	-8.494385
152.749528884888	34.63623
152.765158891678	71.85443
152.780788898468	104.3505
152.796408891678	133.4057
152.812038898468	159.6994
152.827658891678	182.85
152.843288898468	201.5737
152.858908891678	214.3085
152.874538898468	220.0573
152.890168905258	219.149
152.905788898468	213.2858
152.921418905258	205.0529
152.937038898468	196.9591
152.952668905258	190.6221
152.968288898468	186.4006
152.983918905258	183.5945
152.999548912048	180.9161
153.015168905258	177.0349
153.030798912048	171.0115
153.046418905258	162.4007
153.062048912048	151.2913
153.077668905258	138.153
153.093298912048	123.6708
153.108928918839	108.5056
153.124548912048	93.20569
153.140178918839	77.99127
153.155798912048	62.70288
153.171428918839	47.00867
153.187058925629	30.50305
153.202678918839	12.99603
153.218308925629	-5.319092
153.233928918839	-23.85211
153.249558925629	-41.77087
153.265178918839	-58.36926
153.280808925629	-73.44922
153.296438932419	-87.60492
153.312058925629	-102.142
153.327688932419	-118.8333
153.343308925629	-139.1194
153.358938932419	-163.2083
153.374558925629	-189.2641
153.390188932419	-213.22
153.405818939209	-229.4154
153.421438932419	-232.0876
153.437068939209	-217.2485
153.452688932419	-184.25
153.468318939209	-136.3627
153.483938932419	-79.99976
153.499568939209	-22.94418
153.515198945999	27.94797
153.530818939209	68.4718
153.546448945999	97.77466
153.562068939209	117.7322
153.577698945999	131.5066
153.593318939209	141.9182
153.608948945999	150.2964
153.624578952789	156.2845
153.640198945999	158.49
153.655828952789	155.537
153.671448945999	147.0604
153.687078952789	134.0609
153.702698945999	118.6083
153.718328952789	102.9309
153.733958959579	88.58527
153.749578952789	76.0275
153.765208959579	64.76389
153.780828952789	53.93658
153.796458959579	42.85309
153.812078952789	31.34155
153.827708959579	19.56412
153.84333896637	7.810486
153.858958959579	-3.869659
153.87458896637	-15.65283
153.890208959579	-27.75488
153.90583896637	-40.21011
153.921458959579	-52.77441
153.93708896637	-65.23154
153.95271897316	-77.59137
153.96833896637	-90.36542
153.98396897316	-104.2699
153.99958896637	-119.8375
154.01521897316	-136.9059
154.03083896637	-154.4279
154.04646897316	-170.7308
154.06209897995	-184.1933
154.07771897316	-194.0211
154.09334897995	-200.7865
154.10896897316	-206.4199
154.12459897995	-213.4777
154.14021897316	-224.0056
154.15584897995	-238.2309
154.17147898674	-253.9543
154.18709897995	-266.7922
154.20272898674	-271.5743
154.21834897995	-264.1837
154.23397898674	-243.0995
154.24959897995	-209.8727
154.26522898674	-168.3005
154.28085899353	-122.8938
154.29647898674	-77.15974
154.31210899353	-32.79868
154.32772898674	10.1888
154.34335899353	52.7894
154.35897898674	96.07669
154.37460899353	140.5875
154.39023900032	185.9236
154.40585899353	230.6707
154.42148900032	272.3785
154.43710899353	307.9585
154.45273900032	334.3582
154.46835899353	349.544
154.48398900032	353.3083
154.499618768692	347.5174
154.51523900032	335.4368
154.530868768692	320.6447
154.54648900032	305.9398
154.562118768692	292.7589
154.57773900032	281.2734
154.593368768692	270.7914
154.608998775482	260.2934
154.624618768692	248.6725
154.640248775482	234.9599
154.655868768692	218.4551
154.671498775482	198.9794
154.687118768692	177.1164
154.702748775482	154.0539
154.718378782272	131.2466
154.733998775482	109.766
154.749628782272	89.89783
154.765248775482	71.01407
154.780878782272	51.89011
154.796498775482	31.29739
154.812128782272	8.477905
154.827758789062	-16.573
154.843378782272	-43.09219
154.859008789062	-69.8938
154.874628782272	-95.73248
154.890258789062	-119.7277
154.905878782272	-141.7713
154.921508789062	-162.7735
154.937138795853	-184.3398
154.952758789062	-207.99
154.968388795853	-233.9554
154.984008789062	-260.1433
154.999638795853	-282.0122
155.015258789062	-293.6311
155.030888795853	-289.5921
155.046518802643	-266.9662
155.062138795853	-226.381
155.077768802643	-171.7028
155.093388795853	-108.8291
155.109018802643	-44.0882
155.124638795853	16.98621
155.140268802643	70.34741
155.155898809433	113.6433
155.171518802643	146.2209
155.187148809433	168.9121
155.202768802643	183.6635
155.218398809433	192.8758
155.234018802643	198.4825
155.249648809433	201.384
155.265278816223	201.4084
155.280898809433	198.0179
155.296528816223	191.0896
155.312148809433	181.4042
155.327778816223	170.4247
155.343398809433	159.7146
155.359028816223	150.3065
155.374658823013	142.4176
155.390278816223	135.6718
155.405908823013	129.4397
155.421528816223	123.0762
155.437158823013	115.9833
155.452778816223	107.6206
155.468408823013	97.51294
155.484038829803	85.52643
155.499658823013	72.01129
155.515288829803	57.62579
155.530908823013	43.0358
155.546538829803	28.47952
155.562158823013	13.48312
155.577788829803	-2.936554
155.593418836594	-21.6955
155.609038829803	-43.01376
155.624668836594	-66.10535
155.640288829803	-89.40201
155.655918836594	-111.1365
155.671538829803	-130.0608
155.687168836594	-145.9107
155.702798843384	-159.5993
155.718418836594	-172.9607
155.734048843384	-188.1869
155.749668836594	-206.9537
155.765298843384	-229.4734
155.780928850174	-253.6305
155.796548843384	-274.841
155.812178850174	-287.0302
155.827798843384	-284.3837
155.843428850174	-263.3455
155.859048843384	-224.0379
155.874678850174	-170.487
155.890308856964	-109.3892
155.905928850174	-48.22789
155.921558856964	6.719864
155.937178850174	51.7054
155.952808856964	85.82304
155.968428850174	110.329
155.984058856964	127.6612
155.999688863754	140.3732
156.015308856964	150.3595
156.030938863754	158.5188
156.046558856964	164.9361
156.062188863754	169.3184
156.077808856964	171.5462
156.093438863754	171.9893
156.109068870544	171.4136
156.124688863754	170.6107
156.140318870544	170.0059
156.155938863754	169.5453
156.171568870544	168.9043
156.187188863754	167.8503
156.202818870544	166.4849
156.218448877335	165.2174
156.234068870544	164.464
156.249698877335	164.2417
156.265318870544	163.9737
156.280948877335	162.5473
156.296568870544	158.6549
156.312198877335	151.2101
156.327828884125	139.5904
156.343448877335	123.7105
156.359078884125	103.9384
156.374698877335	80.92032
156.390328884125	55.52678
156.405948877335	28.89018
156.421578884125	2.394318
156.437208890915	-22.45107
156.452828884125	-44.21114
156.468458890915	-61.99355
156.484078884125	-75.96071
156.499708890915	-87.55568
156.515328884125	-99.40797
156.530958890915	-114.901
156.546588897705	-137.2747
156.562208890915	-168.5387
156.577838897705	-208.4705
156.593458890915	-253.929
156.609088897705	-298.9005
156.624708890915	-335.6338
156.640338897705	-356.5677
156.655968904495	-356.4966
156.671588897705	-334.3182
156.687218904495	-293.4239
156.702838897705	-240.7614
156.718468904495	-184.8148
156.734088897705	-133.3195
156.749718904495	-91.47591
156.765348911285	-61.20978
156.780968904495	-41.45345
156.796598911285	-29.26574
156.812218904495	-21.21684
156.827848911285	-14.51627
156.843468904495	-7.650856
156.859098911285	-0.3752747
156.874728918076	6.81588
156.890348911285	13.42143
156.905978918076	19.53213
156.921598911285	26.0246
156.937228918076	34.12335
156.952848911285	44.84683
156.968478918076	58.55107
156.984108924866	74.78538
156.999728918076	92.38612
157.015358924866	109.6893
157.030978918076	124.7078
157.046608924866	135.3315
157.062228918076	139.6798
157.077858924866	136.6196
157.093488931656	126.2903
157.109108924866	110.2432
157.124738931656	91.05717
157.140358924866	71.47377
157.155988931656	53.5027
157.171608924866	37.82141
157.187238931656	23.85338
157.202868938446	10.26599
157.218488931656	-4.144821
157.234118938446	-19.86638
157.249738931656	-36.47002
157.265368938446	-52.88199
157.280988931656	-67.97318
157.296618938446	-81.13252
157.312248945236	-92.72632
157.327868938446	-104.2571
157.343498945236	-117.9414
157.359118938446	-135.7973
157.374748945236	-158.3244
157.390368938446	-183.4664
157.405998945236	-206.5015
157.421628952026	-221.1193
157.437248945236	-221.4345
157.452878952026	-203.9164
157.468498945236	-168.6136
157.484128952026	-119.1418
157.499748945236	-61.595
157.515378952026	-2.908798
157.531008958817	50.6263
157.546628952026	94.46443
157.562258958817	126.4688
157.577878952026	146.7682
157.593508958817	157.3287
157.609128952026	161.0337
157.624758958817	160.5194
157.640388965607	157.3252
157.656008958817	151.6988
157.671638965607	143.0873
157.687258958817	131.1574
157.702888965607	116.6564
157.718508958817	101.4583
157.734138965607	87.91434
157.749768972397	77.96027
157.765388965607	72.31757
157.781018972397	70.35736
157.796638965607	70.54373
157.812268972397	71.06482
157.827888965607	70.44492
157.843518972397	67.94955
157.859148979187	63.62354
157.874768972397	58.08035
157.890398979187	52.15555
157.906018972397	46.50226
157.921648979187	41.26422
157.937268972397	36.10849
157.952898979187	30.37665
157.968528985977	23.47495
157.984148979187	15.20425
157.999778985977	5.779633
158.015398979187	-4.150085
158.031028985977	-13.79263
158.046658992767	-22.49701
158.062278985977	-29.97906
158.077908992767	-36.43842
158.093528985977	-42.80194
158.109158992767	-50.59094
158.124778985977	-61.53738
158.140408992767	-76.92798
158.156038999557	-96.41711
158.171658992767	-117.2721
158.187288999557	-134.2314
158.202908992767	-140.7004
158.218538999557	-130.7964
158.234158992767	-101.8429
158.249788999557	-55.77811
158.265418767929	0.971405
158.281038999557	59.29608
158.296668767929	110.4021
158.312288999557	148.3888
158.327918767929	171.6622
158.343538999557	182.5803
158.359168767929	185.8032
158.374798774719	186.092
158.390418767929	186.7102
158.406048774719	188.8553
158.421668767929	191.9671
158.437298774719	194.8419
158.452918767929	196.4712
158.468548774719	196.638
158.484178781509	195.8311
158.499798774719	194.7584
158.515428781509	193.7292
158.531048774719	192.3308
158.546678781509	189.6321
158.562298774719	184.6245
158.577928781509	177.0013
158.5935587883	167.3977
158.609178781509	157.1729
158.6248087883	147.8508
158.640428781509	140.245
158.6560587883	133.9606
158.671678781509	127.3647
158.6873087883	118.1495
158.70293879509	104.0762
158.7185587883	83.89767
158.73418879509	57.87999
158.7498087883	27.81703
158.76543879509	-3.397526
158.7810587883	-32.69887
158.79668879509	-57.74319
158.81231880188	-77.55793
158.82793879509	-92.73849
158.84356880188	-105.084
158.85918879509	-116.9231
158.87481880188	-130.3931
158.89043879509	-146.8192
158.90606880188	-166.1771
158.92169880867	-186.8055
158.93731880188	-205.2749
158.95294880867	-216.9713
158.96856880188	-217.2366
158.98419880867	-203.0821
158.99981880188	-174.5915
159.01544880867	-135.4871
159.03107881546	-92.17838
159.04669880867	-51.7538
159.06232881546	-19.75345
159.07794880867	1.350937
159.09357881546	12.29683
159.10919880867	15.89438
159.12482881546	15.44116
159.14045882225	13.49966
159.15607881546	11.323
159.17170882225	9.179169
159.18732881546	6.996429
159.20295882225	4.750153
159.21857881546	2.634766
159.23420882225	0.8504028
159.249838829041	-0.6867065
159.26545882225	-2.491211
159.281088829041	-5.357178
159.29670882225	-9.985077
159.312338829041	-16.54584
159.32795882225	-24.46552
159.343588829041	-32.66086
159.359218835831	-40.03452
159.374838829041	-46.1282
159.390468835831	-51.56802
159.406088829041	-57.86829
159.421718835831	-66.8428
159.437338829041	-79.57364
159.452968835831	-95.8049
159.468598842621	-113.8376
159.484218835831	-131.1185
159.499848842621	-145.2731
159.515468835831	-155.0418
159.531098842621	-160.8205
159.546718835831	-164.5211
159.562348842621	-168.8964
159.577978849411	-176.5468
159.593598842621	-188.8824
159.609228849411	-205.3479
159.624848842621	-223.084
159.640478849411	-237.2528
159.656098842621	-242.1457
159.671728849411	-232.6709
159.687358856201	-205.8951
159.702978849411	-162.0782
159.718608856201	-104.8496
159.734228849411	-40.35193
159.749858856201	24.20325
159.765478849411	82.26978
159.781108856201	129.2878
159.796738862991	163.2961
159.812358856201	184.8469
159.827988862991	196.0657
159.843608856201	199.5851
159.859238862991	197.4406
159.874858856201	190.6436
159.890488862991	179.3849
159.906118869781	163.7095
159.921738862991	144.2545
159.937368869781	122.5663
159.952988862991	100.7971
159.968618869781	80.80634
159.984238862991	63.50372
159.999868869781	48.55322
160.015498876572	34.84973
160.031118869781	21.40741
160.046748876572	7.958252
160.062368869781	-4.933014
160.077998876572	-16.35275
160.093618869781	-25.87958
160.109248876572	-34.15369
160.124878883362	-42.8197
160.140498876572	-53.8064
160.156128883362	-68.35608
160.171748876572	-86.17532
160.187378883362	-105.407
160.203008890152	-123.2997
160.218628883362	-137.3953
160.234258890152	-146.5845
160.249878883362	-151.6676
160.265508890152	-155.0866
160.281128883362	-159.996
160.296758890152	-169.2444
160.312388896942	-184.2834
160.328008890152	-204.439
160.343638896942	-226.6306
160.359258890152	-245.7688
160.374888896942	-255.801
160.390508890152	-251.2989
160.406138896942	-229.2127
160.421768903732	-190.0338
160.437388896942	-138.0074
160.453018903732	-79.97214
160.468638896942	-23.36624
160.484268903732	25.94611
160.499888896942	65.04483
160.515518903732	94.10303
160.531148910522	115.3743
160.546768903732	131.683
160.562398910522	145.0768
160.578018903732	156.2679
160.593648910522	164.8824
160.609268903732	170.1982
160.624898910522	171.9723
160.640528917313	170.798
160.656148910522	167.8138
160.671778917313	164.1437
160.687398910522	160.2292
160.703028917313	155.6736
160.718648910522	149.6805
160.734278917313	141.726
160.749908924103	132.1266
160.765528917313	122.0287
160.781158924103	112.8651
160.796778917313	105.4296
160.812408924103	99.16696
160.828028917313	92.15198
160.843658924103	81.758
160.859288930893	65.80405
160.874908924103	43.5318
160.890538930893	16.07742
160.906158924103	-13.93335
160.921788930893	-43.21503
160.937408924103	-68.98193
160.953038930893	-89.83914
160.968668937683	-106.1632
160.984288930893	-119.9399
160.999918937683	-134.1632
161.015538930893	-151.8216
161.031168937683	-174.6062
161.046788930893	-201.8407
161.062418937683	-229.9229
161.078048944473	-252.8539
161.093668937683	-263.7877
161.109298944473	-257.3055
161.124918937683	-231.4132
161.140548944473	-188.481
161.156168937683	-134.5883
161.171798944473	-77.56831
161.187428951263	-24.53462
161.203048944473	20.0107
161.218678951263	54.93051
161.234298944473	81.73994
161.249928951263	103.1615
161.265548944473	121.5292
161.281178951263	137.8869
161.296808958054	152.0037
161.312428951263	163.0693
161.328058958054	170.6136
161.343678951263	175.0396
161.359308958054	177.5173
161.374928951263	179.2444
161.390558958054	180.6851
161.406188964844	181.1419
161.421808958054	179.1399
161.437438964844	173.3652
161.453058958054	163.5853
161.468688964844	150.9695
161.484308958054	137.5658
161.499938964844	125.2417
161.515568971634	114.5072
161.531188964844	104.1852
161.546818971634	91.84393
161.562438964844	75.08952
161.578068971634	52.78053
161.593688964844	25.71379
161.609318971634	-3.589645
161.624948978424	-31.86656
161.640568971634	-56.49422
161.656198978424	-76.49997
161.671818971634	-92.78992
161.687448978424	-107.7256
161.703068971634	-124.2108
161.718698978424	-144.6522
161.734328985214	-170.3549
161.749948978424	-201.0079
161.765578985214	-234.5216
161.781198978424	-267.101
161.796828985214	-293.6536
161.812448978424	-308.7006
161.828078985214	-307.6833
161.843708992004	-288.3755
161.859328985214	-251.6724
161.874958992004	-201.7069
161.890578985214	-144.718
161.906208992004	-87.37463
161.921828985214	-34.9399
161.937458992004	9.787712
161.953088998795	46.58029
161.968708992004	76.91239
161.984338998795	102.5799
161.999958992004	124.6987
162.015588998795	143.1955
162.031208992004	157.3007
162.046838998795	166.2777
162.062468767166	170.1898
162.078088998795	170.0364
162.093718767166	167.3792
162.109338998795	163.6262
162.124968767166	159.5511
162.140588998795	155.3349
162.156218767166	150.9618
162.171848773956	146.7364
162.187468767166	143.3807
162.203098773956	141.6058
162.218718767166	141.5001
162.234348773956	142.0303
162.249968767166	141.1794
162.265598773956	136.7435
162.281228780746	127.4067
162.296848773956	113.5128
162.312478780746	97.11965
162.328098773956	81.24344
162.343728780746	68.51861
162.359348773956	60.15081
162.374978780746	55.36363
162.390608787537	51.79448
162.406228780746	46.33279
162.421858787537	36.25565
162.437478780746	20.07884
162.453108787537	-1.847466
162.468728780746	-26.93164
162.484358787537	-50.46859
162.499988794327	-66.35316
162.515608787537	-68.73366
162.531238794327	-54.15629
162.546858787537	-23.33867
162.562488794327	18.51827
162.578108787537	63.22125
162.593738794327	102.4833
162.609368801117	130.9814
162.624988794327	147.7716
162.640618801117	155.7243
162.656238794327	159.2588
162.671868801117	161.7351
162.687488794327	164.091
162.703118801117	165.171
162.718748807907	163.2758
162.734368801117	157.692
162.749998807907	149.3658
162.765618801117	140.2875
162.781248807907	132.1723
162.796868801117	125.3636
162.812498807907	118.4861
162.828128814697	109.1002
162.843748807907	95.04562
162.859378814697	75.62128
162.874998807907	52.02203
162.890628814697	26.96078
162.906258821487	3.420166
162.921878814697	-16.71225
162.937508821487	-33.30954
162.953128814697	-48.02118
162.968758821487	-63.19061
162.984378814697	-80.61746
163.000008821487	-100.5798
163.015638828278	-121.7276
163.031258821487	-141.7393
163.046888828278	-158.5486
163.062508821487	-171.3349
163.078138828278	-180.8638
163.093758821487	-189.165
163.109388828278	-198.6413
163.125018835068	-211.1914
163.140638828278	-227.4301
163.156268835068	-246.2115
163.171888828278	-264.5135
163.187518835068	-277.9025
163.203138828278	-281.4792
163.218768835068	-271.2057
163.234398841858	-245.4506
163.250018835068	-205.8723
163.265648841858	-157.3451
163.281268835068	-106.6345
163.296898841858	-60.39319
163.312518835068	-23.09488
163.328148841858	3.930145
163.343778848648	22.24976
163.359398841858	35.12915
163.375028848648	45.80475
163.390648841858	56.34137
163.406278848648	67.20081
163.421898841858	77.61835
163.437528848648	86.409
163.453158855438	92.56366
163.468778848648	95.55597
163.484408855438	95.1037
163.500028848648	90.89417
163.515658855438	82.36713
163.531278848648	68.9978
163.546908855438	50.72455
163.562538862228	28.42255
163.578158855438	3.900452
163.593788862228	-20.5744
163.609408855438	-43.07764
163.625038862228	-62.84656
163.640658855438	-80.44281
163.656288862228	-97.31763
163.671918869019	-114.7731
163.687538862228	-132.9531
163.703168869019	-150.4959
163.718788862228	-165.0272
163.734418869019	-174.3279
163.750038862228	-177.5117
163.765668869019	-175.7844
163.781298875809	-172.2322
163.796918869019	-170.8864
163.812548875809	-175.3562
163.828168869019	-187.4414
163.843798875809	-206.1622
163.859418869019	-227.7166
163.875048875809	-246.2744
163.890678882599	-255.492
163.906298875809	-250.4193
163.921928882599	-228.9442
163.937548875809	-192.2121
163.953178882599	-143.9177
163.968798875809	-88.71225
163.984428882599	-30.60358
164.000058889389	27.89011
164.015678882599	85.51068
164.031308889389	141.4344
164.046928882599	194.3865
164.062558889389	242.4413
164.078178882599	283.5414
164.093808889389	316.1296
164.109438896179	339.6152
164.125058889389	354.1785
164.140688896179	360.2299
164.156308889389	358.0078
164.171938896179	347.5929
164.187558889389	329.2762
164.203188896179	304.1289
164.218818902969	274.3326
164.234438896179	242.905
164.250068902969	213.0196
164.265688896179	187.0268
164.281318902969	165.6126
164.296938896179	147.624
164.312568902969	130.5529
164.32819890976	111.584
164.343818902969	88.95114
164.35944890976	62.74399
164.375068902969	34.82028
164.39069890976	7.926392
164.406318902969	-15.59445
164.42194890976	-34.94699
164.43757891655	-51.1651
164.45319890976	-66.65149
164.46882891655	-84.29843
164.48444890976	-106.4715
164.50007891655	-134.1123
164.51569890976	-166.0396
164.53132891655	-198.6733
164.54695892334	-226.0838
164.56257891655	-241.2535
164.57820892334	-238.0334
164.59382891655	-213.5493
164.60945892334	-169.8648
164.62507891655	-113.9094
164.64070892334	-55.39709
164.65633893013	-3.707611
164.67195892334	35.14182
164.68758893013	59.89111
164.70320892334	73.27765
164.71883893013	79.90918
164.73445892334	83.95187
164.75008893013	87.57007
164.76571893692	90.8024
164.78133893013	92.41312
164.79696893692	91.06244
164.81258893013	86.1188
164.82821893692	77.89304
164.84383893013	67.3447
164.85946893692	55.68375
164.87509894371	44.05826
164.89071893692	33.38577
164.90634894371	24.38339
164.92196893692	17.47894
164.93759894371	12.74658
164.95321893692	9.67041
164.96884894371	7.161926
164.9844789505	3.616089
165.00009894371	-2.582489
165.0157289505	-12.38858
165.03134894371	-25.76553
165.0469789505	-41.53735
165.062608957291	-57.88635
165.0782289505	-73.13965
165.093858957291	-86.43387
165.1094789505	-98.0675
165.125108957291	-109.5707
165.1407289505	-123.1147
165.156358957291	-140.6744
165.171988964081	-162.9706
165.187608957291	-188.3936
165.203238964081	-212.5207
165.218858957291	-228.837
165.234488964081	-230.5085
165.250108957291	-212.975
165.265738964081	-176.1408
165.281368970871	-124.9946
165.296988964081	-68.18979
165.312618970871	-15.05417
165.328238964081	27.61075
165.343868970871	57.457
165.359488964081	76.36188
165.375118970871	88.53528
165.390748977661	97.98874
165.406368970871	106.7415
165.421998977661	114.5601
165.437618970871	119.9413
165.453248977661	121.4948
165.468868970871	118.961
165.484498977661	113.289
165.500128984451	105.9376
165.515748977661	98.08575
165.531378984451	90.10681
165.546998977661	81.74268
165.562628984451	72.67752
165.578248977661	63.08969
165.593878984451	53.70148
165.609508991241	45.40118
165.625128984451	38.5144
165.640758991241	32.25623
165.656378984451	24.84915
165.672008991241	14.22708
165.687628984451	-0.9133301
165.703258991241	-20.2803
165.718888998032	-41.93466
165.734508991241	-62.90195
165.750138998032	-80.44501
165.765758991241	-93.16656
165.781388998032	-101.6678
165.797008991241	-108.375
165.812638998032	-116.7453
165.828268766403	-129.9792
165.843888998032	-149.6736
165.859518766403	-174.7377
165.875138998032	-200.9964
165.890768766403	-221.8819
165.906388998032	-230.1072
165.922018766403	-220.0785
165.937648773193	-189.9743
165.953268766403	-142.8033
165.968898773193	-85.67142
165.984518766403	-27.46188
166.000148773193	24.06619
166.015768766403	64.60745
166.031398773193	94.05002
166.047028779984	115.5077
166.062648773193	133.0327
166.078278779984	149.4994
166.093898773193	165.4952
166.109528779984	179.4691
166.125148773193	189.1007
166.140778779984	192.8508
166.156408786774	190.9408
166.172028779984	185.1927
166.187658786774	178.1296
166.203278779984	171.6429
166.218908786774	166.1705
166.234528779984	160.8273
166.250158786774	154.1878
166.265788793564	145.3554
166.281408786774	134.6291
166.297038793564	123.4631
166.312658786774	113.5098
166.328288793564	105.6794
166.343908786774	99.33929
166.359538793564	92.40152
166.375168800354	82.30115
166.390788793564	67.21826
166.406418800354	47.15039
166.422038793564	24.14258
166.437668800354	1.551208
166.453288793564	-17.43781
166.468918800354	-31.05673
166.484548807144	-39.79599
166.500168800354	-46.13589
166.515798807144	-53.44305
166.531418800354	-64.77838
166.547048807144	-81.9606
166.562668800354	-105.0983
166.578298807144	-132.501
166.593928813934	-160.6715
166.609548807144	-184.4196
166.625178813934	-197.7059
166.640798807144	-195.2361
166.656428813934	-174.3298
166.672048807144	-136.6083
166.687678813934	-88.17636
166.703308820724	-37.84055
166.718928813934	5.880981
166.734558820724	37.65417
166.750178813934	56.84476
166.765808820724	66.77682
166.781428813934	72.34238
166.797058820724	77.48166
166.812688827515	83.5976
166.828308820724	89.68185
166.843938827515	93.77664
166.859558820724	94.47357
166.875188827515	91.85822
166.890808820724	87.27032
166.906438827515	82.34641
166.922068834305	78.00299
166.937688827515	73.96567
166.953318834305	68.9736
166.968938827515	61.66119
166.984568834305	51.5274
167.000188827515	39.33173
167.015818834305	26.93683
167.031448841095	16.37384
167.047068834305	8.747467
167.062698841095	3.446045
167.078318834305	-1.683228
167.093948841095	-9.456421
167.109568834305	-22.04214
167.125198841095	-39.73502
167.140828847885	-60.84143
167.156448841095	-82.25159
167.172078847885	-100.7481
167.187698841095	-114.4211
167.203328847885	-123.4099
167.218948841095	-129.7245
167.234578847885	-136.4811
167.250208854675	-146.7725
167.265828847885	-162.6779
167.281458854675	-184.6165
167.297078847885	-210.9661
167.312708854675	-238.0662
167.328328847885	-260.7005
167.343958854675	-273.0577
167.359588861465	-270.0881
167.375208854675	-249.1094
167.390838861465	-210.8516
167.406458854675	-159.5648
167.422088861465	-102.058
167.437708854675	-45.72195
167.453338861465	3.535675
167.468968868256	42.68738
167.484588861465	71.75925
167.500218868256	92.87299
167.515838861465	108.676
167.531468868256	121.018
167.547088861465	130.524
167.562718868256	136.8105
167.578348875046	139.4242
167.593968868256	138.5181
167.609598875046	134.9788
167.625218868256	130.0795
167.640848875046	124.8117
167.656468868256	119.4299
167.672098875046	113.5727
167.687728881836	106.7899
167.703348875046	99.00513
167.718978881836	90.70398
167.734598875046	82.57306
167.750228881836	74.9483
167.765858888626	67.30423
167.781478881836	58.28995
167.797108888626	46.36862
167.812728881836	30.64542
167.828358888626	11.54297
167.843978881836	-9.228821
167.859608888626	-29.2254
167.875238895416	-46.3382
167.890858888626	-59.80466
167.906488895416	-70.534
167.922108888626	-80.94885
167.937738895416	-94.17679
167.953358888626	-112.8713
167.968988895416	-137.9364
167.984618902206	-167.5945
168.000238895416	-197.2178
168.015868902206	-220.0805
168.031488895416	-229.143
168.047118902206	-219.2448
168.062738895416	-189.1264
168.078368902206	-142.2082
168.093998908997	-85.74316
168.109618902206	-28.54398
168.125248908997	21.80185
168.140868902206	61.02338
168.156498908997	88.82935
168.172118902206	107.9101
168.187748908997	121.9543
168.203378915787	133.7072
168.218998908997	144.0049
168.234628915787	152.0459
168.250248908997	156.5078
168.265878915787	156.7992
168.281498908997	153.54
168.297128915787	148.3938
168.312758922577	142.9897
168.328378915787	138.0841
168.344008922577	133.1306
168.359628915787	126.8201
168.375258922577	118.106
168.390878915787	106.9977
168.406508922577	94.77049
168.422138929367	83.27083
168.437758922577	73.83226
168.453388929367	66.30231
168.469008922577	58.96492
168.484638929367	49.24663
168.500258922577	35.08289
168.515888929367	16.01292
168.531518936157	-6.400238
168.547138929367	-29.16141
168.562768936157	-49.09373
168.578388929367	-64.19496
168.594018936157	-74.54253
168.609638929367	-82.23204
168.625268936157	-90.60898
168.640898942947	-103.0896
168.656518936157	-122.0016
168.672148942947	-147.5208
168.687768936157	-177.16
168.703398942947	-205.8969
168.719018936157	-227.0206
168.734648942947	-233.8845
168.750278949738	-221.8956
168.765898942947	-190.2663
168.781528949738	-142.6742
168.797148942947	-86.42645
168.812778949738	-30.21797
168.828398942947	18.58965
168.844028949738	56.06287
168.859658956528	82.30215
168.875278949738	100.4085
168.890908956528	114.4024
168.906528949738	127.2128
168.922158956528	139.5747
168.937778949738	150.2032
168.953408956528	157.0757
168.969038963318	158.8198
168.984658956528	155.6323
169.000288963318	149.2816
169.015908956528	142.1752
169.031538963318	136.2204
169.047158956528	131.895
169.062788963318	128.3223
169.078418970108	123.872
169.094038963318	117.2381
169.109668970108	108.2018
169.125288963318	97.67474
169.140918970108	87.17696
169.156538963318	77.82487
169.172168970108	69.69241
169.187798976898	61.55446
169.203418970108	51.5314
169.219048976898	37.86797
169.234668970108	19.99591
169.250298976898	-1.08419
169.265918970108	-23.10844
169.281548976898	-43.31911
169.297178983688	-59.63067
169.312798976898	-71.42617
169.328428983688	-79.84671
169.344048976898	-87.23592
169.359678983688	-96.37396
169.375298976898	-109.5828
169.390928983688	-128.1622
169.406558990479	-151.968
169.422178983688	-179.029
169.437808990479	-205.4883
169.453428983688	-225.8186
169.469058990479	-233.8737
169.484678983688	-224.5381
169.500308990479	-195.7473
169.515938997269	-149.7405
169.531558990479	-92.8596
169.547188997269	-33.72809
169.562808990479	19.62593
169.578438997269	62.19633
169.594058990479	93.12309
169.609688997269	115.062
169.62531876564	132.1656
169.640938997269	147.9416
169.65656876564	163.8232
169.672188997269	179.1215
169.68781876564	191.9077
169.703438997269	200.4362
169.71906876564	204.0722
169.73469877243	203.5539
169.75031876564	200.6101
169.76594877243	197.0855
169.78156876564	194.1837
169.79719877243	192.161
169.81281876564	190.5459
169.82844877243	188.4471
169.844078779221	185.073
169.85969877243	179.9533
169.875328779221	172.84
169.89094877243	163.5904
169.906578779221	151.9145
169.922208786011	137.4757
169.937828779221	119.9496
169.953458786011	99.28343
169.969078779221	75.76785
169.984708786011	50.17233
170.000328779221	23.56508
170.015958786011	-2.79776
170.031588792801	-27.66168
170.047208786011	-50.12109
170.062838792801	-69.75812
170.078458786011	-86.69684
170.094088792801	-101.6174
170.109708786011	-115.5225
170.125338792801	-129.4977
170.156588792801	-161.8037
170.172218799591	-181.4401
170.187838792801	-202.7553
170.203468799591	-223.1199
170.219088792801	-237.8367
170.234718799591	-241.0955
170.250348806381	-227.9677
170.265968799591	-196.6693
170.281598806381	-150.0201
170.297218799591	-95.09061
170.312848806381	-40.88947
170.328468799591	4.712433
170.344098806381	37.56641
170.359728813171	58.02344
170.375348806381	69.72028
170.390978813171	77.21808
170.406598806381	83.7482
170.422228813171	90.21234
170.437848806381	95.59311
170.453478813171	98.23026
170.469108819962	97.13599
170.484728813171	92.73288
170.500358819962	86.5462
170.515978813171	80.42224
170.531608819962	75.62619
170.547228813171	72.21677
170.562858819962	69.10077
170.578488826752	64.78079
170.594108819962	58.1431
170.609738826752	49.05142
170.625358819962	38.45438
170.640988826752	27.866
170.656608819962	18.56555
170.672238826752	10.93964
170.687868833542	4.293152
170.703488826752	-2.847473
170.719118833542	-12.00281
170.734738826752	-24.00916
170.750368833542	-38.651
170.765988826752	-54.67523
170.781618833542	-70.37787
170.797248840332	-84.26599
170.812868833542	-95.59161
170.828498840332	-104.5688
170.844118833542	-112.1332
170.859748840332	-119.5957
170.875368833542	-128.1938
170.890998840332	-138.9573
170.906628847122	-152.5434
170.922248840332	-168.9123
170.937878847122	-186.7945
170.953498840332	-203.1769
170.969128847122	-213.3796
170.984748840332	-212.0363
171.000378847122	-195.0593
171.016008853912	-161.6199
171.031628847122	-115.1734
171.047258853912	-62.79254
171.062878847122	-12.909
171.078508853912	27.58154
171.094128847122	55.45062
171.109758853912	71.51013
171.125388860703	79.28448
171.141008853912	82.76312
171.156638860703	84.53741
171.172258853912	85.1897
171.187888860703	84.07068
171.203508853912	80.5542
171.219138860703	74.99841
171.234768867493	68.84973
171.250388860703	63.75854
171.266018867493	60.6012
171.281638860703	58.86566
171.297268867493	56.9198
171.312888860703	52.87048
171.328518867493	45.6524
171.344148874283	35.71228
171.359768867493	24.7215
171.375398874283	14.76996
171.391018867493	7.168152
171.406648874283	1.72113
171.422268867493	-3.237549
171.437898874283	-10.00214
171.453528881073	-20.39868
171.469148874283	-34.80048
171.484778881073	-51.82916
171.500398874283	-68.89551
171.516028881073	-83.2597
171.531648874283	-93.19617
171.547278881073	-98.7843
171.562908887863	-101.8299
171.578528881073	-105.2498
171.594158887863	-112.0508
171.609778881073	-124.3036
171.625408887863	-142.2838
171.641028881073	-164.0374
171.656658887863	-185.3742
171.672288894653	-200.5723
171.687908887863	-203.6695
171.703538894653	-190.1003
171.719158887863	-158.4116
171.734788894653	-111.078
171.750408887863	-54.19489
171.766038894653	4.171875
171.781668901443	56.32068
171.797288894653	97.21167
171.812918901443	125.5988
171.828538894653	143.5154
171.844168901443	154.7705
171.859788894653	162.7922
171.875418901443	169.2946
171.891048908234	173.9868
171.906668901443	175.5577
171.922298908234	172.9275
171.937918901443	166.3665
171.953548908234	157.5187
171.969168901443	148.547
171.984798908234	141.0349
172.000428915024	135.0244
172.016048908234	129.1884
172.031678915024	121.7239
172.047298908234	111.4862
172.062928915024	98.73755
172.078548908234	85.07452
172.094178915024	72.44916
172.109808921814	61.95496
172.125428915024	53.18811
172.141058921814	44.21808
172.156678915024	32.55188
172.172308921814	16.42102
172.187938928604	-4.29248
172.203558921814	-27.79596
172.219188928604	-51.04211
172.234808921814	-70.94843
172.250438928604	-85.57727
172.266058921814	-94.8219
172.281688928604	-100.3392
172.297318935394	-104.8045
172.312938928604	-111.0383
172.328568935394	-121.2458
172.344188928604	-136.5727
172.359818935394	-156.7361
172.375438928604	-179.7005
172.391068935394	-201.417
172.406698942184	-216.2193
172.422318935394	-218.1711
172.437948942184	-203.0844
172.453568935394	-170.5119
172.469198942184	-124.6448
172.484818935394	-73.21985
172.500448942184	-24.99649
172.516078948975	13.27109
172.531698942184	38.93008
172.547328948975	53.59198
172.562948942184	61.47318
172.578578948975	67.03195
172.594198942184	73.00146
172.609828948975	79.76263
172.625458955765	86.01572
172.641078948975	90.06277
172.656708955765	90.97412
172.672328948975	89.06815
172.687958955765	85.63123
172.703578948975	82.13602
172.719208955765	79.42682
172.734838962555	77.38498
172.750458955765	75.05347
172.766088962555	71.28351
172.781708955765	65.42288
172.797338962555	57.76575
172.812958955765	49.38599
172.828588962555	41.56549
172.844218969345	35.0329
172.859838962555	29.44907
172.875468969345	23.42938
172.891088962555	15.14188
172.906718969345	3.174408
172.922338962555	-12.64514
172.937968969345	-31.02911
172.953598976135	-49.58298
172.969218969345	-65.74362
172.984848976135	-77.79883
173.000468969345	-85.59241
173.016098976135	-90.51663
173.031718969345	-94.97281
173.047348976135	-101.3866
173.062978982925	-111.5027
173.078598976135	-125.8915
173.094228982925	-143.7807
173.109848976135	-162.97
173.125478982925	-179.8163
173.141098976135	-189.5897
173.156728982925	-187.3997
173.172358989716	-169.7519
173.187978982925	-136.1417
173.203608989716	-89.87833
173.219228982925	-37.60553
173.234858989716	12.74057
173.250478982925	54.56143
173.266108989716	84.6582
173.281738996506	103.8168
173.297358989716	115.7557
173.312988996506	124.9225
173.328608989716	134.4704
173.344238996506	145.164
173.359858989716	155.6547
173.375488996506	163.7222
173.391118764877	167.6688
173.406738996506	167.1582
173.422368764877	163.2343
173.437988996506	157.6097
173.453618764877	151.6311
173.469238996506	145.7269
173.484868764877	139.3643
173.500498771667	131.5917
173.516118764877	121.75
173.531748771667	110.0499
173.547368764877	97.54309
173.562998771667	85.70007
173.578618764877	75.6987
173.594248771667	67.77695
173.609878778458	61.04169
173.625498771667	53.76868
173.641128778458	44.10651
173.656748771667	30.85858
173.672378778458	14.08722
173.687998771667	-4.846436
173.703628778458	-23.81976
173.719258785248	-40.76685
173.734878778458	-54.52039
173.750508785248	-65.27176
173.766128778458	-74.3732
173.781758785248	-83.76114
173.797378778458	-95.35651
173.813008785248	-110.5033
173.828638792038	-129.6219
173.844258785248	-151.8804
173.859888792038	-174.7859
173.875508785248	-194.0804
173.891138792038	-204.2078
173.906758785248	-199.6485
173.922388792038	-176.9232
173.938018798828	-136.3697
173.953638792038	-82.7056
173.969268798828	-23.88528
173.984888792038	31.37656
174.000518798828	76.55328
174.016138792038	109.0653
174.031768798828	130.3725
174.047398805618	144.3909
174.063018798828	155.1389
174.078648805618	164.9972
174.094268798828	174.1488
174.109898805618	181.3842
174.125518798828	185.4223
174.141148805618	186.0627
174.156778812408	184.5219
174.172398805618	182.7005
174.188028812408	182.1461
174.203648805618	183.0938
174.219278812408	184.2519
174.234898805618	183.4866
174.250528812408	178.8527
174.266158819199	169.5136
174.281778812408	156.0274
174.297408819199	139.8055
174.313028812408	122.0282
174.328658819199	102.9632
174.344278812408	81.77441
174.359908819199	57.17743
174.375538825989	28.61057
174.391158819199	-2.94574
174.406788825989	-34.87515
174.422408819199	-63.76517
174.438038825989	-86.72955
174.453658819199	-102.6905
174.469288825989	-112.6949
174.484918832779	-119.5381
174.500538825989	-126.6466
174.516168832779	-136.913
174.531788825989	-151.8678
174.547418832779	-171.3771
174.563038825989	-193.5835
174.578668832779	-214.938
174.594298839569	-230.6197
174.609918832779	-235.3893
174.625548839569	-225.0916
174.641168832779	-198.4142
174.656798839569	-157.8959
174.672418832779	-109.5981
174.688048839569	-61.27142
174.703678846359	-19.70166
174.719298839569	11.51166
174.734928846359	32.67755
174.750548839569	46.93915
174.766178846359	58.14209
174.781798839569	68.79462
174.797428846359	79.21674
174.813058853149	88.07373
174.828678846359	93.65222
174.844308853149	95.23486
174.859928846359	93.5957
174.875558853149	90.43597
174.89118885994	87.50055
174.906808853149	85.5213
174.92243885994	83.95667
174.938058853149	81.36395
174.95368885994	76.31635
174.969308853149	68.28912
174.98493885994	58.07434
175.00056886673	47.42975
175.01618885994	38.21466
175.03181886673	31.41125
175.04743885994	26.62823
175.06306886673	22.14221
175.07868885994	15.81268
175.09431886673	6.002686
175.10994887352	-7.58429
175.12556886673	-23.70953
175.14119887352	-40.15942
175.15681886673	-54.63037
175.17244887352	-65.67755
175.18806886673	-73.24164
175.20369887352	-78.60773
175.21932888031	-83.91351
175.23494887352	-91.32794
175.25057888031	-102.4076
175.26619887352	-117.6453
175.28182888031	-136.1741
175.29744887352	-155.6718
175.31307888031	-172.354
175.3287088871	-181.4676
175.34432888031	-178.4117
175.3599588871	-160.2924
175.37557888031	-127.3585
175.3912088871	-83.49774
175.40682888031	-35.41046
175.4224588871	9.560181
175.43808889389	45.87366
175.4537088871	71.51361
175.46933889389	88.09033
175.4849588871	99.38574
175.50058889389	109.105
175.5162088871	119.1295
175.53183889389	128.8638
175.547468900681	136.1869
175.56308889389	139.0049
175.578718900681	136.562
175.59433889389	129.7717
175.609968900681	120.5568
175.62558889389	110.6795
175.641218900681	100.8298
175.656848907471	90.47986
175.672468900681	78.50476
175.688098907471	64.11145
175.703718900681	47.70355
175.719348907471	30.87561
175.734968900681	15.76465
175.750598907471	3.996155
175.766228914261	-4.072266
175.781848907471	-9.626343
175.797478914261	-14.85175
175.813098907471	-22.05103
175.828728914261	-32.71771
175.844348907471	-46.91943
175.859978914261	-63.34802
175.875608921051	-79.77136
175.891228914261	-93.9516
175.906858921051	-104.3994
175.922478914261	-110.9019
175.938108921051	-114.5056
175.953728914261	-117.0929
175.969358921051	-120.8029
175.984988927841	-127.4741
176.000608921051	-138.2885
176.016238927841	-153.4036
176.031858921051	-171.6038
176.047488927841	-189.9515
176.063108921051	-203.878
176.078738927841	-207.8812
176.094368934631	-197.2402
176.109988927841	-169.9686
176.125618934631	-128.1982
176.141238927841	-78.00037
176.156868934631	-27.62714
176.172488927841	15.35394
176.188118934631	46.55756
176.203748941422	65.8515
176.219368934631	76.56647
176.234998941422	83.3949
176.250618934631	90.15485
176.266248941422	98.32416
176.281868934631	107.11
176.297498941422	114.5029
176.313128948212	118.7224
176.328748941422	119.155
176.344378948212	116.538
176.359998941422	112.4446
176.375628948212	108.431
176.391248941422	105.2861
176.406878948212	102.8569
176.422508955002	100.3449
176.438128948212	96.83508
176.453758955002	91.8504
176.469378948212	85.60284
176.485008955002	78.85406
176.500628948212	72.45154
176.516258955002	66.80835
176.531888961792	61.65729
176.547508955002	56.16675
176.563138961792	49.32184
176.578758955002	40.43555
176.594388961792	29.56854
176.610008955002	17.49512
176.625638961792	5.437195
176.641268968582	-5.472717
176.656888961792	-14.64368
176.672518968582	-22.23322
176.688138961792	-28.93744
176.703768968582	-35.60315
176.719388961792	-42.9342
176.735018968582	-51.40967
176.750648975372	-61.31104
176.766268968582	-72.80737
176.781898975372	-85.70563
176.797518968582	-99.03937
176.813148975372	-110.8268
176.828768968582	-118.1918
176.844398975372	-118.1823
176.860028982162	-108.9433
176.875648975372	-90.73602
176.891278982162	-66.16663
176.906898975372	-39.44061
176.922528982162	-14.93408
176.938148975372	4.372314
176.953778982162	17.67273
176.969408988953	26.14142
176.985028982162	31.9538
177.000658988953	37.06799
177.016278982162	42.35468
177.031908988953	47.46783
177.047538995743	51.41742
177.063158988953	53.30145
177.078788995743	52.8006
177.094408988953	50.26123
177.110038995743	46.38373
177.125658988953	41.70148
177.141288995743	36.30371
177.156919002533	29.93793
177.172538995743	22.36853
177.188169002533	13.78107
177.203788995743	4.960938
177.219419002533	-2.981567
177.235038995743	-9.173523
177.250669002533	-13.60205
177.266298770905	-17.30585
177.281919002533	-22.07556
177.297548770905	-29.65692
177.313169002533	-40.84387
177.328798770905	-55.00018
177.344419002533	-70.13214
177.360048770905	-83.71747
177.375678777695	-93.70569
177.391298770905	-99.46521
177.406928777695	-102.0472
177.422548770905	-103.8553
177.438178777695	-107.7484
177.453798770905	-116.0231
177.469428777695	-129.5852
177.485058784485	-147.4927
177.500678777695	-167.0087
177.516308784485	-183.9697
177.531928777695	-193.7451
177.547558784485	-192.3208
177.563178777695	-177.6072
177.578808784485	-150.3229
177.594438791275	-114.1038
177.610058784485	-74.67102
177.625688791275	-37.99109
177.641308784485	-8.450134
177.656938791275	12.5307
177.672558784485	26.54425
177.688188791275	37.02869
177.703818798065	47.45386
177.719438791275	59.72418
177.735068798065	73.60626
177.750688791275	87.28876
177.766318798065	98.70197
177.781938791275	106.7981
177.797568798065	111.9296
177.813198804855	115.3949
177.828818798065	118.4748
177.844448804855	121.5041
177.860068798065	123.7203
177.875698804855	123.8458
177.891318798065	120.9724
177.906948804855	115.2621
177.922578811646	108.0284
177.938198804855	101.0296
177.953828811646	95.4549
177.969448804855	91.31793
177.985078811646	87.2359
178.000698804855	81.22296
178.016328811646	71.65015
178.031958818436	58.18958
178.047578811646	42.117
178.063208818436	25.75171
178.078828811646	11.50861
178.094458818436	0.789978
178.110078811646	-6.671814
178.125708818436	-12.68091
178.141338825226	-19.85718
178.156958818436	-30.57556
178.172588825226	-46.1394
178.188208818436	-66.20526
178.203838825226	-88.69183
178.219458818436	-110.0235
178.235088825226	-125.7372
178.250718832016	-131.4958
178.266338825226	-124.321
178.281968832016	-103.791
178.297588825226	-72.46405
178.313218832016	-35.45813
178.328838825226	1.134766
178.344468832016	32.15692
178.360098838806	54.97522
178.375718832016	69.91302
178.391348838806	79.51453
178.406968832016	86.94519
178.422598838806	94.47687
178.438218832016	102.6877
178.453848838806	110.555
178.469478845596	116.4711
178.485098838806	119.1884
178.500728845596	118.556
178.516348838806	115.4713
178.531978845596	111.2933
178.547598838806	107.0703
178.563228845596	102.8812
178.578858852386	97.89178
178.594478845596	90.86316
178.610108852386	81.00439
178.625728845596	68.54065
178.641358852386	54.73187
178.656978845596	41.40735
178.672608852386	30.01245
178.688238859177	20.95123
178.703858852386	13.28406
178.719488859177	5.261719
178.735108852386	-4.894775
178.750738859177	-18.05817
178.766358852386	-33.8205
178.781988859177	-50.64099
178.797618865967	-66.52496
178.813238859177	-79.92627
178.828868865967	-90.42938
178.844488859177	-98.90973
178.860118865967	-107.1722
178.875738859177	-117.3958
178.891368865967	-131.4837
178.906998872757	-150.6843
178.922618865967	-175.2092
178.938248872757	-203.7805
178.953868865967	-233.3278
178.969498872757	-258.9957
178.985118865967	-274.9567
179.000748872757	-276.0709
179.016378879547	-260.0392
179.031998872757	-228.7841
179.047628879547	-188.3749
179.063248872757	-147.2236
179.078878879547	-113.0429
179.094498872757	-90.2392
179.110128879547	-78.70514
179.125758886337	-74.63879
179.141378879547	-72.75293
179.157008886337	-68.7951
179.172628879547	-60.88287
179.188258886337	-49.56311
179.203878879547	-36.60547
179.219508886337	-23.67206
179.235138893127	-11.55777
179.250758886337	-0.209198
179.266388893127	10.61484
179.282008886337	20.64993
179.297638893127	28.85114
179.313268899918	33.78763
179.328888893127	34.26459
179.344518899918	29.90256
179.360138893127	21.42947
179.375768899918	10.39883
179.391388893127	-1.381958
179.407018899918	-12.54956
179.422648906708	-22.72501
179.438268899918	-32.55823
179.453898906708	-43.30432
179.469518899918	-56.11069
179.485148906708	-71.34705
179.500768899918	-88.33945
179.516398906708	-105.6623
179.532028913498	-121.8214
179.547648906708	-135.9892
179.563278913498	-148.3481
179.578898906708	-159.7987
179.594528913498	-171.3316
179.610148906708	-183.4474
179.625778913498	-196.0136
179.641408920288	-208.5376
179.657028913498	-220.6267
179.672658920288	-232.0596
179.688278913498	-242.4991
179.703908920288	-251.0049
179.719528913498	-255.8989
179.735158920288	-255.2371
179.750788927078	-247.6917
179.766408920288	-233.3064
179.782038927078	-213.607
179.797658920288	-190.9993
179.813288927078	-167.6676
179.828908920288	-144.7613
179.844538927078	-122.2266
179.860168933868	-99.39636
179.875788927078	-75.88873
179.891418933868	-52.37881
179.907038927078	-30.71616
179.922668933868	-13.45737
179.938288927078	-2.872894
179.953918933868	-0.05859375
179.969548940659	-4.394165
179.985168933868	-13.62775
180.000798940659	-24.58905
180.016418933868	-34.17596
180.032048940659	-40.26147
180.047668933868	-42.14673
180.063298940659	-40.33942
180.078928947449	-35.91528
180.094548940659	-29.80469
180.110178947449	-22.41766
180.125798940659	-13.85144
180.141428947449	-4.331665
180.157048940659	5.358765
180.172678947449	13.8952
180.188308954239	19.93237
180.203928947449	22.73315
180.219558954239	22.62903
180.235178947449	21.00928
180.250808954239	19.82129
180.266428947449	20.82031
180.282058954239	25.11841
180.297688961029	32.89795
180.313308954239	43.4231
180.328938961029	55.01648
180.344558954239	65.18799
180.360188961029	71.01599
180.375808954239	70.00671
180.391438961029	61.20837
180.407068967819	46.0437
180.422688961029	28.1969
180.438318967819	12.41858
180.453938961029	2.70752
180.469568967819	0.7495117
180.485188961029	5.587646
180.500818967819	14.50891
180.516448974609	24.66553
180.532068967819	34.44666
180.547698974609	43.87878
180.563318967819	53.96582
180.578948974609	65.6261
180.594568967819	78.87671
180.610198974609	92.81689
180.6258289814	106.2178
180.641448974609	118.2693
180.6570789814	129.0415
180.672698974609	139.4402
180.6883289814	150.7729
180.703948974609	164.1895
180.7195789814	180.231
180.73520898819	198.5801
180.7508289814	218.2173
180.76645898819	237.8525
180.7820789814	256.3801
180.79770898819	273.3669
180.8133289814	289.2146
180.82895898819	305.0046
180.84458899498	322.1125
180.86020898819	341.7925
180.87583899498	364.8459
180.89145898819	391.45
180.90708899498	421.0244
180.92270898819	452.165
180.93833899498	482.6372
180.95396900177	509.665
180.96958899498	530.4998
180.98521900177	542.9478
181.00083899498	545.8086
181.01646900177	538.7244
181.03208899498	521.7246
181.04771900177	494.7136
181.063348770142	457.3142
181.07896900177	409.1545
181.094598770142	350.4749
181.11021900177	282.6951
181.125848770142	208.8091
181.14146900177	133.417
181.157098770142	62.42822
181.172728776932	2.292725
181.188348770142	-41.46387
181.203978776932	-65.84937
181.219598770142	-71.8042
181.235228776932	-64.41431
181.250848770142	-51.55933
181.266478776932	-41.2356
181.282108783722	-38.84741
181.297728776932	-45.62183
181.313358783722	-58.92188
181.328978776932	-74.34814
181.344608783722	-88.16577
181.360228776932	-98.87256
181.375858783722	-107.1582
181.391488790512	-114.6824
181.407108783722	-122.5313
181.422738790512	-130.5845
181.438358783722	-137.7598
181.453988790512	-143.0012
181.469608783722	-146.0557
181.485238790512	-147.7117
181.500868797302	-149.1343
181.516488790512	-150.9792
181.532118797302	-152.7346
181.547738790512	-152.8989
181.563368797302	-149.8262
181.578988790512	-142.9143
181.594618797302	-133.3215
181.610248804092	-123.8179
181.625868797302	-117.7336
181.641498804092	-117.5474
181.657118797302	-123.677
181.672748804092	-134.1753
181.688368797302	-145.5085
181.703998804092	-153.8962
181.719628810883	-156.9351
181.735248804092	-154.5576
181.750878810883	-149.0437
181.766498804092	-144.1792
181.782128810883	-143.8633
181.797748804092	-150.7686
181.813378810883	-165.2988
181.829008817673	-185.3315
181.844628810883	-206.5007
181.860258817673	-223.3149
181.875878810883	-230.6394
181.891508817673	-225.1501
181.907138824463	-206.2136
181.922758817673	-175.9092
181.938388824463	-138.0134
181.954008817673	-96.53369
181.969638824463	-54.42773
181.985258817673	-12.92529
182.000888824463	28.17944
182.016518831253	69.73511
182.032138824463	112.2288
182.047768831253	155.0994
182.063388824463	196.554
182.079018831253	233.9863
182.094638824463	264.6389
182.110268831253	286.3823
182.125898838043	298.3823
182.141518831253	301.1633
182.157148838043	296.5337
182.172768831253	286.9258
182.188398838043	274.6731
182.204018831253	261.6609
182.219648838043	249.2336
182.235278844833	238.3479
182.250898838043	229.6475
182.266528844833	223.375
182.282148838043	218.854
182.297778844833	214.3708
182.313398838043	207.3611
182.329028844833	195.2866
182.344658851624	176.791
182.360278844833	152.5051
182.375908851624	125.0789
182.391528844833	98.22949
182.407158851624	75.30591
182.422778844833	57.8125
182.438408851624	44.78589
182.454038858414	33.17017
182.469658851624	18.95313
182.485288858414	-1.361328
182.500908851624	-29.4624
182.516538858414	-64.39355
182.532158851624	-102.3616
182.547788858414	-137.1362
182.563418865204	-161.3826
182.579038858414	-168.4187
182.594668865204	-154.3967
182.610288858414	-119.7214
182.625918865204	-69.21729
182.641538858414	-10.70898
182.657168865204	47.4895
182.672798871994	98.98975
182.688418865204	140.7764
182.704048871994	173.0168
182.719668865204	197.8147
182.735298871994	217.5308
182.750918865204	233.6038
182.766548871994	246.4338
182.782178878784	255.7996
182.797798871994	261.5061
182.813428878784	263.7056
182.829048871994	262.7795
182.844678878784	259.03
182.860298871994	252.4812
182.875928878784	242.9128
182.891558885574	230.2502
182.907178878784	215.0051
182.922808885574	198.5017
182.938428878784	182.5769
182.954058885574	168.8555
182.969678878784	157.8386
182.985308885574	148.3171
183.000938892365	137.4824
183.016558885574	121.9042
183.032188892365	98.88354
183.047808885574	67.6897
183.063438892365	29.922
183.079058885574	-11.00781
183.094688892365	-51.28296
183.110318899155	-88.15662
183.125938892365	-120.9418
183.141568899155	-151.0975
183.157188892365	-181.4429
183.172818899155	-214.9421
183.188438892365	-253.4769
183.204068899155	-296.7837
183.219698905945	-341.8523
183.235318899155	-382.9934
183.250948905945	-412.9752
183.266568899155	-425.1412
183.282198905945	-415.828
183.297818899155	-386.2906
183.313448905945	-342.8167
183.329078912735	-294.7977
183.344698905945	-251.4249
183.360328912735	-218.3538
183.375948905945	-196.0187
183.391578912735	-180.3148
183.407198905945	-165.0969
183.422828912735	-145.2438
183.438458919525	-118.7413
183.454078912735	-86.85388
183.469708919525	-52.99268
183.485328912735	-20.86902
183.500958919525	6.800659
183.516578912735	28.76477
183.532208919525	44.79333
183.547838926315	54.99023
183.563458919525	59.31689
183.579088926315	57.75
183.594708919525	51.06567
183.610338926315	41.47046
183.625958919525	32.76099
183.641588926315	29.45959
183.657218933105	35.36475
183.672838926315	51.96118
183.688468933105	77.81567
183.704088926315	109.1537
183.719718933105	141.5056
183.735338926315	171.6205
183.750968933105	198.4495
183.766598939896	222.8151
183.782218933105	245.942
183.797848939896	267.7637
183.813468933105	286.0228
183.829098939896	296.6912
183.844718933105	295.421
183.860348939896	279.2412
183.875978946686	247.7996
183.891598939896	203.7311
183.907228946686	152.5137
183.922848939896	101.7313
183.938478946686	59.92651
183.954098939896	34.98059
183.969728946686	32.08521
183.985358953476	51.98132
184.000978946686	90.22894
184.016608953476	138.1542
184.032228946686	185.3859
184.047858953476	223.0605
184.063478946686	246.2298
184.079108953476	254.5469
184.094738960266	251.1113
184.110358953476	240.175
184.125988960266	225.2064
184.141608953476	207.9655
184.157238960266	188.9008
184.172868967056	168.1273
184.188488960266	146.2341
184.204118967056	124.3367
184.219738960266	103.4921
184.235368967056	84.08704
184.250988960266	65.45709
184.266618967056	46.24545
184.282248973846	25.10718
184.297868967056	1.609619
184.313498973846	-23.45859
184.329118967056	-48.23438
184.344748973846	-70.6933
184.360368967056	-89.59027
184.375998973846	-105.1224
184.391628980637	-118.943
184.407248973846	-133.4589
184.422878980637	-150.8064
184.438498973846	-171.8765
184.454128980637	-195.907
184.469748973846	-220.7228
184.485378980637	-243.5814
184.501008987427	-262.2309
184.516628980637	-275.7018
184.532258987427	-284.6224
184.547878980637	-290.8196
184.563508987427	-296.7072
184.579128980637	-304.4259
184.594758987427	-315.1312
184.610388994217	-328.5756
184.626008987427	-342.9832
184.641638994217	-355.2839
184.657258987427	-361.7635
184.672888994217	-359.0175
184.688508987427	-344.9662
184.704138994217	-319.6598
184.719769001007	-285.435
184.735388994217	-246.2932
184.751019001007	-206.7531
184.766638994217	-170.5491
184.782269001007	-139.7737
184.797888994217	-114.6102
184.813519001007	-93.91534
184.829148769379	-76.04556
184.844769001007	-59.73016
184.860398769379	-44.51752
184.876019001007	-30.79886
184.891648769379	-19.51126
184.907269001007	-11.61029
184.922898769379	-7.665924
184.938528776169	-7.560638
184.954148769379	-10.52011
184.969778776169	-15.36743
184.985398769379	-20.80038
185.001028776169	-25.72681
185.016648769379	-29.51462
185.032278776169	-32.26364
185.047908782959	-34.75665
185.063528776169	-38.4046
185.079158782959	-44.84518
185.094778776169	-55.46252
185.110408782959	-70.8526
185.126028776169	-90.49307
185.141658782959	-112.8651
185.157288789749	-135.8889
185.172908782959	-157.729
185.188538789749	-177.359
185.204158782959	-194.8434
185.219788789749	-211.2936
185.235408782959	-228.3472
185.251038789749	-247.6552
185.266668796539	-270.2142
185.282288789749	-295.8934
185.297918796539	-322.8521
185.313538789749	-347.5501
185.329168796539	-365.4035
185.344788789749	-372.2467
185.360418796539	-366.1018
185.376048803329	-348.3397
185.391668796539	-323.5265
185.407298803329	-297.7033
185.422918796539	-275.9334
185.438548803329	-260.1785
185.454168796539	-248.8541
185.469798803329	-238.041
185.48542881012	-223.7887
185.501048803329	-204.0957
185.51667881012	-179.4888
185.532298803329	-152.278
185.54792881012	-124.8888
185.563548803329	-98.78984
185.57917881012	-74.11104
185.59480881691	-50.32832
185.61042881012	-27.18082
185.62605881691	-5.197083
185.64167881012	14.46618
185.65730881691	30.76278
185.67292881012	43.30569
185.68855881691	52.6236
185.7041888237	59.80124
185.71980881691	65.8045
185.7354388237	70.8792
185.75105881691	74.33197
185.7666888237	74.82405
185.78230881691	70.90384
185.7979388237	61.6992
185.81356883049	47.26852
185.8291888237	28.58844
185.84481883049	7.235321
185.8604388237	-15.14722
185.87606883049	-37.25925
185.8916888237	-58.3761
185.90731883049	-78.19067
185.92294883728	-96.58804
185.93856883049	-113.3149
185.95419883728	-127.845
185.96981883049	-139.4061
185.98544883728	-147.2237
186.00106883049	-150.7565
186.01669883728	-149.9179
186.03232884407	-145.1454
186.04794883728	-137.1901
186.06357884407	-126.9638
186.07919883728	-115.3272
186.09482884407	-103.0155
186.11044883728	-90.52148
186.12607884407	-78.25714
186.141708850861	-66.58704
186.15732884407	-55.91638
186.172958850861	-46.67615
186.18857884407	-39.23242
186.204208850861	-33.8551
186.21982884407	-30.64514
186.235458850861	-29.54333
186.251088857651	-30.33691
186.266708850861	-32.74121
186.282338857651	-36.40344
186.297958850861	-41.06323
186.313588857651	-46.43701
186.329208850861	-52.32739
186.344838857651	-58.5531
186.360468864441	-64.97046
186.376088857651	-71.46509
186.391718864441	-77.91431
186.407338857651	-84.19556
186.422968864441	-90.1123
186.438588857651	-95.44971
186.454218864441	-99.91895
186.469848871231	-103.1713
186.485468864441	-104.7529
186.501098871231	-104.1738
186.516718864441	-100.8895
186.532348871231	-94.37415
186.547968864441	-84.19531
186.563598871231	-70.08594
186.579228878021	-51.9707
186.594848871231	-30.04419
186.610478878021	-4.746338
186.626098871231	23.25342
186.641728878021	53.0603
186.657348871231	83.66626
186.672978878021	113.9673
186.688608884811	142.8325
186.704228878021	169.2073
186.719858884811	192.1311
186.735478878021	210.8728
186.751108884811	224.8801
186.766738891602	233.908
186.782358884811	237.9465
186.797988891602	237.2639
186.813608884811	232.2417
186.829238891602	223.3591
186.844858884811	211.124
186.860488891602	196.0381
186.876118898392	178.6458
186.891738891602	159.5261
186.907368898392	139.4041
186.922988891602	119.0684
186.938618898392	99.43726
186.954238891602	81.3335
186.969868898392	65.35303
186.985498905182	51.78223
187.001118898392	40.5647
187.016748905182	31.39673
187.032368898392	23.86572
187.047998905182	17.80493
187.063618898392	13.28247
187.079248905182	10.67065
187.094878911972	10.47168
187.110498905182	13.03906
187.126128911972	18.43506
187.141748905182	26.34766
187.157378911972	36.21069
187.172998905182	47.45361
187.188628911972	59.81714
187.204258918762	73.44824
187.219878911972	88.80908
187.235508918762	106.4395
187.251128911972	126.5381
187.266758918762	148.7466
187.282378911972	172.1755
187.298008918762	195.7053
187.313638925552	218.3899
187.329258918762	239.8105
187.344888925552	260.1936
187.360508918762	280.2246
187.376138925552	300.8794
187.391758918762	323.1343
187.407388925552	347.918
187.423018932343	375.7168
187.438638925552	406.1455
187.454268932343	437.3574
187.469888925552	465.9009
187.485518932343	487.2764
187.501138925552	497.2573
187.516768932343	493.5635
187.532398939133	476.7827
187.548018932343	450.3496
187.563648939133	419.1377
187.579268932343	387.6377
187.594898939133	358.46
187.610518932343	332.0259
187.626148939133	307.2754
187.641778945923	282.9727
187.657398939133	258.7134
187.673028945923	235.04
187.688648939133	212.9209
187.704278945923	192.9805
187.719898939133	175.1289
187.735528945923	158.644
187.751158952713	142.6768
187.766778945923	126.6484
187.782408952713	110.4028
187.798028945923	94.09766
187.813658952713	77.90869
187.829278945923	61.83887
187.844908952713	45.7876
187.860538959503	29.7041
187.876158952713	13.76123
187.891788959503	-1.631836
187.907408952713	-15.9292
187.923038959503	-28.72998
187.938658952713	-40.05127
187.954288959503	-50.36865
187.969918966293	-60.58105
187.985538959503	-71.69043
188.001168966293	-84.14453
188.016788959503	-97.24463
188.032418966293	-108.8535
188.048038959503	-115.6772
188.063668966293	-114.2805
188.079298973083	-102.4763
188.094918966293	-80.43433
188.110548973083	-50.91138
188.126168966293	-18.55542
188.141798973083	11.65015
188.157418966293	35.95752
188.173048973083	52.80371
188.188678979874	62.79272
188.204298973083	67.8313
188.219928979874	70.073
188.235548973083	71.1145
188.251178979874	71.70532
188.266798973083	71.96362
188.282428979874	71.71338
188.298058986664	70.74902
188.313678979874	68.94409
188.329308986664	66.23608
188.344928979874	62.57813
188.360558986664	57.98486
188.376178979874	52.60327
188.391808986664	46.70044
188.407438993454	40.60889
188.423058986664	34.60742
188.438688993454	28.67285
188.454308986664	22.45557
188.469938993454	15.41797
188.485558986664	7.029297
188.501188993454	-2.875
188.516819000244	-13.98413
188.532438993454	-25.57764
188.548069000244	-36.76733
188.563688993454	-46.82666
188.579319000244	-55.47852
188.594938993454	-63.10767
188.610569000244	-70.63721
188.626198768616	-79.31812
188.641819000244	-90.26245
188.657448768616	-103.9021
188.673069000244	-119.457
188.688698768616	-134.7275
188.704319000244	-146.458
188.719948768616	-151.2087
188.735578775406	-146.5286
188.751198768616	-131.9299
188.766828775406	-109.1289
188.782448768616	-81.51001
188.798078775406	-53.03027
188.813698768616	-26.97363
188.829328775406	-5.17334
188.844958782196	12.03687
188.860578775406	25.35571
188.876208782196	35.80127
188.891828775406	44.18286
188.907458782196	50.86084
188.923078775406	55.90894
188.938708782196	59.26221
188.954338788986	60.9668
188.969958782196	61.16748
188.985588788986	60.0874
189.001208782196	57.96558
189.016838788986	55.03369
189.032468795776	51.54004
189.048088788986	47.77344
189.063718795776	43.98853
189.079338788986	40.29736
189.094968795776	36.60864
189.110588788986	32.50757
189.126218795776	27.40088
189.141848802567	20.75024
189.157468795776	12.30176
189.173098802567	2.310303
189.188718795776	-8.543457
189.204348802567	-19.37329
189.219968795776	-29.4751
189.235598802567	-38.55273
189.251228809357	-46.92432
189.266848802567	-55.4519
189.282478809357	-65.22583
189.298098802567	-77.15283
189.313728809357	-91.41772
189.329348802567	-106.9727
189.344978809357	-121.4128
189.360608816147	-131.429
189.376228809357	-133.7136
189.391858816147	-126.1582
189.407478809357	-108.8264
189.423108816147	-84.05103
189.438728809357	-55.77734
189.454358816147	-28.30151
189.469988822937	-4.971191
189.485608816147	12.62769
189.501238822937	24.63379
189.516858816147	32.31982
189.532488822937	37.26392
189.548108816147	40.68433
189.563738822937	43.21387
189.579368829727	44.97876
189.594988822937	45.83081
189.610618829727	45.55615
189.626238822937	44.01538
189.641868829727	41.19678
189.657488822937	37.23364
189.673118829727	32.36987
189.688748836517	27.01123
189.704368829727	21.67114
189.719998836517	16.80664
189.735618829727	12.68164
189.751248836517	9.170654
189.766868829727	5.687256
189.782498836517	1.308105
189.798128843307	-4.954102
189.813748836517	-13.77417
189.829378843307	-25.22681
189.844998836517	-38.65625
189.860628843307	-52.93555
189.876248836517	-66.79834
189.891878843307	-79.23438
189.907508850098	-89.83374
189.923128843307	-98.90674
189.938758850098	-107.3132
189.954378843307	-116.2
189.970008850098	-126.4426
189.985628843307	-138.0862
190.001258850098	-149.9221
190.016888856888	-159.4689
190.032508850098	-163.451
190.048138856888	-158.8762
190.063758850098	-144.2123
190.079388856888	-120.1475
190.095008850098	-89.54163
190.110638856888	-56.55725
190.126268863678	-25.22571
190.141888856888	1.683716
190.157518863678	23.26233
190.173138856888	40.13513
190.188768863678	53.6333
190.204388856888	64.92578
190.220018863678	74.55872
190.235648870468	82.46179
190.251268863678	88.35864
190.266898870468	92.09009
190.282518863678	93.79883
190.298148870468	93.81567
190.313768863678	92.44922
190.329398870468	89.84961
190.345028877258	86.03442
190.360648870468	81.01831
190.376278877258	74.98694
190.391898870468	68.42432
190.407528877258	61.94629
190.423148870468	56.02307
190.438778877258	50.72705
190.454408884048	45.52625
190.470028877258	39.45752
190.485658884048	31.50488
190.501278877258	21.11682
190.516908884048	8.461182
190.532528877258	-5.506714
190.548158884048	-19.33923
190.563788890839	-31.63757
190.579408884048	-41.60522
190.595038890839	-49.31445
190.610658884048	-55.76611
190.626288890839	-62.59424
190.641908884048	-71.526
190.657538890839	-83.77527
190.673168897629	-99.42322
190.688788890839	-117.0256
190.704418897629	-133.7029
190.720038890839	-145.7633
190.735668897629	-149.7786
190.751288890839	-143.7921
190.766918897629	-128.1071
190.782548904419	-105.2419
190.798168897629	-79.13562
190.813798904419	-53.84131
190.829418897629	-32.29211
190.845048904419	-15.71252
190.860668897629	-3.732178
190.876298904419	4.844604
190.891928911209	11.22144
190.907548904419	16.1272
190.923178911209	19.73743
190.938798904419	21.9812
190.954428911209	22.91492
190.970048904419	22.98657
190.985678911209	22.87488
191.001308917999	23.24792
191.016928911209	24.4165
191.032558917999	26.1394
191.048178911209	27.7699
191.063808917999	28.62183
191.079428911209	28.26965
191.095058917999	26.79541
191.110688924789	24.77051
191.126308917999	22.85303
191.141938924789	21.42883
191.157558917999	20.26953
191.173188924789	18.56702
191.18881893158	15.3009
191.204438924789	9.748291
191.22006893158	1.862549
191.235688924789	-7.594116
191.25131893158	-17.34082
191.266938924789	-26.08984
191.28256893158	-33.03687
191.29819893837	-38.14111
191.31381893158	-42.15442
191.32944893837	-46.28125
191.34506893158	-51.87256
191.36069893837	-60.00293
191.37631893158	-71.09644
191.39194893837	-84.63245
191.40757894516	-98.94043
191.42319893837	-111.3291
191.43882894516	-118.5836
191.45444893837	-117.9753
191.47007894516	-108.1388
191.48569893837	-89.78125
191.50132894516	-65.56128
191.51695895195	-39.34216
191.53257894516	-14.89746
191.54820895195	5.16333
191.56382894516	19.93994
191.57945895195	30.06763
191.59507894516	36.92517
191.61070895195	41.85107
191.62633895874	45.5564
191.64195895195	48.12244
191.65758895874	49.27917
191.67320895195	48.90979
191.68883895874	47.28308
191.70445895195	45.02893
191.72008895874	42.91467
191.73571896553	41.39124
191.75133895874	40.40125
191.76696896553	39.40771
191.78258895874	37.73645
191.79821896553	34.94739
191.81383895874	31.09998
191.82946896553	26.69104
191.845098972321	22.37073
191.86071896553	18.60498
191.876348972321	15.35168
191.89196896553	12.10706
191.907598972321	8.103271
191.92321896553	2.702271
191.938848972321	-4.33606
191.954478979111	-12.67725
191.970098972321	-21.56421
191.985728979111	-30.04956
192.001348972321	-37.33228
192.016978979111	-43.08313
192.032598972321	-47.55243
192.048228979111	-51.50598
192.063858985901	-56.00348
192.079478979111	-62.1452
192.095108985901	-70.74365
192.110728979111	-82.03381
192.126358985901	-95.36981
192.141978979111	-109.0331
192.157608985901	-120.3363
192.173238992691	-126.1702
192.188858985901	-123.905
192.204488992691	-112.3403
192.220108985901	-92.29773
192.235738992691	-66.48767
192.251358985901	-38.64502
192.266988992691	-12.37097
192.282618999481	9.889038
192.298238992691	27.27521
192.313868999481	40.21558
192.329488992691	49.75543
192.345118999481	56.86053
192.360738992691	62.03912
192.376368999481	65.37885
192.391998767853	66.85254
192.407618999481	66.61383
192.423248767853	65.10754
192.438868999481	62.97052
192.454498767853	60.80731
192.470118999481	58.8811
192.485748767853	57.07623
192.501378774643	54.91583
192.516998767853	51.91302
192.532628774643	47.82495
192.548248767853	42.82788
192.563878774643	37.47937
192.579498767853	32.34235
192.595128774643	27.70056
192.610758781433	23.26855
192.626378774643	18.31793
192.642008781433	11.93488
192.657628774643	3.514221
192.673258781433	-6.93634
192.688878774643	-18.70959
192.704508781433	-30.6106
192.720138788223	-41.4184
192.735758781433	-50.32727
192.751388788223	-57.30121
192.767008781433	-62.97968
192.782638788223	-68.56128
192.798258781433	-75.30341
192.813888788223	-84.20837
192.829518795013	-95.69458
192.845138788223	-109.2063
192.860768795013	-123.2012
192.876388788223	-135.1785
192.892018795013	-142.1843
192.907638788223	-141.5421
192.923268795013	-131.7875
192.938898801804	-113.2729
192.954518795013	-88.21576
192.970148801804	-60.07172
192.985768795013	-32.41357
193.001398801804	-7.929138
193.017018795013	12.21436
193.032648801804	28.17401
193.048278808594	40.83179
193.063898801804	51.06018
193.079528808594	59.302
193.095148801804	65.56799
193.110778808594	69.73566
193.126398801804	71.91516
193.142028808594	72.57166
193.157658815384	72.43494
193.173278808594	72.15894
193.188908815384	72.03516
193.204528808594	71.88928
193.220158815384	71.17261
193.235778808594	69.33325
193.251408815384	66.0813
193.267038822174	61.57715
193.282658815384	56.32153
193.298288822174	50.88757
193.313908815384	45.60883
193.329538822174	40.3598
193.345158815384	34.5871
193.360788822174	27.57013
193.376418828964	18.81659
193.392038822174	8.34906
193.407668828964	-3.211609
193.423288822174	-14.88867
193.438918828964	-25.66064
193.454538822174	-34.90948
193.470168828964	-42.57208
193.485798835754	-49.22412
193.501418828964	-55.90503
193.517048835754	-63.78687
193.532668828964	-73.87366
193.548298835754	-86.5788
193.563918828964	-101.3896
193.579548835754	-116.5814
193.595178842545	-129.4572
193.610798835754	-136.8324
193.626428842545	-135.9937
193.642048835754	-125.6619
193.657678842545	-106.4847
193.673298835754	-80.9726
193.688928842545	-52.67926
193.704558849335	-25.09595
193.720178842545	-0.6339111
193.735808849335	19.71259
193.751428842545	36.24951
193.767058849335	49.85498
193.782678842545	61.36969
193.798308849335	71.17072
193.813938856125	79.14264
193.829558849335	85.01031
193.845188856125	88.5993
193.860808849335	90.18243
193.876438856125	90.32904
193.892068862915	89.72333
193.907688856125	88.84229
193.923318862915	87.71521
193.938938856125	85.97546
193.954568862915	83.09827
193.970188856125	78.77417
193.985818862915	73.11316
194.001448869705	66.6297
194.017068862915	60.03003
194.032698869705	53.82007
194.048318862915	48.01288
194.063948869705	42.0946
194.079568862915	35.20337
194.095198869705	26.5459
194.110828876495	15.82349
194.126448869705	3.477661
194.142078876495	-9.465393
194.157698869705	-21.72833
194.173328876495	-32.33459
194.188948869705	-41.01062
194.204578876495	-48.34613
194.220208883286	-55.52563
194.235828876495	-63.9375
194.251458883286	-74.68182
194.267078876495	-88.27295
194.282708883286	-104.3872
194.298328876495	-121.7125
194.313958883286	-138.0076
194.329588890076	-150.2061
194.345208883286	-155.1503
194.360838890076	-150.4502
194.376458883286	-135.4216
194.392088890076	-111.5401
194.407708883286	-82.14856
194.423338890076	-51.43445
194.438968896866	-23.14099
194.454588890076	0.4615479
194.470218896866	18.83832
194.485838890076	32.80402
194.501468896866	43.6925
194.517088890076	52.60168
194.532718896866	60.02234
194.548348903656	65.85437
194.563968896866	69.75452
194.579598903656	71.5174
194.595218896866	71.25739
194.610848903656	69.44727
194.626468896866	66.75531
194.642098903656	63.72229
194.657728910446	60.54657
194.673348903656	57.0285
194.688978910446	52.7204
194.704598903656	47.20636
194.720228910446	40.40625
194.735848903656	32.60468
194.751478910446	24.33423
194.767108917236	16.05798
194.782728910446	7.944702
194.798358917236	-0.1376343
194.813978910446	-8.468262
194.829608917236	-17.0968
194.845228910446	-25.70044
194.860858917236	-33.5686
194.876488924026	-39.90552
194.892108917236	-44.18549
194.907738924026	-46.44995
194.923358917236	-47.3349
194.938988924026	-47.86432
194.954608917236	-49.04199
194.970238924026	-51.50073
194.985868930817	-55.47388
195.001488924026	-60.86719
195.017118930817	-67.47369
195.032738924026	-74.96967
195.048368930817	-82.67438
195.063988924026	-89.28156
195.079618930817	-92.80096
195.095248937607	-90.98975
195.110868930817	-82.22278
195.126498937607	-66.38751
195.142118930817	-45.31763
195.157748937607	-22.41791
195.173368930817	-1.605469
195.188998937607	13.98798
195.204628944397	22.94507
195.220248937607	25.77972
195.235878944397	24.29047
195.251498937607	20.59888
195.267128944397	16.30243
195.282748937607	12.14789
195.298378944397	8.184082
195.314008951187	4.226074
195.329628944397	0.296936
195.345258951187	-3.191284
195.360878944397	-5.475159
195.376508951187	-5.808533
195.392128944397	-3.776367
195.407758951187	0.508606
195.423388957977	6.464111
195.439008951187	13.27277
195.454638957977	20.22198
195.470258951187	26.98181
195.485888957977	33.6369
195.501508951187	40.48505
195.517138957977	47.70343
195.532768964767	55.06183
195.548388957977	61.87518
195.564018964767	67.19873
195.579638957977	70.2019
195.595268964767	70.47607
195.610888957977	68.21582
195.626518964767	64.12518
195.642148971558	59.15582
195.657768964767	54.15063
195.673398971558	49.62042
195.689018964767	45.60846
195.704648971558	41.72852
195.720268964767	37.27679
195.735898971558	31.33032
195.751528978348	22.91821
195.767148971558	11.24109
195.782778978348	-3.904358
195.798398971558	-21.70599
195.814028978348	-40.09772
195.829648971558	-55.95953
195.845278978348	-65.90222
195.860908985138	-67.3147
195.876528978348	-59.37695
195.892158985138	-43.39819
195.907778978348	-22.39825
195.923408985138	-0.03527832
195.939028978348	20.57336
195.954658985138	37.65771
195.970288991928	50.91541
195.985908985138	61.10144
196.001538991928	69.28625
196.017158985138	76.28741
196.032788991928	82.42621
196.048418998718	87.56384
196.064038991928	91.3562
196.079668998718	93.50391
196.095288991928	93.85559
196.110918998718	92.38654
196.126538991928	89.08295
196.142168998718	83.88885
196.15779876709	76.67603
196.173418998718	67.45276
196.18904876709	56.56641
196.204668998718	44.79327
196.22029876709	33.20343
196.235918998718	22.78674
196.25154876709	13.98718
196.26717877388	6.42865
196.28279876709	-0.9365234
196.29842877388	-9.324463
196.31404876709	-19.54578
196.32967877388	-31.57104
196.34529876709	-44.52222
196.36092877388	-57.01727
196.37655878067	-67.87451
196.39217877388	-76.53137
196.40780878067	-83.37073
196.42342877388	-89.53235
196.43905878067	-96.51788
196.45467877388	-105.6603
196.47030878067	-117.5452
196.48593878746	-131.5265
196.50155878067	-145.5806
196.51718878746	-156.6239
196.53280878067	-161.1805
196.54843878746	-156.4507
196.56405878067	-141.2817
196.57968878746	-116.664
196.59531879425	-85.57562
196.61093878746	-52.07062
196.62656879425	-20.07367
196.64218878746	7.779053
196.65781879425	30.56281
196.67343878746	48.89142
196.68906879425	64.07458
196.704698801041	77.29199
196.72031879425	88.98462
196.735948801041	98.83337
196.75156879425	106.192
196.767198801041	110.6248
196.78281879425	112.2907
196.798448801041	111.8813
196.814078807831	110.2867
196.829698801041	108.0417
196.845328807831	105.2455
196.860948801041	101.6197
196.876578807831	96.86505
196.892198801041	91.07275
196.907828807831	84.80359
196.923458814621	78.87238
196.939078807831	73.85803
196.954708814621	69.78333
196.970328807831	65.86072
196.985958814621	60.88428
197.001578807831	53.72583
197.017208814621	43.81891
197.032838821411	31.54694
197.048458814621	18.06183
197.064088821411	4.921265
197.079708814621	-6.556458
197.095338821411	-15.73199
197.110958814621	-22.89862
197.126588821411	-29.11169
197.142218828201	-35.8125
197.157838821411	-44.37329
197.173468828201	-55.58832
197.189088821411	-69.31329
197.204718828201	-84.14661
197.220338821411	-97.57404
197.235968828201	-106.3981
197.251598834991	-107.6425
197.267218828201	-99.56256
197.282848834991	-82.34296
197.298468828201	-58.21521
197.314098834991	-30.7525
197.329718828201	-3.794495
197.345348834991	19.76733
197.360978841782	38.61481
197.376598834991	52.99213
197.392228841782	64.02142
197.407848834991	72.91821
197.423478841782	80.39825
197.439098834991	86.44989
197.454728841782	90.60895
197.470358848572	92.33063
197.485978841782	91.33588
197.501608848572	87.84753
197.517228841782	82.50549
197.532858848572	76.11389
197.548478841782	69.32227
197.564108848572	62.44788
197.579738855362	55.44489
197.595358848572	48.13898
197.610988855362	40.46973
197.626608848572	32.60815
197.642238855362	24.9704
197.657858848572	18.00256
197.673488855362	11.86102
197.689118862152	6.238037
197.704738855362	0.4703979
197.720368862152	-6.238159
197.735988855362	-14.43555
197.751618862152	-24.15475
197.767238855362	-34.849
197.782868862152	-45.58569
197.798498868942	-55.35858
197.814118862152	-63.49704
197.829748868942	-69.85529
197.845368862152	-74.87933
197.860998868942	-79.49673
197.876618862152	-84.82693
197.892248868942	-91.94339
197.907878875732	-101.585
197.923498868942	-113.7801
197.939128875732	-127.5845
197.954748868942	-140.9318
197.970378875732	-150.8568
197.985998868942	-154.237
198.001628875732	-148.838
198.017258882523	-134.1621
198.032878875732	-111.7604
198.048508882523	-84.83463
198.064128875732	-57.11923
198.079758882523	-31.74268
198.095378875732	-10.35751
198.111008882523	6.962402
198.126638889313	21.25131
198.142258882523	33.85367
198.157888889313	45.76318
198.173508882523	57.30997
198.189138889313	68.15192
198.204758882523	77.63516
198.220388889313	85.1041
198.236018896103	90.16278
198.251638889313	92.81311
198.267268896103	93.44009
198.282888889313	92.68683
198.298518896103	91.27487
198.314148902893	89.77457
198.329768896103	88.51648
198.345398902893	87.54428
198.361018896103	86.73227
198.376648902893	85.85339
198.392268896103	84.72302
198.407898902893	83.1647
198.423528909683	81.09805
198.439148902893	78.43201
198.454778909683	75.02191
198.470398902893	70.6449
198.486028909683	65.04703
198.501648902893	58.02142
198.517278909683	49.53525
198.532908916473	39.90414
198.548528909683	29.73706
198.564158916473	19.86615
198.579778909683	11.05624
198.595408916473	3.730927
198.611028909683	-2.181427
198.626658916473	-7.251434
198.642288923264	-12.42783
198.657908916473	-18.77817
198.673538923264	-27.21336
198.689158916473	-38.1306
198.704788923264	-51.09122
198.720408916473	-64.51215
198.736038923264	-75.80164
198.751668930054	-81.90822
198.767288923264	-80.28474
198.782918930054	-69.95638
198.798538923264	-52.08694
198.814168930054	-29.82861
198.829788923264	-7.248886
198.845418930054	11.89828
198.861048936844	25.3777
198.876668930054	32.8271
198.892298936844	35.41644
198.907918930054	34.98511
198.923548936844	33.18301
198.939168930054	30.9214
198.954798936844	28.35558
198.970428943634	25.08984
198.986048936844	20.53851
199.001678943634	14.25692
199.017298936844	6.046844
199.032928943634	-3.937737
199.048548936844	-15.25039
199.064178943634	-27.30613
199.079808950424	-39.54362
199.095428943634	-51.5397
199.111058950424	-63.0988
199.126678943634	-74.22388
199.142308950424	-85.08216
199.157928943634	-95.91417
199.173558950424	-107.0243
199.189188957214	-118.6462
199.204808950424	-131.0454
199.220438957214	-144.4277
199.236058950424	-158.9094
199.251688957214	-174.5053
199.267308950424	-191.0455
199.282938957214	-208.1464
199.298568964005	-225.1423
199.314188957214	-241.2009
199.329818964005	-255.3561
199.345438957214	-266.7107
199.361068964005	-274.5304
199.376688957214	-278.2986
199.392318964005	-277.7485
199.407948970795	-272.885
199.423568964005	-264.0924
199.439198970795	-252.3192
199.454818964005	-239.0035
199.470448970795	-225.7647
199.486068964005	-213.785
199.501698970795	-203.1508
199.517328977585	-192.5147
199.532948970795	-179.3746
199.548578977585	-160.9749
199.564198970795	-135.4731
199.579828977585	-102.9002
199.595448970795	-65.41884
199.611078977585	-26.71973
199.626708984375	9.088013
199.642328977585	38.69583
199.657958984375	60.41266
199.673578977585	74.35748
199.689208984375	82.06058
199.704828977585	85.78394
199.720458984375	87.72253
199.736088991165	89.50433
199.751708984375	92.00925
199.767338991165	95.49673
199.782958984375	99.92599
199.798588991165	105.232
199.814208984375	111.4713
199.829838991165	118.6515
199.845468997955	126.5867
199.861088991165	134.6978
199.876718997955	142.0937
199.892338991165	147.8044
199.907968997955	151.0655
199.923588991165	151.6132
199.939218997955	149.6078
199.954848766327	145.5205
199.970468997955	139.7546
199.986098766327	132.4704
200.001718997955	123.4306
200.017348766327	112.1382
200.032968997955	98.16956
200.048598766327	81.43353
200.064228773117	62.50104
200.079848766327	42.54004
200.095478773117	23.00867
200.111098766327	5.210388
200.126728773117	-10.16724
200.142348766327	-23.31482
200.157978773117	-35.18018
200.173608779907	-47.1272
200.189228773117	-60.61823
200.204858779907	-76.79663
200.220478773117	-96.14368
200.236108779907	-118.2232
200.251728773117	-141.3499
200.267358779907	-162.593
200.282988786697	-178.2683
200.298608779907	-184.8281
200.314238786697	-180.0007
200.329858779907	-163.6683
200.345488786697	-137.9699
200.361108779907	-106.6193
200.376738786697	-73.65863
200.392368793488	-42.23755
200.407988786697	-13.91846
200.423618793488	11.31262
200.439238786697	34.48248
200.454868793488	56.81165
200.470488786697	78.99921
200.486118793488	100.9789
200.501748800278	121.8909
200.517368793488	140.4209
200.532998800278	155.246
200.548618793488	165.4081
200.564248800278	170.5493
200.579868793488	170.9851
200.595498800278	167.5535
200.611128807068	161.3397
200.626748800278	153.5449
200.642378807068	145.1893
200.657998800278	137.131
200.673628807068	130.0144
200.689248800278	124.3173
200.704878807068	120.1799
200.720508813858	117.4561
200.736128807068	115.6056
200.751758813858	113.7749
200.767378807068	110.9675
200.783008813858	106.2841
200.798628807068	99.20654
200.814258813858	89.77673
200.829888820648	78.66016
200.845508813858	66.79565
200.861138820648	55.06616
200.876758813858	43.85583
200.892388820648	32.83606
200.908018827438	21.15759
200.923638820648	7.791748
200.939268827438	-7.974121
200.954888820648	-26.18237
200.970518827438	-46.07288
200.986138820648	-66.16199
201.001768827438	-84.39197
201.017398834229	-98.42798
201.033018827438	-106.0171
201.048648834229	-105.3564
201.064268827438	-95.51465
201.079898834229	-76.75757
201.095518827438	-50.52747
201.111148834229	-19.11951
201.126778841019	14.80078
201.142398834229	48.83215
201.158028841019	81.23315
201.173648834229	110.967
201.189278841019	137.6575
201.204898834229	161.3152
201.220528841019	182.0704
201.236158847809	200.0585
201.251778841019	215.3925
201.267408847809	228.0547
201.283028841019	238.0586
201.298658847809	245.4852
201.314278841019	250.5433
201.329908847809	253.5858
201.345538854599	255.0491
201.361158847809	255.2301
201.376788854599	254.0845
201.392408847809	251.1553
201.408038854599	245.6329
201.423658847809	236.6893
201.439288854599	223.8319
201.454918861389	207.184
201.470538854599	187.5438
201.486168861389	166.1975
201.501788854599	144.5782
201.517418861389	123.877
201.533038854599	104.8461
201.548668861389	87.80127
201.564298868179	72.81873
201.579918861389	59.90393
201.595548868179	48.98761
201.611168861389	39.87909
201.626798868179	32.06421
201.642418861389	24.65503
201.658048868179	16.58191
201.673678874969	6.892395
201.689298868179	-4.972839
201.704928874969	-18.94537
201.720548868179	-34.44019
201.736178874969	-50.49792
201.751798868179	-65.84039
201.767428874969	-78.99567
201.78305888176	-88.46259
201.798678874969	-92.91541
201.81430888176	-91.63086
201.829928874969	-84.94702
201.84555888176	-74.30841
201.861178874969	-62.00031
201.87680888176	-50.53418
201.89243888855	-41.78778
201.90805888176	-36.5705
201.92368888855	-34.646
201.93930888176	-35.16339
201.95493888855	-37.17365
201.97055888176	-40.05634
201.98618888855	-43.49866
202.00181889534	-47.24017
202.01743888855	-50.89392
202.03306889534	-53.88269
202.04868888855	-55.69077
202.06431889534	-56.21512
202.07993888855	-55.96326
202.09556889534	-55.92752
202.11119890213	-57.33173
202.12681889534	-61.07968
202.14244890213	-67.42694
202.15806889534	-75.86932
202.17369890213	-85.33292
202.18931889534	-94.61935
202.20494890213	-102.8588
202.22057890892	-109.7809
202.23619890213	-115.6751
202.25182890892	-121.1762
202.26744890213	-126.7787
202.28307890892	-132.574
202.29869890213	-138.1393
202.31432890892	-142.7174
202.32995891571	-145.5439
202.34557890892	-146.2603
202.36120891571	-145.0106
202.37682890892	-142.4792
202.39245891571	-139.6239
202.40807890892	-137.3583
202.42370891571	-136.3419
202.439338922501	-136.7508
202.45495891571	-138.0606
202.470588922501	-138.9358
202.48620891571	-137.4096
202.501838922501	-131.2089
202.51745891571	-118.4896
202.533088922501	-98.58238
202.548718929291	-72.39713
202.564338922501	-42.34344
202.579968929291	-11.72549
202.595588922501	16.28928
202.611218929291	39.56461
202.626838922501	57.3961
202.642468929291	70.38602
202.658098936081	79.8497
202.673718929291	87.06799
202.689348936081	92.81512
202.704968929291	97.22931
202.720598936081	100.0526
202.736218929291	100.9825
202.751848936081	99.91592
202.767478942871	96.96133
202.783098936081	92.29652
202.798728942871	85.95152
202.814348936081	77.77823
202.829978942871	67.70361
202.845598936081	55.89949
202.861228942871	43.00908
202.876858949661	30.0297
202.892478942871	17.98737
202.908108949661	7.470276
202.923728942871	-1.580017
202.939358949661	-9.905533
202.954978942871	-18.58799
202.970608949661	-28.48411
202.986238956451	-39.93898
203.001858949661	-52.56403
203.017488956451	-65.39571
203.033108949661	-77.30009
203.048738956451	-87.43375
203.064358949661	-95.53891
203.079988956451	-102.1158
203.095618963242	-108.2688
203.111238956451	-115.3692
203.126868963242	-124.6475
203.142488956451	-136.7967
203.158118963242	-151.5501
203.173748970032	-167.5664
203.189368963242	-182.5141
203.204998970032	-193.5608
203.220618963242	-198.2439
203.236248970032	-195.3984
203.251868963242	-185.656
203.267498970032	-171.4156
203.283128976822	-155.9493
203.298748970032	-142.3041
203.314378976822	-132.3766
203.329998970032	-126.5113
203.345628976822	-123.8607
203.361248970032	-123.1936
203.376878976822	-123.6505
203.392508983612	-124.9991
203.408128976822	-127.4899
203.423758983612	-131.3066
203.439378976822	-136.1838
203.455008983612	-141.3854
203.470628976822	-145.8641
203.486258983612	-148.6764
203.501888990402	-149.2207
203.517508983612	-147.2456
203.533138990402	-142.5305
203.548758983612	-134.614
203.564388990402	-122.6594
203.580008983612	-105.7143
203.595638990402	-83.17361
203.611268997192	-55.31778
203.626888990402	-23.50348
203.642518997192	10.01901
203.658138990402	42.67542
203.673768997192	72.14661
203.689388990402	96.8136
203.705018997192	115.9727
203.720648765564	129.8385
203.736268997192	139.3541
203.751898765564	145.9331
203.767518997192	150.9456
203.783148765564	155.213
203.798768997192	158.5876
203.814398765564	159.7354
203.830028772354	156.3554
203.845648765564	145.887
203.861278772354	126.474
203.876898765564	97.91296
203.892528772354	62.16785
203.908148765564	23.20233
203.923778772354	-13.80957
203.939408779144	-43.77258
203.955028772354	-62.95575
203.970658779144	-69.96283
203.986278772354	-65.96405
204.001908779144	-54.09064
204.017528772354	-38.36511
204.033158779144	-22.37524
204.048788785934	-8.312012
204.064408779144	3.274353
204.080038785934	13.06317
204.095658779144	22.16638
204.111288785934	31.48096
204.126908779144	41.34985
204.142538785934	51.78174
204.158168792725	62.85925
204.173788785934	74.9541
204.189418792725	88.58746
204.205038785934	103.8798
204.220668792725	120.089
204.236288785934	135.398
204.251918792725	147.5352
204.267548799515	154.6011
204.283168792725	156.0119
204.298798799515	152.817
204.314418792725	147.3247
204.330048799515	142.128
204.345668792725	139.0707
204.361298799515	138.6594
204.376928806305	139.9894
204.392548799515	141.3768
204.408178806305	141.0444
204.423798799515	137.8459
204.439428806305	131.5311
204.455048799515	122.7104
204.470678806305	112.5105
204.486308813095	102.1595
204.501928806305	92.6947
204.517558813095	84.71552
204.533178806305	78.33789
204.548808813095	73.26062
204.564428806305	68.85742
204.580058813095	64.37891
204.595688819885	59.0918
204.611308813095	52.61853
204.626938819885	45.20471
204.642558813095	37.98029
204.658188819885	32.74805
204.673808813095	31.45905
204.689438819885	35.46289
204.705068826675	44.77631
204.720688819885	57.92505
204.736318826675	72.21454
204.751938819885	84.7182
204.767568826675	93.2558
204.783188819885	97.11707
204.798818826675	97.06287
204.814448833466	94.77368
204.830068826675	91.8924
204.845698833466	89.40259
204.861318826675	87.36053
204.876948833466	85.12506
204.892568826675	81.92737
204.908198833466	77.27386
204.923828840256	71.078
204.939448833466	63.47968
204.955078840256	54.54529
204.970698833466	44.09161
204.986328840256	31.84204
205.001948833466	17.77716
205.017578840256	2.460266
205.033208847046	-12.87665
205.048828840256	-26.64923
205.064458847046	-37.59186
205.080078840256	-45.22498
205.095708847046	-50.17206
205.111328840256	-53.93286
205.126958847046	-58.40106
205.142588853836	-65.07843
205.158208847046	-74.59558
205.173838853836	-86.53467
205.189458847046	-99.68085
205.205088853836	-112.6414
205.220708847046	-124.3116
205.236338853836	-134.3428
205.251968860626	-143.1239
205.267588853836	-151.5776
205.283218860626	-160.718
205.298838853836	-171.238
205.314468860626	-183.1637
205.330088853836	-195.6532
205.345718860626	-206.9708
205.361348867416	-214.7
205.376968860626	-216.2842
205.392598867416	-209.7537
205.408218860626	-194.3846
205.423848867416	-171.0482
205.439468860626	-141.9989
205.455098867416	-110.2136
205.470728874207	-78.44696
205.486348867416	-48.49753
205.501978874207	-20.81973
205.517598867416	5.174561
205.533228874207	30.51169
205.548848867416	55.992
205.564478874207	81.5961
205.580108880997	106.5161
205.595728874207	129.3218
205.611358880997	148.5279
205.626978874207	163.0067
205.642608880997	172.3138
205.658238887787	176.6475
205.673858880997	176.6646
205.689488887787	173.1414
205.705108880997	166.6172
205.720738887787	157.4715
205.736358880997	145.8979
205.751988887787	132.1161
205.767618894577	116.3902
205.783238887787	99.04135
205.798868894577	80.28738
205.814488887787	60.1875
205.830118894577	38.69156
205.845738887787	15.78922
205.861368894577	-8.218964
205.876998901367	-32.60013
205.892618894577	-56.23853
205.908248901367	-77.89182
205.923868894577	-96.54163
205.939498901367	-111.717
205.955118894577	-123.6118
205.970748901367	-132.9441
205.986378908157	-140.7689
206.001998901367	-148.1904
206.017628908157	-156.1658
206.033248901367	-165.2052
206.048878908157	-175.0884
206.064498901367	-184.5973
206.080128908157	-191.4581
206.095758914948	-192.8564
206.111378908157	-186.2936
206.127008914948	-170.6338
206.142628908157	-146.7731
206.158258914948	-117.5206
206.173878908157	-86.64688
206.189508914948	-57.52454
206.205138921738	-32.06833
206.220758914948	-10.22156
206.236388921738	9.517883
206.252008914948	29.27942
206.267638921738	50.82919
206.283258914948	75.22076
206.298888921738	102.761
206.314518928528	133.3188
206.330138921738	166.4729
206.345768928528	201.3918
206.361388921738	236.6623
206.377018928528	270.2342
206.392638921738	300.0146
206.408268928528	324.8012
206.423898935318	344.9771
206.439518928528	362.2995
206.455148935318	378.6517
206.470768928528	394.3571
206.486398935318	407.2191
206.502018928528	412.9753
206.517648935318	407.2181
206.533278942108	387.7801
206.548898935318	356.1281
206.564528942108	316.8726
206.580148935318	275.6849
206.595778942108	236.8019
206.611398935318	201.513
206.627028942108	168.4139
206.642658948898	135
206.658278942108	99.66982
206.673908948898	62.74477
206.689528942108	26.17888
206.705158948898	-7.669891
206.720778942108	-37.13174
206.736408948898	-61.83607
206.752038955688	-82.49433
206.767658948898	-100.4252
206.783288955688	-117.1106
206.798908948898	-134.0886
206.814538955688	-153.0581
206.830158948898	-175.6286
206.845788955688	-202.6354
206.861418962479	-233.0893
206.877038955688	-263.5417
206.892668962479	-288.5416
206.908288955688	-302.4352
206.923918962479	-301.9331
206.939538955688	-287.7537
206.955168962479	-264.4366
206.970798969269	-237.985
206.986418962479	-212.5766
207.002048969269	-188.0324
207.017668962479	-159.7635
207.033298969269	-121.3824
207.048918962479	-68.79842
207.064548969269	-3.624451
207.080178976059	66.00754
207.095798969269	127.7897
207.111428976059	169.6851
207.127048969269	184.22
207.142678976059	170.6888
207.158298969269	134.4503
207.173928976059	84.19321
207.189558982849	28.69263
207.205178976059	-25.19003
207.220808982849	-72.68964
207.236428976059	-110.3048
207.252058982849	-134.9828
207.267678976059	-144.4657
207.283308982849	-138.6037
207.298938989639	-120.7265
207.314558982849	-97.82532
207.330188989639	-78.89566
207.345808982849	-71.91724
207.361438989639	-80.89813
207.377058982849	-104.6035
207.392688989639	-137.2322
207.408318996429	-170.9045
207.423938989639	-198.6627
207.439568996429	-216.5648
207.455188989639	-224.2227
207.470818996429	-223.7014
207.486438989639	-217.6774
207.502068996429	-207.8242
207.517698764801	-194.2158
207.533318996429	-175.7326
207.548948764801	-151.2417
207.564568996429	-120.7904
207.580198764801	-86.11078
207.595818996429	-50.23065
207.611448764801	-16.32581
207.627078771591	13.4353
207.642698764801	38.63617
207.658328771591	60.37366
207.673948764801	80.43219
207.689578771591	100.1482
207.705198764801	119.6332
207.720828771591	137.6735
207.736458778381	152.3613
207.752078771591	162.01
207.767708778381	165.7605
207.783328771591	163.7477
207.798958778381	156.6244
207.814578771591	144.89
207.830208778381	128.3897
207.845838785172	106.3489
207.861458778381	77.97644
207.877088785172	43.2243
207.892708778381	3.426208
207.908338785172	-38.86926
207.923958778381	-80.65674
207.939588785172	-119.5284
207.955218791962	-154.5685
207.970838785172	-186.4315
207.986468791962	-216.7324
208.002088785172	-246.9116
208.017718791962	-277.3228
208.033348798752	-306.7843
208.048968791962	-333.0012
208.064598798752	-353.4496
208.080218791962	-366.297
208.095848798752	-371.0705
208.111468791962	-368.6096
208.127098798752	-360.6112
208.142728805542	-348.8916
208.158348798752	-334.8239
208.173978805542	-318.8862
208.189598798752	-300.6526
208.205228805542	-278.9249
208.220848798752	-252.154
208.236478805542	-218.918
208.252108812332	-178.4842
208.267728805542	-131.3299
208.283358812332	-79.34204
208.298978805542	-25.69019
208.314608812332	25.83188
208.330228805542	71.66574
208.345858812332	109.4197
208.361488819122	138.2684
208.377108812332	158.909
208.392738819122	172.9429
208.408358812332	182.2632
208.423988819122	188.6314
208.439608812332	193.6513
208.455238819122	198.9359
208.470868825912	206.0086
208.486488819122	215.835
208.502118825912	228.0446
208.517738819122	240.4626
208.533368825912	249.4462
208.548988819122	251.1642
208.564618825912	243.0954
208.580248832703	225.3065
208.595868825912	200.5423
208.611498832703	173.2183
208.627118825912	147.8644
208.642748832703	127.8358
208.658368825912	114.658
208.673998832703	108.2843
208.689628839493	107.6329
208.705248832703	110.9583
208.720878839493	116.0119
208.736498832703	120.1239
208.752128839493	120.5418
208.767748832703	115.1374
208.783378839493	103.3033
208.799008846283	86.27393
208.814628839493	66.75068
208.830258846283	47.81436
208.845878839493	31.67172
208.861508846283	18.9696
208.877128839493	8.75621
208.892758846283	-0.8455658
208.908388853073	-11.79811
208.924008846283	-25.3466
208.939638853073	-41.64793
208.955258846283	-59.59772
208.970888853073	-77.04387
208.986508846283	-91.15273
209.002138853073	-98.96774
209.017768859863	-98.25892
209.033388853073	-88.18426
209.049018859863	-69.59836
209.064638853073	-44.86309
209.080268859863	-17.09735
209.095888853073	10.77002
209.111518859863	36.75036
209.127148866653	60.01569
209.142768859863	80.66998
209.158398866653	99.19696
209.174018859863	115.9025
209.189648866653	130.7179
209.205268859863	143.265
209.220898866653	153.1638
209.236528873444	160.3148
209.252148866653	165.0184
209.267778873444	167.8829
209.283398866653	169.6568
209.299028873444	170.9625
209.314648866653	172.2925
209.330278873444	174.034
209.345908880234	176.4622
209.361528873444	179.783
209.377158880234	183.861
209.392778873444	188.15
209.408408880234	191.5926
209.424028873444	192.899
209.439658880234	190.8622
209.455288887024	184.894
209.470908880234	175.3133
209.486538887024	163.2641
209.502158880234	150.3801
209.517788887024	138.1542
209.533408880234	127.4158
209.549038887024	118.0222
209.564668893814	108.9776
209.580288887024	98.87969
209.595918893814	86.62623
209.611538887024	72.00087
209.627168893814	56.08748
209.642788887024	41.24585
209.658418893814	30.73438
209.674048900604	27.97955
209.689668893814	35.68275
209.705298900604	54.98915
209.720918893814	85.00858
209.736548900604	122.8307
209.752168893814	164.0602
209.767798900604	203.8244
209.783428907394	237.9319
209.799048900604	263.7356
209.814678907394	280.4473
209.830298900604	288.7455
209.845928907394	289.9218
209.861548900604	285.056
209.877178907394	274.5651
209.892808914185	258.3569
209.908428907394	236.3752
209.924058914185	209.2136
209.939678907394	178.3754
209.955308914185	145.9298
209.970928907394	113.8379
209.986558914185	83.27557
210.002188920975	54.41333
210.017808914185	26.68066
210.033438920975	-0.5774536
210.049058914185	-27.53613
210.064688920975	-53.66559
210.080308914185	-77.89478
210.095938920975	-99.1734
210.111568927765	-117.1082
210.127188920975	-132.2891
210.142818927765	-146.2942
210.158438920975	-161.1145
210.174068927765	-178.5217
210.189688920975	-199.3939
210.205318927765	-223.4329
210.220948934555	-249.3997
210.236568927765	-275.7612
210.252198934555	-301.4022
210.267818927765	-326.0739
210.283448934555	-350.4783
210.299078941345	-375.8237
210.314698934555	-403.3618
210.330328941345	-434.1321
210.345948934555	-468.8302
210.361578941345	-507.6169
210.377198934555	-549.5283
210.392828941345	-591.7668
210.408458948135	-629.4188
210.424078941345	-656.249
210.439708948135	-666.5067
210.455328941345	-657.0725
210.470958948135	-628.7223
210.486578941345	-585.827
210.502208948135	-534.4425
210.517838954926	-479.902
210.533458948135	-425.1677
210.549088954926	-370.7483
210.564708948135	-315.9941
210.580338954926	-260.7125
210.595958948135	-206.0841
210.611588954926	-154.3344
210.627218961716	-107.6808
210.642838954926	-67.37073
210.658468961716	-33.328
210.674088954926	-4.650757
210.689718961716	19.45972
210.705338954926	39.12122
210.720968961716	53.58765
210.736598968506	61.59851
210.752218961716	62.24072
210.767848968506	55.63818
210.783468961716	43.30542
210.799098968506	27.86633
210.814718961716	12.29565
210.830348968506	-1.162476
210.845978975296	-11.62415
210.861598968506	-19.8147
210.877228975296	-27.43103
210.892848968506	-36.1571
210.908478975296	-46.74487
210.924098968506	-58.52527
210.939728975296	-69.64954
210.955358982086	-77.79688
210.970978975296	-80.99377
210.986608982086	-78.0885
211.002228975296	-68.95935
211.017858982086	-54.11108
211.033478975296	-34.28802
211.049108982086	-10.14771
